井名	深度	GR	SP	SH	AT90	AC	PERM	POR	SW	RT	DEN	解释结论	层位
地207-42	2404.250	59.257	65.471	8.974	6.691	242.276	3.655	13.618	60.711	6.918	2.434		chang3
地207-42	2404.375	57.233	66.042	8.786	6.470	245.853	5.214	14.539	58.714	6.570	2.425		chang3
地207-42	2404.500	57.590	66.712	9.309	6.305	248.940	7.150	15.380	56.613	6.383	2.424		chang3
地207-42	2404.625	60.615	67.479	10.846	6.039	251.437	9.072	16.083	55.308	6.168	2.434		chang3
地207-42	2404.750	67.653	68.325	17.778	5.786	253.435	5.201	8.572	76.538	5.907	2.458		chang3
地207-42	2404.875	78.440	69.239	29.882	5.763	254.997	0.010	0.100	99.900	5.769	2.494		chang3
地207-42	2405.000	92.014	70.212	40.002	6.117	255.542	0.010	0.100	99.900	5.940	2.536		chang3
地207-42	2405.125	98.977	71.228	44.549	6.895	254.312	0.010	0.100	99.900	6.514	2.575		chang3
地207-42	2405.250	99.417	72.267	43.994	8.325	250.774	0.010	0.100	99.900	7.628	2.601		chang3
地207-42	2405.375	97.151	73.312	41.492	10.478	245.328	0.010	0.100	99.900	9.433	2.607		chang3
地207-42	2405.500	94.588	74.348	39.586	13.000	239.893	0.010	0.100	99.900	11.786	2.592		chang3
地207-42	2405.625	94.622	75.358	41.548	14.855	237.110	0.010	0.100	99.900	13.981	2.567		chang3
地207-42	2405.750	99.906	76.329	47.355	15.032	238.834	0.010	0.100	99.900	14.981	2.539		chang3
地207-42	2405.875	105.490	77.251	52.047	13.570	245.554	0.010	0.100	99.900	14.302	2.515		chang3
地207-42	2406.000	108.104	78.109	55.778	11.377	256.166	0.010	0.100	99.900	12.440	2.500		chang3
地207-42	2406.125	112.484	78.893	61.553	9.567	266.667	0.010	0.100	99.900	10.424	2.498		chang4+5
地207-42	2406.250	116.931	79.604	64.940	8.576	273.388	0.010	0.100	99.900	9.034	2.507		chang4+5
地207-42	2406.375	115.691	80.240	60.641	8.396	273.701	0.010	0.100	99.900	8.466	2.523		chang4+5
地207-42	2406.500	108.390	80.793	51.565	8.953	266.516	0.010	0.100	99.900	8.672	2.542		chang4+5
地207-42	2406.625	100.636	81.262	44.568	9.941	255.777	0.010	0.100	99.900	9.460	2.557		chang4+5
地207-42	2406.750	96.975	81.656	42.081	10.926	245.309	0.010	0.100	99.900	10.455	2.566		chang4+5
地207-42	2406.875	96.910	81.980	42.748	11.700	238.206	0.010	0.100	99.900	11.334	2.569		chang4+5
地207-42	2407.000	99.048	82.232	45.558	12.095	236.629	0.010	0.100	99.900	11.913	2.569		chang4+5
地207-42	2407.125	103.016	82.416	50.439	11.683	239.014	0.010	0.100	99.900	11.897	2.570		chang4+5
地207-42	2407.250	108.197	82.543	55.785	10.428	243.211	0.010	0.100	99.900	11.045	2.573		chang4+5
地207-42	2407.375	111.639	82.619	58.677	9.219	246.680	0.010	0.100	99.900	9.796	2.576		chang4+5
地207-42	2407.500	111.863	82.645	57.518	8.964	246.773	0.010	0.100	99.900	9.067	2.572		chang4+5
地207-42	2407.625	108.728	82.626	53.348	9.851	243.615	0.010	0.100	99.900	9.404	2.562		chang4+5
地207-42	2407.750	104.309	82.569	48.170	11.960	238.945	0.010	0.100	99.900	10.927	2.547		chang4+5
地207-42	2407.875	99.566	82.478	43.908	14.544	235.621	0.010	0.100	99.900	13.299	2.536		chang4+5
地207-42	2408.000	98.027	82.355	45.155	15.411	236.938	0.010	0.100	99.900	15.032	2.534		chang4+5
地207-42	2408.125	104.194	82.198	53.254	13.537	242.739	0.010	0.100	99.900	14.488	2.540		chang4+5
地207-42	2408.250	113.816	82.013	66.025	10.943	251.567	0.010	0.100	99.900	12.197	2.545		chang4+5
地207-42	2408.375	124.743	81.799	79.504	9.146	261.338	0.010	0.100	99.900	9.989	2.541		chang4+5
地207-42	2408.500	131.685	81.555	87.262	8.098	269.938	0.010	0.100	99.900	8.585	2.524		chang4+5
地207-42	2408.625	134.205	81.277	92.466	7.489	276.476	0.010	0.100	99.900	7.772	2.504		chang4+5
地207-42	2408.750	138.599	80.970	97.943	7.381	280.447	0.010	0.100	99.900	7.423	2.492		chang4+5
地207-42	2408.875	141.976	80.635	97.388	7.818	281.136	0.010	0.100	99.900	7.598	2.498		chang4+5
地207-42	2409.000	134.411	80.275	83.217	8.544	276.783	0.010	0.100	99.900	8.191	2.525		chang4+5
地207-42	2409.125	118.729	79.893	61.268	9.115	267.801	0.010	0.100	99.900	8.845	2.563		chang4+5
地207-42	2409.250	103.418	79.502	45.287	9.778	255.599	0.010	0.100	99.900	9.459	2.605		chang4+5
地207-42	2409.375	92.920	79.111	36.548	11.167	242.832	0.010	0.100	99.900	10.488	2.638		chang4+5
地207-42	2409.500	87.481	78.735	32.583	13.302	233.038	0.010	0.100	99.900	12.266	2.646		chang4+5
地207-42	2409.625	84.639	78.392	29.849	14.921	227.319	0.010	0.100	99.900	14.157	2.637		chang4+5
地207-42	2409.750	80.677	78.094	26.438	14.964	225.051	0.010	0.100	99.900	14.975	2.618		chang4+5
地207-42	2409.875	76.585	77.856	24.074	14.466	224.649	0.010	0.100	99.900	14.714	2.598		chang4+5
地207-42	2410.000	75.571	77.694	23.724	13.928	224.646	0.010	0.100	99.900	14.186	2.581		chang4+5
地207-42	2410.125	76.225	77.623	24.552	13.333	224.515	0.010	0.100	99.900	13.619	2.569		chang4+5
地207-42	2410.250	78.781	77.640	27.821	12.850	224.661	0.010	0.100	99.900	13.079	2.560		chang4+5
地207-42	2410.375	85.932	77.748	34.969	12.912	226.065	0.010	0.100	99.900	12.871	2.547		chang4+5
地207-42	2410.500	95.746	77.949	43.776	14.033	230.697	0.010	0.100	99.900	13.476	2.523		chang4+5
地207-42	2410.625	103.670	78.238	51.351	15.742	238.911	0.010	0.100	99.900	14.913	2.492		chang4+5
地207-42	2410.750	109.154	78.598	56.655	16.593	249.490	0.010	0.100	99.900	16.204	2.453		chang4+5
地207-42	2410.875	111.630	79.016	57.686	15.940	259.551	0.010	0.100	99.900	16.283	2.407		chang4+5
地207-42	2411.000	110.144	79.478	56.470	15.150	265.448	0.010	0.100	99.900	15.530	2.355		chang4+5
地207-42	2411.125	110.733	79.970	59.248	15.282	267.359	0.010	0.100	99.900	15.200	2.307		chang4+5
地207-42	2411.250	116.127	80.472	67.222	15.641	267.263	0.010	0.100	99.900	15.466	2.276		chang4+5
地207-42	2411.375	122.726	80.968	73.608	14.876	267.047	0.010	0.100	99.900	15.266	2.282		chang4+5
地207-42	2411.500	123.268	81.443	71.046	13.452	266.296	0.010	0.100	99.900	14.146	2.335		chang4+5
地207-42	2411.625	117.349	81.881	62.985	12.627	262.883	0.010	0.100	99.900	13.009	2.411		chang4+5
地207-42	2411.750	111.048	82.274	55.494	12.737	255.781	0.010	0.100	99.900	12.666	2.489		chang4+5
地207-42	2411.875	105.748	82.611	50.604	13.354	246.403	0.010	0.100	99.900	13.049	2.556		chang4+5
地207-42	2412.000	104.359	82.881	51.627	13.952	238.575	0.010	0.100	99.900	13.666	2.597		chang4+5
地207-42	2412.125	109.492	83.074	58.970	14.153	234.928	0.010	0.100	99.900	14.065	2.614		chang4+5
地207-42	2412.250	117.699	83.192	70.281	13.842	235.871	0.010	0.100	99.900	14.001	2.617		chang4+5
地207-42	2412.375	127.383	83.232	84.958	13.333	240.305	0.010	0.100	99.900	13.580	2.615		chang4+5
地207-42	2412.500	137.322	83.186	96.576	12.967	246.586	0.010	0.100	99.900	13.139	2.611		chang4+5
地207-42	2412.625	143.459	83.051	99.900	12.875	252.605	0.010	0.100	99.900	12.914	2.601		chang4+5
地207-42	2412.750	144.502	82.836	99.900	13.221	256.846	0.010	0.100	99.900	13.047	2.589		chang4+5
地207-42	2412.875	139.394	82.541	93.537	13.930	258.110	0.010	0.100	99.900	13.584	2.581		chang4+5
地207-42	2413.000	130.343	82.163	79.239	14.363	255.290	0.010	0.100	99.900	14.162	2.581		chang4+5
地207-42	2413.125	120.063	81.703	65.306	13.812	249.469	0.010	0.100	99.900	14.095	2.591		chang4+5
地207-42	2413.250	110.836	81.170	54.536	12.753	241.965	0.010	0.100	99.900	13.269	2.611		chang4+5
地207-42	2413.375	102.786	80.571	45.344	12.182	234.361	0.010	0.100	99.900	12.445	2.631		chang4+5
地207-42	2413.500	94.471	79.906	38.297	12.479	228.401	0.010	0.100	99.900	12.320	2.639		chang4+5
地207-42	2413.625	90.495	79.181	36.285	13.262	224.598	0.010	0.100	99.900	12.878	2.635		chang4+5
地207-42	2413.750	91.449	78.411	37.289	14.349	222.720	0.010	0.100	99.900	13.823	2.624		chang4+5
地207-42	2413.875	92.283	77.605	37.213	15.663	221.828	0.010	0.100	99.900	15.030	2.612		chang4+5
地207-42	2414.000	90.437	76.777	35.025	16.775	220.410	0.010	0.100	99.900	16.247	2.611		chang4+5
地207-42	2414.125	87.339	75.941	32.624	17.089	217.590	0.010	0.100	99.900	16.955	2.620		chang4+5
地207-42	2414.250	84.725	75.114	23.193	16.872	213.574	0.042	4.963	93.620	16.986	2.638		chang4+5
地207-42	2414.375	78.640	74.314	12.410	17.438	209.565	0.044	10.034	87.470	17.151	2.657		chang4+5
地207-42	2414.500	70.217	73.560	9.599	20.051	207.782	0.010	9.753	85.788	18.759	2.657		chang4+5
地207-42	2414.625	63.837	72.874	8.014	24.995	209.225	0.010	9.742	78.529	22.583	2.634		chang4+5
地207-42	2414.750	60.603	72.267	7.309	28.633	213.768	0.144	10.039	69.955	26.921	2.591		chang4+5
地207-42	2414.875	57.513	71.752	6.863	25.524	220.191	0.305	10.577	66.571	27.149	2.543		chang4+5
地207-42	2415.000	54.765	71.348	6.541	19.022	226.606	0.287	11.203	70.557	22.197	2.507		chang4+5
地207-42	2415.125	52.439	71.068	6.535	14.180	231.636	0.206	11.758	78.636	16.460	2.485		chang4+5
地207-42	2415.250	52.965	70.907	7.257	11.372	234.903	0.133	12.157	86.844	12.675	2.475		chang4+5
地207-42	2415.375	56.217	70.868	8.378	9.812	236.655	0.089	12.397	93.502	10.535	2.472		chang4+5
地207-42	2415.500	59.400	70.956	9.343	8.960	237.340	0.066	12.512	98.114	9.354	2.467		chang4+5
地207-42	2415.625	61.716	71.172	9.977	8.472	237.678	0.058	12.560	99.900	8.699	2.458		chang4+5
地207-42	2415.750	62.894	71.495	10.294	8.314	238.071	0.058	12.595	99.900	8.383	2.446		chang4+5
地207-42	2415.875	63.648	71.918	10.746	8.358	238.719	0.056	12.645	99.900	8.333	2.436		chang4+5
地207-42	2416.000	66.310	72.435	12.047	8.327	239.461	0.053	12.713	99.900	8.344	2.436		chang4+5
地207-42	2416.125	72.079	73.034	14.338	8.138	239.746	0.050	12.763	99.900	8.232	2.449		chang4+5
地207-42	2416.250	80.151	73.695	25.312	8.193	239.079	0.030	6.686	99.900	8.162	2.477		chang4+5
地207-42	2416.375	92.167	74.403	41.824	8.909	237.270	0.010	0.100	99.900	8.553	2.517		chang4+5
地207-42	2416.500	103.730	75.149	50.874	10.489	234.485	0.010	0.100	99.900	9.716	2.563		chang4+5
地207-42	2416.625	107.277	75.916	52.774	12.446	231.523	0.010	0.100	99.900	11.502	2.606		chang4+5
地207-42	2416.750	106.006	76.691	51.280	14.158	229.069	0.010	0.100	99.900	13.344	2.640		chang4+5
地207-42	2416.875	104.771	77.461	50.309	15.370	227.660	0.010	0.100	99.900	14.800	2.660		chang4+5
地207-42	2417.000	104.894	78.215	51.353	16.087	227.728	0.010	0.100	99.900	15.753	2.664		chang4+5
地207-42	2417.125	106.681	78.940	52.327	16.266	228.898	0.010	0.100	99.900	16.191	2.658		chang4+5
地207-42	2417.250	105.483	79.630	49.710	16.017	230.758	0.010	0.100	99.900	16.145	2.645		chang4+5
地207-42	2417.375	101.308	80.279	45.496	15.781	232.834	0.010	0.100	99.900	15.893	2.632		chang4+5
地207-42	2417.500	98.680	80.879	44.659	15.505	234.524	0.010	0.100	99.900	15.638	2.624		chang4+5
地207-42	2417.625	101.020	81.422	47.464	14.945	235.286	0.010	0.100	99.900	15.219	2.624		chang4+5
地207-42	2417.750	104.020	81.912	50.284	14.411	234.607	0.010	0.100	99.900	14.666	2.629		chang4+5
地207-42	2417.875	105.570	82.347	51.054	14.362	232.287	0.010	0.100	99.900	14.376	2.636		chang4+5
地207-42	2418.000	104.619	82.726	49.414	14.879	228.776	0.010	0.100	99.900	14.620	2.641	干层	chang4+5
地207-42	2418.125	102.742	83.048	48.455	15.783	225.565	0.010	0.100	99.900	15.343	2.638	干层	chang4+5
地207-42	2418.250	103.746	83.321	50.112	16.924	223.797	0.010	0.100	99.900	16.373	2.630	干层	chang4+5
地207-42	2418.375	106.151	83.548	52.971	17.557	223.904	0.010	0.100	99.900	17.264	2.620	干层	chang4+5
地207-42	2418.500	108.581	83.731	54.951	17.094	225.509	0.010	0.100	99.900	17.337	2.613	干层	chang4+5
地207-42	2418.625	109.201	83.873	55.737	16.276	227.316	0.010	0.100	99.900	16.673	2.610	干层	chang4+5
地207-42	2418.750	110.169	83.982	57.398	15.857	228.533	0.010	0.100	99.900	16.049	2.613	干层	chang4+5
地207-42	2418.875	112.377	84.062	60.397	15.594	228.861	0.010	0.100	99.900	15.717	2.622	干层	chang4+5
地207-42	2419.000	114.804	84.113	62.330	15.377	228.348	0.010	0.100	99.900	15.480	2.632	干层	chang4+5
地207-42	2419.125	114.423	84.138	60.541	15.481	227.500	0.010	0.100	99.900	15.424	2.639	干层	chang4+5
地207-42	2419.250	111.273	84.139	56.772	15.978	226.744	0.010	0.100	99.900	15.732	2.640	干层	chang4+5
地207-42	2419.375	108.638	84.117	54.577	16.445	226.479	0.010	0.100	99.900	16.222	2.640	干层	chang4+5
地207-42	2419.500	108.281	84.067	54.693	16.503	227.082	0.010	0.100	99.900	16.484	2.640	干层	chang4+5
地207-42	2419.625	109.533	83.987	57.163	16.348	228.324	0.010	0.100	99.900	16.426	2.641	干层	chang4+5
地207-42	2419.750	112.955	83.877	61.361	16.071	229.757	0.010	0.100	99.900	16.206	2.643	干层	chang4+5
地207-42	2419.875	115.272	83.735	61.414	15.564	230.790	0.010	0.100	99.900	15.811	2.642	干层	chang4+5
地207-42	2420.000	110.963	83.556	54.727	14.831	230.763	0.010	0.100	99.900	15.186	2.634	干层	chang4+5
地207-42	2420.125	103.333	83.338	46.522	14.127	229.778	0.010	0.100	99.900	14.463	2.618	干层	chang4+5
地207-42	2420.250	96.633	83.085	40.303	13.753	228.277	0.010	0.100	99.900	13.925	2.599	干层	chang4+5
地207-42	2420.375	91.667	82.800	35.927	13.707	226.946	0.010	0.100	99.900	13.722	2.586	干层	chang4+5
地207-42	2420.500	88.507	82.485	34.693	13.842	226.650	0.010	0.100	99.900	13.774	2.588	干层	chang4+5
地207-42	2420.625	90.309	82.145	36.680	13.962	227.550	0.010	0.100	99.900	13.905	2.602	干层	chang4+5
地207-42	2420.750	92.761	81.789	38.363	13.916	229.315	0.010	0.100	99.900	13.941	2.623	干层	chang4+5
地207-42	2420.875	93.102	81.424	37.874	13.642	231.155	0.010	0.100	99.900	13.777	2.645	干层	chang4+5
地207-42	2421.000	91.169	81.058	36.070	13.427	232.041	0.010	0.100	99.900	13.528	2.656	干层	chang4+5
地207-42	2421.125	89.850	80.698	36.040	13.797	231.925	0.010	0.100	99.900	13.608	2.656		chang4+5
地207-42	2421.250	92.816	80.352	40.665	14.902	231.405	0.010	0.100	99.900	14.359	2.650		chang4+5
地207-42	2421.375	100.347	80.023	47.862	16.002	231.261	0.010	0.100	99.900	15.476	2.645		chang4+5
地207-42	2421.500	105.525	79.719	50.984	15.990	232.072	0.010	0.100	99.900	16.018	2.644		chang4+5
地207-42	2421.625	104.602	79.443	49.559	15.094	233.770	0.010	0.100	99.900	15.540	2.642		chang4+5
地207-42	2421.750	102.857	79.197	47.997	14.814	236.524	0.010	0.100	99.900	14.935	2.629		chang4+5
地207-42	2421.875	102.329	78.983	48.308	16.199	240.594	0.010	0.100	99.900	15.503	2.605		chang4+5
地207-42	2422.000	104.127	78.805	50.706	19.815	245.544	0.010	0.100	99.900	18.041	2.579		chang4+5
地207-42	2422.125	106.202	78.668	51.370	24.197	249.274	0.010	0.100	99.900	22.087	2.564		chang4+5
地207-42	2422.250	103.917	78.571	47.806	24.214	249.579	0.010	0.100	99.900	24.296	2.565		chang4+5
地207-42	2422.375	98.661	78.515	41.740	19.285	245.402	0.010	0.100	99.900	21.741	2.577		chang4+5
地207-42	2422.500	92.156	78.505	36.441	15.052	237.586	0.010	0.100	99.900	17.059	2.594		chang4+5
地207-42	2422.625	88.315	78.545	32.988	13.205	229.634	0.010	0.100	99.900	14.041	2.607		chang4+5
地207-42	2422.750	84.813	78.629	30.555	13.259	223.990	0.010	0.100	99.900	13.197	2.617		chang4+5
地207-42	2422.875	83.369	78.753	29.754	14.184	221.709	0.010	0.100	99.900	13.725	2.631		chang4+5
地207-42	2423.000	84.142	78.900	32.020	15.080	222.845	0.010	0.100	99.900	14.653	2.650		chang4+5
地207-42	2423.125	89.876	79.043	37.390	15.668	225.821	0.010	0.100	99.900	15.393	2.669		chang4+5
地207-42	2423.250	96.128	79.166	43.281	16.214	229.648	0.010	0.100	99.900	15.953	2.685		chang4+5
地207-42	2423.375	101.339	79.258	47.465	16.676	233.563	0.010	0.100	99.900	16.456	2.695		chang4+5
地207-42	2423.500	103.522	79.305	49.722	16.614	236.789	0.010	0.100	99.900	16.654	2.698		chang4+5
地207-42	2423.625	105.220	79.294	51.067	15.786	238.900	0.010	0.100	99.900	16.197	2.696		chang4+5
地207-42	2423.750	104.930	79.215	49.147	14.458	239.659	0.010	0.100	99.900	15.103	2.689		chang4+5
地207-42	2423.875	100.886	79.056	45.117	13.262	239.131	0.010	0.100	99.900	13.831	2.673		chang4+5
地207-42	2424.000	98.051	78.824	43.273	12.715	237.641	0.010	0.100	99.900	12.963	2.649		chang4+5
地207-42	2424.125	97.726	78.544	42.449	12.710	235.954	0.010	0.100	99.900	12.702	2.624		chang4+5
地207-42	2424.250	95.961	78.237	40.450	12.916	234.535	0.010	0.100	99.900	12.814	2.603		chang4+5
地207-42	2424.375	93.719	77.911	38.708	13.064	233.577	0.010	0.100	99.900	12.995	2.588		chang4+5
地207-42	2424.500	92.322	77.572	36.826	13.310	233.053	0.010	0.100	99.900	13.191	2.575		chang4+5
地207-42	2424.625	89.220	77.231	33.881	13.845	232.761	0.010	0.100	99.900	13.583	2.562		chang4+5
地207-42	2424.750	86.243	76.908	32.171	14.457	232.736	0.010	0.100	99.900	14.163	2.548		chang4+5
地207-42	2424.875	86.603	76.628	33.546	14.876	233.201	0.010	0.100	99.900	14.679	2.534		chang4+5
地207-42	2425.000	89.883	76.410	36.106	15.212	234.519	0.010	0.100	99.900	15.053	2.526		chang4+5
地207-42	2425.125	91.515	76.247	36.610	15.423	236.413	0.010	0.100	99.900	15.324	2.525		chang4+5
地207-42	2425.250	89.887	76.124	34.367	15.096	238.193	0.010	0.100	99.900	15.263	2.533		chang4+5
地207-42	2425.375	85.410	76.028	29.555	14.190	238.920	0.010	0.100	99.900	14.635	2.549		chang4+5
地207-42	2425.500	78.115	75.950	24.158	13.212	237.706	0.010	0.100	99.900	13.681	2.571		chang4+5
地207-42	2425.625	73.001	75.879	21.479	12.678	235.133	0.010	0.100	99.900	12.925	2.595		chang4+5
地207-42	2425.750	72.587	75.796	22.093	12.711	232.122	0.010	0.100	99.900	12.684	2.618		chang4+5
地207-42	2425.875	75.781	75.683	25.026	13.061	229.524	0.010	0.100	99.900	12.888	2.635		chang4+5
地207-42	2426.000	80.810	75.526	29.103	13.559	227.775	0.010	0.100	99.900	13.318	2.642		chang4+5
地207-42	2426.125	85.304	75.331	31.584	14.317	226.498	0.010	0.100	99.900	13.949	2.644		chang4+5
地207-42	2426.250	85.047	75.119	29.999	15.520	225.415	0.010	0.100	99.900	14.935	2.644		chang4+5
地207-42	2426.375	80.636	74.904	26.674	16.896	224.562	0.010	0.100	99.900	16.235	2.645		chang4+5
地207-42	2426.500	78.282	74.702	26.656	18.060	224.315	0.010	0.100	99.900	17.508	2.646		chang4+5
地207-42	2426.625	82.064	74.529	29.782	18.694	224.710	0.010	0.100	99.900	18.401	2.642		chang4+5
地207-42	2426.750	85.188	74.393	31.007	18.606	225.548	0.010	0.100	99.900	18.663	2.634		chang4+5
地207-42	2426.875	83.373	74.303	28.487	17.988	226.565	0.010	0.100	99.900	18.294	2.624		chang4+5
地207-42	2427.000	78.964	74.261	26.024	17.137	227.647	0.010	0.100	99.900	17.549	2.620		chang4+5
地207-42	2427.125	78.986	74.260	27.392	16.208	228.807	0.010	0.100	99.900	16.654	2.625		chang4+5
地207-42	2427.250	83.372	74.286	30.974	15.276	230.002	0.010	0.100	99.900	15.722	2.638		chang4+5
地207-42	2427.375	87.112	74.331	33.260	14.579	231.050	0.010	0.100	99.900	14.908	2.657		chang4+5
地207-42	2427.500	87.619	74.385	32.935	14.283	231.635	0.010	0.100	99.900	14.417	2.676		chang4+5
地207-42	2427.625	85.684	74.441	31.049	14.158	231.670	0.010	0.100	99.900	14.215	2.691		chang4+5
地207-42	2427.750	83.478	74.493	29.861	13.930	231.134	0.010	0.100	99.900	14.041	2.698		chang4+5
地207-42	2427.875	83.159	74.539	29.220	13.841	230.083	0.010	0.100	99.900	13.881	2.699		chang4+5
地207-42	2428.000	81.355	74.578	27.301	14.228	228.874	0.010	0.100	99.900	14.033	2.695		chang4+5
地207-42	2428.125	78.892	74.613	26.662	14.902	228.451	0.010	0.100	99.900	14.574	2.686		chang4+5
地207-42	2428.250	81.768	74.647	30.654	15.192	229.891	0.010	0.100	99.900	15.061	2.670		chang4+5
地207-42	2428.375	89.551	74.686	37.394	14.810	233.816	0.010	0.100	99.900	15.007	2.647		chang4+5
地207-42	2428.500	96.770	74.738	44.281	13.930	239.835	0.010	0.100	99.900	14.361	2.626		chang4+5
地207-42	2428.625	102.825	74.809	49.080	12.720	245.781	0.010	0.100	99.900	13.305	2.616		chang4+5
地207-42	2428.750	104.069	74.905	48.226	11.513	249.880	0.010	0.100	99.900	12.090	2.622		chang4+5
地207-42	2428.875	100.167	75.029	44.602	10.819	251.222	0.010	0.100	99.900	11.141	2.642		chang4+5
地207-42	2429.000	97.938	75.187	43.184	10.749	249.759	0.010	0.100	99.900	10.770	2.667		chang4+5
地207-42	2429.125	97.838	75.380	42.881	10.918	246.989	0.010	0.100	99.900	10.833	2.685		chang4+5
地207-42	2429.250	96.696	75.605	40.750	11.096	243.895	0.010	0.100	99.900	11.011	2.688		chang4+5
地207-42	2429.375	92.549	75.857	36.270	11.576	241.071	0.010	0.100	99.900	11.340	2.679		chang4+5
地207-42	2429.500	86.737	76.135	31.012	12.654	239.035	0.010	0.100	99.900	12.126	2.667		chang4+5
地207-42	2429.625	81.218	76.433	27.522	14.145	238.050	0.010	0.100	99.900	13.423	2.662		chang4+5
地207-42	2429.750	80.091	76.744	27.990	15.416	238.268	0.010	0.100	99.900	14.812	2.664		chang4+5
地207-42	2429.875	84.054	77.062	32.452	15.816	239.554	0.010	0.100	99.900	15.642	2.661		chang4+5
地207-42	2430.000	90.907	77.381	37.717	15.160	241.956	0.010	0.100	99.900	15.495	2.630		chang4+5
地207-42	2430.125	95.164	77.697	41.680	14.155	245.769	0.010	0.100	99.900	14.643	2.572	油水同层	chang4+5
地207-42	2430.250	99.769	78.005	48.004	13.225	251.606	0.010	0.100	99.900	13.668	2.496	油水同层	chang4+5
地207-42	2430.375	109.581	78.304	63.341	12.403	259.450	0.010	0.100	99.900	12.794	2.422	油水同层	chang4+5
地207-42	2430.500	126.429	78.588	85.444	11.639	268.002	0.010	0.100	99.900	12.004	2.369	油水同层	chang4+5
地207-42	2430.625	139.395	78.855	98.329	10.968	275.186	0.010	0.100	99.900	11.287	2.344	油水同层	chang4+5
地207-42	2430.750	147.008	79.104	99.900	10.416	279.944	0.010	0.100	99.900	10.677	2.347	油水同层	chang4+5
地207-42	2430.875	155.643	79.329	99.900	9.924	282.277	0.010	0.100	99.900	10.158	2.373	油水同层	chang4+5
地207-42	2431.000	162.542	79.526	99.900	9.547	282.426	0.010	0.100	99.900	9.725	2.411	油水同层	chang4+5
地207-42	2431.125	156.130	79.687	99.900	9.441	281.045	0.010	0.100	99.900	9.486	2.447	油水同层	chang4+5
地207-42	2431.250	138.471	79.807	87.143	9.714	278.558	0.010	0.100	99.900	9.576	2.474	油水同层	chang4+5
地207-42	2431.375	121.839	79.880	68.250	10.115	275.901	0.010	0.100	99.900	9.920	2.491	油水同层	chang4+5
地207-42	2431.500	115.635	79.893	64.529	10.061	274.491	0.010	0.100	99.900	10.096	2.500	油水同层	chang4+5
地207-42	2431.625	118.657	79.837	68.887	9.615	274.245	0.010	0.100	99.900	9.836	2.507	油水同层	chang4+5
地207-42	2431.750	122.262	79.709	73.512	9.400	273.622	0.010	0.100	99.900	9.498	2.516	油水同层	chang4+5
地207-42	2431.875	124.491	79.506	74.575	9.907	270.474	0.010	0.100	99.900	9.650	2.530	油水同层	chang4+5
地207-42	2432.000	121.286	79.218	66.150	11.265	263.038	0.010	0.100	99.900	10.598	2.548	油水同层	chang4+5
地207-42	2432.125	109.157	78.844	50.233	13.103	252.965	0.010	0.100	99.900	12.214	2.564	油水同层	chang4+5
地207-42	2432.250	93.884	78.394	35.169	14.589	242.477	0.010	0.100	99.900	13.885	2.575	油水同层	chang4+5
地207-42	2432.375	80.027	77.875	24.702	15.072	233.564	0.010	0.100	99.900	14.861	2.580	油水同层	chang4+5
地207-42	2432.500	71.006	77.291	19.393	14.752	227.654	0.010	0.100	99.900	14.921	2.584	油水同层	chang4+5
地207-42	2432.625	67.385	76.654	17.506	14.437	224.187	0.010	0.100	99.900	14.587	2.588	油水同层	chang4+5
地207-42	2432.750	66.486	75.981	17.441	14.546	222.618	0.010	0.100	99.900	14.485	2.594	油水同层	chang4+5
地207-42	2432.875	68.146	75.284	19.207	15.106	222.680	0.010	0.100	99.900	14.829	2.600	油水同层	chang4+5
地207-42	2433.000	73.048	74.578	24.115	16.110	224.956	0.010	0.100	99.900	15.621	2.604	油水同层	chang4+5
地207-42	2433.125	83.828	73.872	35.574	16.880	229.560	0.010	0.100	99.900	16.516	2.598	油水同层	chang4+5
地207-42	2433.250	102.386	73.172	57.230	16.651	236.199	0.010	0.100	99.900	16.781	2.582	油水同层	chang4+5
地207-42	2433.375	125.056	72.478	85.205	15.789	243.537	0.010	0.100	99.900	16.214	2.557	油水同层	chang4+5
地207-42	2433.500	140.863	71.782	96.714	14.589	248.785	0.010	0.100	99.900	15.170	2.536	油水同层	chang4+5
地207-42	2433.625	132.513	71.072	77.783	12.748	250.119	0.010	0.100	99.900	13.641	2.525	油水同层	chang4+5
地207-42	2433.750	110.649	70.342	42.839	10.907	247.315	0.064	6.537	93.064	11.787	2.529	油水同层	chang4+5
地207-42	2433.875	92.104	69.584	20.407	10.175	241.865	0.110	13.239	88.525	10.503	2.547	油水同层	chang4+5
地207-42	2434.000	81.385	68.792	16.328	10.956	236.310	0.099	12.700	91.431	10.552	2.574	油水同层	chang4+5
地207-42	2434.125	77.736	67.960	15.169	12.930	232.303	0.120	12.236	88.764	11.962	2.598	油水同层	chang4+5
地207-42	2434.250	79.793	67.099	16.367	15.239	229.912	0.161	11.929	83.444	14.128	2.611	油水同层	chang4+5
地207-42	2434.375	86.777	66.224	19.140	16.967	228.495	0.201	11.748	78.952	16.152	2.614	油水同层	chang4+5
地207-42	2434.500	93.368	65.356	20.741	18.013	227.606	0.233	11.638	76.349	17.526	2.604	油水同层	chang4+5
地207-42	2434.625	92.077	64.524	19.022	18.754	227.219	0.270	11.577	74.822	18.405	2.583	油水同层	chang4+5
地207-42	2434.750	83.545	63.749	15.454	19.082	227.498	0.317	11.573	73.786	18.933	2.553	油水同层	chang4+5
地207-42	2434.875	74.005	63.052	12.238	18.728	228.320	0.359	11.628	73.536	18.911	2.522	油水同层	chang4+5
地207-42	2435.000	66.405	62.459	10.266	17.698	229.140	0.370	11.709	74.532	18.204	2.502	油水同层	chang4+5
地207-42	2435.125	63.166	61.991	9.614	16.538	229.355	0.347	11.759	76.646	17.095	2.497	干层	chang4+5
地207-42	2435.250	63.190	61.643	9.927	15.875	228.702	0.309	11.736	78.887	16.182	2.505	干层	chang4+5
地207-42	2435.375	66.148	61.420	10.942	15.657	227.343	0.277	11.637	80.521	15.753	2.519	干层	chang4+5
地207-42	2435.500	69.849	61.334	11.730	15.370	225.975	0.249	11.503	81.947	15.509	2.537	干层	chang4+5
地207-42	2435.625	70.164	61.388	11.165	14.966	225.311	0.228	11.405	83.485	15.162	2.556	干层	chang4+5
地207-42	2435.750	65.117	61.567	9.164	15.439	225.262	0.233	11.372	83.600	15.195	2.576	干层	chang4+5
地207-42	2435.875	57.180	61.863	7.083	17.982	224.820	0.297	11.349	79.993	16.724	2.598	干层	chang4+5
地207-42	2436.000	52.436	62.277	6.082	25.292	222.288	0.464	11.204	71.586	21.698	2.617	干层	chang4+5
地207-42	2436.125	51.909	62.802	5.840	37.098	217.571	0.678	10.848	61.305	31.361	2.628	干层	chang4+5
地207-42	2436.250	52.602	63.416	5.582	44.276	211.571	0.738	10.323	55.385	40.940	2.630	干层	chang4+5
地207-42	2436.375	52.248	64.101	6.615	47.139	205.743	0.366	5.253	76.220	45.853	2.622	干层	chang4+5
地207-42	2436.500	51.365	64.836	8.157	59.222	202.240	0.010	0.100	99.900	53.248	2.588	干层	chang4+5
地207-42	2436.625	52.609	65.593	9.505	91.432	202.843	0.010	0.100	99.900	75.615	2.521	干层	chang4+5
地207-42	2436.750	58.088	66.342	14.360	151.561	209.490	0.010	0.100	99.900	122.234	2.437	干层	chang4+5
地207-42	2436.875	71.073	67.054	25.190	154.821	223.088	0.010	0.100	99.900	154.449	2.369	干层	chang4+5
地207-42	2437.000	90.177	67.699	42.996	64.425	242.277	0.010	0.100	99.900	109.547	2.348	干层	chang4+5
地207-42	2437.125	110.689	68.251	64.249	20.712	261.438	0.010	0.100	99.900	40.594	2.366	干层	chang4+5
地207-42	2437.250	125.330	68.705	79.345	10.140	276.348	0.010	0.100	99.900	14.565	2.408	干层	chang4+5
地207-42	2437.375	129.621	69.060	81.132	7.759	285.095	0.010	0.100	99.900	8.758	2.456	干层	chang4+5
地207-42	2437.500	125.561	69.319	74.316	7.794	287.219	0.010	0.100	99.900	7.734	2.491	干层	chang4+5
地207-42	2437.625	120.062	69.490	67.244	8.480	284.614	0.010	0.100	99.900	8.140	2.507	干层	chang4+5
地207-42	2437.750	115.831	69.593	62.489	9.639	277.844	0.010	0.100	99.900	9.075	2.510	干层	chang4+5
地207-42	2437.875	113.297	69.643	59.734	11.807	267.899	0.010	0.100	99.900	10.749	2.507	干层	chang4+5
地207-42	2438.000	111.609	69.655	57.622	15.516	257.561	0.010	0.100	99.900	13.710	2.505	干层	chang4+5
地207-42	2438.125	109.891	69.639	55.828	19.054	250.132	0.010	0.100	99.900	17.366	2.507	干层	chang4+5
地207-42	2438.250	108.263	69.605	52.893	18.366	246.484	0.010	0.100	99.900	18.782	2.513	干层	chang4+5
地207-42	2438.375	103.462	69.557	46.155	15.720	244.869	0.010	0.100	99.900	17.023	2.524	干层	chang4+5
地207-42	2438.500	94.508	69.493	36.734	14.089	242.111	0.010	0.100	99.900	14.847	2.541	干层	chang4+5
地207-42	2438.625	84.532	69.416	29.170	14.197	237.310	0.010	0.100	99.900	14.111	2.562	油水同层	chang4+5
地207-42	2438.750	80.021	69.337	28.179	15.942	231.883	0.010	0.100	99.900	15.075	2.581	油水同层	chang4+5
地207-42	2438.875	85.180	69.274	34.275	18.279	227.925	0.010	0.100	99.900	17.150	2.592	油水同层	chang4+5
地207-42	2439.000	93.949	69.246	39.916	18.670	226.825	0.010	0.100	99.900	18.523	2.590	油水同层	chang4+5
地207-42	2439.125	94.764	69.274	38.270	16.789	227.239	0.010	0.100	99.900	17.734	2.580	油水同层	chang4+5
地207-42	2439.250	88.718	69.372	32.653	14.318	227.663	0.010	0.100	99.900	15.511	2.568	油水同层	chang4+5
地207-42	2439.375	82.963	69.556	28.893	12.404	227.304	0.010	0.100	99.900	13.308	2.565	油水同层	chang4+5
地207-42	2439.500	81.505	69.846	28.847	11.343	226.474	0.010	0.100	99.900	11.833	2.576	油水同层	chang4+5
地207-42	2439.625	83.486	70.256	30.091	11.108	226.020	0.010	0.100	99.900	11.204	2.598	油水同层	chang4+5
地207-42	2439.750	83.957	70.776	30.034	11.721	226.109	0.010	0.100	99.900	11.411	2.622	油水同层	chang4+5
地207-42	2439.875	82.822	71.397	28.787	12.957	226.298	0.010	0.100	99.900	12.354	2.639	油水同层	chang4+5
地207-42	2440.000	81.282	72.113	28.472	14.563	225.921	0.010	0.100	99.900	13.788	2.646	油水同层	chang4+5
地207-42	2440.125	83.076	72.915	30.463	15.980	224.989	0.010	0.100	99.900	15.306	2.648	油水同层	chang4+5
地207-42	2440.250	86.694	73.783	34.086	16.625	223.935	0.010	0.100	99.900	16.332	2.649	油水同层	chang4+5
地207-42	2440.375	91.484	74.708	37.998	16.662	223.409	0.010	0.100	99.900	16.656	2.645	油水同层	chang4+5
地207-42	2440.500	95.149	75.676	41.893	16.969	224.647	0.010	0.100	99.900	16.816	2.617	油水同层	chang4+5
地207-42	2440.625	100.038	76.668	47.611	18.045	228.840	0.010	0.100	99.900	17.514	2.558	油水同层	chang4+5
地207-42	2440.750	107.053	77.670	56.718	19.239	237.334	0.010	0.100	99.900	18.666	2.476	油水同层	chang4+5
地207-42	2440.875	117.692	78.673	73.627	18.644	250.451	0.010	0.100	99.900	18.965	2.394	油水同层	chang4+5
地207-42	2441.000	133.907	79.664	92.420	15.460	265.925	0.010	0.100	99.900	17.035	2.344		chang4+5
地207-42	2441.125	148.231	80.630	99.900	11.979	278.087	0.010	0.100	99.900	13.648	2.336		chang4+5
地207-42	2441.250	148.373	81.566	94.946	10.392	282.154	0.010	0.100	99.900	11.112	2.366		chang4+5
地207-42	2441.375	129.180	82.461	70.743	10.897	276.268	0.010	0.100	99.900	10.614	2.421		chang4+5
地207-42	2441.500	101.167	83.314	40.124	13.785	262.358	0.010	0.100	99.900	12.356	2.484		chang4+5
地207-42	2441.625	81.302	84.130	26.294	18.266	247.509	0.010	0.100	99.900	16.091	2.540		chang4+5
地207-42	2441.750	75.708	84.907	24.566	21.354	236.381	0.010	0.100	99.900	19.906	2.579		chang4+5
地207-42	2441.875	79.870	85.634	29.129	22.717	230.928	0.010	0.100	99.900	22.099	2.598		chang4+5
地207-42	2442.000	88.332	86.302	37.285	24.206	231.195	0.010	0.100	99.900	23.490	2.602		chang4+5
地207-42	2442.125	98.931	86.904	48.228	22.079	234.575	0.010	0.100	99.900	23.171	2.601		chang4+5
地207-42	2442.250	110.650	87.440	62.974	17.123	239.617	0.010	0.100	99.900	19.549	2.596		chang4+5
地207-42	2442.375	124.006	87.907	80.253	14.115	245.300	0.010	0.100	99.900	15.512	2.590		chang4+5
地207-42	2442.500	134.116	88.295	91.918	13.552	250.683	0.010	0.100	99.900	13.773	2.586		chang4+5
地207-42	2442.625	137.202	88.595	95.605	13.924	255.205	0.010	0.100	99.900	13.729	2.584		chang4+5
地207-42	2442.750	137.689	88.819	95.353	13.733	258.697	0.010	0.100	99.900	13.837	2.585		chang4+5
地207-42	2442.875	136.970	88.977	95.703	13.100	261.096	0.010	0.100	99.900	13.412	2.583	干层	chang4+5
地207-42	2443.000	139.344	89.076	98.501	12.761	261.788	0.010	0.100	99.900	12.917	2.577	干层	chang4+5
地207-42	2443.125	144.757	89.125	99.900	12.657	260.400	0.010	0.100	99.900	12.702	2.569	干层	chang4+5
地207-42	2443.250	146.320	89.140	99.900	12.220	256.797	0.010	0.100	99.900	12.436	2.561	干层	chang4+5
地207-42	2443.375	141.118	89.128	96.153	11.514	251.655	0.010	0.100	99.900	11.857	2.559	干层	chang4+5
地207-42	2443.500	134.329	89.098	87.120	11.108	246.643	0.010	0.100	99.900	11.296	2.567	干层	chang4+5
地207-42	2443.625	127.984	89.058	77.966	11.135	243.402	0.010	0.100	99.900	11.114	2.582	干层	chang4+5
地207-42	2443.750	122.789	89.014	70.981	11.467	242.584	0.010	0.100	99.900	11.302	2.599	干层	chang4+5
地207-42	2443.875	119.380	88.971	69.016	11.827	243.761	0.010	0.100	99.900	11.655	2.613	干层	chang4+5
地207-42	2444.000	121.677	88.933	73.539	11.944	245.568	0.010	0.100	99.900	11.893	2.621	干层	chang4+5
地207-42	2444.125	125.036	88.902	74.263	11.805	246.423	0.010	0.100	99.900	11.876	2.622	干层	chang4+5
地207-42	2444.250	119.104	88.881	61.881	11.698	245.633	0.010	0.100	99.900	11.748	2.619	干层	chang4+5
地207-42	2444.375	103.243	88.870	43.515	11.890	243.243	0.010	0.100	99.900	11.792	2.614	干层	chang4+5
地207-42	2444.500	87.748	88.871	31.550	12.432	239.687	0.010	0.100	99.900	12.166	2.612	干层	chang4+5
地207-42	2444.625	81.131	88.886	27.414	13.141	235.761	0.010	0.100	99.900	12.799	2.617	干层	chang4+5
地207-42	2444.750	79.356	88.912	26.555	13.785	231.875	0.010	0.100	99.900	13.478	2.625	干层	chang4+5
地207-42	2444.875	79.502	88.950	26.789	14.255	228.303	0.010	0.100	99.900	14.033	2.635	干层	chang4+5
地207-42	2445.000	80.251	89.000	27.732	14.672	225.480	0.010	0.100	99.900	14.473	2.637	干层	chang4+5
地207-42	2445.125	82.021	89.062	29.021	15.344	223.858	0.010	0.100	99.900	15.017	2.624	干层	chang4+5
地207-42	2445.250	83.674	89.132	31.036	16.601	224.288	0.010	0.100	99.900	15.988	2.596	干层	chang4+5
地207-42	2445.375	88.813	89.208	38.690	18.259	227.845	0.010	0.100	99.900	17.458	2.557	干层	chang4+5
地207-42	2445.500	103.063	89.287	56.268	18.595	235.807	0.010	0.100	99.900	18.461	2.513	干层	chang4+5
地207-42	2445.625	121.307	89.365	76.731	16.094	246.553	0.010	0.100	99.900	17.348	2.475	干层	chang4+5
地207-42	2445.750	131.782	89.436	86.917	12.478	257.295	0.010	0.100	99.900	14.229	2.452	干层	chang4+5
地207-42	2445.875	131.752	89.496	83.049	9.991	264.590	0.010	0.100	99.900	11.157	2.449	干层	chang4+5
地207-42	2446.000	125.028	89.537	72.912	9.016	265.058	0.010	0.100	99.900	9.452	2.464	干层	chang4+5
地207-42	2446.125	118.759	89.551	66.866	9.189	260.153	0.010	0.100	99.900	9.084	2.490	干层	chang4+5
地207-42	2446.250	117.436	89.534	64.940	10.055	252.516	0.010	0.100	99.900	9.628	2.522	干层	chang4+5
地207-42	2446.375	115.225	89.480	60.913	10.904	244.995	0.010	0.100	99.900	10.499	2.556	干层	chang4+5
地207-42	2446.500	110.826	89.380	56.531	11.180	239.723	0.010	0.100	99.900	11.060	2.583	干层	chang4+5
地207-42	2446.625	108.481	89.225	53.563	11.133	236.618	0.010	0.100	99.900	11.161	2.599	干层	chang4+5
地207-42	2446.750	105.272	89.018	49.263	11.153	235.272	0.010	0.100	99.900	11.141	2.606	干层	chang4+5
地207-42	2446.875	100.894	88.756	45.759	11.417	235.402	0.010	0.100	99.900	11.285	2.604	干层	chang4+5
地207-42	2447.000	100.457	88.435	47.391	11.881	237.020	0.010	0.100	99.900	11.655	2.595	干层	chang4+5
地207-42	2447.125	105.531	88.053	53.941	12.434	239.465	0.010	0.100	99.900	12.168	2.583	干层	chang4+5
地207-42	2447.250	112.576	87.619	62.199	12.797	241.984	0.010	0.100	99.900	12.627	2.576	干层	chang4+5
地207-42	2447.375	118.891	87.139	69.793	12.536	243.849	0.010	0.100	99.900	12.674	2.572	干层	chang4+5
地207-42	2447.500	124.206	86.614	78.193	11.699	244.757	0.010	0.100	99.900	12.111	2.565	干层	chang4+5
地207-42	2447.625	131.213	86.052	89.592	10.929	245.592	0.010	0.100	99.900	11.295	2.546	干层	chang4+5
地207-42	2447.750	138.428	85.464	98.006	10.605	247.630	0.010	0.100	99.900	10.751	2.506	干层	chang4+5
地207-42	2447.875	140.838	84.858	97.768	10.504	260.607	0.010	0.100	99.900	10.548	2.445	干层	chang4+5
地207-42	2448.000	136.551	84.243	91.389	10.333	271.897	0.010	0.100	99.900	10.417	2.369	干层	chang4+5
地207-42	2448.125	131.441	83.628	83.389	9.930	282.413	0.010	0.100	99.900	10.127	2.298		chang4+5
地207-42	2448.250	126.227	83.024	74.681	9.469	287.728	0.010	0.100	99.900	9.691	2.250		chang4+5
地207-42	2448.375	117.527	82.439	59.363	9.679	281.928	0.010	0.100	99.900	9.565	2.244		chang4+5
地207-42	2448.500	99.223	81.888	38.005	11.372	266.286	0.010	0.100	99.900	10.532	2.288		chang4+5
地207-42	2448.625	76.738	81.382	18.878	16.276	245.249	0.098	6.406	85.850	13.865	2.362		chang4+5
地207-42	2448.750	60.866	80.929	8.883	26.724	225.388	0.220	12.302	66.900	21.614	2.450		chang4+5
地207-42	2448.875	56.877	80.538	7.470	41.162	213.743	0.256	10.777	59.183	34.176	2.538		chang4+5
地207-42	2449.000	60.805	80.226	7.826	37.709	210.732	0.142	10.084	57.295	39.731	2.599		chang4+5
地207-42	2449.125	61.354	80.004	7.466	21.410	214.201	0.057	10.124	68.279	29.456	2.617		chang4+5
地207-42	2449.250	56.940	79.871	6.633	12.509	220.850	0.076	10.628	86.674	16.606	2.601		chang4+5
地207-42	2449.375	53.527	79.834	6.455	9.394	227.397	0.039	11.274	98.047	10.773	2.577		chang4+5
地207-42	2449.500	53.770	79.901	7.298	8.310	231.944	0.037	11.812	99.900	8.792	2.563		chang4+5
地207-42	2449.625	58.129	80.077	9.111	8.233	234.249	0.036	12.140	99.900	8.251	2.558		chang4+5
地207-42	2449.750	65.059	80.350	11.494	8.796	235.359	0.034	12.301	99.900	8.514	2.557		chang4+5
地207-42	2449.875	72.733	80.713	14.529	10.042	237.253	0.037	12.444	97.268	9.432	2.558		chang4+5
地207-42	2450.000	82.652	81.166	27.291	11.822	240.935	0.026	6.564	97.054	10.960	2.565		chang4+5
地207-42	2450.125	95.946	81.701	45.941	13.324	246.189	0.010	0.100	99.900	12.611	2.579		chang4+5
地207-42	2450.250	109.466	82.299	61.112	13.966	252.322	0.010	0.100	99.900	13.676	2.600		chang4+5
地207-42	2450.375	122.087	82.945	77.235	14.394	259.165	0.010	0.100	99.900	14.193	2.620		chang4+5
地207-42	2450.500	132.560	83.630	91.611	15.382	266.634	0.010	0.100	99.900	14.898	2.623		chang4+5
地207-42	2450.625	139.644	84.336	98.967	16.197	273.745	0.010	0.100	99.900	15.811	2.600		chang4+5
地207-42	2450.750	143.266	85.047	99.900	14.895	278.307	0.010	0.100	99.900	15.561	2.555		chang4+5
地207-42	2450.875	140.797	85.747	94.539	12.076	277.738	0.010	0.100	99.900	13.455	2.497		chang4+5
地207-42	2451.000	131.968	86.422	82.559	10.678	274.022	0.010	0.100	99.900	11.317	2.430		chang4+5
地207-42	2451.125	124.886	87.057	75.897	11.836	270.766	0.010	0.100	99.900	11.231	2.361		chang4+5
地207-42	2451.250	125.830	87.642	80.029	15.306	270.805	0.010	0.100	99.900	13.601	2.301		chang4+5
地207-42	2451.375	130.546	88.170	84.125	17.735	273.448	0.010	0.100	99.900	16.596	2.264		chang4+5
地207-42	2451.500	128.440	88.630	76.323	16.035	273.805	0.010	0.100	99.900	16.932	2.272		chang4+5
地207-42	2451.625	116.882	89.013	59.044	13.815	268.470	0.010	0.100	99.900	14.885	2.321		chang4+5
地207-42	2451.750	102.239	89.325	45.045	13.268	257.572	0.010	0.100	99.900	13.495	2.397		chang4+5
地207-42	2451.875	95.971	89.565	42.267	14.034	245.043	0.010	0.100	99.900	13.642	2.479		chang4+5
地207-42	2452.000	99.586	89.729	46.798	15.022	235.703	0.010	0.100	99.900	14.545	2.547		chang4+5
地207-42	2452.125	105.281	89.820	53.274	15.458	231.358	0.010	0.100	99.900	15.261	2.592		chang4+5
地207-42	2452.250	111.502	89.848	60.828	15.226	231.459	0.010	0.100	99.900	15.350	2.614		chang4+5
地207-42	2452.375	117.586	89.818	67.531	14.402	234.493	0.010	0.100	99.900	14.808	2.621		chang4+5
地207-42	2452.500	121.238	89.735	71.780	13.498	238.343	0.010	0.100	99.900	13.931	2.624		chang4+5
地207-42	2452.625	122.790	89.605	71.821	12.850	241.947	0.010	0.100	99.900	13.155	2.625		chang4+5
地207-42	2452.750	120.450	89.438	68.897	12.249	244.483	0.010	0.100	99.900	12.536	2.622		chang4+5
地207-42	2452.875	118.467	89.242	65.766	11.543	244.862	0.010	0.100	99.900	11.883	2.618		chang4+5
地207-42	2453.000	115.334	89.023	61.393	11.161	243.072	0.010	0.100	99.900	11.337	2.620		chang4+5
地207-42	2453.125	111.363	88.787	56.409	11.664	239.645	0.010	0.100	99.900	11.405	2.628		chang4+5
地207-42	2453.250	107.373	88.540	52.500	12.687	235.790	0.010	0.100	99.900	12.188	2.641		chang4+5
地207-42	2453.375	106.405	88.286	54.540	13.309	233.328	0.010	0.100	99.900	13.020	2.656		chang4+5
地207-42	2453.500	113.031	88.026	64.034	13.035	233.228	0.010	0.100	99.900	13.184	2.665		chang4+5
地207-42	2453.625	121.783	87.761	73.951	12.355	235.710	0.010	0.100	99.900	12.688	2.668		chang4+5
地207-42	2453.750	126.730	87.489	79.997	11.769	240.182	0.010	0.100	99.900	12.047	2.667		chang4+5
地207-42	2453.875	129.012	87.207	81.407	11.231	245.093	0.010	0.100	99.900	11.487	2.666		chang4+5
地207-42	2454.000	126.233	86.913	73.075	10.752	248.404	0.010	0.100	99.900	10.980	2.663		chang4+5
地207-42	2454.125	114.809	86.600	57.239	10.797	248.872	0.010	0.100	99.900	10.765	2.656		chang4+5
地207-42	2454.250	101.641	86.269	43.849	11.870	246.390	0.010	0.100	99.900	11.336	2.642		chang4+5
地207-42	2454.375	92.846	85.919	37.517	14.221	241.889	0.010	0.100	99.900	13.071	2.621		chang4+5
地207-42	2454.500	90.945	85.549	36.531	16.960	237.214	0.010	0.100	99.900	15.643	2.599		chang4+5
地207-42	2454.625	90.962	85.163	35.990	18.235	233.247	0.010	0.100	99.900	17.655	2.584		chang4+5
地207-42	2454.750	88.827	84.770	33.120	18.695	230.186	0.010	0.100	99.900	18.490	2.582		chang4+5
地207-42	2454.875	83.175	84.378	27.410	19.964	228.065	0.010	0.100	99.900	19.339	2.592		chang4+5
地207-42	2455.000	74.681	84.000	21.510	22.542	226.811	0.010	0.100	99.900	21.282	2.610		chang4+5
地207-42	2455.125	69.304	83.649	19.033	25.616	226.481	0.010	0.100	99.900	24.136	2.624		chang4+5
地207-42	2455.250	70.771	83.336	22.724	27.106	226.810	0.010	0.100	99.900	26.426	2.630		chang4+5
地207-42	2455.375	81.717	83.072	31.998	24.754	227.021	0.010	0.100	99.900	25.957	2.628		chang4+5
地207-42	2455.500	93.242	82.871	40.680	21.271	226.388	0.010	0.100	99.900	22.957	2.626		chang4+5
地207-42	2455.625	98.258	82.745	42.511	19.557	224.856	0.010	0.100	99.900	20.340	2.621		chang4+5
地207-42	2455.750	94.639	82.691	38.103	20.060	223.437	0.010	0.100	99.900	19.775	2.603		chang4+5
地207-42	2455.875	89.779	82.711	35.917	21.281	225.016	0.010	0.100	99.900	20.684	2.556		chang4+5
地207-42	2456.000	92.755	82.806	40.969	20.402	231.525	0.010	0.100	99.900	20.866	2.477	差油层	chang4+5
地207-42	2456.125	102.300	82.973	52.734	16.302	243.093	0.010	0.100	99.900	18.328	2.393	差油层	chang4+5
地207-42	2456.250	115.919	83.195	70.739	12.133	257.482	0.010	0.100	99.900	14.127	2.325	差油层	chang4+5
地207-42	2456.375	130.448	83.463	89.599	9.511	270.162	0.010	0.100	99.900	10.734	2.285	差油层	chang4+5
地207-42	2456.500	138.923	83.762	98.112	8.142	277.494	0.010	0.100	99.900	8.773	2.274	差油层	chang4+5
地207-42	2456.625	136.992	84.079	88.844	7.463	277.855	0.010	0.100	99.900	7.775	2.283	差油层	chang4+5
地207-42	2456.750	124.737	84.395	70.010	7.289	271.655	0.010	0.100	99.900	7.363	2.309	差油层	chang4+5
地207-42	2456.875	111.709	84.696	54.714	8.009	260.697	0.010	0.100	99.900	7.647	2.349	差油层	chang4+5
地207-42	2457.000	102.746	84.967	47.626	9.559	248.971	0.010	0.100	99.900	8.801	2.402	差油层	chang4+5
地207-42	2457.125	101.675	85.195	47.789	10.975	239.293	0.010	0.100	99.900	10.301	2.466	差油层	chang4+5
地207-42	2457.250	103.116	85.376	47.860	11.220	233.352	0.010	0.100	99.900	11.126	2.536	差油层	chang4+5
地207-42	2457.375	100.069	85.505	42.950	10.842	231.640	0.010	0.100	99.900	11.034	2.599	差油层	chang4+5
地207-42	2457.500	92.645	85.580	36.262	10.820	232.141	0.010	0.100	99.900	10.822	2.637	差油层	chang4+5
地207-42	2457.625	87.028	85.601	32.056	11.653	233.570	0.010	0.100	99.900	11.237	2.652	差油层	chang4+5
地207-42	2457.750	84.505	85.581	30.960	13.236	235.364	0.010	0.100	99.900	12.464	2.654	差油层	chang4+5
地207-42	2457.875	86.092	85.528	33.797	14.971	237.552	0.010	0.100	99.900	14.138	2.648	差油层	chang4+5
地207-42	2458.000	92.416	85.451	40.618	15.741	240.058	0.010	0.100	99.900	15.392	2.633	差油层	chang4+5
地207-42	2458.125	100.803	85.362	48.364	15.181	242.600	0.010	0.100	99.900	15.475	2.613	差油层	chang4+5
地207-42	2458.250	106.183	85.274	52.113	14.292	244.820	0.010	0.100	99.900	14.723	2.582	差油层	chang4+5
地207-42	2458.375	105.897	85.196	50.381	14.112	246.583	0.010	0.100	99.900	14.183	2.575	差油层	chang4+5
地207-42	2458.500	103.140	85.137	49.320	14.617	248.265	0.010	0.100	99.900	14.362	2.575	差油层	chang4+5
地207-42	2458.625	105.653	85.104	53.364	15.264	250.008	0.010	0.100	99.900	14.952	2.580		chang4+5
地207-42	2458.750	109.791	85.098	55.408	15.416	251.322	0.010	0.100	99.900	15.354	2.588		chang4+5
地207-42	2458.875	106.398	85.120	48.611	14.905	250.694	0.010	0.100	99.900	15.163	2.598		chang4+5
地207-42	2459.000	95.649	85.172	37.867	14.245	247.436	0.010	0.100	99.900	14.563	2.606		chang4+5
地207-42	2459.125	85.564	85.251	29.524	14.173	242.050	0.010	0.100	99.900	14.195	2.610		chang4+5
地207-42	2459.250	77.520	85.351	23.425	14.880	236.555	0.010	0.100	99.900	14.526	2.607		chang4+5
地207-42	2459.375	71.625	85.469	20.888	16.032	234.413	0.010	0.100	99.900	15.472	2.604		chang4+5
地207-42	2459.500	74.270	85.602	25.989	16.613	236.749	0.010	0.100	99.900	16.347	2.605	差油层	chang4+5
地207-42	2459.625	88.406	85.744	41.059	15.767	242.612	0.010	0.100	99.900	16.200	2.614	差油层	chang4+5
地207-42	2459.750	108.726	85.891	62.305	14.009	249.476	0.010	0.100	99.900	14.867	2.630	差油层	chang4+5
地207-42	2459.875	124.354	86.038	77.922	12.451	254.029	0.010	0.100	99.900	13.191	2.644	差油层	chang4+5
地207-42	2460.000	128.568	86.181	79.239	11.723	255.089	0.010	0.100	99.900	12.055	2.648	差油层	chang4+5
地207-42	2460.125	123.722	86.314	71.186	12.129	253.114	0.010	0.100	99.900	11.912	2.635	差油层	chang4+5
地207-42	2460.250	117.335	86.433	64.239	13.606	249.721	0.010	0.100	99.900	12.878	2.600	差油层	chang4+5
地207-42	2460.375	114.954	86.533	63.088	15.612	247.465	0.010	0.100	99.900	14.642	2.541	差油层	chang4+5
地207-42	2460.500	116.635	86.606	65.633	16.584	248.233	0.010	0.100	99.900	16.141	2.472	差油层	chang4+5
地207-42	2460.625	118.995	86.648	68.570	14.796	252.608	0.010	0.100	99.900	15.707	2.408	差油层	chang4+5
地207-42	2460.750	120.310	86.656	68.527	11.886	259.352	0.010	0.100	99.900	13.299	2.360	差油层	chang4+5
地207-42	2460.875	117.262	86.626	62.499	9.506	265.060	0.010	0.100	99.900	10.633	2.342	差油层	chang4+5
地207-42	2461.000	110.256	86.555	54.853	8.029	266.951	0.010	0.100	99.900	8.718	2.355	差油层	chang4+5
地207-42	2461.125	106.065	86.438	51.916	7.339	264.588	0.010	0.100	99.900	7.654	2.394	差油层	chang4+5
地207-42	2461.250	106.768	86.280	53.932	7.219	259.511	0.010	0.100	99.900	7.266	2.450	差油层	chang4+5
地207-42	2461.375	109.773	86.082	56.378	7.572	253.682	0.010	0.100	99.900	7.394	2.512	差油层	chang4+5
地207-42	2461.500	109.784	85.846	54.876	8.315	247.550	0.010	0.100	99.900	7.952	2.572	差油层	chang4+5
地207-42	2461.625	105.184	85.573	47.312	9.776	240.017	0.010	0.100	99.900	9.063	2.623	差油层	chang4+5
地207-42	2461.750	94.526	85.275	36.952	12.559	230.242	0.010	0.100	99.900	11.201	2.658	差油层	chang4+5
地207-42	2461.875	85.819	84.954	31.268	17.535	219.054	0.010	0.100	99.900	15.110	2.674	差油层	chang4+5
地207-42	2462.000	83.393	84.618	28.898	24.923	209.231	0.010	0.100	99.900	21.340	2.678	差油层	chang4+5
地207-42	2462.125	79.441	84.273	25.101	33.277	202.859	0.010	0.100	99.900	29.262	2.675	差油层	chang4+5
地207-42	2462.250	73.424	83.927	20.889	37.003	200.753	0.010	0.100	99.900	35.316	2.667	差油层	chang4+5
地207-42	2462.375	69.738	83.585	20.181	33.667	203.116	0.010	0.100	99.900	35.404	2.656	差油层	chang4+5
地207-42	2462.500	74.428	83.253	25.676	28.424	208.483	0.010	0.100	99.900	30.966	2.641	差油层	chang4+5
地207-42	2462.625	86.313	82.937	36.917	23.953	215.895	0.010	0.100	99.900	26.075	2.625	差油层	chang4+5
地207-42	2462.750	100.775	82.637	50.491	19.678	224.055	0.010	0.100	99.900	21.721	2.615	差油层	chang4+5
地207-42	2462.875	111.641	82.358	60.402	15.917	230.961	0.010	0.100	99.900	17.706	2.618	差油层	chang4+5
地207-42	2463.000	116.225	82.100	64.912	13.788	235.451	0.010	0.100	99.900	14.774	2.633	差油层	chang4+5
地207-42	2463.125	117.699	81.867	65.472	13.556	237.431	0.010	0.100	99.900	13.630	2.655	差油层	chang4+5
地207-42	2463.250	116.148	81.655	62.725	14.417	237.691	0.010	0.100	99.900	13.985	2.675	差油层	chang4+5
地207-42	2463.375	113.734	81.464	61.445	15.097	237.328	0.010	0.100	99.900	14.776	2.686	差油层	chang4+5
地207-42	2463.500	115.244	81.295	63.938	14.796	237.095	0.010	0.100	99.900	14.960	2.687	差油层	chang4+5
地207-42	2463.625	116.741	81.149	62.853	13.524	236.974	0.010	0.100	99.900	14.152	2.681	差油层	chang4+5
地207-42	2463.750	110.732	81.021	52.808	11.566	236.647	0.010	0.100	99.900	12.516	2.667	差油层	chang4+5
地207-42	2463.875	96.934	80.914	36.840	9.233	235.791	0.010	0.100	99.900	10.356	2.640	差油层	chang4+5
地207-42	2464.000	78.507	80.828	22.650	7.214	234.577	0.010	0.100	99.900	8.173	2.604		chang4+5
地207-42	2464.125	65.168	80.765	14.637	5.959	233.360	0.010	0.100	99.900	6.544	2.567		chang4+5
地207-42	2464.250	57.393	80.724	10.710	5.365	232.530	0.010	0.100	99.900	5.636	2.535		chang4+5
地207-42	2464.375	53.745	80.708	9.143	5.125	232.462	0.010	0.100	99.900	5.233	2.516		chang4+5
地207-42	2464.500	53.457	80.721	10.045	4.963	233.347	0.010	0.100	99.900	5.039	2.510		chang4+5
地207-42	2464.625	59.259	80.768	15.206	4.962	235.980	0.010	0.100	99.900	4.959	2.510		chang4+5
地207-42	2464.750	73.383	80.849	28.500	5.328	241.631	0.010	0.100	99.900	5.146	2.510		chang4+5
地207-42	2464.875	97.049	80.967	51.792	6.236	251.280	0.010	0.100	99.900	5.791	2.510		chang4+5
地207-42	2465.000	119.924	81.128	74.980	7.541	262.016	0.010	0.100	99.900	6.909	2.518	油层	chang4+5
地207-42	2465.125	130.621	81.335	84.560	8.616	269.604	0.010	0.100	99.900	8.107	2.536	油层	chang4+5
地207-42	2465.250	129.891	81.586	80.734	9.225	270.427	0.010	0.100	99.900	8.943	2.562	油层	chang4+5
地207-42	2465.375	124.229	81.879	72.090	9.745	263.365	0.010	0.100	99.900	9.498	2.591	油层	chang4+5
地207-42	2465.500	117.859	82.216	63.947	10.243	253.629	0.010	0.100	99.900	10.005	2.616	油层	chang4+5
地207-42	2465.625	112.620	82.592	58.234	10.506	245.743	0.010	0.100	99.900	10.385	2.632	油层	chang4+5
地207-42	2465.750	108.563	82.997	52.126	10.859	241.956	0.010	0.100	99.900	10.688	2.636	油层	chang4+5
地207-42	2465.875	100.349	83.424	41.718	11.947	241.804	0.010	0.100	99.900	11.411	2.629	油层	chang4+5
地207-42	2466.000	88.162	83.864	31.740	13.555	242.380	0.010	0.100	99.900	12.776	2.618	油层	chang4+5
地207-42	2466.125	81.509	84.306	28.545	15.042	242.184	0.010	0.100	99.900	14.334	2.606	油层	chang4+5
地207-42	2466.250	83.010	84.741	30.519	16.136	240.894	0.010	0.100	99.900	15.621	2.595	油层	chang4+5
地207-42	2466.375	85.990	85.158	31.733	17.117	239.293	0.010	0.100	99.900	16.649	2.587	油层	chang4+5
地207-42	2466.500	85.735	85.549	32.886	18.343	239.351	0.010	0.100	99.900	17.751	2.571	油层	chang4+5
地207-42	2466.625	90.897	85.906	40.278	19.498	243.476	0.010	0.100	99.900	18.947	2.537	油层	chang4+5
地207-42	2466.750	103.008	86.228	53.131	19.003	253.362	0.010	0.100	99.900	19.273	2.485	油层	chang4+5
地207-42	2466.875	114.337	86.513	64.325	16.175	268.267	0.010	0.100	99.900	17.574	2.425	油层	chang4+5
地207-42	2467.000	120.921	86.762	74.101	12.796	282.394	0.010	0.100	99.900	14.422	2.378	油层	chang4+5
地207-42	2467.125	128.665	86.978	84.302	10.471	290.427	0.010	0.100	99.900	11.561	2.357	油层	chang4+5
地207-42	2467.250	133.819	87.170	91.031	9.481	289.546	0.010	0.100	99.900	9.928	2.369	油层	chang4+5
地207-42	2467.375	135.518	87.344	90.265	9.718	280.128	0.010	0.100	99.900	9.581	2.410	油层	chang4+5
地207-42	2467.500	130.892	87.510	81.200	10.824	268.181	0.010	0.100	99.900	10.278	2.459	油层	chang4+5
地207-42	2467.625	123.001	87.675	69.686	12.955	258.573	0.010	0.100	99.900	11.915	2.503	油层	chang4+5
地207-42	2467.750	115.397	87.848	61.399	16.369	254.832	0.010	0.100	99.900	14.710	2.529	油层	chang4+5
地207-42	2467.875	113.077	88.033	63.027	19.600	259.554	0.010	0.100	99.900	18.059	2.525	油层	chang4+5
地207-42	2468.000	121.165	88.235	77.323	18.585	270.060	0.010	0.100	99.900	19.157	2.501	油层	chang4+5
地207-42	2468.125	134.166	88.453	93.597	14.246	282.580	0.010	0.100	99.900	16.387	2.474	油层	chang4+5
地207-42	2468.250	142.289	88.684	99.900	11.329	292.611	0.010	0.100	99.900	12.693	2.461	油层	chang4+5
地207-42	2468.375	143.575	88.920	97.215	10.461	295.605	0.010	0.100	99.900	10.836	2.469	油层	chang4+5
地207-42	2468.500	135.043	89.153	86.491	10.708	292.106	0.010	0.100	99.900	10.568	2.493	油层	chang4+5
地207-42	2468.625	125.916	89.370	76.092	10.964	284.387	0.010	0.100	99.900	10.842	2.526		chang4+5
地207-42	2468.750	124.455	89.559	77.915	10.735	275.713	0.010	0.100	99.900	10.854	2.559		chang4+5
地207-42	2468.875	130.176	89.705	87.213	10.458	269.533	0.010	0.100	99.900	10.591	2.576		chang4+5
地207-42	2469.000	135.761	89.794	92.867	10.155	266.900	0.010	0.100	99.900	10.301	2.571		chang4+5
地207-42	2469.125	135.422	89.808	90.452	9.460	267.655	0.010	0.100	99.900	9.801	2.545		chang4+5
地207-42	2469.250	132.713	89.745	88.065	8.588	271.019	0.010	0.100	99.900	9.009	2.504		chang4+5
地207-42	2469.375	133.215	89.595	88.645	7.887	276.118	0.010	0.100	99.900	8.219	2.456		chang4+5
地207-42	2469.500	132.803	89.349	86.271	7.268	281.247	0.010	0.100	99.900	7.563	2.409		chang4+5
地207-42	2469.625	129.030	89.000	79.064	6.623	284.213	0.010	0.100	99.900	6.932	2.367		chang4+5
地207-42	2469.750	122.128	88.560	67.913	6.205	282.117	0.010	0.100	99.900	6.400	2.330		chang4+5
地207-42	2469.875	111.940	88.033	54.357	6.394	271.576	0.010	0.100	99.900	6.292	2.313		chang4+5
地207-42	2470.000	99.481	87.422	40.711	7.641	254.957	0.010	0.100	99.900	7.023	2.323		chang4+5
地207-42	2470.125	86.188	86.739	29.124	11.052	236.705	0.010	0.100	99.900	9.376	2.362		chang4+5
地207-42	2470.250	75.443	86.006	22.642	17.714	222.278	0.010	0.100	99.900	14.461	2.422		chang4+5
地207-42	2470.375	73.268	85.240	23.417	23.846	217.262	0.010	0.100	99.900	20.925	2.497		chang4+5
地207-42	2470.500	80.134	84.464	30.083	22.386	220.811	0.010	0.100	99.900	23.239	2.574		chang4+5
地207-42	2470.625	90.882	83.701	40.075	17.469	230.075	0.010	0.100	99.900	19.886	2.633		chang4+5
地207-42	2470.750	101.331	82.975	48.354	13.722	240.998	0.010	0.100	99.900	15.489	2.658		chang4+5
地207-42	2470.875	105.133	82.306	50.392	11.703	249.171	0.010	0.100	99.900	12.635	2.656		chang4+5
地207-42	2471.000	103.985	81.718	49.205	10.843	252.834	0.010	0.100	99.900	11.232	2.651		chang4+5
地207-42	2471.125	103.101	81.229	48.440	10.688	252.013	0.010	0.100	99.900	10.749	2.649		chang4+5
地207-42	2471.250	103.107	80.838	49.359	10.906	248.106	0.010	0.100	99.900	10.794	2.649		chang4+5
地207-42	2471.375	106.366	80.546	55.611	11.390	243.660	0.010	0.100	99.900	11.153	2.647		chang4+5
地207-42	2471.500	115.526	80.351	67.900	11.788	241.594	0.010	0.100	99.900	11.600	2.640		chang4+5
地207-42	2471.625	126.058	80.239	82.465	11.729	243.879	0.010	0.100	99.900	11.767	2.625		chang4+5
地207-42	2471.750	135.170	80.180	94.849	11.357	250.971	0.010	0.100	99.900	11.541	2.601		chang4+5
地207-42	2471.875	140.408	80.148	99.900	10.903	260.773	0.010	0.100	99.900	11.122	2.570	干层	chang4+5
地207-42	2472.000	140.350	80.112	96.139	10.352	268.163	0.010	0.100	99.900	10.617	2.542	干层	chang4+5
地207-42	2472.125	133.245	80.036	82.446	9.835	269.255	0.010	0.100	99.900	10.082	2.527	干层	chang4+5
地207-42	2472.250	119.001	79.893	60.390	9.621	262.863	0.010	0.100	99.900	9.718	2.525	干层	chang4+5
地207-42	2472.375	99.401	79.659	39.329	9.802	250.933	0.010	0.100	99.900	9.708	2.530	干层	chang4+5
地207-42	2472.500	82.086	79.306	26.104	10.197	238.780	0.010	0.100	99.900	10.004	2.536	干层	chang4+5
地207-42	2472.625	72.581	78.818	17.046	10.633	229.386	0.025	5.690	98.620	10.424	2.539	干层	chang4+5
地207-42	2472.750	70.892	78.204	12.180	11.229	223.305	0.039	11.457	97.941	10.941	2.538	干层	chang4+5
地207-42	2472.875	72.655	77.472	11.862	12.400	219.263	0.040	10.972	97.724	11.828	2.541	干层	chang4+5
地207-42	2473.000	69.842	76.630	10.206	14.699	215.294	0.052	10.588	94.153	13.576	2.556	干层	chang4+5
地207-42	2473.125	63.490	75.702	7.979	19.282	211.004	0.036	10.187	87.146	17.043	2.579	干层	chang4+5
地207-42	2473.250	57.608	74.726	6.257	28.101	207.081	0.010	9.788	76.740	23.796	2.604	干层	chang4+5
地207-42	2473.375	54.390	73.734	5.492	45.014	205.062	0.010	9.501	63.811	36.759	2.619	干层	chang4+5
地207-42	2473.500	54.504	72.765	5.698	59.726	205.502	0.010	9.429	52.944	52.738	2.619	干层	chang4+5
地207-42	2473.625	57.492	71.857	6.996	56.887	208.245	0.010	9.588	49.172	58.603	2.603	干层	chang4+5
地207-42	2473.750	64.078	71.039	9.265	44.762	212.460	0.208	9.930	51.546	50.739	2.574	干层	chang4+5
地207-42	2473.875	70.783	70.335	11.321	30.449	216.936	0.381	10.355	58.469	37.335	2.544	干层	chang4+5
地207-42	2474.000	74.162	69.775	12.731	20.634	220.637	0.276	10.752	68.888	25.237	2.520	干层	chang4+5
地207-42	2474.125	76.683	69.380	13.638	16.799	223.139	0.184	11.051	77.825	18.516	2.506	干层	chang4+5
地207-42	2474.250	77.189	69.142	13.817	15.332	224.488	0.148	11.235	82.372	15.991	2.504	干层	chang4+5
地207-42	2474.375	76.583	69.060	13.774	14.771	225.067	0.134	11.326	84.363	15.023	2.514	干层	chang4+5
地207-42	2474.500	76.457	69.137	13.641	14.739	225.573	0.131	11.377	84.825	14.744	2.526	干层	chang4+5
地207-42	2474.625	74.697	69.367	12.642	14.653	226.346	0.135	11.439	84.575	14.696	2.531		chang4+5
地207-42	2474.750	69.632	69.722	11.061	13.962	227.463	0.133	11.531	85.159	14.305	2.526		chang4+5
地207-42	2474.875	66.073	70.183	10.771	13.136	228.863	0.120	11.654	86.783	13.534	2.512		chang4+5
地207-42	2475.000	69.789	70.739	12.891	12.932	230.320	0.108	11.793	87.584	13.017	2.503		chang4+5
地207-42	2475.125	79.297	71.370	16.666	13.424	231.505	0.107	11.922	86.282	13.174	2.508		chang4+5
地207-42	2475.250	89.108	72.050	20.185	14.209	231.886	0.112	11.997	83.783	13.828	2.530		chang4+5
地207-42	2475.375	93.691	72.761	20.618	15.271	230.847	0.122	11.963	81.303	14.757	2.565		chang4+5
地207-42	2475.500	88.661	73.485	17.955	17.230	229.169	0.144	11.829	78.229	16.274	2.596		chang4+5
地207-42	2475.625	82.009	74.203	15.994	20.585	228.465	0.184	11.712	73.224	18.952	2.611		chang4+5
地207-42	2475.750	82.697	74.900	17.909	22.450	230.456	0.220	11.777	68.146	21.589	2.609		chang4+5
地207-42	2475.875	94.649	75.561	37.700	19.946	236.007	0.124	6.221	82.369	21.232	2.600		chang4+5
地207-42	2476.000	112.252	76.172	64.828	16.355	242.820	0.010	0.100	99.900	18.092	2.595		chang4+5
地207-42	2476.125	124.098	76.720	76.734	14.667	248.305	0.010	0.100	99.900	15.435	2.593		chang4+5
地207-42	2476.250	127.542	77.201	79.506	14.776	250.577	0.010	0.100	99.900	14.688	2.592		chang4+5
地207-42	2476.375	126.813	77.612	77.965	15.428	248.883	0.010	0.100	99.900	15.106	2.586		chang4+5
地207-42	2476.500	125.644	77.944	77.381	15.249	245.043	0.010	0.100	99.900	15.352	2.577		chang4+5
地207-42	2476.625	125.948	78.196	76.226	14.255	240.510	0.010	0.100	99.900	14.746	2.566		chang4+5
地207-42	2476.750	122.447	78.377	68.959	13.358	236.359	0.010	0.100	99.900	13.785	2.562		chang4+5
地207-42	2476.875	114.688	78.493	60.036	13.037	233.548	0.010	0.100	99.900	13.179	2.570		chang4+5
地207-42	2477.000	110.448	78.546	57.581	13.224	232.291	0.010	0.100	99.900	13.125	2.587		chang4+5
地207-42	2477.125	111.635	78.546	57.779	13.887	232.410	0.010	0.100	99.900	13.560	2.604		chang4+5
地207-42	2477.250	108.818	78.509	51.607	14.982	233.126	0.010	0.100	99.900	14.450	2.616		chang4+5
地207-42	2477.375	99.180	78.446	41.679	16.404	233.060	0.010	0.100	99.900	15.717	2.619		chang4+5
地207-42	2477.500	91.032	78.371	35.440	17.901	231.500	0.010	0.100	99.900	17.183	2.617		chang4+5
地207-42	2477.625	87.579	78.298	32.862	19.340	228.624	0.010	0.100	99.900	18.653	2.610		chang4+5
地207-42	2477.750	85.908	78.241	31.881	20.668	225.286	0.010	0.100	99.900	20.035	2.601		chang4+5
地207-42	2477.875	85.113	78.213	30.277	21.723	222.814	0.010	0.100	99.900	21.224	2.591		chang4+5
地207-42	2478.000	81.486	78.227	27.444	22.227	222.188	0.010	0.100	99.900	21.997	2.581		chang4+5
地207-42	2478.125	79.285	78.290	27.191	21.897	224.335	0.010	0.100	99.900	22.072	2.572		chang4+5
地207-42	2478.250	83.263	78.402	32.698	20.942	230.031	0.010	0.100	99.900	21.411	2.563		chang4+5
地207-42	2478.375	94.547	78.564	45.351	19.484	239.554	0.010	0.100	99.900	20.191	2.556		chang4+5
地207-42	2478.500	109.201	78.776	58.709	17.388	250.100	0.010	0.100	99.900	18.404	2.554		chang4+5
地207-42	2478.625	115.868	79.036	63.118	15.092	258.138	0.010	0.100	99.900	16.194	2.555		chang4+5
地207-42	2478.750	113.927	79.335	59.009	13.610	260.433	0.010	0.100	99.900	14.302	2.561		chang4+5
地207-42	2478.875	107.426	79.668	49.644	13.472	255.003	0.010	0.100	99.900	13.511	2.573		chang4+5
地207-42	2479.000	95.727	80.029	36.776	14.638	245.640	0.010	0.100	99.900	14.054	2.588		chang4+5
地207-42	2479.125	81.868	80.410	26.512	17.096	237.056	0.010	0.100	99.900	15.895	2.603		chang4+5
地207-42	2479.250	75.945	80.798	25.554	20.672	233.916	0.010	0.100	99.900	18.939	2.613		chang4+5
地207-42	2479.375	84.931	81.185	38.117	24.321	240.205	0.010	0.100	99.900	22.574	2.604		chang4+5
地207-42	2479.500	107.443	81.561	64.696	24.578	253.132	0.010	0.100	99.900	24.525	2.570		chang4+5
地207-42	2479.625	131.782	81.909	90.512	20.111	267.867	0.010	0.100	99.900	22.342	2.509		chang4+5
地207-42	2479.750	146.867	82.210	99.900	15.075	278.568	0.010	0.100	99.900	17.492	2.439		chang4+5
地207-42	2479.875	145.306	82.447	97.848	12.157	279.598	0.010	0.100	99.900	13.509	2.390		chang4+5
地207-42	2480.000	136.385	82.608	90.300	11.150	272.759	0.010	0.100	99.900	11.595	2.380		chang4+5
地207-42	2480.125	130.454	82.687	83.564	11.229	262.323	0.010	0.100	99.900	11.171	2.404		chang4+5
地207-42	2480.250	129.276	82.696	82.170	11.250	253.390	0.010	0.100	99.900	11.242	2.453		chang4+5
地207-42	2480.375	128.997	82.638	82.313	10.693	250.210	0.010	0.100	99.900	10.971	2.507		chang4+5
地207-42	2480.500	129.359	82.518	81.848	9.831	251.744	0.010	0.100	99.900	10.249	2.547		chang4+5
地207-42	2480.625	128.083	82.348	80.273	9.068	255.496	0.010	0.100	99.900	9.431	2.564		chang4+5
地207-42	2480.750	126.749	82.156	76.367	8.563	258.882	0.010	0.100	99.900	8.799	2.562		chang4+5
地207-42	2480.875	122.345	81.956	71.450	8.346	260.157	0.010	0.100	99.900	8.444	2.557		chang4+5
地207-42	2481.000	121.185	81.754	71.838	8.158	259.673	0.010	0.100	99.900	8.248	2.556		chang4+5
地207-42	2481.125	124.151	81.554	77.139	7.680	257.937	0.010	0.100	99.900	7.915	2.560		chang4+5
地207-42	2481.250	128.241	81.352	80.796	7.077	255.113	0.010	0.100	99.900	7.368	2.572		chang4+5
地207-42	2481.375	127.933	81.144	79.607	6.969	250.810	0.010	0.100	99.900	7.010	2.592		chang4+5
地207-42	2481.500	126.319	80.927	77.160	7.843	245.328	0.010	0.100	99.900	7.405	2.615		chang4+5
地207-42	2481.625	124.190	80.698	73.016	10.273	239.421	0.010	0.100	99.900	9.079	2.637		chang4+5
地207-42	2481.750	119.851	80.458	66.748	13.881	234.205	0.010	0.100	99.900	12.132	2.657		chang4+5
地207-42	2481.875	115.384	80.210	62.455	17.070	230.894	0.010	0.100	99.900	15.554	2.667		chang4+5
地207-42	2482.000	113.808	79.957	59.956	18.622	229.298	0.010	0.100	99.900	17.912	2.665		chang4+5
地207-42	2482.125	110.996	79.703	56.339	19.216	228.709	0.010	0.100	99.900	18.950	2.656		chang4+5
地207-42	2482.250	107.700	79.453	52.546	19.618	228.112	0.010	0.100	99.900	19.429	2.645		chang4+5
地207-42	2482.375	103.736	79.213	46.702	19.956	226.389	0.010	0.100	99.900	19.795	2.641		chang4+5
地207-42	2482.500	95.841	78.982	38.583	20.734	223.484	0.010	0.100	99.900	20.353	2.641		chang4+5
地207-42	2482.625	87.811	78.755	32.077	22.408	220.093	0.010	0.100	99.900	21.589	2.644		chang4+5
地207-42	2482.750	83.528	78.522	30.688	24.271	217.407	0.010	0.100	99.900	23.376	2.646		chang4+5
地207-42	2482.875	87.548	78.272	36.564	24.367	216.842	0.010	0.100	99.900	24.357	2.643		chang4+5
地207-42	2483.000	97.986	77.988	46.802	22.082	218.361	0.010	0.100	99.900	23.223	2.634		chang4+5
地207-42	2483.125	107.994	77.656	57.520	19.144	221.379	0.010	0.100	99.900	20.561	2.623		chang4+5
地207-42	2483.250	115.280	77.275	62.578	17.095	224.905	0.010	0.100	99.900	18.057	2.618		chang4+5
地207-42	2483.375	112.686	76.834	55.178	16.162	227.591	0.010	0.100	99.900	16.586	2.622		chang4+5
地207-42	2483.500	100.474	76.314	42.324	16.002	228.669	0.010	0.100	99.900	16.063	2.631		chang4+5
地207-42	2483.625	90.532	75.695	35.152	16.441	228.065	0.010	0.100	99.900	16.219	2.639		chang4+5
地207-42	2483.750	88.021	74.974	34.035	17.506	226.520	0.010	0.100	99.900	16.984	2.639		chang4+5
地207-42	2483.875	89.511	74.153	36.588	19.107	225.539	0.010	0.100	99.900	18.331	2.627		chang4+5
地207-42	2484.000	94.915	73.225	42.895	19.868	225.959	0.010	0.100	99.900	19.522	2.611		chang4+5
地207-42	2484.125	102.331	72.186	48.918	18.729	227.306	0.010	0.100	99.900	19.312	2.598		chang4+5
地207-42	2484.250	103.657	71.046	46.210	17.120	228.065	0.010	0.100	99.900	17.898	2.597		chang4+5
地207-42	2484.375	94.009	69.811	35.815	17.020	226.217	0.010	0.100	99.900	17.037	2.605		chang4+5
地207-42	2484.500	82.020	68.499	26.367	19.435	221.924	0.010	0.100	99.900	18.229	2.614	差油层	chang4+5
地207-42	2484.625	73.093	67.138	20.401	25.640	216.621	0.010	0.100	99.900	22.595	2.622	差油层	chang4+5
地207-42	2484.750	67.854	65.757	18.073	33.204	212.418	0.010	0.100	99.900	29.560	2.625	差油层	chang4+5
地207-42	2484.875	68.560	64.367	14.826	34.756	211.626	0.863	4.878	72.735	34.138	2.621	差油层	chang4+5
地207-42	2485.000	73.178	62.988	11.800	30.053	214.203	1.801	10.172	44.540	32.426	2.609	差油层	chang4+5
地207-42	2485.125	74.236	61.649	11.836	25.102	219.381	1.915	10.555	46.936	27.471	2.594	差油层	chang4+5
地207-42	2485.250	70.035	60.364	10.798	21.920	225.990	2.208	11.132	48.561	23.407	2.574	差油层	chang4+5
地207-42	2485.375	65.247	59.146	10.138	20.500	232.784	2.685	11.785	48.650	21.145	2.547	差油层	chang4+5
地207-42	2485.500	63.447	58.007	10.163	20.131	238.728	3.337	12.403	47.558	20.288	2.518	差油层	chang4+5
地207-42	2485.625	62.564	56.959	10.359	19.383	243.142	3.970	12.903	46.612	19.750	2.492	差油层	chang4+5
地207-42	2485.750	62.284	55.997	10.541	17.107	245.606	4.122	13.233	47.551	18.227	2.469	差油层	chang4+5
地207-42	2485.875	61.918	55.126	10.455	14.116	245.882	3.585	13.362	51.156	15.561	2.450	差油层	chang4+5
地207-42	2486.000	60.962	54.351	10.133	11.681	244.922	2.736	13.324	56.459	12.834	2.436	差油层	chang4+5
地207-42	2486.125	60.357	53.669	10.011	10.331	243.598	2.060	13.211	61.427	10.955	2.425	差油层	chang4+5
地207-42	2486.250	61.343	53.068	10.401	9.753	242.642	1.696	13.100	64.634	10.015	2.414	差油层	chang4+5
地207-42	2486.375	63.264	52.547	10.692	9.509	242.538	1.564	13.049	66.146	9.619	2.404	差油层	chang4+5
地207-42	2486.500	62.607	52.102	10.328	9.180	243.085	1.534	13.073	67.032	9.339	2.398	差油层	chang4+5
地207-42	2486.625	60.956	51.729	10.134	8.722	243.954	1.473	13.143	68.200	8.944	2.396	差油层	chang4+5
地207-42	2486.750	62.280	51.413	11.092	8.251	244.700	1.340	13.222	69.704	8.476	2.398	差油层	chang4+5
地207-42	2486.875	66.876	51.153	12.335	7.806	244.596	1.178	13.252	71.528	8.018	2.402	差油层	chang4+5
地207-42	2487.000	68.522	50.947	12.458	7.515	243.151	1.038	13.175	73.578	7.651	2.410	差油层	chang4+5
地207-42	2487.125	67.127	50.792	11.667	7.664	239.969	0.959	12.948	74.992	7.584	2.423	差油层	chang4+5
地207-42	2487.250	64.628	50.681	10.449	8.451	234.909	0.977	12.545	74.760	8.061	2.442	差油层	chang4+5
地207-42	2487.375	62.058	50.608	9.496	9.971	228.112	1.081	11.966	72.816	9.229	2.472	差油层	chang4+5
地207-42	2487.500	62.046	50.573	8.881	12.178	220.893	1.241	11.282	69.815	11.109	2.510	差油层	chang4+5
地207-42	2487.625	60.827	50.574	7.759	15.366	214.745	1.511	10.634	65.873	13.821	2.551	差油层	chang4+5
地207-42	2487.750	56.987	50.605	6.308	19.289	211.160	0.887	10.164	60.989	17.397	2.584	差油层	chang4+5
地207-42	2487.875	53.428	50.662	5.613	21.985	211.570	1.333	10.016	56.433	20.720	2.597	差油层	chang4+5
地207-42	2488.000	53.833	50.746	6.048	21.435	214.999	2.843	10.210	54.101	21.763	2.591	差油层	chang4+5
地207-42	2488.125	55.830	50.856	6.715	18.805	220.101	2.894	10.630	54.478	20.103	2.573		chang4+5
地207-42	2488.250	55.938	50.987	6.929	16.238	225.415	2.797	11.138	56.205	17.463	2.550		chang4+5
地207-42	2488.375	54.517	51.139	6.927	14.289	229.810	2.644	11.609	58.132	15.209	2.529		chang4+5
地207-42	2488.500	54.091	51.314	7.323	12.671	233.243	2.397	11.987	60.185	13.439	2.513		chang4+5
地207-42	2488.625	56.282	51.514	8.383	11.320	235.971	2.063	12.284	62.482	11.961	2.501		chang4+5
地207-42	2488.750	60.108	51.736	9.598	10.242	238.251	1.744	12.525	64.813	10.753	2.492		chang4+5
地207-42	2488.875	62.225	51.983	10.009	9.450	240.154	1.522	12.727	66.882	9.823	2.482		chang4+5
地207-42	2489.000	60.975	52.263	9.773	8.899	241.677	1.383	12.893	68.503	9.158	2.473		chang4+5
地207-42	2489.125	60.169	52.582	9.774	8.580	242.686	1.281	13.015	69.600	8.728	2.464	干层	chang4+5
地207-42	2489.250	60.925	52.944	10.226	8.448	243.065	1.202	13.081	70.189	8.508	2.454	干层	chang4+5
地207-42	2489.375	63.024	53.352	10.908	8.511	242.831	1.147	13.087	70.289	8.477	2.443	干层	chang4+5
地207-42	2489.500	64.768	53.819	11.195	8.755	242.502	1.142	13.058	69.778	8.634	2.435	干层	chang4+5
地207-42	2489.625	64.524	54.354	11.149	9.123	242.554	1.192	13.045	68.625	8.944	2.432	干层	chang4+5
地207-42	2489.750	65.468	54.957	12.054	9.445	243.150	1.234	13.077	67.188	9.292	2.436	干层	chang4+5
地207-42	2489.875	71.159	55.635	14.412	9.533	243.822	1.198	13.139	66.188	9.495	2.445	干层	chang4+5
地207-42	2490.000	78.621	56.391	16.976	9.499	243.764	1.099	13.169	65.984	9.517	2.455	干层	chang4+5
地207-42	2490.125	83.558	57.216	18.404	9.646	242.588	1.006	13.108	66.059	9.572	2.464	干层	chang4+5
地207-42	2490.250	85.468	58.087	19.115	10.262	240.488	0.965	12.947	65.465	9.958	2.471	干层	chang4+5
地207-42	2490.375	87.799	58.987	19.754	11.508	238.073	0.995	12.726	63.538	10.899	2.477	干层	chang4+5
地207-42	2490.500	89.410	59.896	20.157	13.151	235.909	1.088	12.503	60.592	12.357	2.485	干层	chang4+5
地207-42	2490.625	90.592	60.793	20.325	14.660	234.197	1.186	12.316	57.747	13.941	2.497	干层	chang4+5
地207-42	2490.750	90.812	61.653	20.158	15.853	233.069	1.254	12.179	55.640	15.288	2.513	干层	chang4+5
地207-42	2490.875	90.631	62.451	20.249	16.660	232.868	1.287	12.116	54.138	16.282	2.534	干层	chang4+5
地207-42	2491.000	92.007	63.159	20.977	16.738	233.488	1.272	12.138	53.337	16.715	2.558	干层	chang4+5
地207-42	2491.125	92.364	63.765	19.843	16.061	234.484	1.263	12.218	53.558	16.400	2.586	干层	chang4+5
地207-42	2491.250	82.820	64.279	15.136	15.277	235.084	1.335	12.296	54.529	15.654	2.611	干层	chang4+5
地207-42	2491.375	66.714	64.708	9.970	14.877	234.373	1.428	12.290	55.610	15.060	2.628	干层	chang4+5
地207-42	2491.500	54.977	65.047	7.074	14.906	232.373	1.445	12.156	56.458	14.883	2.630	干层	chang4+5
地207-42	2491.625	50.449	65.291	5.983	15.599	229.385	1.413	11.911	56.742	15.254	2.618	干层	chang4+5
地207-42	2491.750	49.170	65.454	5.474	17.281	225.818	1.435	11.591	55.937	16.456	2.597	干层	chang4+5
地207-42	2491.875	48.251	65.549	4.966	20.431	222.289	1.586	11.246	53.631	18.895	2.577	干层	chang4+5
地207-42	2492.000	46.895	65.579	4.439	25.246	219.866	1.905	10.957	49.862	22.909	2.565	干层	chang4+5
地207-42	2492.125	46.138	65.545	4.467	30.159	219.792	2.307	10.839	45.633	27.807	2.560	干层	chang4+5
地207-42	2492.250	49.710	65.452	6.191	30.131	222.718	2.479	10.982	43.151	30.245	2.558	干层	chang4+5
地207-42	2492.375	60.814	65.296	10.336	24.828	227.717	2.201	11.373	44.102	27.469	2.559	干层	chang4+5
地207-42	2492.500	74.943	65.079	14.259	19.606	231.650	1.760	11.810	47.696	22.099	2.563	干层	chang4+5
地207-42	2492.625	77.930	64.806	13.844	17.161	232.287	1.535	12.029	51.478	18.274	2.575	干层	chang4+5
地207-42	2492.750	67.855	64.476	10.026	17.941	229.396	1.611	11.912	52.966	17.504	2.596	干层	chang4+5
地207-42	2492.875	55.922	64.076	6.853	23.748	225.228	2.075	11.563	50.078	20.869	2.614	干层	chang4+5
地207-42	2493.000	51.056	63.600	5.875	35.058	223.095	2.927	11.255	43.355	29.538	2.616	干层	chang4+5
地207-42	2493.125	51.947	63.054	6.197	42.340	224.454	3.735	11.222	37.463	38.943	2.596	干层	chang4+5
地207-42	2493.250	53.858	62.457	6.929	35.928	228.929	4.131	11.513	36.479	39.273	2.558	干层	chang4+5
地207-42	2493.375	56.436	61.823	8.423	27.081	234.897	3.996	12.025	39.518	31.352	2.518	干层	chang4+5
地207-42	2493.500	62.916	61.170	11.286	22.001	240.178	3.477	12.574	43.035	24.353	2.487	干层	chang4+5
地207-42	2493.625	71.694	60.525	14.030	19.602	243.468	3.078	12.988	45.316	20.698	2.474	干层	chang4+5
地207-42	2493.750	74.623	59.921	14.301	18.420	244.130	2.998	13.175	46.744	18.963	2.479	干层	chang4+5
地207-42	2493.875	69.913	59.396	12.121	18.258	242.157	3.124	13.106	47.762	18.315	2.495		chang4+5
地207-42	2494.000	62.065	58.980	9.728	18.558	239.225	3.250	12.863	48.405	18.406	2.511		chang4+5
地207-42	2494.125	57.900	58.690	8.631	18.230	236.773	3.157	12.600	49.266	18.400	2.518		chang4+5
地207-42	2494.250	57.080	58.514	8.266	16.753	235.667	2.829	12.429	51.164	17.483	2.518		chang4+5
地207-42	2494.375	56.488	58.452	8.162	14.681	235.934	2.374	12.391	54.203	15.684	2.511		chang4+5
地207-42	2494.500	56.908	58.500	8.399	12.993	236.544	1.923	12.436	57.603	13.793	2.502		chang4+5
地207-42	2494.625	58.408	58.646	9.113	12.194	236.889	1.604	12.483	60.116	12.559	2.498		chang4+5
地207-42	2494.750	62.412	58.867	10.734	12.351	236.871	1.449	12.498	60.770	12.257	2.503		chang4+5
地207-42	2494.875	69.016	59.161	12.757	13.397	236.765	1.463	12.491	59.349	12.879	2.515	干层	chang4+5
地207-42	2495.000	72.823	59.549	13.045	14.938	236.809	1.677	12.488	56.578	14.191	2.528	干层	chang4+5
地207-42	2495.125	68.757	60.043	11.581	16.330	236.966	2.004	12.498	53.789	15.667	2.534	干层	chang4+5
地207-42	2495.250	64.924	60.639	10.935	17.235	237.049	2.206	12.510	51.860	16.812	2.532	干层	chang4+5
地207-42	2495.375	66.762	61.334	12.072	17.744	236.836	2.166	12.504	50.830	17.508	2.525	干层	chang4+5
地207-42	2495.500	72.503	62.131	13.897	18.106	236.364	1.998	12.470	50.334	17.936	2.518	干层	chang4+5
地207-42	2495.625	76.801	63.033	15.120	18.555	235.758	1.852	12.417	49.957	18.339	2.515	干层	chang4+5
地207-42	2495.750	78.576	64.023	15.405	19.275	235.135	1.775	12.357	49.381	18.925	2.517	干层	chang4+5
地207-42	2495.875	78.384	65.078	20.723	20.017	234.532	0.918	6.452	73.452	19.662	2.528	干层	chang4+5
地207-42	2496.000	80.428	66.158	29.041	19.774	233.937	0.010	0.100	99.900	19.910	2.541	干层	chang4+5
地207-42	2496.125	86.883	67.225	35.180	18.129	233.376	0.010	0.100	99.900	18.944	2.553		chang4+5
地207-42	2496.250	95.236	68.254	43.832	16.243	232.908	0.010	0.100	99.900	17.149	2.561		chang4+5
地207-42	2496.375	104.335	69.227	51.669	15.189	232.580	0.010	0.100	99.900	15.677	2.566		chang4+5
地207-42	2496.500	108.204	70.117	53.959	15.079	232.264	0.010	0.100	99.900	15.113	2.572		chang4+5
地207-42	2496.625	107.327	70.899	53.003	15.708	231.742	0.010	0.100	99.900	15.393	2.579		chang4+5
地207-42	2496.750	107.022	71.559	53.714	16.478	230.824	0.010	0.100	99.900	16.107	2.585		chang4+5
地207-42	2496.875	108.904	72.074	55.374	16.694	229.570	0.010	0.100	99.900	16.602	2.587		chang4+5
地207-42	2497.000	108.888	72.419	53.685	16.206	228.559	0.010	0.100	99.900	16.454	2.586		chang4+5
地207-42	2497.125	104.799	72.590	48.623	15.485	228.366	0.010	0.100	99.900	15.834	2.582		chang4+5
地207-42	2497.250	99.977	72.616	44.561	14.890	229.158	0.010	0.100	99.900	15.172	2.577		chang4+5
地207-42	2497.375	97.816	72.516	42.392	14.493	230.326	0.010	0.100	99.900	14.679	2.574		chang4+5
地207-42	2497.500	94.905	72.304	38.067	14.412	230.832	0.010	0.100	99.900	14.445	2.573		chang4+5
地207-42	2497.625	87.483	72.004	30.992	14.884	230.383	0.010	0.100	99.900	14.647	2.573		chang4+5
地207-42	2497.750	79.706	71.650	21.099	15.899	229.604	0.386	5.716	78.798	15.403	2.575		chang4+5
地207-42	2497.875	79.263	71.273	16.458	16.921	229.722	0.798	11.796	55.129	16.432	2.580		chang4+5
地207-42	2498.000	89.288	70.904	20.702	17.055	230.914	0.789	11.861	53.915	17.009	2.587		chang4+5
地207-42	2498.125	97.754	70.553	23.008	16.206	232.492	0.770	11.998	54.010	16.632	2.597		chang4+5
地207-42	2498.250	95.265	70.211	20.614	15.532	233.735	0.812	12.135	54.791	15.850	2.608		chang4+5
地207-42	2498.375	83.901	69.874	16.011	15.456	234.835	0.932	12.248	55.003	15.480	2.615		chang4+5
地207-42	2498.500	73.388	69.535	13.203	15.468	236.740	1.072	12.394	54.494	15.461	2.613		chang4+5
地207-42	2498.625	70.845	69.188	13.202	15.006	239.701	1.153	12.632	54.024	15.237	2.603		chang4+5
地207-42	2498.750	73.498	68.826	14.521	14.293	242.865	1.170	12.931	54.043	14.639	2.587		chang4+5
地207-42	2498.875	76.346	68.448	15.442	14.014	244.570	1.188	13.167	54.146	14.139	2.571		chang4+5
地207-42	2499.000	76.280	68.058	15.165	14.226	244.431	1.249	13.240	53.940	14.115	2.558		chang4+5
地207-42	2499.125	73.912	67.667	14.190	14.454	242.896	1.311	13.155	53.798	14.345	2.548		chang4+5
地207-42	2499.250	71.388	67.291	13.129	14.353	240.442	1.307	12.959	54.369	14.408	2.543		chang4+5
地207-42	2499.375	69.130	66.935	12.189	14.264	236.762	1.230	12.659	55.654	14.306	2.544		chang4+5
地207-42	2499.500	67.211	66.603	10.921	14.758	231.865	1.155	12.241	56.858	14.510	2.551		chang4+5
地207-42	2499.625	63.328	66.304	9.491	16.238	226.677	1.149	11.749	56.960	15.510	2.563		chang4+5
地207-42	2499.750	61.895	66.045	9.198	18.215	223.127	1.194	11.325	55.712	17.260	2.581		chang4+5
地207-42	2499.875	65.538	65.842	10.864	19.630	223.602	1.253	11.180	53.704	18.965	2.601		chang4+5
地207-42	2500.000	73.722	65.706	13.466	19.764	227.312	1.328	11.391	51.814	19.726	2.614		chang4+5
地207-42	2500.125	78.425	65.640	14.892	18.924	232.097	1.431	11.810	50.757	19.345	2.616		chang4+5
地207-42	2500.250	78.023	65.637	14.774	18.003	235.414	1.532	12.204	50.555	18.444	2.610		chang4+5
地207-42	2500.375	75.743	65.701	14.482	17.700	235.303	1.545	12.356	50.870	17.832	2.601		chang4+5
地207-42	2500.500	75.813	65.840	13.987	18.021	232.719	1.491	12.218	51.324	17.855	2.595		chang4+5
地207-42	2500.625	72.750	66.057	12.474	18.887	229.066	1.460	11.911	51.579	18.462	2.590		chang4+5
地207-42	2500.750	68.606	66.334	10.917	20.316	225.529	1.456	11.560	51.321	19.621	2.588		chang4+5
地207-42	2500.875	65.613	66.654	9.809	22.321	222.838	1.494	11.259	50.323	21.350	2.588		chang4+5
地207-42	2501.000	63.794	67.010	9.335	24.505	221.179	1.554	11.049	48.775	23.457	2.589		chang4+5
地207-42	2501.125	65.242	67.401	10.424	25.796	220.994	1.543	10.962	47.354	25.197	2.588		chang4+5
地207-42	2501.250	73.419	67.819	14.021	24.745	222.776	1.388	11.043	46.968	25.295	2.581		chang4+5
地207-42	2501.375	86.406	68.261	18.935	21.101	226.695	1.153	11.324	48.430	22.896	2.568		chang4+5
地207-42	2501.500	95.535	68.718	22.103	17.025	231.263	0.943	11.739	51.679	18.982	2.554		chang4+5
地207-42	2501.625	96.684	69.183	22.341	14.258	234.936	0.794	12.140	55.421	15.555	2.543		chang4+5
地207-42	2501.750	94.118	69.657	21.998	12.971	236.675	0.691	12.401	58.203	13.558	2.542		chang4+5
地207-42	2501.875	94.976	70.149	22.836	12.819	236.384	0.622	12.467	59.432	12.869	2.555		chang4+5
地207-42	2502.000	98.003	70.670	24.273	13.194	235.563	0.585	12.409	59.360	13.004	2.578		chang4+5
地207-42	2502.125	100.759	71.235	24.831	13.769	235.259	0.584	12.353	58.507	13.490	2.603		chang4+5
地207-42	2502.250	98.889	71.857	23.171	14.244	235.618	0.621	12.357	57.375	14.019	2.621		chang4+5
地207-42	2502.375	92.230	72.546	19.901	14.659	235.570	0.679	12.374	56.424	14.462	2.629		chang4+5
地207-42	2502.500	83.978	73.322	16.729	15.563	234.049	0.733	12.296	55.486	15.120	2.630		chang4+5
地207-42	2502.625	78.248	74.203	14.746	17.548	231.184	0.784	12.080	53.841	16.576	2.627		chang4+5
地207-42	2502.750	75.950	75.184	14.035	20.086	228.539	0.830	11.811	51.461	18.861	2.618		chang4+5
地207-42	2502.875	77.510	76.256	15.356	22.026	229.179	0.842	11.714	48.947	21.110	2.601		chang4+5
地207-42	2503.000	85.696	77.390	19.715	21.875	234.295	0.801	12.001	46.967	21.990	2.576		chang4+5
地207-42	2503.125	98.205	78.540	26.022	18.679	243.485	0.712	12.704	46.716	20.269	2.542		chang4+5
地207-42	2503.250	108.370	79.666	52.975	14.260	255.078	0.345	6.893	72.549	16.397	2.501		chang4+5
地207-42	2503.375	115.135	80.748	87.376	10.998	266.798	0.010	0.100	99.900	12.534	2.460		chang4+5
地207-42	2503.500	125.866	81.761	98.434	9.138	276.540	0.010	0.100	99.900	10.001	2.424		chang4+5
地207-42	2503.625	139.661	82.678	99.900	8.380	282.433	0.010	0.100	99.900	8.721	2.400		chang4+5
地207-42	2503.750	148.809	83.490	99.900	8.378	282.695	0.010	0.100	99.900	8.364	2.394		chang4+5
地207-42	2503.875	148.909	84.188	99.900	9.112	275.433	0.010	0.100	99.900	8.746	2.412		chang4+5
地207-42	2504.000	143.201	84.771	99.900	10.556	263.027	0.010	0.100	99.900	9.851	2.447		chang4+5
地207-42	2504.125	133.784	85.247	99.900	12.345	248.520	0.010	0.100	99.900	11.482	2.490		chang4+5
地207-42	2504.250	123.876	85.636	91.805	13.603	235.231	0.010	0.100	99.900	13.012	2.533		chang4+5
地207-42	2504.375	115.612	85.937	80.109	14.183	226.229	0.010	0.100	99.900	13.919	2.569		chang4+5
地207-42	2504.500	112.208	86.148	74.648	14.599	221.553	0.010	0.100	99.900	14.403	2.595		chang4+5
地207-42	2504.625	109.755	86.271	71.921	15.184	220.444	0.010	0.100	99.900	14.901	2.613		chang4+5
地207-42	2504.750	109.802	86.322	73.258	16.250	221.463	0.010	0.100	99.900	15.730	2.626		chang4+5
地207-42	2504.875	111.935	86.309	77.100	18.102	222.622	0.010	0.100	99.900	17.200	2.632		chang4+5
地207-42	2505.000	113.907	86.240	78.459	19.695	222.343	0.010	0.100	99.900	18.938	2.631		chang4+5
地207-42	2505.125	111.880	86.127	72.088	19.813	220.348	0.010	0.100	99.900	19.786	2.624		chang4+5
地207-42	2505.250	105.044	85.985	61.821	19.362	217.486	0.010	0.100	99.900	19.588	2.618		chang4+5
地207-42	2505.375	100.358	85.825	59.673	20.050	215.397	0.010	0.100	99.900	19.697	2.617		chang4+5
地207-42	2505.500	104.168	85.657	65.198	21.828	214.912	0.010	0.100	99.900	20.956	2.625		chang4+5
地207-42	2505.625	106.900	85.489	66.538	22.402	215.903	0.010	0.100	99.900	22.153	2.642		chang4+5
地207-42	2505.750	104.791	85.331	63.284	21.280	217.716	0.010	0.100	99.900	21.851	2.663		chang4+5
地207-42	2505.875	103.009	85.187	61.934	19.949	219.595	0.010	0.100	99.900	20.589	2.678		chang4+5
地207-42	2506.000	103.653	85.064	63.262	18.991	221.065	0.010	0.100	99.900	19.442	2.680		chang4+5
地207-42	2506.125	104.538	84.967	63.326	18.357	222.006	0.010	0.100	99.900	18.654	2.671		chang4+5
地207-42	2506.250	102.224	84.895	57.284	18.492	222.584	0.010	0.100	99.900	18.412	2.653		chang4+5
地207-42	2506.375	95.157	84.849	48.971	19.856	223.256	0.010	0.100	99.900	19.178	2.633		chang4+5
地207-42	2506.500	91.459	84.831	46.918	21.093	224.386	0.010	0.100	99.900	20.505	2.617		chang4+5
地207-42	2506.625	94.381	84.840	53.766	20.558	226.014	0.010	0.100	99.900	20.851	2.609		chang4+5
地207-42	2506.750	103.516	84.872	68.010	18.905	227.946	0.010	0.100	99.900	19.717	2.611		chang4+5
地207-42	2506.875	113.554	84.925	82.049	17.680	230.049	0.010	0.100	99.900	18.257	2.622		chang4+5
地207-42	2507.000	118.893	84.997	88.542	17.206	232.569	0.010	0.100	99.900	17.418	2.637		chang4+5
地207-42	2507.125	119.465	85.085	88.576	16.961	236.168	0.010	0.100	99.900	17.074	2.651		chang4+5
地207-42	2507.250	118.437	85.185	86.126	16.450	241.583	0.010	0.100	99.900	16.700	2.657		chang4+5
地207-42	2507.375	116.783	85.294	83.639	15.445	249.223	0.010	0.100	99.900	15.936	2.645		chang4+5
地207-42	2507.500	115.740	85.409	81.228	14.038	257.468	0.010	0.100	99.900	14.719	2.619		chang4+5
地207-42	2507.625	113.425	85.526	75.763	12.668	264.054	0.010	0.100	99.900	13.322	2.587		chang4+5
地207-42	2507.750	108.585	85.640	67.390	11.769	266.855	0.010	0.100	99.900	12.190	2.563		chang4+5
地207-42	2507.875	103.027	85.747	59.782	11.467	264.690	0.010	0.100	99.900	11.600	2.560		chang4+5
地207-42	2508.000	99.854	85.842	58.376	11.380	260.095	0.010	0.100	99.900	11.418	2.575		chang4+5
地207-42	2508.125	102.892	85.920	64.090	11.202	255.587	0.010	0.100	99.900	11.289	2.600		chang4+5
地207-42	2508.250	107.581	85.975	69.499	10.895	252.719	0.010	0.100	99.900	11.044	2.628		chang4+5
地207-42	2508.375	108.276	86.004	67.444	10.646	251.666	0.010	0.100	99.900	10.764	2.648		chang4+5
地207-42	2508.500	103.824	86.000	61.331	10.634	251.335	0.010	0.100	99.900	10.635	2.658		chang4+5
地207-42	2508.625	100.887	85.958	58.356	10.857	251.339	0.010	0.100	99.900	10.745	2.657		chang4+5
地207-42	2508.750	100.902	85.879	60.207	11.000	251.708	0.010	0.100	99.900	10.933	2.652		chang4+5
地207-42	2508.875	104.279	85.761	65.365	10.953	252.435	0.010	0.100	99.900	10.979	2.644		chang4+5
地207-42	2509.000	108.075	85.603	71.813	10.932	253.226	0.010	0.100	99.900	10.942	2.634		chang4+5
地207-42	2509.125	112.147	85.407	76.831	10.898	254.013	0.010	0.100	99.900	10.915	2.620		chang4+5
地207-42	2509.250	113.079	85.180	76.738	10.447	254.917	0.010	0.100	99.900	10.671	2.603		chang4+5
地207-42	2509.375	111.766	84.928	75.682	9.582	255.788	0.010	0.100	99.900	10.004	2.584		chang4+5
地207-42	2509.500	112.575	84.655	78.118	9.041	255.970	0.010	0.100	99.900	9.293	2.570		chang4+5
地207-42	2509.625	114.838	84.368	81.496	9.238	254.927	0.010	0.100	99.900	9.129	2.564		chang4+5
地207-42	2509.750	115.769	84.075	81.377	10.069	252.827	0.010	0.100	99.900	9.659	2.566		chang4+5
地207-42	2509.875	113.809	83.782	77.070	11.197	250.699	0.010	0.100	99.900	10.652	2.579		chang4+5
地207-42	2510.000	110.659	83.491	72.562	12.210	249.426	0.010	0.100	99.900	11.728	2.596		chang4+5
地207-42	2510.125	109.230	83.202	71.922	12.671	248.899	0.010	0.100	99.900	12.462	2.611		chang4+5
地207-42	2510.250	110.134	82.904	72.114	12.601	248.213	0.010	0.100	99.900	12.645	2.619		chang4+5
地207-42	2510.375	106.880	82.588	61.238	12.516	245.791	0.010	0.100	99.900	12.557	2.623		chang4+5
地207-42	2510.500	92.273	82.245	41.538	13.103	241.024	0.010	0.100	99.900	12.808	2.631		chang4+5
地207-42	2510.625	77.012	81.865	27.631	15.015	234.154	0.010	0.100	99.900	14.074	2.643		chang4+5
地207-42	2510.750	68.854	81.446	22.247	18.542	226.475	0.010	0.100	99.900	16.822	2.654		chang4+5
地207-42	2510.875	67.950	80.979	23.561	22.476	220.453	0.010	0.100	99.900	20.586	2.657		chang4+5
地207-42	2511.000	74.211	80.456	31.343	23.057	217.569	0.010	0.100	99.900	22.848	2.652		chang4+5
地207-42	2511.125	85.237	79.876	30.965	20.289	217.892	0.100	5.172	82.708	21.679	2.643		chang4+5
地207-42	2511.250	93.625	79.263	24.096	17.888	220.221	0.192	10.770	65.519	19.027	2.631		chang4+5
地207-42	2511.375	90.936	78.631	21.472	17.666	222.859	0.205	11.015	66.521	17.729	2.619		chang4+5
地207-42	2511.500	81.682	77.991	18.016	19.703	224.888	0.270	11.241	63.781	18.684	2.606		chang4+5
地207-42	2511.625	78.956	77.349	18.268	23.043	226.429	0.358	11.413	58.876	21.420	2.590		chang4+5
地207-42	2511.750	84.309	76.718	21.723	24.162	227.790	0.410	11.553	55.302	23.673	2.574		chang4+5
地207-42	2511.875	91.985	76.110	25.226	21.758	228.854	0.394	11.670	55.702	22.978	2.564		chang4+5
地207-42	2512.000	94.987	75.543	25.985	18.682	229.290	0.346	11.742	59.218	20.164	2.562		chang4+5
地207-42	2512.125	92.802	75.027	24.284	16.703	228.970	0.303	11.746	63.254	17.627	2.568		chang4+5
地207-42	2512.250	88.540	74.556	22.022	15.888	228.148	0.279	11.690	66.079	16.255	2.578		chang4+5
地207-42	2512.375	85.458	74.130	20.905	16.120	227.378	0.276	11.611	66.992	15.988	2.585		chang4+5
地207-42	2512.500	85.526	73.753	21.073	16.878	227.088	0.291	11.560	66.192	16.505	2.587		chang4+5
地207-42	2512.625	86.361	73.431	21.300	17.540	227.427	0.317	11.564	64.775	17.225	2.584		chang4+5
地207-42	2512.750	86.237	73.159	21.409	17.870	228.363	0.344	11.627	63.567	17.719	2.578		chang4+5
地207-42	2512.875	86.574	72.931	21.656	18.327	229.742	0.373	11.740	62.375	18.106	2.568		chang4+5
地207-42	2513.000	86.960	72.740	22.382	19.270	231.151	0.411	11.876	60.618	18.809	2.555		chang4+5
地207-42	2513.125	89.248	72.583	23.901	20.500	232.291	0.454	12.000	58.417	19.906	2.542		chang4+5
地207-42	2513.250	91.371	72.453	24.329	21.557	233.095	0.503	12.094	56.420	21.055	2.533		chang4+5
地207-42	2513.375	88.747	72.349	22.263	22.366	233.861	0.574	12.169	54.920	21.984	2.531		chang4+5
地207-42	2513.500	83.178	72.270	20.167	23.244	234.965	0.650	12.260	53.567	22.822	2.532		chang4+5
地207-42	2513.625	81.848	72.214	20.266	24.593	236.383	0.713	12.383	51.876	23.938	2.532		chang4+5
地207-42	2513.750	84.088	72.177	21.867	26.175	237.653	0.760	12.514	49.904	25.414	2.531		chang4+5
地207-42	2513.875	87.956	72.157	34.365	26.487	238.128	0.409	6.582	73.394	26.364	2.531		chang4+5
地207-42	2514.000	92.470	72.149	49.009	24.842	238.142	0.010	0.100	99.900	25.668	2.535		chang4+5
地207-42	2514.125	96.402	72.147	54.565	21.790	238.620	0.010	0.100	99.900	23.277	2.541		chang4+5
地207-42	2514.250	100.980	72.140	60.625	17.847	240.266	0.010	0.100	99.900	19.750	2.546		chang4+5
地207-42	2514.375	104.098	72.120	62.694	13.578	242.467	0.010	0.100	99.900	15.626	2.545		chang4+5
地207-42	2514.500	102.656	72.073	60.124	10.364	243.206	0.010	0.100	99.900	11.880	2.542		chang4+5
地207-42	2514.625	100.415	71.984	44.841	9.216	241.084	0.072	6.248	90.792	9.724	2.542		chang4+5
地207-42	2514.750	98.532	71.844	29.387	9.791	236.169	0.140	12.662	80.890	9.483	2.549		chang4+5
地207-42	2514.875	96.086	71.646	26.159	11.592	230.054	0.158	12.121	79.134	10.706	2.561		chang4+5
地207-42	2515.000	88.642	71.387	21.170	13.397	224.883	0.197	11.572	76.002	12.534	2.571		chang4+5
地207-42	2515.125	80.196	71.076	16.817	14.708	221.499	0.233	11.159	73.840	14.091	2.574		chang4+5
地207-42	2515.250	73.486	70.730	14.070	16.594	219.802	0.281	10.916	71.352	15.680	2.566		chang4+5
地207-42	2515.375	70.208	70.360	13.149	20.288	219.486	0.379	10.822	66.371	18.484	2.556		chang4+5
地207-42	2515.500	70.559	69.984	13.503	24.570	220.005	0.524	10.835	60.064	22.511	2.553		chang4+5
地207-42	2515.625	72.031	69.620	14.073	26.897	220.999	0.651	10.910	55.601	25.824	2.557		chang4+5
地207-42	2515.750	72.848	69.286	14.543	26.864	221.893	0.710	11.002	54.022	26.926	2.564		chang4+5
地207-42	2515.875	74.088	68.996	15.287	26.103	221.895	0.705	11.046	54.300	26.480	2.572		chang4+5
地207-42	2516.000	75.623	68.759	15.302	26.142	220.981	0.690	10.999	54.876	26.107	2.577		chang4+5
地207-42	2516.125	73.431	68.566	14.209	27.613	219.674	0.715	10.890	54.553	26.881	2.576		chang4+5
地207-42	2516.250	71.795	68.393	14.137	28.937	218.803	0.737	10.784	53.598	28.307	2.571		chang4+5
地207-42	2516.375	74.430	68.228	15.086	28.378	219.150	0.730	10.759	53.340	28.684	2.565		chang4+5
地207-42	2516.500	75.922	68.055	15.640	26.799	220.366	0.715	10.838	54.083	27.574	2.562		chang4+5
地207-42	2516.625	76.672	67.864	16.366	25.873	221.711	0.703	10.963	54.828	26.302	2.564		chang4+5
地207-42	2516.750	79.155	67.647	17.796	25.708	222.465	0.696	11.065	54.953	25.772	2.568		chang4+5
地207-42	2516.875	82.403	67.398	19.152	25.430	222.284	0.683	11.092	55.064	25.566	2.575		chang4+5
地207-42	2517.000	84.216	67.120	19.798	24.626	221.717	0.658	11.054	55.829	25.021	2.581		chang4+5
地207-42	2517.125	84.644	66.833	19.666	23.452	221.322	0.627	11.006	57.193	24.020	2.583		chang4+5
地207-42	2517.250	83.264	66.566	18.732	22.401	221.440	0.608	10.993	58.630	22.901	2.579		chang4+5
地207-42	2517.375	80.267	66.342	17.092	22.021	222.110	0.622	11.033	59.373	22.189	2.574		chang4+5
地207-42	2517.500	76.285	66.179	15.826	22.507	222.961	0.666	11.107	58.948	22.257	2.570		chang4+5
地207-42	2517.625	75.450	66.089	15.865	23.627	223.714	0.721	11.186	57.560	23.079	2.566		chang4+5
地207-42	2517.750	76.797	66.072	16.727	24.462	224.205	0.762	11.246	56.100	24.069	2.562		chang4+5
地207-42	2517.875	79.365	66.130	18.061	24.640	224.378	0.762	11.277	55.389	24.568	2.557		chang4+5
地207-42	2518.000	81.886	66.261	18.669	25.082	224.376	0.758	11.285	55.028	24.865	2.551		chang4+5
地207-42	2518.125	80.650	66.454	17.633	26.717	224.287	0.806	11.280	53.945	25.911	2.546		chang4+5
地207-42	2518.250	77.218	66.684	16.313	28.913	224.122	0.885	11.268	52.089	27.852	2.546		chang4+5
地207-42	2518.375	75.305	66.936	15.368	30.370	223.788	0.948	11.243	50.526	29.688	2.552		chang4+5
地207-42	2518.500	72.465	67.195	13.702	32.137	223.220	1.017	11.199	49.387	31.284	2.563		chang4+5
地207-42	2518.625	67.224	67.450	11.710	36.441	222.375	1.127	11.130	47.448	34.330	2.574		chang4+5
地207-42	2518.750	63.768	67.691	10.726	44.730	221.302	1.241	11.037	44.003	40.684	2.579		chang4+5
地207-42	2518.875	63.447	67.912	10.675	57.480	220.233	1.280	10.932	39.579	51.291	2.575		chang4+5
地207-42	2519.000	64.454	68.105	11.176	71.638	219.532	1.186	10.846	35.389	64.838	2.566		chang4+5
地207-42	2519.125	67.392	68.264	12.821	76.647	219.520	1.015	10.813	32.983	74.438	2.559		chang4+5
地207-42	2519.250	74.407	68.386	25.223	66.848	220.438	0.486	5.666	64.858	71.832	2.561		chang4+5
地207-42	2519.375	85.303	68.464	42.972	49.681	222.514	0.010	0.100	99.900	58.034	2.577		chang4+5
地207-42	2519.500	94.423	68.487	51.400	34.947	225.445	0.010	0.100	99.900	41.942	2.601		chang4+5
地207-42	2519.625	97.034	68.443	52.463	25.753	228.977	0.010	0.100	99.900	30.042	2.626		chang4+5
地207-42	2519.750	94.771	68.333	49.058	21.172	232.742	0.010	0.100	99.900	23.275	2.643		chang4+5
地207-42	2519.875	91.326	68.152	44.365	20.033	236.077	0.010	0.100	99.900	20.511	2.641		chang4+5
地207-42	2520.000	87.024	67.891	39.682	20.767	238.408	0.010	0.100	99.900	20.380	2.624		chang4+5
地207-42	2520.125	83.543	67.553	29.099	22.927	239.292	0.487	6.171	76.715	21.866	2.596		chang4+5
地207-42	2520.250	80.143	67.152	18.627	26.919	238.489	1.138	12.694	49.835	24.973	2.567		chang4+5
地207-42	2520.375	74.280	66.699	15.321	34.951	235.928	1.507	12.527	45.378	31.027	2.546		chang4+5
地207-42	2520.500	66.353	66.209	12.276	50.477	232.310	1.890	12.224	39.628	42.898	2.533		chang4+5
地207-42	2520.625	62.518	65.697	10.800	81.274	227.948	1.843	11.835	33.038	66.231	2.530		chang4+5
地207-42	2520.750	61.071	65.174	9.913	130.795	222.939	1.181	11.379	26.889	106.728	2.536		chang4+5
地207-42	2520.875	59.503	64.646	8.785	186.089	217.543	0.468	10.873	22.644	159.527	2.553		chang4+5
地207-42	2521.000	56.974	64.123	7.779	209.812	212.734	0.170	10.377	20.893	199.110	2.574		chang4+5
地207-42	2521.125	56.758	63.608	7.752	213.112	209.702	0.066	9.998	20.879	211.923	2.593		chang4+5
地207-42	2521.250	58.723	63.103	8.068	237.280	209.395	0.010	9.840	20.545	225.272	2.604		chang4+5
地207-42	2521.375	57.927	62.609	7.256	284.172	212.170	0.017	9.966	18.925	261.288	2.596		chang4+5
地207-42	2521.500	52.041	62.134	5.631	241.425	216.264	0.064	10.305	18.288	263.734	2.570		chang4+5
地207-42	2521.625	47.092	61.692	4.871	151.456	220.095	0.463	10.692	20.962	195.395	2.536		chang4+5
地207-42	2521.750	47.194	61.296	5.582	108.850	222.613	1.231	10.999	24.983	128.230	2.506		chang4+5
地207-42	2521.875	52.482	60.963	8.198	93.451	223.380	1.630	11.156	27.715	100.306	2.491		chang4+5
地207-42	2522.000	63.673	60.713	12.322	80.137	223.161	1.563	11.179	29.808	86.488	2.488		chang4+5
地207-42	2522.125	74.142	60.557	16.177	67.814	222.625	1.490	11.140	32.402	73.691	2.491		chang4+5
地207-42	2522.250	80.407	60.495	17.906	59.880	222.270	1.498	11.096	34.953	63.587	2.497		chang4+5
地207-42	2522.375	80.076	60.529	17.282	55.932	222.321	1.577	11.082	36.680	57.743	2.497		chang4+5
地207-42	2522.500	76.870	60.661	15.583	54.889	222.485	1.688	11.093	37.425	55.332	2.489		chang4+5
地207-42	2522.625	72.323	60.885	13.804	57.519	222.281	1.781	11.092	37.151	56.188	2.477		chang4+5
地207-42	2522.750	68.340	61.185	11.722	64.680	221.150	1.845	11.026	35.823	61.164	2.468		chang4+5
地207-42	2522.875	61.370	61.552	8.921	79.097	218.448	1.818	10.838	33.563	72.053	2.470		chang4+5
地207-42	2523.000	54.532	61.980	6.809	110.267	214.566	1.423	10.515	30.165	95.015	2.485		chang4+5
地207-42	2523.125	51.737	62.465	5.944	173.653	210.406	0.562	10.123	25.633	142.677	2.511		chang4+5
地207-42	2523.250	51.364	62.994	5.541	221.370	207.226	0.010	9.767	22.082	198.885	2.543		chang4+5
地207-42	2523.375	50.398	63.568	5.011	193.112	206.300	0.010	9.570	21.907	208.174	2.568		chang4+5
地207-42	2523.500	48.365	64.191	4.340	155.919	207.195	0.010	9.573	24.012	173.833	2.581		chang4+5
地207-42	2523.625	46.252	64.864	4.159	144.045	209.104	0.010	9.713	25.506	149.204	2.582		chang4+5
地207-42	2523.750	48.244	65.578	5.496	153.698	211.391	0.174	9.918	25.113	148.661	2.577		chang4+5
地207-42	2523.875	56.729	66.331	14.792	175.521	214.189	0.188	5.261	60.678	164.847	2.573		chang4+5
地207-42	2524.000	72.371	67.119	31.625	170.895	217.873	0.010	0.100	99.900	173.660	2.574		chang4+5
地207-42	2524.125	88.581	67.940	48.134	91.525	222.357	0.010	0.100	99.900	131.011	2.582		chang4+5
地207-42	2524.250	100.315	68.788	60.594	34.045	226.830	0.010	0.100	99.900	61.038	2.593		chang4+5
地207-42	2524.375	105.224	69.658	64.961	18.554	230.007	0.010	0.100	99.900	25.129	2.607		chang4+5
地207-42	2524.500	104.700	70.557	62.797	14.369	231.837	0.010	0.100	99.900	16.176	2.625		chang4+5
地207-42	2524.625	102.453	71.494	61.647	13.728	233.172	0.010	0.100	99.900	13.970	2.645		chang4+5
地207-42	2524.750	105.019	72.465	68.538	13.855	235.225	0.010	0.100	99.900	13.781	2.665		chang4+5
地207-42	2524.875	111.186	73.465	74.034	13.877	238.900	0.010	0.100	99.900	13.869	2.681		chang4+5
地207-42	2525.000	110.242	74.488	71.953	13.610	243.280	0.010	0.100	99.900	13.743	2.692		chang4+5
地207-42	2525.125	108.557	75.528	69.655	13.397	246.723	0.010	0.100	99.900	13.497	2.694		chang4+5
地207-42	2525.250	106.891	76.574	65.112	13.677	247.497	0.010	0.100	99.900	13.533	2.688		chang4+5
地207-42	2525.375	101.611	77.613	56.967	14.584	244.213	0.010	0.100	99.900	14.138	2.676		chang4+5
地207-42	2525.500	95.728	78.603	49.901	15.811	238.440	0.010	0.100	99.900	15.218	2.663		chang4+5
地207-42	2525.625	91.803	79.495	45.713	16.956	232.475	0.010	0.100	99.900	16.410	2.647		chang4+5
地207-42	2525.750	90.342	80.271	46.136	17.642	228.883	0.010	0.100	99.900	17.323	2.628		chang4+5
地207-42	2525.875	94.204	80.921	52.703	17.143	230.183	0.010	0.100	99.900	17.406	2.604		chang4+5
地207-42	2526.000	101.249	81.428	62.537	15.549	235.580	0.010	0.100	99.900	16.333	2.578		chang4+5
地207-42	2526.125	108.360	81.778	74.036	13.705	243.256	0.010	0.100	99.900	14.592	2.556		chang4+5
地207-42	2526.250	115.590	81.983	84.843	12.351	250.796	0.010	0.100	99.900	12.989	2.544		chang4+5
地207-42	2526.375	119.454	82.046	88.512	11.643	255.755	0.010	0.100	99.900	11.969	2.543		chang4+5
地207-42	2526.500	118.881	81.978	88.866	11.342	257.790	0.010	0.100	99.900	11.478	2.549		chang4+5
地207-42	2526.625	120.070	81.803	90.248	11.167	257.156	0.010	0.100	99.900	11.248	2.558		chang4+5
地207-42	2526.750	118.819	81.552	83.530	11.137	254.204	0.010	0.100	99.900	11.148	2.567		chang4+5
地207-42	2526.875	109.066	81.241	62.283	11.911	248.926	0.010	0.100	99.900	11.524	2.572		chang4+5
地207-42	2527.000	89.512	80.886	32.857	14.606	242.252	0.143	6.294	82.412	13.277	2.571		chang4+5
地207-42	2527.125	74.176	80.505	15.678	21.169	235.245	0.372	12.665	59.444	17.951	2.562		chang4+5
地207-42	2527.250	68.231	80.123	13.076	32.631	229.044	0.557	12.024	50.806	27.049	2.552		chang4+5
地207-42	2527.375	65.040	79.758	10.874	45.984	224.340	0.722	11.496	43.366	39.560	2.545		chang4+5
地207-42	2527.500	58.756	79.430	8.548	55.996	220.187	0.788	11.070	39.062	51.275	2.548		chang4+5
地207-42	2527.625	55.162	79.158	7.317	62.044	215.515	0.742	10.643	37.491	59.228	2.566		chang4+5
地207-42	2527.750	54.059	78.949	6.660	66.920	210.048	0.366	10.150	37.356	64.607	2.595		chang4+5
地207-42	2527.875	53.705	78.811	6.403	70.113	205.245	0.010	9.650	37.816	68.619	2.623		chang4+5
地207-42	2528.000	55.540	78.755	7.097	60.198	203.255	0.010	9.323	40.037	65.209	2.640		chang4+5
地207-42	2528.125	60.787	78.782	9.487	38.016	205.401	0.010	9.336	46.990	48.870	2.644		chang4+5
地207-42	2528.250	70.839	78.879	14.433	22.685	211.482	0.106	9.744	58.107	29.871	2.635		chang4+5
地207-42	2528.375	84.973	79.038	22.206	15.387	219.824	0.171	10.452	68.436	18.721	2.622		chang4+5
地207-42	2528.500	99.695	79.250	30.790	12.019	227.600	0.113	11.238	75.125	13.557	2.610		chang4+5
地207-42	2528.625	108.731	79.497	35.520	10.510	233.050	0.091	11.878	78.637	11.197	2.607		chang4+5
地207-42	2528.750	107.868	79.750	33.460	9.936	235.169	0.086	12.240	80.267	10.193	2.619		chang4+5
地207-42	2528.875	98.176	79.989	26.260	10.457	233.104	0.094	12.235	80.322	10.186	2.641		chang4+5
地207-42	2529.000	83.494	80.191	18.213	12.681	228.085	0.122	11.883	77.428	11.583	2.664		chang4+5
地207-42	2529.125	70.771	80.341	13.056	18.217	221.643	0.191	11.321	70.278	15.501	2.679		chang4+5
地207-42	2529.250	66.070	80.432	11.688	28.275	215.748	0.297	10.720	60.244	23.372	2.676		chang4+5
地207-42	2529.375	68.516	80.461	12.404	37.413	212.585	0.378	10.282	51.950	33.063	2.653		chang4+5
地207-42	2529.500	71.253	80.424	12.926	35.676	212.322	0.392	10.122	49.645	36.729	2.620		chang4+5
地207-42	2529.625	71.193	80.326	13.009	27.999	214.320	0.354	10.212	53.239	31.785	2.590		chang4+5
地207-42	2529.750	72.008	80.195	14.175	21.967	217.556	0.289	10.471	58.963	24.815	2.579		chang4+5
地207-42	2529.875	76.558	80.050	16.577	18.261	221.139	0.231	10.804	63.842	19.988	2.583		chang4+5
地207-42	2530.000	81.792	79.907	19.614	16.067	224.637	0.193	11.148	67.149	17.088	2.598		chang4+5
地207-42	2530.125	88.306	79.778	35.459	14.733	228.090	0.098	5.931	83.556	15.355	2.615		chang4+5
地207-42	2530.250	97.004	79.670	59.278	13.639	231.563	0.010	0.100	99.900	14.158	2.629		chang4+5
地207-42	2530.375	108.518	79.584	73.265	12.562	234.695	0.010	0.100	99.900	13.077	2.635		chang4+5
地207-42	2530.500	113.137	79.527	76.630	11.830	236.828	0.010	0.100	99.900	12.173	2.633		chang4+5
地207-42	2530.625	110.281	79.499	69.445	11.895	237.400	0.010	0.100	99.900	11.848	2.624		chang4+5
地207-42	2530.750	103.460	79.495	59.943	12.798	236.375	0.010	0.100	99.900	12.349	2.616		chang4+5
地207-42	2530.875	98.575	79.515	54.348	14.112	234.449	0.010	0.100	99.900	13.476	2.612		chang4+5
地207-42	2531.000	96.087	79.561	51.065	15.189	232.939	0.010	0.100	99.900	14.679	2.610		chang4+5
地207-42	2531.125	94.239	79.637	50.241	15.730	232.531	0.010	0.100	99.900	15.482	2.609		chang4+5
地207-42	2531.250	96.144	79.745	54.271	15.816	233.156	0.010	0.100	99.900	15.784	2.610		chang4+5
地207-42	2531.375	100.730	79.889	59.982	15.516	234.015	0.010	0.100	99.900	15.667	2.617		chang4+5
地207-42	2531.500	103.376	80.078	61.690	15.208	234.138	0.010	0.100	99.900	15.355	2.627		chang6
地207-42	2531.625	101.974	80.318	58.965	15.319	233.187	0.010	0.100	99.900	15.258	2.642		chang6
地207-42	2531.750	99.775	80.599	57.284	15.915	231.523	0.010	0.100	99.900	15.621	2.660		chang6
地207-42	2531.875	100.655	80.907	59.703	16.619	230.176	0.010	0.100	99.900	16.281	2.675		chang6
地207-42	2532.000	103.365	81.234	62.749	16.781	229.920	0.010	0.100	99.900	16.715	2.682		chang6
地207-42	2532.125	104.563	81.565	64.755	16.149	230.846	0.010	0.100	99.900	16.467	2.679		chang6
地207-42	2532.250	106.466	81.890	68.754	15.195	232.476	0.010	0.100	99.900	15.657	2.669		chang6
地207-42	2532.375	109.673	82.197	72.391	14.524	234.008	0.010	0.100	99.900	14.839	2.659		chang6
地207-42	2532.500	109.828	82.467	70.521	14.396	234.937	0.010	0.100	99.900	14.447	2.652		chang6
地207-42	2532.625	106.579	82.680	65.729	14.719	235.203	0.010	0.100	99.900	14.556	2.649		chang6
地207-42	2532.750	104.791	82.833	65.954	15.037	235.014	0.010	0.100	99.900	14.886	2.645		chang6
地207-42	2532.875	108.038	82.925	70.966	15.118	234.749	0.010	0.100	99.900	15.084	2.641		chang6
地207-42	2533.000	110.707	82.957	73.813	15.075	234.831	0.010	0.100	99.900	15.098	2.639		chang6
地207-42	2533.125	110.921	82.928	73.868	14.997	235.534	0.010	0.100	99.900	15.035	2.643		chang6
地207-42	2533.250	110.723	82.848	73.745	14.776	236.922	0.010	0.100	99.900	14.885	2.653		chang6
地207-42	2533.375	110.880	82.720	74.111	14.296	238.796	0.010	0.100	99.900	14.531	2.663		chang6
地207-42	2533.500	111.609	82.549	76.705	13.775	240.620	0.010	0.100	99.900	14.025	2.664		chang6
地207-42	2533.625	114.698	82.351	83.004	13.437	242.057	0.010	0.100	99.900	13.595	2.654		chang6
地207-42	2533.750	118.793	82.142	89.344	13.349	243.046	0.010	0.100	99.900	13.386	2.634		chang6
地207-42	2533.875	120.885	81.932	91.916	13.523	243.791	0.010	0.100	99.900	13.434	2.616		chang6
地207-42	2534.000	120.781	81.728	90.676	13.950	244.581	0.010	0.100	99.900	13.740	2.608		chang6
地207-42	2534.125	118.638	81.536	84.522	14.658	245.483	0.010	0.100	99.900	14.314	2.611		chang6
地207-42	2534.250	113.043	81.363	73.941	15.524	246.452	0.010	0.100	99.900	15.107	2.621		chang6
地207-42	2534.375	107.167	81.217	68.097	16.299	247.359	0.010	0.100	99.900	15.930	2.629		chang6
地207-42	2404.250--2534.375(平均)	94.516	76.550	42.483	19.979	238.119	0.324	3.703	87.309	19.975	2.566		
地207-42	2404.250--2534.375(最大)	162.542	89.848	99.900	284.172	295.605	9.072	16.083	99.900	263.734	2.699		
地207-42	2404.250--2534.375(最小)	46.138	50.573	4.159	4.962	200.753	0.010	0.100	18.288	4.959	2.244		
