井名	深度	GR	SP	SH	SS	IR4A	AC	PERM2024	PERM	POR2024	POR	SW	SW2024	DEN	RT	解释结论	层位
地72-94	2280.750	97.514	88.056	56.043	43.957	13.690	248.640	0.351	9.057	10.211	9.439	64.245	0.497	2.439	13.690		
地72-94	2280.875	80.085	86.226	26.393	73.607	13.879	239.040	0.524	9.264	11.024	14.220	44.277	0.491	2.422	13.879	差油层	
地72-94	2281.000	69.319	84.734	18.515	81.485	13.772	234.515	0.720	3.954	11.672	12.563	49.513	0.493	2.412	13.772	差油层	
地72-94	2281.125	66.763	83.682	15.639	84.361	13.482	235.497	0.863	3.205	12.040	12.254	51.087	0.500	2.410	13.482	差油层	
地72-94	2281.250	67.701	83.075	15.542	84.458	13.269	237.584	0.915	3.899	12.160	12.670	49.980	0.506	2.413	13.269	差油层	
地72-94	2281.375	69.644	82.860	16.299	83.701	13.276	237.865	0.841	4.386	11.987	12.923	49.068	0.506	2.421	13.276	差油层	
地72-94	2281.500	71.051	82.842	16.955	83.045	13.444	235.723	0.701	3.870	11.618	12.627	49.805	0.502	2.434	13.444	差油层	
地72-94	2281.625	70.141	82.850	16.767	83.233	13.751	232.432	0.621	2.785	11.370	11.912	51.931	0.494	2.451	13.751	差油层	
地72-94	2281.750	66.355	82.867	15.402	84.598	14.031	229.821	0.659	1.913	11.491	11.183	54.409	0.486	2.470	14.031	差油层	
地72-94	2281.875	60.576	82.989	13.190	86.810	14.030	228.645	0.833	1.476	11.970	10.741	56.400	0.486	2.488	14.030	差油层	
地72-94	2282.000	55.022	83.329	10.941	89.059	13.967	228.799	1.116	1.386	12.564	10.645	56.974	0.487	2.500	13.967	差油层	
地72-94	2282.125	51.859	83.965	9.438	90.562	14.197	229.578	1.365	1.525	12.974	10.779	55.891	0.480	2.503	14.197	差油层	
地72-94	2282.250	51.078	84.907	8.853	91.147	14.534	230.167	1.464	1.717	13.117	10.947	54.470	0.472	2.495	14.534	差油层	
地72-94	2282.375	51.804	86.077	8.916	91.084	14.723	230.413	1.428	1.835	13.067	11.044	53.686	0.467	2.479	14.723	差油层	
地72-94	2282.500	53.348	87.320	9.372	90.628	14.810	230.940	1.356	1.958	12.961	11.148	53.075	0.465	2.461	14.810	差油层	
地72-94	2282.625	55.581	88.533	10.191	89.809	14.732	233.805	1.401	2.573	13.027	11.636	51.238	0.467	2.446	14.732	差油层	
地72-94	2282.750	59.563	89.719	11.739	88.261	14.099	240.400	1.602	4.895	13.300	12.925	47.750	0.482	2.436	14.099	差油层	
地72-94	2282.875	67.518	90.948	14.941	85.059	13.332	250.549	1.793	12.826	13.530	15.130	42.710	0.503	2.433	13.332	差油层	
地72-94	2283.000	80.398	92.221	20.950	79.050	13.194	261.658	1.640	35.288	13.348	17.841	37.014	0.507	2.434	13.194	差油层	
地72-94	2283.125	91.925	93.400	28.415	71.585	13.596	268.384	1.284	69.228	12.849	19.984	32.802	0.496	2.435	13.596	差油层	
地72-94	2283.250	94.426	94.339	32.415	67.585	14.076	267.943	1.104	83.758	12.543	20.598	31.310	0.484	2.438	14.076	差油层	
地72-94	2283.375	87.887	95.033	30.117	69.883	14.534	260.664	1.063	62.484	12.465	19.450	32.495	0.473	2.446	14.534	差油层	
地72-94	2283.500	77.882	95.645	24.205	75.795	14.828	249.928	1.023	30.446	12.387	17.087	36.274	0.466	2.460	14.828	差油层	
地72-94	2283.625	71.434	96.340	19.259	80.741	14.617	241.121	0.906	11.656	12.140	14.666	41.943	0.471	2.480	14.617	差油层	
地72-94	2283.750	69.989	97.231	17.154	82.846	13.857	237.365	0.805	5.380	11.899	13.206	47.197	0.490	2.503	13.857	差油层	
地72-94	2283.875	73.841	98.446	17.937	82.063	13.193	239.023	0.720	4.699	11.671	13.077	48.711	0.509	2.524	13.193	差油层	
地72-94	2284.000	81.587	99.913	21.338	78.662	13.021	244.320	0.635	7.464	11.417	14.047	46.048	0.514	2.538	13.021	差油层	
地72-94	2284.125	92.048	101.302	27.045	72.955	13.207	249.512	0.000	13.174	0.000	15.370	42.154	0.000	2.547	13.207	差油层	
地72-94	2284.250	101.053	102.283	51.610	48.390	13.274	250.897	0.000	6.368	0.000	6.424	76.174	0.000	2.552	13.274		
地72-94	2284.375	103.174	102.780	68.234	31.766	13.161	246.856	0.000	0.010	0.000	0.100	99.900	0.000	2.558	13.161		
地72-94	2284.500	97.802	103.034	47.215	52.785	12.933	238.075	0.202	2.643	9.080	7.838	69.775	0.520	2.567	12.933		
地72-94	2284.625	89.524	103.231	28.588	71.412	12.594	227.335	0.178	2.363	8.822	11.377	57.195	0.531	2.578	12.594	干层	
地72-94	2284.750	81.726	103.385	23.096	76.904	12.317	218.294	0.167	0.407	8.691	8.921	72.109	0.540	2.585	12.317	干层	
地72-94	2284.875	73.944	103.500	18.562	81.438	12.408	212.674	0.186	0.010	8.915	7.154	87.125	0.537	2.583	12.408	干层	
地72-94	2285.000	69.468	103.641	15.611	84.389	12.892	210.798	0.212	0.010	9.185	6.301	95.217	0.521	2.571	12.892	干层	
地72-94	2285.125	73.066	103.889	15.783	84.217	13.390	212.463	0.192	0.010	8.985	6.363	92.628	0.507	2.554	13.390	干层	
地72-94	2285.250	79.671	104.273	18.511	81.489	13.532	216.189	0.166	0.010	8.686	7.097	83.721	0.503	2.537	13.532	干层	
地72-94	2285.375	83.276	104.739	21.211	78.789	13.247	220.947	0.176	0.010	8.807	8.195	74.362	0.511	2.530	13.247	干层	
地72-94	2285.500	82.236	105.200	21.992	78.008	12.563	225.525	0.235	0.010	9.392	9.370	67.577	0.531	2.533	12.563	干层	
地72-94	2285.625	79.458	105.656	21.198	78.802	11.836	228.580	0.317	0.677	9.999	10.296	63.841	0.554	2.540	11.836	干层	
地72-94	2285.750	79.779	106.203	20.884	79.116	11.170	230.039	0.336	1.232	10.118	10.826	62.769	0.579	2.543	11.170	干层	
地72-94	2285.875	85.227	106.968	22.768	77.232	10.780	230.614	0.262	1.357	9.611	11.061	62.652	0.595	2.536	10.780	干层	
地72-94	2286.000	93.537	107.958	26.948	73.052	10.752	231.915	0.183	1.564	8.882	11.316	61.466	0.597	2.516	10.752	干层	
地72-94	2286.125	99.908	109.008	31.722	68.278	10.865	236.674	0.000	2.567	0.000	12.169	57.386	0.000	2.489	10.865	干层	
地72-94	2286.250	103.956	109.870	55.898	44.102	11.002	245.226	0.000	1.271	0.000	5.125	81.987	0.000	2.463	11.002		
地72-94	2286.375	108.812	110.344	75.655	24.345	10.898	255.735	0.000	0.010	0.000	0.100	99.900	0.000	2.446	10.898		
地72-94	2286.500	115.088	110.481	85.724	14.276	10.344	264.753	0.000	0.010	0.000	0.100	99.900	0.000	2.439	10.344		
地72-94	2286.625	121.725	110.404	96.050	3.950	9.690	268.406	0.000	0.010	0.000	0.100	99.900	0.000	2.442	9.690		
地72-94	2286.750	128.398	110.126	99.900	0.100	9.336	267.488	0.000	0.010	0.000	0.100	99.900	0.000	2.452	9.336		
地72-94	2286.875	135.925	109.574	99.900	0.100	9.316	264.314	0.000	0.010	0.000	0.100	99.900	0.000	2.468	9.316		
地72-94	2287.000	144.814	108.717	99.900	0.100	9.333	261.241	0.000	0.010	0.000	0.100	99.900	0.000	2.486	9.333		
地72-94	2287.125	153.911	107.583	99.900	0.100	9.141	258.738	0.000	0.010	0.000	0.100	99.900	0.000	2.503	9.141		长4+5!1^(1_1)
地72-94	2287.250	159.393	106.227	99.900	0.100	8.923	255.076	0.000	0.010	0.000	0.100	99.900	0.000	2.519	8.923		长4+5!1^(1_1)
地72-94	2287.375	155.164	104.785	99.900	0.100	8.803	249.201	0.000	0.010	0.000	0.100	99.900	0.000	2.533	8.803		长4+5!1^(1_1)
地72-94	2287.500	137.507	103.432	99.900	0.100	8.731	241.710	0.000	0.010	0.000	0.100	99.900	0.000	2.542	8.731		长4+5!1^(1_1)
地72-94	2287.625	112.862	102.234	91.636	8.364	8.715	234.713	0.000	0.010	0.000	0.100	99.900	0.000	2.549	8.715		长4+5!1^(1_1)
地72-94	2287.750	95.697	101.117	69.478	30.522	8.841	229.907	0.000	0.010	0.000	0.100	99.900	0.000	2.553	8.841		长4+5!1^(1_1)
地72-94	2287.875	92.004	99.978	39.925	60.075	9.033	227.634	0.159	0.464	8.595	6.256	83.329	0.681	2.556	9.033		长4+5!1^(1_1)
地72-94	2288.000	96.949	98.749	29.438	70.562	9.189	227.208	0.121	0.744	8.036	10.302	72.350	0.673	2.560	9.189	干层	长4+5!1^(1_1)
地72-94	2288.125	99.113	97.399	31.505	68.495	9.306	227.181	0.108	0.732	7.808	10.254	72.194	0.667	2.565	9.306	干层	长4+5!1^(1_1)
地72-94	2288.250	96.462	95.929	30.981	69.019	9.328	226.264	0.118	0.675	7.989	10.113	73.024	0.666	2.571	9.328	干层	长4+5!1^(1_1)
地72-94	2288.375	92.732	94.401	28.745	71.255	9.221	224.199	0.128	0.260	8.162	9.707	76.254	0.671	2.574	9.221	干层	长4+5!1^(1_1)
地72-94	2288.500	90.337	92.837	26.741	73.259	9.104	221.533	0.127	0.010	8.133	9.094	81.426	0.678	2.567	9.104	干层	长4+5!1^(1_1)
地72-94	2288.625	87.850	91.155	25.114	74.886	9.156	219.443	0.129	0.010	8.174	8.508	86.179	0.675	2.547	9.156	干层	长4+5!1^(1_1)
地72-94	2288.750	85.130	89.224	23.533	76.467	9.361	218.631	0.142	0.010	8.372	8.173	88.316	0.663	2.518	9.361	干层	长4+5!1^(1_1)
地72-94	2288.875	84.315	87.018	22.672	77.328	9.457	219.228	0.153	0.010	8.519	8.181	87.784	0.658	2.483	9.457	干层	长4+5!1^(1_1)
地72-94	2289.000	85.620	84.819	23.023	76.977	9.316	220.931	0.156	0.010	8.561	8.500	85.485	0.665	2.452	9.316	干层	长4+5!1^(1_1)
地72-94	2289.125	88.248	83.097	24.357	75.643	9.021	223.238	0.154	0.010	8.528	9.022	82.353	0.682	2.431	9.021	干层	长4+5!1^(1_1)
地72-94	2289.250	92.322	82.203	26.570	73.430	8.553	225.444	0.140	0.010	8.334	9.589	80.047	0.710	2.424	8.553	干层	长4+5!1^(1_1)
地72-94	2289.375	97.949	82.282	29.816	70.184	8.075	227.076	0.114	0.370	7.919	10.060	78.876	0.742	2.429	8.075	干层	长4+5!1^(1_1)
地72-94	2289.500	102.097	83.180	33.015	66.985	7.791	227.883	0.096	0.649	7.571	10.347	78.264	0.762	2.443	7.791	干层	长4+5!1^(1_1)
地72-94	2289.625	100.347	84.741	33.436	66.564	7.804	227.689	0.104	0.670	7.733	10.400	77.843	0.761	2.460	7.804	干层	长4+5!1^(1_1)
地72-94	2289.750	97.221	86.843	31.669	68.331	8.112	227.013	0.118	0.647	7.988	10.278	77.179	0.739	2.475	8.112	干层	长4+5!1^(1_1)
地72-94	2289.875	98.309	89.227	31.209	68.791	8.625	226.506	0.109	0.630	7.822	10.132	75.826	0.706	2.486	8.625	干层	长4+5!1^(1_1)
地72-94	2290.000	104.733	91.652	34.126	65.874	9.196	226.729	0.079	0.665	7.177	10.115	73.552	0.674	2.494	9.196	干层	长4+5!1^(1_1)
地72-94	2290.125	109.932	94.099	38.303	61.697	9.653	228.102	0.065	0.807	6.779	10.345	70.357	0.651	2.499	9.653	干层	长4+5!1^(1_1)
地72-94	2290.250	110.073	96.573	40.119	59.881	10.002	230.163	0.072	1.095	6.979	10.797	66.523	0.634	2.504	10.002	干层	长4+5!1^(1_1)
地72-94	2290.375	106.691	98.776	38.867	61.133	10.340	232.282	0.000	1.523	0.000	11.326	62.664	0.000	2.512	10.340	干层	长4+5!1^(1_1)
地72-94	2290.500	102.433	100.466	56.198	43.802	10.808	233.792	0.000	0.693	0.000	4.681	84.390	0.000	2.523	10.808		长4+5!1^(1_1)
地72-94	2290.625	99.263	101.775	65.484	34.516	11.423	234.034	0.000	0.010	0.000	0.100	99.900	0.000	2.537	11.423		长4+5!1^(1_1)
地72-94	2290.750	97.036	102.989	61.584	38.416	11.813	233.483	0.000	0.010	0.000	0.100	99.900	0.000	2.554	11.813		长4+5!1^(1_1)
地72-94	2290.875	96.056	104.205	59.435	40.565	12.098	232.645	0.000	0.010	0.000	0.100	99.900	0.000	2.571	12.098		长4+5!1^(1_1)
地72-94	2291.000	95.582	105.295	58.472	41.528	12.374	232.142	0.000	0.010	0.000	0.100	99.900	0.000	2.586	12.374		长4+5!1^(1_1)
地72-94	2291.125	94.935	106.191	57.658	42.342	12.423	232.898	0.000	0.010	0.000	0.100	99.900	0.000	2.596	12.423		长4+5!1^(1_1)
地72-94	2291.250	96.109	107.021	58.286	41.714	12.328	234.511	0.000	0.010	0.000	0.100	99.900	0.000	2.600	12.328		长4+5!1^(1_1)
地72-94	2291.375	99.126	107.946	61.581	38.419	12.283	236.095	0.000	0.010	0.000	0.100	99.900	0.000	2.598	12.283		长4+5!1^(1_1)
地72-94	2291.500	100.599	108.894	64.668	35.332	12.471	236.697	0.000	0.010	0.000	0.100	99.900	0.000	2.592	12.471		长4+5!1^(1_1)
地72-94	2291.625	98.349	109.654	63.537	36.463	12.783	235.638	0.000	0.010	0.000	0.100	99.900	0.000	2.586	12.783		长4+5!1^(1_1)
地72-94	2291.750	96.889	110.124	60.915	39.085	13.060	233.456	0.000	0.010	0.000	0.100	99.900	0.000	2.584	13.060		长4+5!1^(1_1)
地72-94	2291.875	97.802	110.366	60.858	39.142	13.242	230.305	0.000	0.010	0.000	0.100	99.900	0.000	2.587	13.242		长4+5!1^(1_1)
地72-94	2292.000	98.770	110.495	62.241	37.759	13.209	225.790	0.000	0.010	0.000	0.100	99.900	0.000	2.595	13.209		长4+5!1^(1_1)
地72-94	2292.125	95.904	110.573	60.321	39.679	13.011	219.165	0.000	0.010	0.000	0.100	99.900	0.000	2.603	13.011		长4+5!1^(1_1)
地72-94	2292.250	88.762	110.633	52.912	47.088	13.002	211.648	0.000	0.010	0.000	0.100	99.900	0.000	2.605	13.002		长4+5!1^(1_1)
地72-94	2292.375	78.753	110.721	42.015	57.985	13.642	205.582	0.000	0.010	0.000	0.100	99.900	0.000	2.596	13.642		长4+5!1^(1_1)
地72-94	2292.500	72.692	110.842	33.525	66.475	14.794	203.518	0.000	0.010	0.000	0.100	99.900	0.000	2.575	14.794		长4+5!1^(1_1)
地72-94	2292.625	77.544	110.960	33.998	66.002	15.616	207.403	0.000	0.010	0.000	0.100	99.900	0.000	2.547	15.616		长4+5!1^(1_1)
地72-94	2292.750	86.510	111.096	42.154	57.846	15.574	214.829	0.000	0.010	0.000	0.100	99.900	0.000	2.518	15.574		长4+5!1^(1_1)
地72-94	2292.875	92.806	111.344	51.125	48.875	14.910	222.999	0.000	0.010	0.000	0.100	99.900	0.000	2.497	14.910		长4+5!1^(1_1)
地72-94	2293.000	94.456	111.722	55.725	44.275	14.090	229.413	0.000	0.010	0.000	0.100	99.900	0.000	2.486	14.090		长4+5!1^(1_1)
地72-94	2293.125	95.077	112.136	57.147	42.853	13.485	232.455	0.000	0.010	0.000	0.100	99.900	0.000	2.485	13.485		长4+5!1^(1_1)
地72-94	2293.250	96.337	112.487	58.561	41.439	13.205	233.167	0.000	0.010	0.000	0.100	99.900	0.000	2.492	13.205		长4+5!1^(1_1)
地72-94	2293.375	97.189	112.707	60.007	39.993	13.244	232.846	0.000	0.010	0.000	0.100	99.900	0.000	2.501	13.244		长4+5!1^(1_1)
地72-94	2293.500	98.376	112.764	61.535	38.465	13.420	232.989	0.000	0.010	0.000	0.100	99.900	0.000	2.510	13.420		长4+5!1^(1_1)
地72-94	2293.625	101.959	112.660	65.480	34.520	13.533	234.944	0.000	0.010	0.000	0.100	99.900	0.000	2.519	13.533		长4+5!1^(1_1)
地72-94	2293.750	106.289	112.413	71.827	28.173	13.472	238.091	0.000	0.010	0.000	0.100	99.900	0.000	2.529	13.472		长4+5!1^(1_1)
地72-94	2293.875	109.230	112.018	77.616	22.384	13.118	240.980	0.000	0.010	0.000	0.100	99.900	0.000	2.538	13.118		长4+5!1^(1_1)
地72-94	2294.000	109.768	111.517	80.182	19.818	12.593	242.036	0.000	0.010	0.000	0.100	99.900	0.000	2.546	12.593		长4+5!1^(1_1)
地72-94	2294.125	108.497	111.008	79.234	20.766	12.145	240.110	0.000	0.010	0.000	0.100	99.900	0.000	2.554	12.145		长4+5!1^(1_1)
地72-94	2294.250	105.085	110.535	74.921	25.079	12.005	236.241	0.000	0.010	0.000	0.100	99.900	0.000	2.562	12.005		长4+5!1^(1_1)
地72-94	2294.375	99.540	109.960	67.430	32.570	12.126	231.540	0.000	0.010	0.000	0.100	99.900	0.000	2.569	12.126		长4+5!1^(1_1)
地72-94	2294.500	92.608	109.030	58.050	41.950	12.297	226.921	0.000	0.010	0.000	0.100	99.900	0.000	2.575	12.297		长4+5!1^(1_1)
地72-94	2294.625	84.485	107.654	47.939	52.061	12.341	223.040	0.000	0.010	0.000	0.100	99.900	0.000	2.580	12.341		长4+5!1^(1_1)
地72-94	2294.750	77.908	106.078	39.364	60.636	12.136	220.168	0.000	0.010	0.000	0.100	99.900	0.000	2.581	12.136		长4+5!1^(1_1)
地72-94	2294.875	74.723	104.849	34.386	65.614	11.744	218.509	0.000	0.010	0.000	0.100	99.900	0.000	2.579	11.744		长4+5!1^(1_1)
地72-94	2295.000	74.724	104.320	33.050	66.950	11.441	218.021	0.000	0.010	0.000	0.100	99.900	0.000	2.572	11.441		长4+5!1^(1_1)
地72-94	2295.125	75.547	104.469	33.558	66.442	11.516	218.613	0.000	0.010	0.000	0.100	99.900	0.000	2.565	11.516		长4+5!1^(1_1)
地72-94	2295.250	76.253	105.131	34.338	65.662	11.927	219.833	0.000	0.010	0.000	0.100	99.900	0.000	2.561	11.927		长4+5!1^(1_1)
地72-94	2295.375	78.286	106.129	35.929	64.071	12.347	221.351	0.000	0.010	0.000	0.100	99.900	0.000	2.563	12.347		长4+5!1^(1_1)
地72-94	2295.500	82.512	107.180	39.623	60.377	12.640	222.639	0.000	0.010	0.000	0.100	99.900	0.000	2.572	12.640		长4+5!1^(1_1)
地72-94	2295.625	88.280	108.035	45.681	54.319	12.757	222.727	0.000	0.010	0.000	0.100	99.900	0.000	2.584	12.757		长4+5!1^(1_2)
地72-94	2295.750	93.595	108.643	52.650	47.350	12.338	221.260	0.000	0.010	0.000	0.100	99.900	0.000	2.594	12.338		长4+5!1^(1_2)
地72-94	2295.875	98.876	109.117	59.955	40.045	11.860	218.814	0.000	0.010	0.000	0.100	99.900	0.000	2.596	11.860		长4+5!1^(1_2)
地72-94	2296.000	104.516	109.556	68.208	31.792	12.018	217.440	0.000	0.010	0.000	0.100	99.900	0.000	2.590	12.018		长4+5!1^(1_2)
地72-94	2296.125	109.712	109.982	76.956	23.044	12.506	220.751	0.000	0.010	0.000	0.100	99.900	0.000	2.579	12.506		长4+5!1^(1_2)
地72-94	2296.250	113.656	110.426	84.734	15.266	12.807	229.005	0.000	0.010	0.000	0.100	99.900	0.000	2.570	12.807		长4+5!1^(1_2)
地72-94	2296.375	116.321	110.910	90.626	9.374	12.773	240.253	0.000	0.010	0.000	0.100	99.900	0.000	2.566	12.773		长4+5!1^(1_2)
地72-94	2296.500	117.302	111.382	93.804	6.196	12.358	251.364	0.000	0.010	0.000	0.100	99.900	0.000	2.568	12.358		长4+5!1^(1_2)
地72-94	2296.625	114.627	111.756	91.477	8.523	11.664	259.398	0.000	0.010	0.000	0.100	99.900	0.000	2.570	11.664		长4+5!1^(1_2)
地72-94	2296.750	110.425	111.976	84.797	15.203	11.125	264.328	0.000	0.010	0.000	0.100	99.900	0.000	2.564	11.125		长4+5!1^(1_2)
地72-94	2296.875	108.428	112.001	79.627	20.373	10.924	266.435	0.000	0.010	0.000	0.100	99.900	0.000	2.543	10.924		长4+5!1^(1_2)
地72-94	2297.000	111.101	111.857	81.044	18.956	11.018	265.483	0.000	0.010	0.000	0.100	99.900	0.000	2.504	11.018		长4+5!1^(1_2)
地72-94	2297.125	113.927	111.592	86.022	13.978	11.369	261.458	0.000	0.010	0.000	0.100	99.900	0.000	2.453	11.369		长4+5!1^(1_2)
地72-94	2297.250	113.294	111.216	87.386	12.614	11.979	257.766	0.000	0.010	0.000	0.100	99.900	0.000	2.403	11.979		长4+5!1^(1_2)
地72-94	2297.375	112.635	110.734	86.187	13.813	12.587	258.311	0.000	0.010	0.000	0.100	99.900	0.000	2.372	12.587		长4+5!1^(1_2)
地72-94	2297.500	118.329	110.171	92.244	7.756	12.880	264.559	0.000	0.010	0.000	0.100	99.900	0.000	2.373	12.880		长4+5!1^(1_2)
地72-94	2297.625	128.183	109.519	98.584	1.416	12.852	272.226	0.000	0.010	0.000	0.100	99.900	0.000	2.406	12.852		长4+5!1^(1_2)
地72-94	2297.750	129.404	108.704	99.900	0.100	12.631	273.940	0.000	0.010	0.000	0.100	99.900	0.000	2.460	12.631		长4+5!1^(1_2)
地72-94	2297.875	117.563	107.585	97.014	2.986	12.388	266.710	0.000	0.010	0.000	0.100	99.900	0.000	2.519	12.388		长4+5!1^(1_2)
地72-94	2298.000	97.446	106.185	58.201	41.799	12.262	252.899	0.438	12.119	10.662	10.084	64.255	0.539	2.566	12.262		长4+5!1^(1_2)
地72-94	2298.125	79.666	104.751	26.403	73.597	12.268	238.721	0.526	10.824	11.034	14.603	46.265	0.538	2.593	12.268	干层	长4+5!1^(1_2)
地72-94	2298.250	68.823	103.634	18.048	81.952	12.328	228.698	0.548	2.557	11.118	11.649	56.432	0.536	2.600	12.328	干层	长4+5!1^(1_2)
地72-94	2298.375	64.951	103.145	14.459	85.541	12.311	223.330	0.508	0.494	10.961	9.822	65.509	0.537	2.596	12.311	干层	长4+5!1^(1_2)
地72-94	2298.500	65.112	103.219	13.615	86.385	12.027	221.215	0.452	0.010	10.724	8.958	71.805	0.547	2.589	12.027	干层	长4+5!1^(1_2)
地72-94	2298.625	63.779	103.617	13.251	86.749	11.557	220.954	0.477	0.010	10.835	8.704	75.106	0.563	2.587	11.557	干层	长4+5!1^(1_2)
地72-94	2298.750	60.904	104.244	12.355	87.645	11.226	221.482	0.568	0.010	11.190	8.758	75.772	0.575	2.590	11.226	干层	长4+5!1^(1_2)
地72-94	2298.875	60.514	105.273	11.843	88.157	11.212	222.211	0.602	0.010	11.306	8.922	74.569	0.575	2.598	11.212	干层	长4+5!1^(1_2)
地72-94	2299.000	64.991	106.746	12.894	87.106	11.423	222.591	0.488	0.010	10.880	9.053	72.909	0.568	2.607	11.423	干层	长4+5!1^(1_2)
地72-94	2299.125	72.428	108.389	15.575	84.425	11.715	222.650	0.335	0.010	10.113	9.101	71.653	0.559	2.614	11.715	干层	长4+5!1^(1_2)
地72-94	2299.250	80.769	109.910	19.340	80.660	11.958	223.370	0.227	0.010	9.320	9.216	70.127	0.551	2.617	11.958	干层	长4+5!1^(1_2)
地72-94	2299.375	88.708	111.291	23.697	76.303	11.842	225.828	0.171	0.010	8.750	9.661	67.576	0.556	2.613	11.842	干层	长4+5!1^(1_2)
地72-94	2299.500	94.736	112.679	27.963	72.037	11.557	230.892	0.163	0.932	8.650	10.677	62.637	0.566	2.602	11.557	干层	长4+5!1^(1_2)
地72-94	2299.625	99.732	114.021	32.078	67.922	11.437	239.352	0.000	3.359	0.000	12.472	54.929	0.000	2.585	11.437	干层	长4+5!1^(1_2)
地72-94	2299.750	106.812	115.111	58.769	41.231	11.479	250.088	0.000	1.835	0.000	5.396	80.499	0.000	2.562	11.479		长4+5!1^(1_2)
地72-94	2299.875	114.986	115.776	84.244	15.756	11.690	262.223	0.000	0.010	0.000	0.100	99.900	0.000	2.531	11.690		长4+5!1^(1_2)
地72-94	2300.000	121.982	116.070	95.972	4.028	11.950	275.144	0.000	0.010	0.000	0.100	99.900	0.000	2.496	11.950		长4+5!1^(1_2)
地72-94	2300.125	127.691	116.130	99.900	0.100	12.200	287.835	0.000	0.010	0.000	0.100	99.900	0.000	2.464	12.200		长4+5!1^(1_2)
地72-94	2300.250	135.043	116.059	99.900	0.100	12.368	298.047	0.000	0.010	0.000	0.100	99.900	0.000	2.443	12.368		长4+5!1^(1_2)
地72-94	2300.375	143.296	115.973	99.900	0.100	12.295	302.903	0.000	0.010	0.000	0.100	99.900	0.000	2.442	12.295		长4+5!1^(1_2)
地72-94	2300.500	148.019	115.941	99.900	0.100	12.000	300.607	0.000	0.010	0.000	0.100	99.900	0.000	2.462	12.000		长4+5!1^(1_2)
地72-94	2300.625	143.876	115.928	99.900	0.100	11.574	291.802	0.000	0.010	0.000	0.100	99.900	0.000	2.496	11.574		长4+5!1^(1_2)
地72-94	2300.750	133.512	115.844	99.900	0.100	10.995	282.146	0.000	0.010	0.000	0.100	99.900	0.000	2.532	10.995		长4+5!1^(1_2)
地72-94	2300.875	123.226	115.652	99.900	0.100	10.490	275.736	0.000	0.010	0.000	0.100	99.900	0.000	2.558	10.490		长4+5!1^(1_2)
地72-94	2301.000	117.966	115.435	97.494	2.506	10.251	274.000	0.000	0.010	0.000	0.100	99.900	0.000	2.568	10.251		长4+5!1^(1_2)
地72-94	2301.125	118.347	115.279	96.343	3.657	10.285	275.589	0.000	0.010	0.000	0.100	99.900	0.000	2.567	10.285		长4+5!1^(1_2)
地72-94	2301.250	119.030	115.129	97.472	2.528	10.482	277.059	0.000	0.010	0.000	0.100	99.900	0.000	2.562	10.482		长4+5!1^(1_2)
地72-94	2301.375	118.551	114.793	97.443	2.557	10.704	276.523	0.000	0.010	0.000	0.100	99.900	0.000	2.560	10.704		长4+5!1^(1_2)
地72-94	2301.500	118.838	114.205	97.403	2.597	10.849	273.123	0.000	0.010	0.000	0.100	99.900	0.000	2.563	10.849		长4+5!1^(1_2)
地72-94	2301.625	118.712	113.500	97.483	2.517	11.173	266.503	0.000	0.010	0.000	0.100	99.900	0.000	2.569	11.173		长4+5!1^(1_2)
地72-94	2301.750	114.923	112.830	92.938	7.062	11.753	258.509	0.000	0.010	0.000	0.100	99.900	0.000	2.572	11.753		长4+5!1^(1_2)
地72-94	2301.875	109.665	112.178	84.219	15.781	12.388	251.361	0.000	0.010	0.000	0.100	99.900	0.000	2.568	12.388		长4+5!1^(1_2)
地72-94	2302.000	108.621	111.326	79.290	20.710	13.168	247.089	0.000	0.010	0.000	0.100	99.900	0.000	2.554	13.168		长4+5!1^(1_2)
地72-94	2302.125	112.355	110.047	82.535	17.465	14.075	246.408	0.000	0.010	0.000	0.100	99.900	0.000	2.533	14.075		长4+5!1^(1_2)
地72-94	2302.250	115.041	108.290	88.190	11.810	14.573	246.377	0.000	0.010	0.000	0.100	99.900	0.000	2.509	14.573		长4+5!1^(1_2)
地72-94	2302.375	112.666	106.291	87.534	12.466	14.644	244.227	0.000	0.010	0.000	0.100	99.900	0.000	2.486	14.644		长4+5!1^(1_2)
地72-94	2302.500	103.839	104.387	56.263	43.737	14.895	238.787	0.154	3.384	8.526	7.946	67.120	0.469	2.468	14.895		长4+5!1^(1_2)
地72-94	2302.625	90.091	102.591	30.718	69.282	15.839	231.434	0.213	3.686	9.190	12.071	47.965	0.447	2.455	15.839	干层	长4+5!1^(1_2)
地72-94	2302.750	77.787	100.522	22.526	77.474	17.337	225.811	0.299	0.960	9.884	10.474	52.051	0.417	2.449	17.337	干层	长4+5!1^(1_2)
地72-94	2302.875	69.874	97.882	17.364	82.636	18.976	224.187	0.413	0.010	10.538	9.659	53.387	0.389	2.447	18.976	干层	长4+5!1^(1_2)
地72-94	2303.000	65.926	95.182	14.903	85.097	20.155	226.809	0.577	0.916	11.222	9.892	50.741	0.371	2.450	20.155	干层	长4+5!1^(1_2)
地72-94	2303.125	65.685	93.271	14.429	85.571	20.056	232.135	0.767	2.510	11.802	10.965	46.424	0.372	2.456	20.056	干层	长4+5!1^(1_2)
地72-94	2303.250	67.443	92.484	15.179	84.821	19.463	237.089	0.904	4.789	12.135	12.254	42.597	0.380	2.462	19.463	干层	长4+5!1^(1_2)
地72-94	2303.375	69.582	92.586	16.307	83.693	19.145	239.889	0.935	7.217	12.205	13.180	40.164	0.385	2.471	19.145	干层	长4+5!1^(1_2)
地72-94	2303.500	70.139	93.150	16.907	83.093	19.539	239.537	0.893	8.116	12.110	13.410	39.126	0.379	2.483	19.539	干层	长4+5!1^(1_2)
地72-94	2303.625	69.650	93.967	16.679	83.321	20.390	235.045	0.727	6.181	11.693	12.694	40.294	0.368	2.502	20.390	干层	长4+5!1^(1_2)
地72-94	2303.750	68.015	94.990	15.723	84.277	20.910	227.473	0.537	2.993	11.074	11.092	45.129	0.361	2.528	20.910	干层	长4+5!1^(1_2)
地72-94	2303.875	64.341	96.186	13.936	86.064	20.991	218.036	0.399	0.697	10.473	8.895	55.422	0.361	2.559	20.991	干层	长4+5!1^(1_2)
地72-94	2304.000	58.388	97.508	11.353	88.647	20.770	208.512	0.000	0.010	0.000	6.497	74.927	0.000	2.589	20.770	干层	长4+5!1^(1_2)
地72-94	2304.125	52.640	98.876	8.761	91.239	20.352	201.405	0.000	0.010	0.000	4.456	93.744	0.000	2.608	20.352		长4+5!1^(1_2)
地72-94	2304.250	50.676	100.206	7.314	92.686	19.994	198.289	0.000	0.010	0.000	3.265	99.900	0.000	2.609	19.994		长4+5!1^(1_3)
地72-94	2304.375	52.621	101.519	7.447	92.553	20.228	200.622	0.000	0.010	0.000	3.303	99.900	0.000	2.590	20.228		长4+5!1^(1_3)
地72-94	2304.500	57.311	102.981	9.013	90.987	20.840	209.335	0.000	0.010	0.000	4.860	88.487	0.000	2.554	20.840		长4+5!1^(1_3)
地72-94	2304.625	67.125	104.675	12.751	87.249	21.148	225.066	0.000	0.010	0.000	8.125	62.494	0.000	2.512	21.148		长4+5!1^(1_3)
地72-94	2304.750	86.011	106.408	21.211	78.789	20.848	244.350	0.000	8.675	0.000	12.639	41.270	0.000	2.473	20.848		长4+5!1^(1_3)
地72-94	2304.875	110.345	107.805	59.151	40.849	19.712	263.028	0.000	5.796	0.000	5.902	74.031	0.000	2.447	19.712		长4+5!1^(1_3)
地72-94	2305.000	130.363	108.737	92.563	7.437	17.896	276.179	0.000	0.010	0.000	0.100	99.900	0.000	2.437	17.896		长4+5!1^(1_3)
地72-94	2305.125	135.127	109.325	99.900	0.100	15.772	278.064	0.000	0.010	0.000	0.100	99.900	0.000	2.443	15.772		长4+5!1^(1_3)
地72-94	2305.250	127.002	109.675	99.900	0.100	14.228	270.006	0.000	0.010	0.000	0.100	99.900	0.000	2.461	14.228		长4+5!1^(1_3)
地72-94	2305.375	111.286	109.786	89.918	10.082	13.606	255.520	0.000	0.010	0.000	0.100	99.900	0.000	2.487	13.606		长4+5!1^(1_3)
地72-94	2305.500	95.119	109.683	51.762	48.238	13.504	240.083	0.256	3.533	9.568	8.142	68.010	0.503	2.515	13.504		长4+5!1^(1_3)
地72-94	2305.625	87.207	109.461	27.305	72.695	13.605	230.054	0.230	3.341	9.346	11.993	52.297	0.500	2.543	13.605	干层	长4+5!1^(1_3)
地72-94	2305.750	87.021	109.239	24.781	75.219	13.741	226.720	0.196	1.262	9.018	10.472	58.366	0.497	2.567	13.741	干层	长4+5!1^(1_3)
地72-94	2305.875	90.608	109.128	25.946	74.054	13.755	228.205	0.176	1.159	8.800	10.360	58.849	0.497	2.584	13.755	干层	长4+5!1^(1_3)
地72-94	2306.000	94.801	109.116	28.523	71.477	13.590	231.005	0.164	1.615	8.656	10.935	56.421	0.502	2.594	13.590	干层	长4+5!1^(1_3)
地72-94	2306.125	98.022	109.113	30.932	69.068	13.271	231.552	0.143	1.908	8.377	11.301	55.388	0.511	2.598	13.271	干层	长4+5!1^(1_3)
地72-94	2306.250	97.847	109.038	31.573	68.427	12.976	229.138	0.127	1.591	8.144	10.991	57.478	0.520	2.595	12.976	干层	长4+5!1^(1_3)
地72-94	2306.375	92.743	108.873	29.238	70.762	12.912	224.518	0.130	0.549	8.194	10.046	62.598	0.522	2.589	12.912	干层	长4+5!1^(1_3)
地72-94	2306.500	83.880	108.732	24.480	75.520	13.024	219.184	0.156	0.010	8.560	8.770	70.575	0.518	2.582	13.024	干层	长4+5!1^(1_3)
地72-94	2306.625	76.184	108.771	19.771	80.229	13.165	215.054	0.187	0.010	8.930	7.605	79.749	0.513	2.578	13.165	干层	长4+5!1^(1_3)
地72-94	2306.750	73.486	109.115	17.261	82.739	13.126	213.170	0.195	0.010	9.015	6.901	86.942	0.514	2.578	13.126	干层	长4+5!1^(1_3)
地72-94	2306.875	76.400	109.856	17.547	82.453	12.875	213.843	0.174	0.010	8.782	6.813	88.734	0.522	2.580	12.875	干层	长4+5!1^(1_3)
地72-94	2307.000	84.133	110.883	20.565	79.435	12.581	216.563	0.135	0.010	8.261	7.293	84.549	0.532	2.583	12.581	干层	长4+5!1^(1_3)
地72-94	2307.125	93.821	111.946	25.698	74.302	12.429	220.188	0.099	0.010	7.630	8.117	77.312	0.538	2.582	12.429	干层	长4+5!1^(1_3)
地72-94	2307.250	100.684	112.861	30.882	69.118	12.484	223.878	0.084	0.010	7.301	9.044	69.966	0.536	2.574	12.484	干层	长4+5!1^(1_3)
地72-94	2307.375	103.597	113.634	34.269	65.731	12.637	228.300	0.000	0.712	0.000	10.087	63.050	0.000	2.558	12.637	干层	长4+5!1^(1_3)
地72-94	2307.500	106.490	114.376	59.058	40.942	12.816	234.724	0.000	0.479	0.000	4.278	84.049	0.000	2.536	12.816		长4+5!1^(1_3)
地72-94	2307.625	115.910	115.070	85.089	14.911	12.954	244.466	0.000	0.010	0.000	0.100	99.900	0.000	2.515	12.954		长4+5!1^(1_3)
地72-94	2307.750	128.811	115.604	96.680	3.320	12.805	256.286	0.000	0.010	0.000	0.100	99.900	0.000	2.498	12.805		长4+5!1^(1_3)
地72-94	2307.875	139.063	115.909	99.900	0.100	12.440	268.169	0.000	0.010	0.000	0.100	99.900	0.000	2.488	12.440		长4+5!1^(1_3)
地72-94	2308.000	143.276	116.052	99.900	0.100	12.006	277.659	0.000	0.010	0.000	0.100	99.900	0.000	2.488	12.006		长4+5!1^(1_3)
地72-94	2308.125	142.787	116.115	99.900	0.100	11.548	281.847	0.000	0.010	0.000	0.100	99.900	0.000	2.496	11.548		长4+5!1^(1_3)
地72-94	2308.250	139.426	116.159	99.900	0.100	11.111	280.873	0.000	0.010	0.000	0.100	99.900	0.000	2.511	11.111		长4+5!1^(1_3)
地72-94	2308.375	133.652	116.288	99.900	0.100	10.710	275.478	0.000	0.010	0.000	0.100	99.900	0.000	2.534	10.710		长4+5!1^(1_3)
地72-94	2308.500	125.917	116.554	99.900	0.100	10.304	267.236	0.000	0.010	0.000	0.100	99.900	0.000	2.561	10.304		长4+5!1^(1_3)
地72-94	2308.625	116.627	116.946	95.912	4.088	9.972	258.409	0.000	0.010	0.000	0.100	99.900	0.000	2.587	9.972		长4+5!1^(1_3)
地72-94	2308.750	107.636	117.429	83.433	16.567	9.772	251.109	0.000	0.010	0.000	0.100	99.900	0.000	2.607	9.772		长4+5!1^(1_3)
地72-94	2308.875	102.068	117.950	71.447	28.553	9.710	246.127	0.000	0.010	0.000	0.100	99.900	0.000	2.617	9.710		长4+5!1^(1_3)
地72-94	2309.000	102.988	118.422	68.686	31.314	9.798	242.977	0.000	0.010	0.000	0.100	99.900	0.000	2.617	9.798		长4+5!1^(1_3)
地72-94	2309.125	106.818	118.747	73.002	26.998	9.957	239.887	0.000	0.010	0.000	0.100	99.900	0.000	2.613	9.957		长4+5!1^(1_3)
地72-94	2309.250	104.341	118.857	73.056	26.944	10.156	235.053	0.000	0.010	0.000	0.100	99.900	0.000	2.609	10.156		长4+5!1^(1_3)
地72-94	2309.375	94.527	118.719	62.612	37.388	10.533	227.958	0.000	0.010	0.000	0.100	99.900	0.000	2.611	10.533		长4+5!1^(1_3)
地72-94	2309.500	83.535	118.402	48.317	51.683	11.153	219.391	0.000	0.010	0.000	0.100	99.900	0.000	2.621	11.153		长4+5!1^(1_3)
地72-94	2309.625	77.758	118.039	38.818	61.182	11.733	210.923	0.000	0.010	0.000	0.100	99.900	0.000	2.636	11.733		长4+5!1^(1_3)
地72-94	2309.750	73.480	117.726	33.567	66.433	12.109	203.619	0.000	0.010	0.000	0.100	99.900	0.000	2.648	12.109		长4+5!1^(1_3)
地72-94	2309.875	67.662	117.483	28.443	71.557	12.509	197.923	0.000	0.010	0.000	0.100	99.900	0.000	2.650	12.509		长4+5!1^(1_3)
地72-94	2310.000	63.169	117.231	23.821	76.179	13.121	194.569	0.000	0.010	0.000	0.100	99.900	0.000	2.638	13.121		长4+5!1^(1_3)
地72-94	2310.125	63.386	116.906	22.339	77.661	13.916	195.708	0.000	0.010	0.000	0.100	99.900	0.000	2.615	13.916		长4+5!1^(1_3)
地72-94	2310.250	67.388	116.548	24.538	75.462	14.531	201.858	0.000	0.010	0.000	0.100	99.900	0.000	2.586	14.531		长4+5!1^(1_3)
地72-94	2310.375	74.769	116.241	30.238	69.762	14.571	212.669	0.000	0.010	0.000	0.100	99.900	0.000	2.558	14.571		长4+5!1^(1_3)
地72-94	2310.500	85.583	115.938	40.316	59.684	14.054	226.433	0.000	0.010	0.000	0.100	99.900	0.000	2.536	14.054		长4+5!1^(1_3)
地72-94	2310.625	97.078	115.526	54.251	45.749	13.426	240.636	0.000	0.010	0.000	0.100	99.900	0.000	2.519	13.426		长4+5!1^(1_3)
地72-94	2310.750	104.589	115.015	67.225	32.775	12.816	253.162	0.000	0.010	0.000	0.100	99.900	0.000	2.508	12.816		长4+5!1^(1_3)
地72-94	2310.875	108.048	114.590	75.276	24.724	12.169	262.563	0.000	0.010	0.000	0.100	99.900	0.000	2.503	12.169		长4+5!1^(1_3)
地72-94	2311.000	110.385	114.388	80.017	19.983	11.538	267.375	0.000	0.010	0.000	0.100	99.900	0.000	2.505	11.538		长4+5!1^(1_3)
地72-94	2311.125	111.635	114.382	82.986	17.014	11.035	265.271	0.000	0.010	0.000	0.100	99.900	0.000	2.514	11.035		长4+5!1^(1_3)
地72-94	2311.250	107.591	114.482	79.637	20.363	10.880	257.228	0.000	0.010	0.000	0.100	99.900	0.000	2.529	10.880		长4+5!1^(1_3)
地72-94	2311.375	97.089	114.649	66.939	33.061	11.044	245.096	0.000	0.010	0.000	0.100	99.900	0.000	2.549	11.044		长4+5!1^(1_3)
地72-94	2311.500	84.812	114.886	50.674	49.326	11.344	231.952	0.000	0.010	0.000	0.100	99.900	0.000	2.572	11.344		长4+5!1^(1_3)
地72-94	2311.625	77.208	115.184	39.071	60.929	11.739	221.807	0.000	0.010	0.000	0.100	99.900	0.000	2.592	11.739		长4+5!1^(1_3)
地72-94	2311.750	75.995	115.543	34.874	65.126	12.208	216.837	0.000	0.010	0.000	0.100	99.900	0.000	2.606	12.208		长4+5!1^(1_3)
地72-94	2311.875	80.174	115.967	37.062	62.938	12.728	217.919	0.000	0.010	0.000	0.100	99.900	0.000	2.612	12.728		长4+5!1^(1_3)
地72-94	2312.000	87.665	116.414	44.158	55.842	13.265	224.354	0.000	0.010	0.000	0.100	99.900	0.000	2.611	13.265		长4+5!1^(2_1)
地72-94	2312.125	95.905	116.789	54.269	45.731	13.692	233.766	0.000	0.010	0.000	0.100	99.900	0.000	2.607	13.692		长4+5!1^(2_1)
地72-94	2312.250	102.651	117.018	64.700	35.300	13.735	241.728	0.000	0.010	0.000	0.100	99.900	0.000	2.605	13.735		长4+5!1^(2_1)
地72-94	2312.375	105.490	117.108	71.468	28.532	13.542	245.312	0.000	0.010	0.000	0.100	99.900	0.000	2.608	13.542		长4+5!1^(2_1)
地72-94	2312.500	102.840	117.141	70.738	29.262	13.257	243.550	0.000	0.010	0.000	0.100	99.900	0.000	2.615	13.257		长4+5!1^(2_1)
地72-94	2312.625	96.760	117.170	63.543	36.457	13.044	237.464	0.000	0.010	0.000	0.100	99.900	0.000	2.622	13.044		长4+5!1^(2_1)
地72-94	2312.750	92.297	117.174	56.166	43.834	13.186	230.436	0.000	0.010	0.000	0.100	99.900	0.000	2.625	13.186		长4+5!1^(2_1)
地72-94	2312.875	90.555	117.106	52.305	47.695	13.638	224.155	0.000	0.010	0.000	0.100	99.900	0.000	2.618	13.638		长4+5!1^(2_1)
地72-94	2313.000	89.599	116.956	50.639	49.361	14.276	219.336	0.000	0.010	0.000	0.100	99.900	0.000	2.603	14.276		长4+5!1^(2_1)
地72-94	2313.125	87.975	116.785	48.907	51.093	15.023	217.042	0.000	0.010	0.000	0.100	99.900	0.000	2.584	15.023		长4+5!1^(2_1)
地72-94	2313.250	87.846	116.698	47.985	52.015	15.719	217.871	0.000	0.010	0.000	0.100	99.900	0.000	2.565	15.719		长4+5!1^(2_1)
地72-94	2313.375	91.176	116.759	50.485	49.515	16.164	222.361	0.000	0.010	0.000	0.100	99.900	0.000	2.553	16.164		长4+5!1^(2_1)
地72-94	2313.500	97.488	116.918	57.433	42.567	16.122	230.055	0.000	0.010	0.000	0.100	99.900	0.000	2.547	16.122		长4+5!1^(2_1)
地72-94	2313.625	106.265	117.087	69.112	30.888	15.760	239.174	0.000	0.010	0.000	0.100	99.900	0.000	2.550	15.760		长4+5!1^(2_1)
地72-94	2313.750	114.744	117.214	83.603	16.397	15.459	246.818	0.000	0.010	0.000	0.100	99.900	0.000	2.559	15.459		长4+5!1^(2_1)
地72-94	2313.875	118.697	117.247	94.260	5.740	15.352	250.916	0.000	0.010	0.000	0.100	99.900	0.000	2.574	15.352		长4+5!1^(2_1)
地72-94	2314.000	116.391	117.173	94.616	5.384	15.367	250.319	0.000	0.010	0.000	0.100	99.900	0.000	2.590	15.367		长4+5!1^(2_1)
地72-94	2314.125	111.806	117.032	87.633	12.367	15.478	244.854	0.000	0.010	0.000	0.100	99.900	0.000	2.606	15.478		长4+5!1^(2_1)
地72-94	2314.250	109.673	116.867	81.912	18.088	15.666	237.396	0.000	0.010	0.000	0.100	99.900	0.000	2.619	15.666		长4+5!1^(2_1)
地72-94	2314.375	109.249	116.696	79.947	20.053	15.889	230.440	0.000	0.010	0.000	0.100	99.900	0.000	2.627	15.889		长4+5!1^(2_1)
地72-94	2314.500	107.898	116.500	78.256	21.744	16.010	225.769	0.000	0.010	0.000	0.100	99.900	0.000	2.629	16.010		长4+5!1^(2_1)
地72-94	2314.625	104.210	116.243	73.660	26.340	15.962	223.863	0.000	0.010	0.000	0.100	99.900	0.000	2.623	15.962		长4+5!1^(2_1)
地72-94	2314.750	100.524	115.918	67.754	32.246	16.100	222.869	0.000	0.010	0.000	0.100	99.900	0.000	2.610	16.100		长4+5!1^(2_1)
地72-94	2314.875	99.807	115.592	64.793	35.207	16.661	221.485	0.000	0.010	0.000	0.100	99.900	0.000	2.595	16.661		长4+5!1^(2_1)
地72-94	2315.000	101.696	115.329	66.088	33.912	17.476	219.298	0.000	0.010	0.000	0.100	99.900	0.000	2.585	17.476		长4+5!1^(2_1)
地72-94	2315.125	101.728	115.129	67.272	32.728	18.287	216.705	0.000	0.010	0.000	0.100	99.900	0.000	2.584	18.287		长4+5!1^(2_1)
地72-94	2315.250	98.422	114.995	64.296	35.704	18.734	214.137	0.000	0.010	0.000	0.100	99.900	0.000	2.593	18.734		长4+5!1^(2_1)
地72-94	2315.375	94.310	114.988	58.777	41.223	18.660	211.445	0.000	0.010	0.000	0.100	99.900	0.000	2.609	18.660		长4+5!1^(2_1)
地72-94	2315.500	93.970	115.130	56.146	43.854	18.287	208.500	0.000	0.010	0.000	0.100	99.900	0.000	2.623	18.287		长4+5!1^(2_1)
地72-94	2315.625	99.440	115.390	60.665	39.335	18.261	205.889	0.000	0.010	0.000	0.100	99.900	0.000	2.629	18.261		长4+5!1^(2_1)
地72-94	2315.750	107.219	115.741	71.223	28.777	18.930	204.706	0.000	0.010	0.000	0.100	99.900	0.000	2.622	18.930		长4+5!1^(2_1)
地72-94	2315.875	111.102	116.168	80.220	19.780	19.854	205.967	0.000	0.010	0.000	0.100	99.900	0.000	2.601	19.854		长4+5!1^(2_1)
地72-94	2316.000	107.694	116.627	79.358	20.642	20.418	209.340	0.000	0.010	0.000	0.100	99.900	0.000	2.575	20.418		长4+5!1^(2_1)
地72-94	2316.125	102.258	117.070	71.665	28.335	20.205	213.760	0.000	0.010	0.000	0.100	99.900	0.000	2.551	20.205		长4+5!1^(2_1)
地72-94	2316.250	100.218	117.496	66.235	33.765	19.327	218.522	0.000	0.010	0.000	0.100	99.900	0.000	2.535	19.327		长4+5!1^(2_1)
地72-94	2316.375	102.818	117.953	67.388	32.612	18.313	223.827	0.000	0.010	0.000	0.100	99.900	0.000	2.531	18.313		长4+5!1^(2_1)
地72-94	2316.500	107.520	118.447	73.605	26.395	17.430	229.678	0.000	0.010	0.000	0.100	99.900	0.000	2.537	17.430		长4+5!1^(2_1)
地72-94	2316.625	112.437	118.922	81.872	18.128	16.645	234.826	0.000	0.010	0.000	0.100	99.900	0.000	2.548	16.645		长4+5!1^(2_1)
地72-94	2316.750	115.400	119.316	88.661	11.339	16.066	237.654	0.000	0.010	0.000	0.100	99.900	0.000	2.560	16.066		长4+5!1^(2_1)
地72-94	2316.875	113.958	119.621	89.243	10.757	15.645	237.586	0.000	0.010	0.000	0.100	99.900	0.000	2.569	15.645		长4+5!1^(2_1)
地72-94	2317.000	108.802	119.905	82.590	17.410	15.316	235.764	0.000	0.010	0.000	0.100	99.900	0.000	2.575	15.316		长4+5!1^(2_1)
地72-94	2317.125	105.078	120.199	75.126	24.874	14.973	234.524	0.000	0.010	0.000	0.100	99.900	0.000	2.581	14.973		长4+5!1^(2_1)
地72-94	2317.250	104.165	120.440	71.734	28.266	14.514	234.651	0.000	0.010	0.000	0.100	99.900	0.000	2.586	14.514		长4+5!1^(2_1)
地72-94	2317.375	103.523	120.527	70.524	29.476	13.911	235.061	0.000	0.010	0.000	0.100	99.900	0.000	2.589	13.911		长4+5!1^(2_1)
地72-94	2317.500	100.759	120.460	67.527	32.473	13.279	234.230	0.000	0.010	0.000	0.100	99.900	0.000	2.590	13.279		长4+5!1^(2_1)
地72-94	2317.625	96.166	120.329	61.741	38.259	13.000	231.627	0.000	0.010	0.000	0.100	99.900	0.000	2.587	13.000		长4+5!1^(2_1)
地72-94	2317.750	92.792	120.203	56.225	43.775	13.194	228.926	0.000	0.010	0.000	0.100	99.900	0.000	2.582	13.194		长4+5!1^(2_1)
地72-94	2317.875	93.163	120.089	54.654	45.346	13.485	227.625	0.000	0.010	0.000	0.100	99.900	0.000	2.577	13.485		长4+5!1^(2_1)
地72-94	2318.000	97.558	119.946	58.559	41.441	13.516	228.260	0.000	0.010	0.000	0.100	99.900	0.000	2.577	13.516		长4+5!1^(2_1)
地72-94	2318.125	104.645	119.739	67.558	32.442	13.192	229.567	0.000	0.010	0.000	0.100	99.900	0.000	2.585	13.192		长4+5!1^(2_1)
地72-94	2318.250	108.548	119.475	75.826	24.174	12.735	229.333	0.000	0.010	0.000	0.100	99.900	0.000	2.599	12.735		长4+5!1^(2_1)
地72-94	2318.375	107.737	119.188	77.606	22.394	12.270	226.774	0.000	0.010	0.000	0.100	99.900	0.000	2.614	12.270		长4+5!1^(2_1)
地72-94	2318.500	104.080	118.896	73.425	26.575	11.978	222.869	0.000	0.010	0.000	0.100	99.900	0.000	2.623	11.978		长4+5!1^(2_1)
地72-94	2318.625	100.969	118.594	68.077	31.923	12.049	220.640	0.000	0.010	0.000	0.100	99.900	0.000	2.620	12.049		长4+5!1^(2_1)
地72-94	2318.750	99.209	118.249	64.527	35.473	12.247	222.475	0.000	0.010	0.000	0.100	99.900	0.000	2.602	12.247		长4+5!1^(2_1)
地72-94	2318.875	100.393	117.821	64.531	35.469	12.348	229.459	0.000	0.010	0.000	0.100	99.900	0.000	2.571	12.348		长4+5!1^(2_1)
地72-94	2319.000	106.564	117.325	71.138	28.862	12.125	241.061	0.000	0.010	0.000	0.100	99.900	0.000	2.536	12.125		长4+5!1^(2_1)
地72-94	2319.125	116.423	116.848	85.734	14.266	11.669	254.808	0.000	0.010	0.000	0.100	99.900	0.000	2.507	11.669		长4+5!1^(2_1)
地72-94	2319.250	123.946	116.501	97.078	2.922	11.269	267.015	0.000	0.010	0.000	0.100	99.900	0.000	2.489	11.269		长4+5!1^(2_1)
地72-94	2319.375	126.282	116.336	99.900	0.100	10.708	275.610	0.000	0.010	0.000	0.100	99.900	0.000	2.486	10.708		长4+5!1^(2_1)
地72-94	2319.500	125.556	116.330	99.900	0.100	9.820	279.982	0.000	0.010	0.000	0.100	99.900	0.000	2.493	9.820		长4+5!1^(2_1)
地72-94	2319.625	124.078	116.490	99.900	0.100	9.057	280.038	0.000	0.010	0.000	0.100	99.900	0.000	2.504	9.057		长4+5!1^(2_1)
地72-94	2319.750	121.284	116.840	99.900	0.100	8.690	277.022	0.000	0.010	0.000	0.100	99.900	0.000	2.515	8.690		长4+5!1^(2_1)
地72-94	2319.875	115.110	117.264	94.159	5.841	8.567	271.375	0.000	0.010	0.000	0.100	99.900	0.000	2.525	8.567		长4+5!1^(2_1)
地72-94	2320.000	106.803	117.568	81.420	18.580	8.574	263.831	0.000	0.010	0.000	0.100	99.900	0.000	2.533	8.574		长4+5!1^(2_1)
地72-94	2320.125	102.204	117.676	71.012	28.988	8.703	256.148	0.000	0.010	0.000	0.100	99.900	0.000	2.542	8.703		长4+5!1^(2_1)
地72-94	2320.250	103.258	117.642	69.027	30.973	9.008	251.275	0.000	0.010	0.000	0.100	99.900	0.000	2.550	9.008		长4+5!1^(2_1)
地72-94	2320.375	108.159	117.528	74.535	25.465	9.317	251.594	0.000	0.010	0.000	0.100	99.900	0.000	2.555	9.317		长4+5!1^(2_2)
地72-94	2320.500	114.093	117.360	84.146	15.854	9.567	257.931	0.000	0.010	0.000	0.100	99.900	0.000	2.555	9.567		长4+5!1^(2_2)
地72-94	2320.625	120.942	117.141	95.297	4.703	9.762	268.847	0.000	0.010	0.000	0.100	99.900	0.000	2.549	9.762		长4+5!1^(2_2)
地72-94	2320.750	130.822	116.885	99.900	0.100	9.886	278.973	0.000	0.010	0.000	0.100	99.900	0.000	2.541	9.886		长4+5!1^(2_2)
地72-94	2320.875	142.012	116.654	99.900	0.100	10.083	283.679	0.000	0.010	0.000	0.100	99.900	0.000	2.536	10.083		长4+5!1^(2_2)
地72-94	2321.000	147.809	116.463	99.900	0.100	10.348	279.935	0.000	0.010	0.000	0.100	99.900	0.000	2.538	10.348		长4+5!1^(2_2)
地72-94	2321.125	141.039	116.222	99.900	0.100	10.716	267.077	0.000	0.010	0.000	0.100	99.900	0.000	2.547	10.716		长4+5!1^(2_2)
地72-94	2321.250	125.297	115.797	99.900	0.100	11.036	251.100	0.000	0.010	0.000	0.100	99.900	0.000	2.560	11.036		长4+5!1^(2_2)
地72-94	2321.375	108.016	115.164	86.484	13.516	11.278	236.982	0.000	0.010	0.000	0.100	99.900	0.000	2.572	11.278		长4+5!1^(2_2)
地72-94	2321.500	95.807	114.514	48.849	51.151	11.719	227.885	0.132	0.777	8.226	7.010	82.975	0.561	2.580	11.719		长4+5!1^(2_2)
地72-94	2321.625	93.358	114.013	28.565	71.435	12.408	225.010	0.130	1.226	8.181	11.458	71.221	0.538	2.583	12.408	干层	长4+5!1^(2_2)
地72-94	2321.750	96.053	113.577	28.849	71.151	13.197	225.558	0.116	1.251	7.958	11.378	69.470	0.514	2.583	13.197	干层	长4+5!1^(2_2)
地72-94	2321.875	98.637	112.878	30.686	69.314	13.741	227.349	0.112	1.393	7.875	11.503	67.440	0.499	2.581	13.741	干层	长4+5!1^(2_2)
地72-94	2322.000	99.339	111.777	31.823	68.177	13.977	228.513	0.114	1.522	7.924	11.641	66.196	0.492	2.577	13.977	干层	长4+5!1^(2_2)
地72-94	2322.125	97.378	110.494	31.245	68.755	14.062	227.801	0.122	1.534	8.054	11.644	65.974	0.490	2.573	14.062	干层	长4+5!1^(2_2)
地72-94	2322.250	94.567	109.374	29.510	70.490	14.019	226.347	0.130	1.442	8.195	11.532	66.620	0.491	2.565	14.019	干层	长4+5!1^(2_2)
地72-94	2322.375	92.112	108.631	27.795	72.205	14.057	225.945	0.145	1.385	8.408	11.452	66.920	0.490	2.555	14.057	干层	长4+5!1^(2_2)
地72-94	2322.500	92.594	108.081	27.490	72.510	14.543	227.778	0.155	1.507	8.549	11.543	65.375	0.477	2.545	14.543	干层	长4+5!1^(2_2)
地72-94	2322.625	97.371	107.345	29.780	70.220	15.138	231.316	0.146	1.817	8.421	11.820	62.808	0.463	2.539	15.138	干层	长4+5!1^(2_2)
地72-94	2322.750	100.664	106.184	32.709	67.291	15.627	233.903	0.141	2.167	8.347	12.108	60.568	0.452	2.539	15.627	干层	长4+5!1^(2_2)
地72-94	2322.875	97.972	104.793	32.625	67.375	15.875	233.618	0.159	2.290	8.598	12.192	59.730	0.447	2.548	15.875	干层	长4+5!1^(2_2)
地72-94	2323.000	89.377	103.699	28.402	71.598	15.832	230.075	0.206	2.054	9.123	11.975	60.737	0.447	2.562	15.832	干层	长4+5!1^(2_2)
地72-94	2323.125	81.692	103.201	23.155	76.845	15.644	224.477	0.229	1.606	9.339	11.512	63.189	0.451	2.575	15.644	干层	长4+5!1^(2_2)
地72-94	2323.250	76.356	103.179	19.290	80.710	15.473	219.242	0.230	1.197	9.349	10.990	66.070	0.455	2.583	15.473	干层	长4+5!1^(2_2)
地72-94	2323.375	70.803	103.416	16.286	83.714	15.775	215.558	0.253	0.958	9.543	10.572	67.594	0.448	2.583	15.775	干层	长4+5!1^(2_2)
地72-94	2323.500	66.176	103.846	13.869	86.131	16.843	213.775	0.292	0.883	9.838	10.326	66.754	0.426	2.578	16.843	干层	长4+5!1^(2_2)
地72-94	2323.625	66.738	104.469	13.176	86.824	18.057	214.017	0.288	0.917	9.805	10.270	64.751	0.405	2.571	18.057	干层	长4+5!1^(2_2)
地72-94	2323.750	72.385	105.220	14.807	85.193	18.532	215.564	0.233	0.999	9.379	10.370	63.379	0.397	2.566	18.532	干层	长4+5!1^(2_2)
地72-94	2323.875	78.754	105.970	17.740	82.260	18.320	217.778	0.189	1.102	8.947	10.559	62.784	0.401	2.566	18.320	干层	长4+5!1^(2_2)
地72-94	2324.000	81.682	106.636	20.027	79.973	17.586	219.901	0.181	1.191	8.863	10.768	63.037	0.414	2.570	17.586	干层	长4+5!1^(2_2)
地72-94	2324.125	80.079	107.261	20.299	79.701	16.467	221.208	0.210	1.218	9.166	10.926	64.358	0.434	2.574	16.467	干层	长4+5!1^(2_2)
地72-94	2324.250	77.082	107.983	19.165	80.835	15.717	221.504	0.249	1.208	9.509	10.994	65.506	0.449	2.578	15.717	干层	长4+5!1^(2_2)
地72-94	2324.375	75.682	108.908	18.143	81.857	15.620	220.781	0.258	1.181	9.579	10.964	65.862	0.451	2.579	15.620	干层	长4+5!1^(2_2)
地72-94	2324.500	75.826	109.967	17.813	82.187	15.890	219.531	0.240	1.136	9.434	10.863	65.813	0.446	2.577	15.890	干层	长4+5!1^(2_2)
地72-94	2324.625	76.998	111.056	18.115	81.885	16.092	219.388	0.224	1.114	9.297	10.806	65.685	0.442	2.575	16.092	干层	长4+5!1^(2_2)
地72-94	2324.750	81.558	112.174	19.842	80.158	16.025	221.858	0.000	1.200	0.000	10.944	65.127	0.000	2.574	16.025	干层	长4+5!1^(2_2)
地72-94	2324.875	87.677	113.411	36.955	63.045	15.686	227.376	0.000	0.510	0.000	4.480	85.840	0.000	2.576	15.686		长4+5!1^(2_2)
地72-94	2325.000	94.684	114.437	53.247	46.753	15.058	234.839	0.000	0.010	0.000	0.100	99.900	0.000	2.578	15.058		长4+5!1^(2_2)
地72-94	2325.125	101.617	115.290	63.047	36.953	14.420	241.656	0.000	0.010	0.000	0.100	99.900	0.000	2.580	14.420		长4+5!1^(2_2)
地72-94	2325.250	107.016	116.361	72.344	27.656	14.213	245.716	0.000	0.010	0.000	0.100	99.900	0.000	2.579	14.213		长4+5!1^(2_2)
地72-94	2325.375	109.349	117.245	78.227	21.773	14.336	246.676	0.000	0.010	0.000	0.100	99.900	0.000	2.575	14.336		长4+5!1^(2_2)
地72-94	2325.500	105.585	117.641	76.004	23.996	14.536	245.853	0.000	0.010	0.000	0.100	99.900	0.000	2.568	14.536		长4+5!1^(2_2)
地72-94	2325.625	99.402	117.709	67.635	32.365	14.626	246.168	0.000	0.010	0.000	0.100	99.900	0.000	2.561	14.626		长4+5!1^(2_2)
地72-94	2325.750	96.887	117.617	61.538	38.462	14.567	249.817	0.000	0.010	0.000	0.100	99.900	0.000	2.554	14.567		长4+5!1^(2_2)
地72-94	2325.875	101.524	117.436	64.207	35.793	14.514	256.776	0.000	0.010	0.000	0.100	99.900	0.000	2.548	14.514		长4+5!1^(2_2)
地72-94	2326.000	110.039	117.167	75.406	24.594	14.542	264.469	0.000	0.010	0.000	0.100	99.900	0.000	2.544	14.542		长4+5!1^(2_2)
地72-94	2326.125	116.614	116.797	88.343	11.657	14.610	267.614	0.000	0.010	0.000	0.100	99.900	0.000	2.543	14.610		长4+5!1^(2_2)
地72-94	2326.250	118.715	116.315	95.720	4.280	14.628	263.708	0.000	0.010	0.000	0.100	99.900	0.000	2.543	14.628		长4+5!1^(2_2)
地72-94	2326.375	113.457	115.752	91.289	8.711	14.632	253.569	0.000	0.010	0.000	0.100	99.900	0.000	2.548	14.632		长4+5!1^(2_2)
地72-94	2326.500	101.070	115.225	74.661	25.339	14.697	241.052	0.000	0.010	0.000	0.100	99.900	0.000	2.554	14.697		长4+5!1^(2_2)
地72-94	2326.625	91.497	114.864	58.089	41.911	14.699	231.667	0.000	0.010	0.000	0.100	99.900	0.000	2.562	14.699		长4+5!1^(2_2)
地72-94	2326.750	91.876	114.750	52.923	47.077	14.440	227.247	0.000	0.010	0.000	0.100	99.900	0.000	2.569	14.440		长4+5!1^(2_2)
地72-94	2326.875	98.860	114.892	59.012	40.988	13.971	226.750	0.000	0.010	0.000	0.100	99.900	0.000	2.574	13.971		长4+5!1^(2_2)
地72-94	2327.000	105.618	115.188	69.276	30.724	13.537	227.919	0.000	0.010	0.000	0.100	99.900	0.000	2.578	13.537		长4+5!1^(2_2)
地72-94	2327.125	107.803	115.524	75.698	24.302	13.380	228.603	0.000	0.010	0.000	0.100	99.900	0.000	2.580	13.380		长4+5!1^(2_2)
地72-94	2327.250	106.607	115.862	75.953	24.047	13.514	228.000	0.000	0.010	0.000	0.100	99.900	0.000	2.582	13.514		长4+5!1^(2_2)
地72-94	2327.375	103.321	116.196	71.936	28.064	13.864	226.194	0.000	0.010	0.000	0.100	99.900	0.000	2.583	13.864		长4+5!1^(2_3)
地72-94	2327.500	99.529	116.520	66.283	33.717	14.240	223.764	0.000	0.010	0.000	0.100	99.900	0.000	2.584	14.240		长4+5!1^(2_3)
地72-94	2327.625	95.938	116.865	60.802	39.198	14.354	221.689	0.000	0.010	0.000	0.100	99.900	0.000	2.584	14.354		长4+5!1^(2_3)
地72-94	2327.750	93.165	117.292	56.399	43.601	14.261	220.708	0.000	0.010	0.000	0.100	99.900	0.000	2.581	14.261		长4+5!1^(2_3)
地72-94	2327.875	92.668	117.801	54.454	45.546	14.137	221.002	0.000	0.010	0.000	0.100	99.900	0.000	2.575	14.137		长4+5!1^(2_3)
地72-94	2328.000	95.312	118.292	56.366	43.634	14.076	222.273	0.000	0.010	0.000	0.100	99.900	0.000	2.566	14.076		长4+5!1^(2_3)
地72-94	2328.125	100.015	118.676	61.929	38.071	14.249	224.518	0.000	0.010	0.000	0.100	99.900	0.000	2.558	14.249		长4+5!1^(2_3)
地72-94	2328.250	102.545	118.944	67.007	32.993	14.762	228.397	0.000	0.010	0.000	0.100	99.900	0.000	2.554	14.762		长4+5!1^(2_3)
地72-94	2328.375	102.426	119.135	68.454	31.546	15.360	234.863	0.000	0.010	0.000	0.100	99.900	0.000	2.558	15.360		长4+5!1^(2_3)
地72-94	2328.500	104.143	119.318	70.015	29.985	15.745	243.637	0.000	0.010	0.000	0.100	99.900	0.000	2.570	15.745		长4+5!1^(2_3)
地72-94	2328.625	111.953	119.540	79.111	20.889	15.745	251.789	0.000	0.010	0.000	0.100	99.900	0.000	2.588	15.745		长4+5!1^(2_3)
地72-94	2328.750	119.732	119.820	93.448	6.552	15.380	255.529	0.000	0.010	0.000	0.100	99.900	0.000	2.607	15.380		长4+5!1^(2_3)
地72-94	2328.875	121.930	120.132	99.720	0.280	14.901	252.941	0.000	0.010	0.000	0.100	99.900	0.000	2.622	14.901		长4+5!1^(2_3)
地72-94	2329.000	119.174	120.408	98.949	1.051	14.714	244.838	0.000	0.010	0.000	0.100	99.900	0.000	2.630	14.714		长4+5!1^(2_3)
地72-94	2329.125	115.827	120.579	94.348	5.652	14.917	234.770	0.000	0.010	0.000	0.100	99.900	0.000	2.631	14.917		长4+5!1^(2_3)
地72-94	2329.250	114.867	120.617	90.599	9.401	15.274	227.588	0.000	0.010	0.000	0.100	99.900	0.000	2.625	15.274		长4+5!1^(2_3)
地72-94	2329.375	117.998	120.542	93.513	6.487	15.461	225.798	0.000	0.010	0.000	0.100	99.900	0.000	2.617	15.461		长4+5!1^(2_3)
地72-94	2329.500	123.526	120.438	98.319	1.681	15.327	229.669	0.000	0.010	0.000	0.100	99.900	0.000	2.610	15.327		长4+5!1^(2_3)
地72-94	2329.625	127.632	120.402	99.900	0.100	14.689	237.769	0.000	0.010	0.000	0.100	99.900	0.000	2.602	14.689		长4+5!1^(2_3)
地72-94	2329.750	128.446	120.451	99.900	0.100	14.001	246.774	0.000	0.010	0.000	0.100	99.900	0.000	2.593	14.001		长4+5!1^(2_3)
地72-94	2329.875	125.260	120.510	99.900	0.100	13.855	255.618	0.000	0.010	0.000	0.100	99.900	0.000	2.577	13.855		长4+5!1^(2_3)
地72-94	2330.000	119.698	120.523	99.589	0.411	14.228	264.959	0.000	0.010	0.000	0.100	99.900	0.000	2.554	14.228		长4+5!1^(2_3)
地72-94	2330.125	116.596	120.504	95.668	4.332	14.854	275.597	0.000	0.010	0.000	0.100	99.900	0.000	2.529	14.854		长4+5!1^(2_3)
地72-94	2330.250	119.363	120.472	96.492	3.508	15.548	285.059	0.000	0.010	0.000	0.100	99.900	0.000	2.508	15.548		长4+5!1^(2_3)
地72-94	2330.375	122.505	120.410	99.419	0.581	16.065	288.813	0.000	0.010	0.000	0.100	99.900	0.000	2.497	16.065		长4+5!1^(2_3)
地72-94	2330.500	118.517	120.297	98.154	1.846	16.331	283.208	0.000	0.010	0.000	0.100	99.900	0.000	2.500	16.331		长4+5!1^(2_3)
地72-94	2330.625	106.234	120.145	83.519	16.481	16.495	268.512	0.000	0.010	0.000	0.100	99.900	0.000	2.510	16.495		长4+5!1^(2_3)
地72-94	2330.750	95.120	119.992	64.349	35.651	16.616	253.577	0.000	0.010	0.000	0.100	99.900	0.000	2.522	16.616		长4+5!1^(2_3)
地72-94	2330.875	92.993	119.909	55.797	44.203	16.902	245.740	0.000	0.010	0.000	0.100	99.900	0.000	2.529	16.902		长4+5!1^(2_3)
地72-94	2331.000	100.731	119.927	61.300	38.700	17.286	247.786	0.000	0.010	0.000	0.100	99.900	0.000	2.529	17.286		长4+5!1^(2_3)
地72-94	2331.125	111.235	120.001	76.194	23.806	17.501	256.195	0.000	0.010	0.000	0.100	99.900	0.000	2.526	17.501		长4+5!1^(2_3)
地72-94	2331.250	115.682	120.049	88.114	11.886	17.455	262.218	0.000	0.010	0.000	0.100	99.900	0.000	2.525	17.455		长4+5!1^(2_3)
地72-94	2331.375	114.129	120.012	89.652	10.348	17.177	261.316	0.000	0.010	0.000	0.100	99.900	0.000	2.530	17.177		长4+5!1^(2_3)
地72-94	2331.500	110.766	119.864	84.785	15.215	16.781	253.456	0.000	0.010	0.000	0.100	99.900	0.000	2.541	16.781		长4+5!1^(2_3)
地72-94	2331.625	107.725	119.572	79.149	20.851	16.402	242.205	0.000	0.010	0.000	0.100	99.900	0.000	2.552	16.402		长4+5!1^(2_3)
地72-94	2331.750	102.631	119.079	72.036	27.964	16.174	232.470	0.000	0.010	0.000	0.100	99.900	0.000	2.559	16.174		长4+5!1^(2_3)
地72-94	2331.875	95.721	118.400	62.524	37.476	16.357	226.194	0.000	0.010	0.000	0.100	99.900	0.000	2.558	16.357		长4+5!1^(2_3)
地72-94	2332.000	90.792	117.690	54.378	45.622	17.049	223.445	0.000	0.010	0.000	0.100	99.900	0.000	2.550	17.049		长4+5!1^(2_3)
地72-94	2332.125	92.490	117.092	53.043	46.957	17.924	223.358	0.000	0.010	0.000	0.100	99.900	0.000	2.540	17.924		长4+5!1^(2_3)
地72-94	2332.250	96.659	116.625	57.416	42.584	18.553	224.081	0.000	0.010	0.000	0.100	99.900	0.000	2.534	18.553		长4+5!1^(2_3)
地72-94	2332.375	95.755	116.230	58.962	41.038	18.890	224.621	0.000	0.010	0.000	0.100	99.900	0.000	2.534	18.890		长4+5!1^(2_3)
地72-94	2332.500	87.808	115.833	52.107	47.893	19.067	224.362	0.000	0.010	0.000	0.100	99.900	0.000	2.539	19.067		长4+5!1^(2_3)
地72-94	2332.625	79.827	115.404	42.240	57.760	19.120	223.294	0.000	0.010	0.000	0.100	99.900	0.000	2.547	19.120		长4+5!1^(2_3)
地72-94	2332.750	78.107	114.955	37.353	62.647	19.291	222.182	0.000	0.010	0.000	0.100	99.900	0.000	2.552	19.291		长4+5!1^(2_3)
地72-94	2332.875	80.453	114.556	38.144	61.856	19.711	221.496	0.000	0.010	0.000	0.100	99.900	0.000	2.554	19.711		长4+5!1^(2_3)
地72-94	2333.000	82.269	114.271	40.408	59.592	20.303	221.242	0.000	0.010	0.000	0.100	99.900	0.000	2.555	20.303		长4+5!1^(2_3)
地72-94	2333.125	80.410	114.090	39.970	60.030	20.852	220.727	0.000	0.010	0.000	0.100	99.900	0.000	2.557	20.852		长4+5!1^(2_3)
地72-94	2333.250	75.267	113.936	35.817	64.183	21.002	219.157	0.000	0.010	0.000	0.100	99.900	0.000	2.564	21.002		长4+5!1^(2_3)
地72-94	2333.375	68.512	113.740	29.641	70.359	20.806	216.201	0.000	0.010	0.000	0.100	99.900	0.000	2.577	20.806		长4+5!1^(2_3)
地72-94	2333.500	63.370	113.537	24.238	75.762	20.503	212.173	0.000	0.010	0.000	0.100	99.900	0.000	2.593	20.503		长4+5!1^(2_3)
地72-94	2333.625	63.242	113.418	22.333	77.667	20.254	207.893	0.000	0.010	0.000	0.100	99.900	0.000	2.608	20.254		长4+5!1^(2_3)
地72-94	2333.750	66.104	113.441	23.793	76.207	20.352	203.926	0.000	0.010	0.000	0.100	99.900	0.000	2.617	20.352		长4+5!1^(2_3)
地72-94	2333.875	69.229	113.599	26.515	73.485	20.654	200.250	0.000	0.010	0.000	0.100	99.900	0.000	2.621	20.654		长4+5!1^(2_3)
地72-94	2334.000	69.951	113.824	28.072	71.928	20.982	196.863	0.000	0.010	0.000	0.100	99.900	0.000	2.621	20.982		长4+5!1^(2_3)
地72-94	2334.125	67.419	114.082	26.931	73.069	21.141	194.260	0.000	0.010	0.000	0.100	99.900	0.000	2.621	21.141		长4+5!1^(2_3)
地72-94	2334.250	64.867	114.398	24.615	75.385	20.979	192.943	0.000	0.010	0.000	0.100	99.900	0.000	2.620	20.979		长4+5!1^(2_3)
地72-94	2334.375	64.913	114.826	23.724	76.276	20.489	193.783	0.000	0.010	0.000	0.100	99.900	0.000	2.611	20.489		长4+5!1^(2_3)
地72-94	2334.500	68.918	115.340	25.917	74.083	19.852	198.283	0.000	0.010	0.000	0.100	99.900	0.000	2.588	19.852		长4+5!1^(2_3)
地72-94	2334.625	74.073	115.841	30.380	69.620	19.507	209.592	0.000	0.010	0.000	0.100	99.900	0.000	2.550	19.507		长4+5!2^(1_1)
地72-94	2334.750	83.017	116.244	38.209	61.791	19.351	227.685	0.000	0.010	0.000	0.100	99.900	0.000	2.504	19.351		长4+5!2^(1_1)
地72-94	2334.875	100.237	116.511	55.834	44.166	18.982	250.124	0.000	0.010	0.000	0.100	99.900	0.000	2.461	18.982		长4+5!2^(1_1)
地72-94	2335.000	123.076	116.685	85.929	14.071	18.133	271.230	0.000	0.010	0.000	0.100	99.900	0.000	2.437	18.133		长4+5!2^(1_1)
地72-94	2335.125	137.167	116.842	99.900	0.100	17.013	282.396	0.000	0.010	0.000	0.100	99.900	0.000	2.437	17.013		长4+5!2^(1_1)
地72-94	2335.250	134.521	117.052	99.900	0.100	15.817	281.942	0.000	0.010	0.000	0.100	99.900	0.000	2.459	15.817		长4+5!2^(1_1)
地72-94	2335.375	120.924	117.372	99.900	0.100	14.676	272.415	0.000	0.010	0.000	0.100	99.900	0.000	2.495	14.676		长4+5!2^(1_1)
地72-94	2335.500	107.984	117.808	86.451	13.549	13.807	259.107	0.000	0.010	0.000	0.100	99.900	0.000	2.536	13.807		长4+5!2^(1_1)
地72-94	2335.625	101.012	118.350	70.706	29.294	13.143	247.689	0.000	0.010	0.000	0.100	99.900	0.000	2.572	13.143		长4+5!2^(1_1)
地72-94	2335.750	96.143	118.978	61.877	38.123	12.684	240.127	0.000	0.010	0.000	0.100	99.900	0.000	2.599	12.684		长4+5!2^(1_1)
地72-94	2335.875	91.825	119.590	55.434	44.566	12.525	235.728	0.000	0.010	0.000	0.100	99.900	0.000	2.615	12.525		长4+5!2^(1_1)
地72-94	2336.000	90.963	120.081	52.372	47.628	12.469	233.007	0.000	0.010	0.000	0.100	99.900	0.000	2.622	12.469		长4+5!2^(1_1)
地72-94	2336.125	93.548	120.452	53.993	46.007	12.411	230.862	0.000	0.010	0.000	0.100	99.900	0.000	2.624	12.411		长4+5!2^(1_1)
地72-94	2336.250	93.518	120.778	55.355	44.645	12.350	229.043	0.000	0.010	0.000	0.100	99.900	0.000	2.621	12.350		长4+5!2^(1_1)
地72-94	2336.375	92.020	121.139	54.126	45.874	12.350	227.946	0.000	0.010	0.000	0.100	99.900	0.000	2.617	12.350		长4+5!2^(1_1)
地72-94	2336.500	91.942	121.543	53.253	46.747	12.449	227.889	0.000	0.010	0.000	0.100	99.900	0.000	2.613	12.449		长4+5!2^(1_1)
地72-94	2336.625	93.128	121.938	54.169	45.831	12.561	228.329	0.000	0.010	0.000	0.100	99.900	0.000	2.607	12.561		长4+5!2^(1_1)
地72-94	2336.750	91.661	122.258	53.627	46.373	12.692	227.583	0.000	0.010	0.000	0.100	99.900	0.000	2.600	12.692		长4+5!2^(1_1)
地72-94	2336.875	86.944	122.457	49.217	50.783	12.951	224.563	0.000	0.010	0.000	0.100	99.900	0.000	2.593	12.951		长4+5!2^(1_1)
地72-94	2337.000	82.992	122.549	43.961	56.039	13.265	219.739	0.000	0.010	0.000	0.100	99.900	0.000	2.586	13.265		长4+5!2^(1_1)
地72-94	2337.125	82.858	122.575	41.973	58.027	13.587	215.593	0.000	0.010	0.000	0.100	99.900	0.000	2.582	13.587		长4+5!2^(1_1)
地72-94	2337.250	84.768	122.581	43.258	56.742	13.908	214.436	0.000	0.010	0.000	0.100	99.900	0.000	2.581	13.908		长4+5!2^(1_1)
地72-94	2337.375	86.203	122.617	45.196	54.804	14.178	216.736	0.000	0.010	0.000	0.100	99.900	0.000	2.585	14.178		长4+5!2^(1_1)
地72-94	2337.500	85.512	122.705	45.387	54.613	14.275	221.244	0.000	0.010	0.000	0.100	99.900	0.000	2.591	14.275		长4+5!2^(1_1)
地72-94	2337.625	83.640	122.813	43.715	56.285	14.237	225.555	0.000	0.010	0.000	0.100	99.900	0.000	2.595	14.237		长4+5!2^(1_1)
地72-94	2337.750	82.907	122.880	42.311	57.689	14.217	228.063	0.000	0.010	0.000	0.100	99.900	0.000	2.595	14.217		长4+5!2^(1_1)
地72-94	2337.875	85.047	122.827	43.481	56.519	14.272	228.619	0.000	0.010	0.000	0.100	99.900	0.000	2.592	14.272		长4+5!2^(1_1)
地72-94	2338.000	87.865	122.641	46.562	53.438	14.305	227.808	0.000	0.010	0.000	0.100	99.900	0.000	2.587	14.305		长4+5!2^(1_1)
地72-94	2338.125	89.418	122.381	49.124	50.876	14.250	226.594	0.000	0.010	0.000	0.100	99.900	0.000	2.580	14.250		长4+5!2^(1_1)
地72-94	2338.250	90.281	122.139	50.579	49.421	14.139	226.479	0.000	0.010	0.000	0.100	99.900	0.000	2.572	14.139		长4+5!2^(1_1)
地72-94	2338.375	92.075	121.967	52.443	47.557	14.051	228.940	0.000	0.010	0.000	0.100	99.900	0.000	2.563	14.051		长4+5!2^(1_1)
地72-94	2338.500	94.962	121.792	55.754	44.246	14.020	234.933	0.000	0.010	0.000	0.100	99.900	0.000	2.552	14.020		长4+5!2^(1_1)
地72-94	2338.625	98.703	121.498	60.558	39.442	13.827	244.029	0.000	0.010	0.000	0.100	99.900	0.000	2.543	13.827		长4+5!2^(1_1)
地72-94	2338.750	102.626	121.049	66.298	33.702	13.542	252.703	0.000	0.010	0.000	0.100	99.900	0.000	2.537	13.542		长4+5!2^(1_1)
地72-94	2338.875	105.203	120.529	71.171	28.829	13.228	257.564	0.000	0.010	0.000	0.100	99.900	0.000	2.539	13.228		长4+5!2^(1_1)
地72-94	2339.000	105.142	120.064	72.765	27.235	12.955	256.328	0.000	0.010	0.000	0.100	99.900	0.000	2.550	12.955		长4+5!2^(1_1)
地72-94	2339.125	100.547	119.710	68.379	31.621	12.877	248.028	0.000	0.010	0.000	0.100	99.900	0.000	2.569	12.877		长4+5!2^(1_1)
地72-94	2339.250	92.025	119.418	58.189	41.811	12.875	235.977	0.000	0.010	0.000	0.100	99.900	0.000	2.591	12.875		长4+5!2^(1_1)
地72-94	2339.375	81.124	119.076	45.291	54.709	13.230	222.893	0.000	0.010	0.000	0.100	99.900	0.000	2.609	13.230		长4+5!2^(1_1)
地72-94	2339.500	69.877	118.664	32.941	67.059	14.177	211.105	0.000	0.010	0.000	0.100	99.900	0.000	2.618	14.177		长4+5!2^(1_1)
地72-94	2339.625	61.827	118.261	23.967	76.033	15.140	202.783	0.000	0.010	0.000	0.100	99.900	0.000	2.618	15.140		长4+5!2^(1_1)
地72-94	2339.750	57.563	117.921	19.016	80.984	16.107	198.413	0.000	0.010	0.000	0.100	99.900	0.000	2.610	16.107		长4+5!2^(1_1)
地72-94	2339.875	57.200	117.633	17.460	82.540	16.955	198.602	0.000	0.010	0.000	0.100	99.900	0.000	2.599	16.955		长4+5!2^(1_1)
地72-94	2340.000	62.880	117.384	20.125	79.875	17.508	203.728	0.000	0.010	0.000	0.100	99.900	0.000	2.590	17.508		长4+5!2^(1_1)
地72-94	2340.125	76.290	117.221	29.590	70.410	17.687	214.036	0.000	0.010	0.000	0.100	99.900	0.000	2.582	17.687		长4+5!2^(1_1)
地72-94	2340.250	92.062	117.174	45.885	54.115	17.278	226.753	0.000	0.010	0.000	0.100	99.900	0.000	2.577	17.278		长4+5!2^(1_1)
地72-94	2340.375	104.188	117.145	64.049	35.951	16.497	238.848	0.000	0.010	0.000	0.100	99.900	0.000	2.572	16.497		长4+5!2^(1_1)
地72-94	2340.500	110.812	116.990	77.910	22.090	15.786	247.199	0.000	0.010	0.000	0.100	99.900	0.000	2.565	15.786		长4+5!2^(1_1)
地72-94	2340.625	111.756	116.661	83.421	16.579	15.470	249.266	0.000	0.010	0.000	0.100	99.900	0.000	2.558	15.470		长4+5!2^(1_1)
地72-94	2340.750	107.666	116.189	79.800	20.200	15.588	247.324	0.000	0.010	0.000	0.100	99.900	0.000	2.552	15.588		长4+5!2^(1_1)
地72-94	2340.875	101.462	115.634	70.904	29.096	15.870	244.205	0.000	0.010	0.000	0.100	99.900	0.000	2.549	15.870		长4+5!2^(1_1)
地72-94	2341.000	99.289	115.086	64.903	35.097	16.070	242.249	0.000	0.010	0.000	0.100	99.900	0.000	2.548	16.070		长4+5!2^(1_1)
地72-94	2341.125	102.844	114.571	66.853	33.147	16.118	242.115	0.000	0.010	0.000	0.100	99.900	0.000	2.547	16.118		长4+5!2^(1_1)
地72-94	2341.250	105.617	113.953	71.715	28.285	16.041	242.123	0.000	0.010	0.000	0.100	99.900	0.000	2.545	16.041		长4+5!2^(1_1)
地72-94	2341.375	104.274	112.945	72.192	27.808	16.108	240.801	0.000	0.010	0.000	0.100	99.900	0.000	2.541	16.108		长4+5!2^(1_1)
地72-94	2341.500	100.965	111.526	68.199	31.801	16.489	237.544	0.000	0.010	0.000	0.100	99.900	0.000	2.536	16.489		长4+5!2^(1_1)
地72-94	2341.625	96.920	110.101	62.514	37.486	17.020	232.980	0.000	0.010	0.000	0.100	99.900	0.000	2.531	17.020		长4+5!2^(1_1)
地72-94	2341.750	90.652	109.168	54.953	45.047	17.490	228.908	0.000	0.010	0.000	0.100	99.900	0.000	2.530	17.490		长4+5!2^(1_1)
地72-94	2341.875	86.477	108.928	48.341	51.659	17.883	226.512	0.000	0.010	0.000	0.100	99.900	0.000	2.531	17.883		长4+5!2^(1_1)
地72-94	2342.000	89.766	109.041	48.704	51.296	18.090	226.155	0.000	0.010	0.000	0.100	99.900	0.000	2.535	18.090		长4+5!2^(1_1)
地72-94	2342.125	100.178	109.076	59.089	40.911	17.949	227.216	0.000	0.010	0.000	0.100	99.900	0.000	2.539	17.949		长4+5!2^(1_1)
地72-94	2342.250	106.182	108.818	70.626	29.374	17.748	227.996	0.000	0.010	0.000	0.100	99.900	0.000	2.541	17.748		长4+5!2^(1_1)
地72-94	2342.375	104.324	108.159	72.614	27.386	17.792	227.503	0.000	0.010	0.000	0.100	99.900	0.000	2.541	17.792		长4+5!2^(1_1)
地72-94	2342.500	99.272	107.189	66.695	33.305	18.321	225.705	0.000	0.010	0.000	0.100	99.900	0.000	2.539	18.321		长4+5!2^(1_1)
地72-94	2342.625	96.243	106.162	60.908	39.092	19.162	223.553	0.000	0.010	0.000	0.100	99.900	0.000	2.538	19.162		长4+5!2^(1_2)
地72-94	2342.750	95.595	105.334	58.589	41.411	19.986	221.990	0.000	0.010	0.000	0.100	99.900	0.000	2.540	19.986		长4+5!2^(1_2)
地72-94	2342.875	94.757	104.857	40.190	59.810	20.586	221.058	0.099	0.945	7.624	6.613	74.242	0.369	2.544	20.586		长4+5!2^(1_2)
地72-94	2343.000	93.785	104.614	27.732	72.268	20.910	220.207	0.099	1.537	7.636	10.913	57.147	0.365	2.550	20.910	干层	长4+5!2^(1_2)
地72-94	2343.125	92.105	104.422	26.725	73.275	21.140	218.488	0.099	1.443	7.632	10.780	57.428	0.362	2.554	21.140	干层	长4+5!2^(1_2)
地72-94	2343.250	89.642	104.222	25.168	74.832	21.592	215.389	0.096	1.281	7.565	10.533	57.952	0.356	2.557	21.592	干层	长4+5!2^(1_2)
地72-94	2343.375	86.584	104.043	23.125	76.875	22.508	210.678	0.088	0.489	7.392	10.139	58.632	0.345	2.558	22.508	干层	长4+5!2^(1_2)
地72-94	2343.500	82.957	103.909	20.727	79.273	24.023	204.637	0.078	0.010	7.140	9.605	59.428	0.329	2.560	24.023	干层	长4+5!2^(1_2)
地72-94	2343.625	77.816	103.808	17.873	82.127	25.845	198.394	0.073	0.010	7.025	9.007	60.493	0.312	2.562	25.845	干层	长4+5!2^(1_2)
地72-94	2343.750	71.191	103.709	14.661	85.339	27.519	193.681	0.081	0.010	7.223	8.490	61.603	0.297	2.566	27.519	干层	长4+5!2^(1_2)
地72-94	2343.875	65.931	103.548	11.997	88.003	28.733	191.822	0.096	0.010	7.576	8.199	62.064	0.288	2.569	28.733	干层	长4+5!2^(1_2)
地72-94	2344.000	66.182	103.269	11.230	88.770	29.667	193.312	0.103	0.010	7.706	8.213	60.994	0.281	2.569	29.667	干层	长4+5!2^(1_2)
地72-94	2344.125	73.449	102.874	13.318	86.682	30.167	197.810	0.089	0.010	7.418	8.533	58.589	0.277	2.567	30.167	干层	长4+5!2^(1_2)
地72-94	2344.250	81.544	102.413	17.193	82.807	30.446	203.334	0.078	0.010	7.152	9.029	55.615	0.276	2.563	30.446	干层	长4+5!2^(1_2)
地72-94	2344.375	84.944	101.977	20.247	79.753	30.930	208.649	0.086	0.010	7.352	9.553	52.612	0.272	2.559	30.930	干层	长4+5!2^(1_2)
地72-94	2344.500	83.297	101.645	20.938	79.062	31.311	213.115	0.118	0.917	7.988	10.019	50.215	0.269	2.558	31.311	油层	长4+5!2^(1_2)
地72-94	2344.625	82.534	101.464	20.780	79.220	31.538	216.518	0.146	1.726	8.422	10.390	48.512	0.268	2.559	31.538	油层	长4+5!2^(1_2)
地72-94	2344.750	84.029	101.442	21.413	78.587	31.391	219.208	0.155	2.025	8.547	10.679	47.508	0.268	2.561	31.391	油层	长4+5!2^(1_2)
地72-94	2344.875	84.610	101.519	22.169	77.831	31.042	221.334	0.168	2.275	8.708	10.907	46.927	0.271	2.563	31.042	油层	长4+5!2^(1_2)
地72-94	2345.000	83.869	101.535	22.263	77.737	30.732	222.990	0.190	2.486	8.958	11.086	46.520	0.272	2.562	30.732	油层	长4+5!2^(1_2)
地72-94	2345.125	86.749	101.342	23.195	76.805	30.612	224.149	0.174	2.661	8.779	11.218	46.147	0.273	2.556	30.612	油层	长4+5!2^(1_2)
地72-94	2345.250	90.350	100.940	25.157	74.843	31.131	224.969	0.151	2.845	8.490	11.310	45.448	0.270	2.544	31.131	油层	长4+5!2^(1_2)
地72-94	2345.375	90.548	100.496	26.134	73.866	31.993	225.636	0.154	3.036	8.539	11.381	44.596	0.265	2.528	31.993	油层	长4+5!2^(1_2)
地72-94	2345.500	86.446	100.118	24.856	75.144	32.799	226.240	0.196	3.216	9.028	11.442	43.846	0.260	2.509	32.799	油层	长4+5!2^(1_2)
地72-94	2345.625	79.455	99.683	21.763	78.237	33.602	226.718	0.288	3.385	9.805	11.493	43.155	0.254	2.492	33.602	油层	长4+5!2^(1_2)
地72-94	2345.750	72.699	98.999	18.366	81.634	34.082	227.055	0.414	3.503	10.543	11.531	42.728	0.251	2.478	34.082	油层	长4+5!2^(1_2)
地72-94	2345.875	67.756	98.099	15.763	84.237	34.388	227.303	0.539	3.586	11.083	11.559	42.452	0.249	2.467	34.388	油层	长4+5!2^(1_2)
地72-94	2346.000	67.850	97.313	14.927	85.073	34.986	227.558	0.544	3.696	11.100	11.583	42.014	0.246	2.459	34.986	油层	长4+5!2^(1_2)
地72-94	2346.125	71.462	96.919	15.937	84.063	36.050	227.963	0.461	3.876	10.767	11.617	41.292	0.241	2.452	36.050	油层	长4+5!2^(1_2)
地72-94	2346.250	73.084	96.914	17.081	82.919	37.154	228.626	0.439	4.110	10.667	11.671	40.513	0.235	2.446	37.154	油层	长4+5!2^(1_2)
地72-94	2346.375	70.990	97.129	16.883	83.117	37.810	229.568	0.513	4.362	10.983	11.752	39.925	0.232	2.443	37.810	油层	长4+5!2^(1_2)
地72-94	2346.500	68.102	97.459	15.819	84.181	37.934	230.595	0.627	4.598	11.390	11.848	39.586	0.231	2.445	37.934	油层	长4+5!2^(1_2)
地72-94	2346.625	67.598	97.810	15.258	84.742	37.275	231.471	0.673	4.732	11.534	11.939	39.679	0.234	2.451	37.275	油层	长4+5!2^(1_2)
地72-94	2346.750	67.034	98.189	15.088	84.912	36.207	232.062	0.714	4.759	11.654	12.007	40.067	0.239	2.461	36.207	油层	长4+5!2^(1_2)
地72-94	2346.875	65.050	98.648	14.511	85.489	35.260	232.232	0.797	4.713	11.878	12.040	40.507	0.244	2.471	35.260	油层	长4+5!2^(1_2)
地72-94	2347.000	62.680	99.220	13.564	86.436	34.824	231.804	0.880	4.612	12.080	12.022	40.811	0.246	2.481	34.824	油层	长4+5!2^(1_2)
地72-94	2347.125	61.847	99.911	12.862	87.138	34.804	230.046	0.839	4.342	11.984	11.903	41.167	0.246	2.492	34.804	油层	长4+5!2^(1_2)
地72-94	2347.250	62.586	100.653	12.652	87.348	34.419	226.283	0.666	3.715	11.515	11.616	42.269	0.249	2.505	34.419	油层	长4+5!2^(1_2)
地72-94	2347.375	63.414	101.349	12.527	87.473	33.641	220.071	0.465	2.790	10.782	11.108	44.418	0.254	2.524	33.641	油层	长4+5!2^(1_2)
地72-94	2347.500	61.964	101.955	11.709	88.291	32.471	212.008	0.331	1.825	10.092	10.398	47.842	0.261	2.545	32.471	油层	长4+5!2^(1_2)
地72-94	2347.625	59.633	102.483	10.327	89.673	30.935	204.218	0.251	0.587	9.523	9.632	52.300	0.271	2.562	30.935	油层	长4+5!2^(1_2)
地72-94	2347.750	58.907	102.967	9.348	90.652	29.766	199.167	0.201	0.010	9.072	9.035	56.215	0.279	2.570	29.766	油层	长4+5!2^(1_2)
地72-94	2347.875	59.968	103.444	9.278	90.722	29.377	198.315	0.182	0.010	8.873	8.790	57.874	0.282	2.566	29.377	油层	长4+5!2^(1_2)
地72-94	2348.000	61.076	103.919	9.804	90.196	29.182	201.782	0.205	0.010	9.119	8.958	57.156	0.283	2.552	29.182	油层	长4+5!2^(1_2)
地72-94	2348.125	61.160	104.410	10.407	89.593	28.452	208.514	0.289	0.010	9.812	9.485	55.191	0.288	2.535	28.452	油层	长4+5!2^(1_2)
地72-94	2348.250	61.450	105.003	11.048	88.952	27.164	215.809	0.413	0.905	10.542	10.170	53.254	0.298	2.520	27.164	油层	长4+5!2^(1_2)
地72-94	2348.375	62.598	105.881	11.905	88.095	25.519	222.063	0.537	1.788	11.074	10.817	52.149	0.311	2.509	25.519	油层	长4+5!2^(1_2)
地72-94	2348.500	65.926	107.112	13.341	86.659	23.980	226.578	0.570	2.210	11.198	11.323	51.747	0.326	2.501	23.980	油层	长4+5!2^(1_2)
地72-94	2348.625	69.252	108.542	15.068	84.932	22.899	229.560	0.561	2.535	11.163	11.672	51.606	0.338	2.494	22.899	油层	长4+5!2^(1_2)
地72-94	2348.750	71.091	109.917	16.402	83.598	22.300	232.220	0.585	2.839	11.249	11.942	51.289	0.344	2.488	22.300	油层	长4+5!2^(1_2)
地72-94	2348.875	72.825	111.050	17.479	82.521	22.020	234.921	0.615	3.198	11.350	12.203	50.683	0.347	2.485	22.020	油层	长4+5!2^(1_2)
地72-94	2349.000	77.549	111.984	19.427	80.573	21.592	237.023	0.538	3.505	11.077	12.430	50.391	0.353	2.486	21.592	油层	长4+5!2^(1_2)
地72-94	2349.125	86.388	112.838	23.306	76.694	20.775	237.186	0.345	3.524	10.175	12.521	51.063	0.364	2.491	20.775	油层	长4+5!2^(1_2)
地72-94	2349.250	94.985	113.671	28.267	71.733	19.703	236.250	0.000	3.268	0.000	12.473	52.613	0.000	2.494	19.703	油层	长4+5!2^(1_2)
地72-94	2349.375	100.303	114.483	51.171	48.829	18.673	236.691	0.000	1.260	0.000	5.039	81.260	0.000	2.492	18.673		长4+5!2^(1_2)
地72-94	2349.500	102.830	115.205	67.450	32.550	17.870	240.898	0.000	0.010	0.000	0.100	99.900	0.000	2.482	17.870		长4+5!2^(1_2)
地72-94	2349.625	106.798	115.746	72.883	27.117	17.213	249.214	0.000	0.010	0.000	0.100	99.900	0.000	2.469	17.213		长4+5!2^(1_2)
地72-94	2349.750	112.956	116.080	81.956	18.044	16.065	257.404	0.000	0.010	0.000	0.100	99.900	0.000	2.460	16.065		长4+5!2^(1_2)
地72-94	2349.875	116.489	116.243	90.302	9.698	14.901	261.687	0.000	0.010	0.000	0.100	99.900	0.000	2.464	14.901		长4+5!2^(1_2)
地72-94	2350.000	115.948	116.305	92.352	7.648	13.995	260.301	0.000	0.010	0.000	0.100	99.900	0.000	2.482	13.995		长4+5!2^(1_2)
地72-94	2350.125	114.912	116.318	90.744	9.256	13.250	254.219	0.000	0.010	0.000	0.100	99.900	0.000	2.505	13.250		长4+5!2^(1_2)
地72-94	2350.250	115.485	116.292	90.605	9.395	12.777	248.318	0.000	0.010	0.000	0.100	99.900	0.000	2.526	12.777		长4+5!2^(1_2)
地72-94	2350.375	114.640	116.189	90.078	9.922	12.496	246.243	0.000	0.010	0.000	0.100	99.900	0.000	2.535	12.496		长4+5!2^(1_2)
地72-94	2350.500	112.558	116.006	87.111	12.889	12.466	250.274	0.000	0.010	0.000	0.100	99.900	0.000	2.533	12.466		长4+5!2^(1_2)
地72-94	2350.625	114.421	115.767	87.634	12.366	12.725	261.911	0.000	0.010	0.000	0.100	99.900	0.000	2.524	12.725		长4+5!2^(1_2)
地72-94	2350.750	119.449	115.478	94.928	5.072	13.234	277.756	0.000	0.010	0.000	0.100	99.900	0.000	2.514	13.234		长4+5!2^(1_2)
地72-94	2350.875	124.125	115.123	99.489	0.511	13.832	293.426	0.000	0.010	0.000	0.100	99.900	0.000	2.510	13.832		长4+5!2^(1_2)
地72-94	2351.000	126.402	114.704	99.900	0.100	14.291	303.449	0.000	0.010	0.000	0.100	99.900	0.000	2.513	14.291		长4+5!2^(1_2)
地72-94	2351.125	128.449	114.231	99.900	0.100	14.519	301.693	0.000	0.010	0.000	0.100	99.900	0.000	2.523	14.519		长4+5!2^(1_2)
地72-94	2351.250	129.892	113.687	99.900	0.100	14.614	289.715	0.000	0.010	0.000	0.100	99.900	0.000	2.535	14.614		长4+5!2^(1_2)
地72-94	2351.375	128.274	113.030	99.900	0.100	14.742	271.165	0.000	0.010	0.000	0.100	99.900	0.000	2.549	14.742		长4+5!2^(1_2)
地72-94	2351.500	122.012	112.240	99.900	0.100	14.967	251.557	0.000	0.010	0.000	0.100	99.900	0.000	2.560	14.967		长4+5!2^(1_2)
地72-94	2351.625	114.303	111.309	93.244	6.756	15.131	236.701	0.000	0.010	0.000	0.100	99.900	0.000	2.567	15.131		长4+5!2^(1_2)
地72-94	2351.750	107.798	110.242	81.816	18.184	15.177	227.494	0.000	0.010	0.000	0.100	99.900	0.000	2.569	15.177		长4+5!2^(1_2)
地72-94	2351.875	101.010	109.111	70.577	29.423	15.109	222.543	0.000	0.010	0.000	0.100	99.900	0.000	2.567	15.109		长4+5!2^(1_2)
地72-94	2352.000	92.733	108.085	59.043	40.957	14.868	219.689	0.000	0.010	0.000	0.100	99.900	0.000	2.562	14.868		长4+5!2^(1_2)
地72-94	2352.125	85.919	107.345	49.039	50.961	14.589	217.439	0.000	0.010	0.000	0.100	99.900	0.000	2.558	14.589		长4+5!2^(1_2)
地72-94	2352.250	82.441	106.988	43.077	56.923	14.421	215.229	0.000	0.010	0.000	0.100	99.900	0.000	2.554	14.421		长4+5!2^(1_2)
地72-94	2352.375	80.654	107.086	40.213	59.787	14.469	213.119	0.000	0.010	0.000	0.100	99.900	0.000	2.554	14.469		长4+5!2^(1_2)
地72-94	2352.500	77.921	107.635	37.602	62.398	14.644	211.362	0.000	0.010	0.000	0.100	99.900	0.000	2.556	14.644		长4+5!2^(1_2)
地72-94	2352.625	74.493	108.632	34.251	65.749	14.936	210.843	0.000	0.010	0.000	0.100	99.900	0.000	2.562	14.936		长4+5!2^(1_2)
地72-94	2352.750	75.229	110.079	33.267	66.733	15.173	212.108	0.000	0.010	0.000	0.100	99.900	0.000	2.572	15.173		长4+5!2^(1_2)
地72-94	2352.875	83.933	111.893	39.325	60.675	15.253	215.408	0.000	0.010	0.000	0.100	99.900	0.000	2.584	15.253		长4+5!2^(1_2)
地72-94	2353.000	100.719	113.847	56.702	43.298	15.157	220.408	0.000	0.010	0.000	0.100	99.900	0.000	2.596	15.157		长4+5!2^(1_2)
地72-94	2353.125	118.481	115.719	84.434	15.566	14.878	226.284	0.000	0.010	0.000	0.100	99.900	0.000	2.605	14.878		长4+5!2^(1_2)
地72-94	2353.250	128.377	117.355	98.706	1.294	14.584	231.981	0.000	0.010	0.000	0.100	99.900	0.000	2.609	14.584		长4+5!2^(1_2)
地72-94	2353.375	129.252	118.613	99.900	0.100	14.330	237.036	0.000	0.010	0.000	0.100	99.900	0.000	2.605	14.330		长4+5!2^(1_2)
地72-94	2353.500	126.145	119.481	99.900	0.100	14.069	241.495	0.000	0.010	0.000	0.100	99.900	0.000	2.595	14.069		长4+5!2^(1_3)
地72-94	2353.625	123.796	120.059	99.900	0.100	13.852	246.144	0.000	0.010	0.000	0.100	99.900	0.000	2.582	13.852		长4+5!2^(1_3)
地72-94	2353.750	121.971	120.447	99.900	0.100	13.677	251.578	0.000	0.010	0.000	0.100	99.900	0.000	2.568	13.677		长4+5!2^(1_3)
地72-94	2353.875	121.388	120.680	99.900	0.100	13.561	257.376	0.000	0.010	0.000	0.100	99.900	0.000	2.559	13.561		长4+5!2^(1_3)
地72-94	2354.000	122.121	120.803	99.900	0.100	13.497	261.840	0.000	0.010	0.000	0.100	99.900	0.000	2.557	13.497		长4+5!2^(1_3)
地72-94	2354.125	118.609	120.908	98.266	1.734	13.389	261.814	0.000	0.010	0.000	0.100	99.900	0.000	2.562	13.389		长4+5!2^(1_3)
地72-94	2354.250	109.909	121.061	87.359	12.641	13.427	257.105	0.000	0.010	0.000	0.100	99.900	0.000	2.570	13.427		长4+5!2^(1_3)
地72-94	2354.375	103.044	121.199	73.939	26.061	13.589	249.369	0.000	0.010	0.000	0.100	99.900	0.000	2.577	13.589		长4+5!2^(1_3)
地72-94	2354.500	103.576	121.220	69.859	30.141	13.816	241.536	0.000	0.010	0.000	0.100	99.900	0.000	2.580	13.816		长4+5!2^(1_3)
地72-94	2354.625	107.045	121.122	73.605	26.395	14.000	236.816	0.000	0.010	0.000	0.100	99.900	0.000	2.579	14.000		长4+5!2^(1_3)
地72-94	2354.750	106.875	120.979	75.709	24.291	14.090	235.472	0.000	0.010	0.000	0.100	99.900	0.000	2.576	14.090		长4+5!2^(1_3)
地72-94	2354.875	105.242	120.853	73.972	26.028	14.146	236.904	0.000	0.010	0.000	0.100	99.900	0.000	2.572	14.146		长4+5!2^(1_3)
地72-94	2355.000	106.077	120.751	73.713	26.287	14.151	240.347	0.000	0.010	0.000	0.100	99.900	0.000	2.568	14.151		长4+5!2^(1_3)
地72-94	2355.125	109.365	120.624	77.616	22.384	14.126	244.780	0.000	0.010	0.000	0.100	99.900	0.000	2.565	14.126		长4+5!2^(1_3)
地72-94	2355.250	110.978	120.382	81.561	18.439	14.003	248.254	0.000	0.010	0.000	0.100	99.900	0.000	2.562	14.003		长4+5!2^(1_3)
地72-94	2355.375	109.944	119.978	81.601	18.399	13.727	248.671	0.000	0.010	0.000	0.100	99.900	0.000	2.560	13.727		长4+5!2^(1_3)
地72-94	2355.500	107.848	119.490	78.692	21.308	13.542	244.525	0.000	0.010	0.000	0.100	99.900	0.000	2.558	13.542		长4+5!2^(1_3)
地72-94	2355.625	102.925	119.009	72.398	27.602	13.517	235.486	0.000	0.010	0.000	0.100	99.900	0.000	2.559	13.517		长4+5!2^(1_3)
地72-94	2355.750	93.771	118.542	61.082	38.918	13.777	224.556	0.000	0.010	0.000	0.100	99.900	0.000	2.562	13.777		长4+5!2^(1_3)
地72-94	2355.875	81.948	118.117	46.798	53.202	14.254	214.339	0.000	0.010	0.000	0.100	99.900	0.000	2.568	14.254		长4+5!2^(1_3)
地72-94	2356.000	71.863	117.861	34.463	65.537	14.856	206.567	0.000	0.010	0.000	0.100	99.900	0.000	2.575	14.856		长4+5!2^(1_3)
地72-94	2356.125	67.157	117.880	27.526	72.474	15.676	202.009	0.000	0.010	0.000	0.100	99.900	0.000	2.584	15.676		长4+5!2^(1_3)
地72-94	2356.250	65.259	118.136	24.727	75.273	16.470	199.587	0.000	0.010	0.000	0.100	99.900	0.000	2.592	16.470		长4+5!2^(1_3)
地72-94	2356.375	64.585	118.503	23.690	76.310	17.183	198.836	0.000	0.010	0.000	0.100	99.900	0.000	2.600	17.183		长4+5!2^(1_3)
地72-94	2356.500	63.739	118.910	23.011	76.989	17.827	199.857	0.000	0.010	0.000	0.100	99.900	0.000	2.607	17.827		长4+5!2^(1_3)
地72-94	2356.625	67.024	119.370	24.461	75.539	18.121	203.582	0.000	0.010	0.000	0.100	99.900	0.000	2.612	18.121		长4+5!2^(1_3)
地72-94	2356.750	76.903	119.904	31.437	68.563	17.872	209.985	0.000	0.010	0.000	0.100	99.900	0.000	2.614	17.872		长4+5!2^(1_3)
地72-94	2356.875	90.523	120.431	44.925	55.075	17.313	218.747	0.000	0.010	0.000	0.100	99.900	0.000	2.612	17.313		长4+5!2^(1_3)
地72-94	2357.000	102.883	120.780	61.988	38.012	16.654	228.860	0.000	0.010	0.000	0.100	99.900	0.000	2.608	16.654		长4+5!2^(1_3)
地72-94	2357.125	112.050	120.831	78.413	21.587	15.891	238.437	0.000	0.010	0.000	0.100	99.900	0.000	2.602	15.891		长4+5!2^(1_3)
地72-94	2357.250	118.472	120.602	91.988	8.012	15.205	245.913	0.000	0.010	0.000	0.100	99.900	0.000	2.596	15.205		长4+5!2^(1_3)
地72-94	2357.375	119.491	120.202	98.133	1.867	14.581	251.044	0.000	0.010	0.000	0.100	99.900	0.000	2.589	14.581		长4+5!2^(1_3)
地72-94	2357.500	116.243	119.738	95.087	4.913	14.251	254.730	0.000	0.010	0.000	0.100	99.900	0.000	2.582	14.251		长4+5!2^(1_3)
地72-94	2357.625	113.169	119.234	89.013	10.987	14.152	257.894	0.000	0.010	0.000	0.100	99.900	0.000	2.576	14.152		长4+5!2^(1_3)
地72-94	2357.750	111.516	118.625	84.875	15.125	14.113	259.892	0.000	0.010	0.000	0.100	99.900	0.000	2.571	14.113		长4+5!2^(1_3)
地72-94	2357.875	108.929	117.788	80.926	19.074	14.197	258.670	0.000	0.010	0.000	0.100	99.900	0.000	2.569	14.197		长4+5!2^(1_3)
地72-94	2358.000	104.486	116.711	74.636	25.364	14.371	252.475	0.000	0.010	0.000	0.100	99.900	0.000	2.569	14.371		长4+5!2^(1_3)
地72-94	2358.125	95.540	115.550	63.555	36.445	14.729	241.080	0.000	0.010	0.000	0.100	99.900	0.000	2.571	14.729		长4+5!2^(1_3)
地72-94	2358.250	84.228	114.502	49.373	50.627	15.326	228.538	0.000	0.010	0.000	0.100	99.900	0.000	2.572	15.326		长4+5!2^(1_3)
地72-94	2358.375	74.058	113.652	36.835	63.165	16.073	218.262	0.000	0.010	0.000	0.100	99.900	0.000	2.569	16.073		长4+5!2^(1_3)
地72-94	2358.500	66.413	112.895	27.996	72.004	16.835	212.039	0.000	0.010	0.000	0.100	99.900	0.000	2.563	16.835		长4+5!2^(1_3)
地72-94	2358.625	62.988	112.182	23.274	76.726	17.501	210.177	0.000	0.010	0.000	0.100	99.900	0.000	2.555	17.501		长4+5!2^(1_3)
地72-94	2358.750	63.009	111.647	22.083	77.917	17.880	210.692	0.000	0.010	0.000	0.100	99.900	0.000	2.548	17.880		长4+5!2^(1_3)
地72-94	2358.875	66.479	111.459	23.915	76.085	18.000	212.689	0.000	0.010	0.000	0.100	99.900	0.000	2.544	18.000		长4+5!2^(1_3)
地72-94	2359.000	71.148	111.557	27.747	72.253	18.052	215.822	0.000	0.010	0.000	0.100	99.900	0.000	2.545	18.052		长4+5!2^(1_3)
地72-94	2359.125	75.685	111.794	32.219	67.781	18.138	220.195	0.000	0.010	0.000	0.100	99.900	0.000	2.549	18.138		长4+5!2^(1_3)
地72-94	2359.250	78.919	112.137	36.104	63.896	18.241	225.250	0.000	0.010	0.000	0.100	99.900	0.000	2.555	18.241		长4+5!2^(1_3)
地72-94	2359.375	81.015	112.600	38.875	61.125	18.265	230.119	0.000	0.010	0.000	0.100	99.900	0.000	2.559	18.265		长4+5!2^(1_3)
地72-94	2359.500	85.255	113.119	42.765	57.235	18.220	233.781	0.000	0.010	0.000	0.100	99.900	0.000	2.562	18.220		长4+5!2^(1_3)
地72-94	2359.625	91.838	113.557	49.737	50.263	18.130	235.419	0.000	0.010	0.000	0.100	99.900	0.000	2.562	18.130		长4+5!2^(1_3)
地72-94	2359.750	95.265	113.809	55.882	44.118	18.063	235.655	0.000	0.010	0.000	0.100	99.900	0.000	2.561	18.063		长4+5!2^(1_3)
地72-94	2359.875	93.423	113.826	56.229	43.771	18.097	235.175	0.000	0.010	0.000	0.100	99.900	0.000	2.558	18.097		长4+5!2^(1_3)
地72-94	2360.000	88.813	113.656	51.570	48.430	18.201	234.580	0.000	0.010	0.000	0.100	99.900	0.000	2.555	18.201		长4+5!2^(1_3)
地72-94	2360.125	87.398	113.398	48.074	51.926	18.406	234.146	0.000	0.010	0.000	0.100	99.900	0.000	2.551	18.406		长4+5!2^(1_3)
地72-94	2360.250	90.652	113.157	49.848	50.152	18.669	233.823	0.000	0.010	0.000	0.100	99.900	0.000	2.547	18.669		长4+5!2^(1_3)
地72-94	2360.375	94.224	113.026	54.386	45.614	18.799	233.587	0.000	0.010	0.000	0.100	99.900	0.000	2.544	18.799		长4+5!2^(1_3)
地72-94	2360.500	93.923	113.000	56.059	43.941	18.764	233.282	0.000	0.010	0.000	0.100	99.900	0.000	2.543	18.764		长4+5!2^(1_3)
地72-94	2360.625	90.572	113.005	53.202	46.798	18.621	232.443	0.000	0.010	0.000	0.100	99.900	0.000	2.543	18.621		长4+5!2^(1_3)
地72-94	2360.750	87.938	112.976	49.385	50.615	18.491	230.790	0.000	0.010	0.000	0.100	99.900	0.000	2.544	18.491		长4+5!2^(1_3)
地72-94	2360.875	84.165	112.861	45.281	54.719	18.469	228.465	0.000	0.010	0.000	0.100	99.900	0.000	2.545	18.469		长4+5!2^(1_3)
地72-94	2361.000	78.082	112.696	39.324	60.676	18.620	226.076	0.000	0.010	0.000	0.100	99.900	0.000	2.545	18.620		长4+5!2^(1_3)
地72-94	2361.125	74.725	112.567	34.462	65.538	18.840	224.455	0.000	0.010	0.000	0.100	99.900	0.000	2.545	18.840		长4+5!2^(1_3)
地72-94	2361.250	75.264	112.559	33.384	66.616	18.987	223.655	0.000	0.010	0.000	0.100	99.900	0.000	2.545	18.987		长4+5!2^(1_3)
地72-94	2361.375	75.198	112.746	33.564	66.436	19.029	223.408	0.000	0.010	0.000	0.100	99.900	0.000	2.547	19.029		长4+5!2^(1_3)
地72-94	2361.500	72.258	113.146	31.762	68.238	18.955	223.372	0.000	0.010	0.000	0.100	99.900	0.000	2.550	18.955		长4+5!2^(1_3)
地72-94	2361.625	71.275	113.739	30.001	69.999	18.890	223.317	0.000	0.010	0.000	0.100	99.900	0.000	2.553	18.890		长4+5!2^(1_3)
地72-94	2361.750	74.763	114.473	31.699	68.301	18.955	223.086	0.000	0.010	0.000	0.100	99.900	0.000	2.555	18.955		长4+5!2^(1_3)
地72-94	2361.875	78.810	115.277	35.652	64.348	19.200	222.610	0.000	0.010	0.000	0.100	99.900	0.000	2.555	19.200		长4+5!2^(1_3)
地72-94	2362.000	79.130	116.085	37.572	62.428	19.573	222.083	0.000	0.010	0.000	0.100	99.900	0.000	2.553	19.573		长4+5!2^(1_3)
地72-94	2362.125	75.679	116.877	35.507	64.493	20.011	222.237	0.000	0.010	0.000	0.100	99.900	0.000	2.549	20.011		长4+5!2^(1_3)
地72-94	2362.250	74.791	117.677	33.485	66.515	20.235	223.758	0.000	0.010	0.000	0.100	99.900	0.000	2.545	20.235		长4+5!2^(1_3)
地72-94	2362.375	79.395	118.535	36.047	63.953	20.238	227.055	0.000	0.010	0.000	0.100	99.900	0.000	2.543	20.238		长4+5!2^(1_3)
地72-94	2362.500	87.568	119.459	43.741	56.259	20.111	231.870	0.000	0.010	0.000	0.100	99.900	0.000	2.541	20.111		长4+5!2^(1_3)
地72-94	2362.625	95.474	120.391	53.855	46.145	19.926	237.272	0.000	0.010	0.000	0.100	99.900	0.000	2.540	19.926		长4+5!2^(1_3)
地72-94	2362.750	100.822	121.229	62.755	37.245	19.741	242.034	0.000	0.010	0.000	0.100	99.900	0.000	2.540	19.741		长4+5!2^(1_3)
地72-94	2362.875	103.555	121.840	68.455	31.545	19.547	245.533	0.000	0.010	0.000	0.100	99.900	0.000	2.539	19.547		长4+5!2^(1_3)
地72-94	2363.000	104.148	122.178	70.733	29.267	19.431	247.645	0.000	0.010	0.000	0.100	99.900	0.000	2.538	19.431		长4+5!2^(1_3)
地72-94	2363.125	103.355	122.264	70.353	29.647	19.430	248.932	0.000	0.010	0.000	0.100	99.900	0.000	2.534	19.430		长4+5!2^(2_1)
地72-94	2363.250	101.620	122.146	68.215	31.785	19.480	251.048	0.000	0.010	0.000	0.100	99.900	0.000	2.527	19.480		长4+5!2^(2_1)
地72-94	2363.375	100.938	121.860	66.495	33.505	19.537	255.242	0.000	0.010	0.000	0.100	99.900	0.000	2.517	19.537		长4+5!2^(2_1)
地72-94	2363.500	102.832	121.402	67.840	32.160	19.721	261.504	0.000	0.010	0.000	0.100	99.900	0.000	2.506	19.721		长4+5!2^(2_1)
地72-94	2363.625	106.849	120.703	72.935	27.065	20.086	267.456	0.000	0.010	0.000	0.100	99.900	0.000	2.499	20.086		长4+5!2^(2_1)
地72-94	2363.750	109.684	119.667	78.464	21.536	20.684	269.658	0.000	0.010	0.000	0.100	99.900	0.000	2.498	20.684		长4+5!2^(2_1)
地72-94	2363.875	110.277	118.261	81.036	18.964	21.375	266.132	0.000	0.010	0.000	0.100	99.900	0.000	2.505	21.375		长4+5!2^(2_1)
地72-94	2364.000	108.946	116.658	80.057	19.943	21.923	257.022	0.000	0.010	0.000	0.100	99.900	0.000	2.518	21.923		长4+5!2^(2_1)
地72-94	2364.125	105.001	115.072	75.150	24.850	22.430	244.337	0.000	0.010	0.000	0.100	99.900	0.000	2.531	22.430		长4+5!2^(2_1)
地72-94	2364.250	98.314	113.578	66.284	33.716	23.029	231.792	0.000	0.010	0.000	0.100	99.900	0.000	2.540	23.029		长4+5!2^(2_1)
地72-94	2364.375	88.308	112.163	53.960	46.040	23.929	221.544	0.000	0.010	0.000	0.100	99.900	0.000	2.541	23.929		长4+5!2^(2_1)
地72-94	2364.500	76.942	110.793	30.123	69.877	25.408	214.875	0.178	0.844	8.833	6.254	72.033	0.314	2.532	25.408		长4+5!2^(2_1)
地72-94	2364.625	69.508	109.428	15.735	84.265	27.491	212.749	0.234	1.369	9.385	10.239	52.622	0.296	2.517	27.491	干层	长4+5!2^(2_1)
地72-94	2364.750	67.548	108.031	13.873	86.127	29.608	213.602	0.270	1.449	9.677	10.206	50.841	0.280	2.503	29.608	干层	长4+5!2^(2_1)
地72-94	2364.875	67.023	106.694	13.557	86.443	31.183	215.758	0.310	1.679	9.957	10.365	48.892	0.269	2.495	31.183	干层	长4+5!2^(2_1)
地72-94	2365.000	64.153	105.653	12.930	87.070	32.189	217.400	0.390	1.921	10.426	10.544	47.423	0.262	2.497	32.189	干层	长4+5!2^(2_1)
地72-94	2365.125	58.768	105.073	11.248	88.752	32.979	216.897	0.501	2.005	10.934	10.579	46.718	0.257	2.511	32.979	干层	长4+5!2^(2_1)
地72-94	2365.250	55.027	104.907	9.469	90.531	33.135	214.253	0.530	1.826	11.048	10.405	47.267	0.256	2.531	33.135	干层	长4+5!2^(2_1)
地72-94	2365.375	53.720	104.957	8.385	91.615	32.705	209.896	0.453	0.691	10.730	10.049	49.009	0.259	2.552	32.705	干层	长4+5!2^(2_1)
地72-94	2365.500	53.410	105.029	7.798	92.202	32.252	204.838	0.355	0.010	10.235	9.586	51.365	0.262	2.565	32.252	干层	长4+5!2^(2_1)
地72-94	2365.625	53.217	105.077	7.411	92.589	32.039	200.973	0.295	0.010	9.852	9.165	53.516	0.264	2.565	32.039	干层	长4+5!2^(2_1)
地72-94	2365.750	53.156	105.190	7.217	92.783	32.152	199.844	0.279	0.010	9.741	8.949	54.490	0.263	2.553	32.152	干层	长4+5!2^(2_1)
地72-94	2365.875	54.389	105.469	7.518	92.482	32.213	202.103	0.294	0.010	9.848	9.036	53.997	0.262	2.532	32.213	干层	长4+5!2^(2_1)
地72-94	2366.000	57.145	105.872	8.531	91.469	31.935	207.044	0.329	0.010	10.076	9.411	52.419	0.264	2.510	31.935	干层	长4+5!2^(2_1)
地72-94	2366.125	61.253	106.307	10.227	89.773	31.243	212.804	0.358	0.886	10.249	9.938	50.619	0.268	2.492	31.243	干层	长4+5!2^(2_1)
地72-94	2366.250	64.936	106.788	12.104	87.896	30.270	217.422	0.376	1.697	10.347	10.431	49.359	0.275	2.482	30.270	干层	长4+5!2^(2_1)
地72-94	2366.375	68.046	107.423	13.758	86.242	29.158	220.254	0.370	1.984	10.319	10.775	48.926	0.282	2.481	29.158	干层	长4+5!2^(2_1)
地72-94	2366.500	72.423	108.267	15.599	84.401	28.002	221.580	0.000	2.114	0.000	10.962	49.203	0.000	2.489	28.002	干层	长4+5!2^(2_1)
地72-94	2366.625	80.957	109.332	30.402	69.598	26.942	222.078	0.000	0.863	0.000	4.470	79.685	0.000	2.504	26.942		长4+5!2^(2_1)
地72-94	2366.750	92.180	110.661	48.008	51.992	25.751	222.756	0.000	0.010	0.000	0.100	99.900	0.000	2.523	25.751		长4+5!2^(2_1)
地72-94	2366.875	102.155	112.249	62.180	37.820	24.358	224.146	0.000	0.010	0.000	0.100	99.900	0.000	2.544	24.358		长4+5!2^(2_1)
地72-94	2367.000	110.155	113.947	75.921	24.079	22.793	226.348	0.000	0.010	0.000	0.100	99.900	0.000	2.562	22.793		长4+5!2^(2_1)
地72-94	2367.125	114.996	115.570	86.558	13.442	21.202	228.828	0.000	0.010	0.000	0.100	99.900	0.000	2.573	21.202		长4+5!2^(2_1)
地72-94	2367.250	116.537	117.012	91.888	8.112	19.804	230.594	0.000	0.010	0.000	0.100	99.900	0.000	2.578	19.804		长4+5!2^(2_1)
地72-94	2367.375	115.083	118.223	91.396	8.604	18.721	231.191	0.000	0.010	0.000	0.100	99.900	0.000	2.578	18.721		长4+5!2^(2_1)
地72-94	2367.500	112.933	119.209	87.861	12.139	17.917	230.934	0.000	0.010	0.000	0.100	99.900	0.000	2.575	17.917		长4+5!2^(2_1)
地72-94	2367.625	112.105	119.978	85.340	14.660	17.421	231.014	0.000	0.010	0.000	0.100	99.900	0.000	2.572	17.421		长4+5!2^(2_1)
地72-94	2367.750	110.144	120.523	82.627	17.373	17.056	232.478	0.000	0.010	0.000	0.100	99.900	0.000	2.571	17.056		长4+5!2^(2_1)
地72-94	2367.875	107.737	120.852	78.720	21.280	16.709	235.395	0.000	0.010	0.000	0.100	99.900	0.000	2.572	16.709		长4+5!2^(2_1)
地72-94	2368.000	107.172	120.994	76.477	23.523	16.325	239.024	0.000	0.010	0.000	0.100	99.900	0.000	2.574	16.325		长4+5!2^(2_1)
地72-94	2368.125	109.858	120.964	78.865	21.135	15.975	241.944	0.000	0.010	0.000	0.100	99.900	0.000	2.576	15.975		长4+5!2^(2_1)
地72-94	2368.250	110.863	120.773	81.783	18.217	15.839	242.984	0.000	0.010	0.000	0.100	99.900	0.000	2.577	15.839		长4+5!2^(2_1)
地72-94	2368.375	108.663	120.419	80.182	19.818	15.949	241.384	0.000	0.010	0.000	0.100	99.900	0.000	2.579	15.949		长4+5!2^(2_1)
地72-94	2368.500	107.047	119.868	76.985	23.015	16.230	236.885	0.000	0.010	0.000	0.100	99.900	0.000	2.579	16.230		长4+5!2^(2_1)
地72-94	2368.625	106.191	119.122	75.025	24.975	16.696	229.756	0.000	0.010	0.000	0.100	99.900	0.000	2.578	16.696		长4+5!2^(2_1)
地72-94	2368.750	100.474	118.304	69.005	30.995	17.442	222.202	0.000	0.010	0.000	0.100	99.900	0.000	2.575	17.442		长4+5!2^(2_1)
地72-94	2368.875	89.197	117.674	55.930	44.070	18.354	216.863	0.000	0.010	0.000	0.100	99.900	0.000	2.571	18.354		长4+5!2^(2_1)
地72-94	2369.000	80.539	117.357	43.418	56.582	19.111	216.539	0.000	0.010	0.000	0.100	99.900	0.000	2.570	19.111		长4+5!2^(2_1)
地72-94	2369.125	83.800	117.267	41.514	58.486	19.660	223.600	0.000	0.010	0.000	0.100	99.900	0.000	2.573	19.660		长4+5!2^(2_1)
地72-94	2369.250	94.397	117.229	51.128	48.872	19.748	235.226	0.000	0.010	0.000	0.100	99.900	0.000	2.580	19.748		长4+5!2^(2_1)
地72-94	2369.375	105.461	117.078	66.561	33.439	19.281	247.919	0.000	0.010	0.000	0.100	99.900	0.000	2.588	19.281		长4+5!2^(2_1)
地72-94	2369.500	112.692	116.737	80.778	19.222	18.743	258.103	0.000	0.010	0.000	0.100	99.900	0.000	2.594	18.743		长4+5!2^(2_1)
地72-94	2369.625	115.083	116.173	88.486	11.514	18.506	262.643	0.000	0.010	0.000	0.100	99.900	0.000	2.592	18.506		长4+5!2^(2_1)
地72-94	2369.750	115.037	115.345	90.222	9.778	18.567	262.083	0.000	0.010	0.000	0.100	99.900	0.000	2.585	18.567		长4+5!2^(2_1)
地72-94	2369.875	113.754	114.250	88.738	11.262	18.808	257.287	0.000	0.010	0.000	0.100	99.900	0.000	2.573	18.808		长4+5!2^(2_1)
地72-94	2370.000	111.862	113.036	85.685	14.315	19.119	249.413	0.000	0.010	0.000	0.100	99.900	0.000	2.560	19.119		长4+5!2^(2_1)
地72-94	2370.125	107.420	111.892	79.628	20.372	19.731	239.872	0.000	0.010	0.000	0.100	99.900	0.000	2.551	19.731		长4+5!2^(2_1)
地72-94	2370.250	99.884	110.856	69.294	30.706	20.775	231.145	0.000	0.010	0.000	0.100	99.900	0.000	2.545	20.775		长4+5!2^(2_1)
地72-94	2370.375	92.575	109.733	58.230	41.770	21.959	225.246	0.000	0.010	0.000	0.100	99.900	0.000	2.541	21.959		长4+5!2^(2_1)
地72-94	2370.500	89.618	108.362	51.726	48.274	23.285	223.216	0.000	0.010	0.000	0.100	99.900	0.000	2.536	23.285		长4+5!2^(2_1)
地72-94	2370.625	92.957	106.843	52.811	47.189	24.619	224.752	0.000	0.010	0.000	0.100	99.900	0.000	2.528	24.619		长4+5!2^(2_1)
地72-94	2370.750	96.065	105.428	57.161	42.839	25.791	227.196	0.000	0.010	0.000	0.100	99.900	0.000	2.517	25.791		长4+5!2^(2_1)
地72-94	2370.875	94.353	104.285	57.448	42.552	26.740	228.881	0.000	0.010	0.000	0.100	99.900	0.000	2.501	26.740		长4+5!2^(2_2)
地72-94	2371.000	86.589	103.281	50.416	49.584	27.537	229.439	0.000	0.010	0.000	0.100	99.900	0.000	2.484	27.537		长4+5!2^(2_2)
地72-94	2371.125	75.909	102.227	29.888	70.112	28.434	229.978	0.408	2.078	10.514	7.132	67.265	0.288	2.465	28.434		长4+5!2^(2_2)
地72-94	2371.250	66.407	101.137	16.380	83.620	29.299	231.691	0.723	3.703	11.681	11.928	44.794	0.280	2.447	29.299	差油层	长4+5!2^(2_2)
地72-94	2371.375	60.915	100.211	13.484	86.516	30.664	234.472	1.104	4.360	12.542	12.156	43.107	0.270	2.432	30.664	差油层	长4+5!2^(2_2)
地72-94	2371.500	61.499	99.558	12.949	87.051	32.312	237.181	1.231	5.238	12.763	12.421	41.230	0.260	2.421	32.312	差油层	长4+5!2^(2_2)
地72-94	2371.625	66.314	99.121	14.419	85.581	33.728	238.342	1.021	5.934	12.384	12.594	39.879	0.252	2.413	33.728	差油层	长4+5!2^(2_2)
地72-94	2371.750	69.108	98.849	16.006	83.994	34.235	238.043	0.872	6.099	12.062	12.622	39.502	0.249	2.409	34.235	差油层	长4+5!2^(2_2)
地72-94	2371.875	67.698	98.851	16.049	83.951	33.792	236.911	0.884	5.802	12.090	12.544	39.970	0.252	2.407	33.792	差油层	长4+5!2^(2_2)
地72-94	2372.000	64.811	99.230	14.922	85.078	32.694	235.474	0.952	5.278	12.241	12.417	40.994	0.258	2.408	32.694	差油层	长4+5!2^(2_2)
地72-94	2372.125	62.968	99.928	13.792	86.208	31.516	233.368	0.939	4.662	12.213	12.239	42.265	0.265	2.412	31.516	差油层	长4+5!2^(2_2)
地72-94	2372.250	62.207	100.802	13.038	86.962	30.968	229.815	0.814	3.968	11.922	11.950	43.503	0.269	2.420	30.968	差油层	长4+5!2^(2_2)
地72-94	2372.375	62.945	101.826	12.683	87.317	30.761	224.200	0.588	3.113	11.260	11.486	45.147	0.271	2.435	30.761	差油层	长4+5!2^(2_2)
地72-94	2372.500	64.720	103.047	12.650	87.350	30.631	216.583	0.364	2.180	10.282	10.824	47.584	0.272	2.456	30.631	差油层	长4+5!2^(2_2)
地72-94	2372.625	65.123	104.430	12.349	87.651	30.597	208.204	0.232	0.730	9.367	10.041	50.743	0.273	2.481	30.597	差油层	长4+5!2^(2_2)
地72-94	2372.750	63.458	105.855	11.409	88.591	30.054	201.367	0.178	0.010	8.828	9.318	54.534	0.277	2.509	30.054	差油层	长4+5!2^(2_2)
地72-94	2372.875	62.686	107.226	10.584	89.416	29.076	197.798	0.154	0.010	8.537	8.845	57.895	0.284	2.534	29.076	差油层	长4+5!2^(2_2)
地72-94	2373.000	65.394	108.564	10.988	89.012	27.722	198.181	0.137	0.010	8.295	8.729	59.943	0.295	2.553	27.722	差油层	长4+5!2^(2_2)
地72-94	2373.125	71.799	109.921	13.169	86.831	26.051	202.169	0.121	0.010	8.044	8.976	60.409	0.309	2.566	26.051	差油层	长4+5!2^(2_2)
地72-94	2373.250	79.811	111.316	16.824	83.176	24.296	207.545	0.000	0.010	0.000	9.443	59.939	0.000	2.571	24.296	差油层	长4+5!2^(2_2)
地72-94	2373.375	87.467	112.754	35.849	64.151	22.687	213.075	0.000	0.010	0.000	3.925	83.797	0.000	2.572	22.687		长4+5!2^(2_2)
地72-94	2373.500	94.956	114.243	53.370	46.630	21.343	218.259	0.000	0.010	0.000	0.100	99.900	0.000	2.573	21.343		长4+5!2^(2_2)
地72-94	2373.625	103.002	115.725	64.497	35.503	20.153	223.062	0.000	0.010	0.000	0.100	99.900	0.000	2.576	20.153		长4+5!2^(2_2)
地72-94	2373.750	110.388	117.060	76.700	23.300	18.999	227.502	0.000	0.010	0.000	0.100	99.900	0.000	2.583	18.999		长4+5!2^(2_2)
地72-94	2373.875	114.738	118.123	86.429	13.571	18.002	231.326	0.000	0.010	0.000	0.100	99.900	0.000	2.591	18.002		长4+5!2^(2_2)
地72-94	2374.000	116.227	118.975	91.330	8.670	17.197	234.174	0.000	0.010	0.000	0.100	99.900	0.000	2.598	17.197		长4+5!2^(2_2)
地72-94	2374.125	116.069	119.718	92.289	7.711	16.350	235.621	0.000	0.010	0.000	0.100	99.900	0.000	2.602	16.350		长4+5!2^(2_2)
地72-94	2374.250	112.281	120.333	87.901	12.099	15.569	235.835	0.000	0.010	0.000	0.100	99.900	0.000	2.601	15.569		长4+5!2^(2_2)
地72-94	2374.375	104.498	120.722	77.033	22.967	15.131	234.968	0.000	0.010	0.000	0.100	99.900	0.000	2.597	15.131		长4+5!2^(2_2)
地72-94	2374.500	95.126	120.900	63.214	36.786	15.031	233.547	0.000	0.010	0.000	0.100	99.900	0.000	2.590	15.031		长4+5!2^(2_2)
地72-94	2374.625	88.836	120.984	52.530	47.470	15.164	232.626	0.000	0.010	0.000	0.100	99.900	0.000	2.581	15.164		长4+5!2^(2_2)
地72-94	2374.750	85.631	121.067	46.786	53.214	15.283	232.881	0.000	0.010	0.000	0.100	99.900	0.000	2.572	15.283		长4+5!2^(2_2)
地72-94	2374.875	84.821	121.167	44.611	55.389	15.308	234.274	0.000	0.010	0.000	0.100	99.900	0.000	2.563	15.308		长4+5!2^(2_2)
地72-94	2375.000	85.027	121.236	44.369	55.631	15.287	236.322	0.000	0.010	0.000	0.100	99.900	0.000	2.556	15.287		长4+5!2^(2_2)
地72-94	2375.125	86.480	121.225	45.524	54.476	15.263	238.740	0.000	0.010	0.000	0.100	99.900	0.000	2.549	15.263		长4+5!2^(2_2)
地72-94	2375.250	90.586	121.133	49.343	50.657	15.246	241.807	0.000	0.010	0.000	0.100	99.900	0.000	2.544	15.246		长4+5!2^(2_2)
地72-94	2375.375	97.113	121.021	56.798	43.202	15.191	246.365	0.000	0.010	0.000	0.100	99.900	0.000	2.539	15.191		长4+5!2^(2_2)
地72-94	2375.500	105.113	120.910	67.757	32.243	15.020	252.910	0.000	0.010	0.000	0.100	99.900	0.000	2.537	15.020		长4+5!2^(2_2)
地72-94	2375.625	110.871	120.699	78.573	21.427	14.713	260.816	0.000	0.010	0.000	0.100	99.900	0.000	2.535	14.713		长4+5!2^(2_2)
地72-94	2375.750	113.074	120.300	84.908	15.092	13.976	267.888	0.000	0.010	0.000	0.100	99.900	0.000	2.533	13.976		长4+5!2^(2_2)
地72-94	2375.875	112.873	119.779	86.286	13.714	13.198	272.250	0.000	0.010	0.000	0.100	99.900	0.000	2.531	13.198		长4+5!2^(2_2)
地72-94	2376.000	111.662	119.293	84.814	15.186	12.696	272.459	0.000	0.010	0.000	0.100	99.900	0.000	2.531	12.696		长4+5!2^(2_2)
地72-94	2376.125	110.557	118.889	82.743	17.257	12.785	266.889	0.000	0.010	0.000	0.100	99.900	0.000	2.533	12.785		长4+5!2^(2_2)
地72-94	2376.250	108.536	118.473	79.832	20.168	13.231	256.752	0.000	0.010	0.000	0.100	99.900	0.000	2.538	13.231		长4+5!2^(2_2)
地72-94	2376.375	104.527	117.922	74.405	25.595	13.725	243.744	0.000	0.010	0.000	0.100	99.900	0.000	2.546	13.725		长4+5!2^(2_2)
地72-94	2376.500	99.825	117.232	67.324	32.676	14.125	230.441	0.000	0.010	0.000	0.100	99.900	0.000	2.554	14.125		长4+5!2^(2_2)
地72-94	2376.625	98.341	116.530	63.061	36.939	14.466	220.278	0.000	0.010	0.000	0.100	99.900	0.000	2.559	14.466		长4+5!2^(2_2)
地72-94	2376.750	98.875	115.967	62.650	37.350	14.701	214.385	0.000	0.010	0.000	0.100	99.900	0.000	2.562	14.701		长4+5!2^(2_2)
地72-94	2376.875	98.170	115.620	62.342	37.658	14.811	212.314	0.000	0.010	0.000	0.100	99.900	0.000	2.562	14.811		长4+5!2^(2_2)
地72-94	2377.000	96.214	115.403	60.230	39.770	14.858	212.497	0.000	0.010	0.000	0.100	99.900	0.000	2.562	14.858		长4+5!2^(2_2)
地72-94	2377.125	95.573	115.208	58.554	41.446	14.887	213.319	0.000	0.010	0.000	0.100	99.900	0.000	2.561	14.887		长4+5!2^(2_2)
地72-94	2377.250	95.723	115.059	58.317	41.683	14.934	213.898	0.000	0.010	0.000	0.100	99.900	0.000	2.560	14.934		长4+5!2^(2_2)
地72-94	2377.375	96.144	115.113	58.760	41.240	14.934	214.191	0.000	0.010	0.000	0.100	99.900	0.000	2.560	14.934		长4+5!2^(2_2)
地72-94	2377.500	96.918	115.430	59.663	40.337	14.872	214.366	0.000	0.010	0.000	0.100	99.900	0.000	2.560	14.872		长4+5!2^(2_2)
地72-94	2377.625	96.562	115.932	59.800	40.200	14.761	214.707	0.000	0.010	0.000	0.100	99.900	0.000	2.561	14.761		长4+5!2^(2_2)
地72-94	2377.750	95.230	116.526	58.463	41.537	14.633	215.369	0.000	0.010	0.000	0.100	99.900	0.000	2.563	14.633		长4+5!2^(2_2)
地72-94	2377.875	94.535	117.195	57.127	42.873	14.474	216.466	0.000	0.010	0.000	0.100	99.900	0.000	2.566	14.474		长4+5!2^(2_2)
地72-94	2378.000	96.288	117.949	58.217	41.783	14.313	218.139	0.000	0.010	0.000	0.100	99.900	0.000	2.571	14.313		长4+5!2^(2_2)
地72-94	2378.125	101.776	118.750	64.098	35.902	14.147	220.646	0.000	0.010	0.000	0.100	99.900	0.000	2.574	14.147		长4+5!2^(2_2)
地72-94	2378.250	108.732	119.544	74.196	25.804	13.918	223.931	0.000	0.010	0.000	0.100	99.900	0.000	2.577	13.918		长4+5!2^(2_2)
地72-94	2378.375	113.928	120.286	84.356	15.644	13.642	227.906	0.000	0.010	0.000	0.100	99.900	0.000	2.578	13.642		长4+5!2^(2_2)
地72-94	2378.500	117.078	120.943	91.715	8.285	13.338	232.332	0.000	0.010	0.000	0.100	99.900	0.000	2.578	13.338		长4+5!2^(2_2)
地72-94	2378.625	119.571	121.469	97.124	2.876	12.965	236.658	0.000	0.010	0.000	0.100	99.900	0.000	2.577	12.965		长4+5!2^(2_2)
地72-94	2378.750	119.818	121.827	99.424	0.576	12.577	240.181	0.000	0.010	0.000	0.100	99.900	0.000	2.577	12.577		长4+5!2^(2_2)
地72-94	2378.875	115.052	121.977	93.983	6.017	12.296	242.251	0.000	0.010	0.000	0.100	99.900	0.000	2.579	12.296		长4+5!2^(2_2)
地72-94	2379.000	107.009	121.916	81.583	18.417	12.212	242.341	0.000	0.010	0.000	0.100	99.900	0.000	2.581	12.212		长4+5!2^(2_2)
地72-94	2379.125	102.308	121.721	71.248	28.752	12.312	239.986	0.000	0.010	0.000	0.100	99.900	0.000	2.583	12.312		长4+5!2^(2_2)
地72-94	2379.250	102.669	121.508	68.534	31.466	12.501	236.163	0.000	0.010	0.000	0.100	99.900	0.000	2.585	12.501		长4+5!2^(2_2)
地72-94	2379.375	106.172	121.341	72.155	27.845	12.741	231.895	0.000	0.010	0.000	0.100	99.900	0.000	2.586	12.741		长4+5!2^(2_2)
地72-94	2379.500	108.113	121.171	76.382	23.618	12.955	228.269	0.000	0.010	0.000	0.100	99.900	0.000	2.588	12.955		长4+5!2^(2_2)
地72-94	2379.625	105.789	120.923	75.350	24.650	13.169	226.404	0.000	0.010	0.000	0.100	99.900	0.000	2.590	13.169		长4+5!2^(2_2)
地72-94	2379.750	101.911	120.570	70.063	29.937	13.348	226.276	0.000	0.010	0.000	0.100	99.900	0.000	2.593	13.348		长4+5!2^(2_2)
地72-94	2379.875	100.959	120.130	66.695	33.305	13.451	227.593	0.000	0.010	0.000	0.100	99.900	0.000	2.595	13.451		长4+5!2^(2_2)
地72-94	2380.000	103.042	119.666	68.051	31.949	13.592	229.783	0.000	0.010	0.000	0.100	99.900	0.000	2.594	13.592		长4+5!2^(2_2)
地72-94	2380.125	105.864	119.247	72.085	27.915	13.770	231.985	0.000	0.010	0.000	0.100	99.900	0.000	2.590	13.770		长4+5!2^(2_2)
地72-94	2380.250	108.655	118.917	76.736	23.264	13.970	233.509	0.000	0.010	0.000	0.100	99.900	0.000	2.583	13.970		长4+5!2^(2_2)
地72-94	2380.375	111.095	118.674	81.193	18.807	14.129	234.200	0.000	0.010	0.000	0.100	99.900	0.000	2.575	14.129		长4+5!2^(2_2)
地72-94	2380.500	112.990	118.475	84.974	15.026	14.191	234.473	0.000	0.010	0.000	0.100	99.900	0.000	2.567	14.191		长4+5!2^(2_2)
地72-94	2380.625	113.626	118.274	87.059	12.941	14.255	235.592	0.000	0.010	0.000	0.100	99.900	0.000	2.559	14.255		长4+5!2^(2_2)
地72-94	2380.750	115.498	118.031	89.652	10.348	14.323	238.685	0.000	0.010	0.000	0.100	99.900	0.000	2.552	14.323		长4+5!2^(2_2)
地72-94	2380.875	119.089	117.652	95.309	4.691	14.357	244.274	0.000	0.010	0.000	0.100	99.900	0.000	2.547	14.357		长4+5!2^(2_2)
地72-94	2381.000	123.177	117.070	99.196	0.804	14.486	251.575	0.000	0.010	0.000	0.100	99.900	0.000	2.545	14.486		长4+5!2^(2_2)
地72-94	2381.125	125.782	116.305	99.900	0.100	14.701	257.568	0.000	0.010	0.000	0.100	99.900	0.000	2.546	14.701		长4+5!2^(2_2)
地72-94	2381.250	123.814	115.426	99.900	0.100	15.161	258.975	0.000	0.010	0.000	0.100	99.900	0.000	2.548	15.161		长4+5!2^(2_2)
地72-94	2381.375	116.039	114.485	95.227	4.773	15.949	254.200	0.000	0.010	0.000	0.100	99.900	0.000	2.548	15.949		长4+5!2^(2_3)
地72-94	2381.500	103.379	113.476	78.782	21.218	16.886	244.315	0.000	0.010	0.000	0.100	99.900	0.000	2.546	16.886		长4+5!2^(2_3)
地72-94	2381.625	91.090	112.333	44.449	55.551	17.835	233.047	0.220	1.528	9.254	7.311	73.592	0.409	2.541	17.835		长4+5!2^(2_3)
地72-94	2381.750	83.283	110.981	24.223	75.777	18.692	224.690	0.213	2.062	9.196	11.640	57.286	0.395	2.533	18.692	油层	长4+5!2^(2_3)
地72-94	2381.875	80.216	109.387	20.860	79.140	19.389	220.832	0.205	1.576	9.113	11.091	58.556	0.384	2.526	19.389	油层	长4+5!2^(2_3)
地72-94	2382.000	80.093	107.652	20.018	79.982	19.861	220.764	0.205	1.479	9.119	10.937	58.532	0.377	2.521	19.861	油层	长4+5!2^(2_3)
地72-94	2382.125	81.074	105.944	20.409	79.591	20.240	222.652	0.215	1.602	9.213	11.044	57.510	0.372	2.519	20.240	油层	长4+5!2^(2_3)
地72-94	2382.250	81.101	104.386	20.814	79.186	20.488	224.464	0.236	1.787	9.399	11.223	56.389	0.369	2.519	20.488	油层	长4+5!2^(2_3)
地72-94	2382.375	79.238	103.026	20.390	79.610	20.753	225.375	0.272	1.933	9.688	11.346	55.513	0.365	2.520	20.753	油层	长4+5!2^(2_3)
地72-94	2382.500	77.073	101.793	19.385	80.615	21.394	224.997	0.298	2.006	9.874	11.359	54.625	0.356	2.519	21.394	油层	长4+5!2^(2_3)
地72-94	2382.625	77.567	100.581	18.975	81.025	22.664	223.223	0.265	1.994	9.638	11.242	53.553	0.342	2.517	22.664	油层	长4+5!2^(2_3)
地72-94	2382.750	79.306	99.348	19.378	80.622	24.506	221.081	0.217	1.939	9.233	11.048	52.271	0.322	2.511	24.506	油层	长4+5!2^(2_3)
地72-94	2382.875	79.192	98.173	19.508	80.492	26.694	219.656	0.203	1.926	9.097	10.882	50.730	0.303	2.501	26.694	油层	长4+5!2^(2_3)
地72-94	2383.000	76.727	97.166	18.719	81.281	29.070	219.824	0.232	2.047	9.371	10.836	48.788	0.284	2.490	29.070	油层	长4+5!2^(2_3)
地72-94	2383.125	74.482	96.357	17.743	82.257	31.182	222.022	0.292	2.373	9.833	10.971	46.614	0.269	2.480	31.182	油层	长4+5!2^(2_3)
地72-94	2383.250	73.021	95.716	17.188	82.812	32.684	225.219	0.370	2.890	10.319	11.242	44.594	0.259	2.472	32.684	油层	长4+5!2^(2_3)
地72-94	2383.375	71.362	95.264	16.775	83.225	33.697	228.453	0.476	3.519	10.828	11.554	42.910	0.253	2.467	33.697	油层	长4+5!2^(2_3)
地72-94	2383.500	69.710	94.990	16.290	83.710	34.623	230.917	0.587	4.153	11.257	11.823	41.516	0.248	2.465	34.623	油层	长4+5!2^(2_3)
地72-94	2383.625	68.005	94.813	15.688	84.312	35.438	231.927	0.674	4.592	11.539	11.978	40.583	0.243	2.466	35.438	油层	长4+5!2^(2_3)
地72-94	2383.750	67.413	94.679	15.253	84.747	36.177	231.661	0.686	4.742	11.573	12.002	40.098	0.240	2.471	36.177	油层	长4+5!2^(2_3)
地72-94	2383.875	70.082	94.705	15.778	84.222	36.819	230.414	0.561	4.628	11.166	11.919	39.979	0.237	2.483	36.819	油层	长4+5!2^(2_3)
地72-94	2384.000	76.333	94.999	17.849	82.151	36.961	228.564	0.371	4.291	10.322	11.763	40.350	0.237	2.502	36.961	油层	长4+5!2^(2_3)
地72-94	2384.125	82.627	95.458	20.692	79.308	36.499	225.973	0.236	3.777	9.398	11.540	41.269	0.239	2.526	36.499	油层	长4+5!2^(2_3)
地72-94	2384.250	84.894	95.805	22.320	77.680	35.768	222.123	0.172	3.120	8.761	11.216	42.711	0.243	2.551	35.768	油层	长4+5!2^(2_3)
地72-94	2384.375	81.737	95.669	21.277	78.723	35.724	216.600	0.153	2.408	8.514	10.745	44.316	0.244	2.572	35.724	油层	长4+5!2^(2_3)
地72-94	2384.500	73.685	95.013	17.680	82.320	36.828	209.963	0.000	0.856	0.000	10.144	45.828	0.000	2.581	36.828	油层	长4+5!2^(2_3)
地72-94	2384.625	65.629	94.206	20.973	79.027	38.513	204.457	0.000	0.010	0.000	4.018	78.485	0.000	2.577	38.513		长4+5!2^(2_3)
地72-94	2384.750	63.714	93.710	23.367	76.633	39.829	202.382	0.000	0.010	0.000	0.100	99.900	0.000	2.562	39.829		长4+5!2^(2_3)
地72-94	2384.875	68.102	93.734	25.045	74.955	40.468	204.709	0.000	0.010	0.000	0.100	99.900	0.000	2.540	40.468		长4+5!2^(2_3)
地72-94	2385.000	74.556	94.051	20.445	79.555	40.567	210.530	0.161	0.010	8.628	6.001	66.627	0.222	2.521	40.567		长4+5!2^(2_3)
地72-94	2385.125	78.177	94.425	17.742	82.258	40.257	217.314	0.190	1.483	8.958	10.336	43.148	0.223	2.510	40.257	油层	长4+5!2^(2_3)
地72-94	2385.250	79.251	94.841	19.321	80.679	39.571	222.412	0.233	2.898	9.378	10.896	41.610	0.225	2.511	39.571	油层	长4+5!2^(2_3)
地72-94	2385.375	80.026	95.327	20.138	79.862	38.775	224.934	0.255	3.415	9.560	11.241	40.934	0.229	2.521	38.775	油层	长4+5!2^(2_3)
地72-94	2385.500	81.921	95.834	21.006	78.994	38.238	225.270	0.236	3.584	9.398	11.358	40.858	0.231	2.533	38.238	油层	长4+5!2^(2_3)
地72-94	2385.625	83.434	96.282	21.849	78.151	38.123	224.711	0.212	3.536	9.182	11.339	40.978	0.232	2.543	38.123	油层	长4+5!2^(2_3)
地72-94	2385.750	82.102	96.673	21.729	78.271	38.165	224.816	0.228	3.510	9.332	11.323	41.003	0.232	2.548	38.165	油层	长4+5!2^(2_3)
地72-94	2385.875	79.883	97.095	20.855	79.145	38.143	226.118	0.273	3.663	9.698	11.403	40.773	0.231	2.548	38.143	油层	长4+5!2^(2_3)
地72-94	2386.000	80.302	97.589	20.728	79.272	37.778	228.360	0.300	3.995	9.888	11.584	40.431	0.233	2.546	37.778	油层	长4+5!2^(2_3)
地72-94	2386.125	84.946	98.061	22.540	77.460	36.826	230.574	0.265	4.355	9.636	11.800	40.318	0.238	2.544	36.826	油层	长4+5!2^(2_3)
地72-94	2386.250	89.986	98.363	25.439	74.561	35.487	231.796	0.218	4.546	9.239	11.957	40.617	0.245	2.541	35.487	油层	长4+5!2^(2_3)
地72-94	2386.375	92.604	98.358	27.591	72.409	34.018	231.783	0.190	4.464	8.965	12.004	41.351	0.253	2.538	34.018	油层	长4+5!2^(2_3)
地72-94	2386.500	91.849	98.101	27.878	72.122	32.874	230.908	0.189	4.204	8.952	11.952	42.214	0.259	2.530	32.874	油层	长4+5!2^(2_3)
地72-94	2386.625	87.204	97.797	25.951	74.049	32.358	229.983	0.229	3.956	9.339	11.864	42.811	0.262	2.518	32.358	油层	长4+5!2^(2_3)
地72-94	2386.750	80.403	97.599	22.586	77.413	32.147	229.592	0.318	3.812	10.006	11.806	43.131	0.263	2.503	32.147	油层	长4+5!2^(2_3)
地72-94	2386.875	73.877	97.494	19.180	80.820	31.950	229.855	0.449	3.789	10.712	11.806	43.263	0.264	2.486	31.950	油层	长4+5!2^(2_3)
地72-94	2387.000	69.881	97.407	16.845	83.155	31.755	230.686	0.575	3.881	11.215	11.864	43.215	0.264	2.470	31.755	油层	长4+5!2^(2_3)
地72-94	2387.125	69.380	97.382	16.071	83.929	31.085	231.855	0.626	3.998	11.389	11.965	43.372	0.269	2.457	31.085	油层	长4+5!2^(2_3)
地72-94	2387.250	71.333	97.526	16.625	83.375	30.485	233.017	0.602	4.153	11.307	12.078	43.449	0.273	2.447	30.485	油层	长4+5!2^(2_3)
地72-94	2387.375	74.797	97.887	18.063	81.937	30.241	233.959	0.529	4.332	11.044	12.178	43.321	0.274	2.440	30.241	油层	长4+5!2^(2_3)
地72-94	2387.500	78.443	98.404	19.877	80.123	30.103	234.522	0.452	4.463	10.724	12.247	43.212	0.276	2.435	30.103	油层	长4+5!2^(2_3)
地72-94	2387.625	78.499	99.013	20.642	79.358	29.802	234.505	0.450	4.465	10.716	12.268	43.368	0.278	2.431	29.802	油层	长4+5!2^(2_3)
地72-94	2387.750	75.623	99.697	19.756	80.244	29.206	233.954	0.507	4.306	10.958	12.235	43.909	0.282	2.430	29.206	油层	长4+5!2^(2_3)
地72-94	2387.875	72.966	100.517	18.336	81.664	28.356	233.036	0.554	4.029	11.139	12.160	44.796	0.288	2.432	28.356	油层	长4+5!2^(2_3)
地72-94	2388.000	72.389	101.532	17.566	82.434	27.560	232.031	0.542	3.735	11.094	12.066	45.736	0.294	2.435	27.560	油层	长4+5!2^(2_3)
地72-94	2388.125	71.438	102.743	17.108	82.892	27.272	231.246	0.547	3.539	11.111	11.981	46.246	0.296	2.439	27.272	油层	长4+5!2^(2_3)
地72-94	2388.250	69.086	104.101	16.239	83.761	27.278	230.825	0.603	3.442	11.312	11.927	46.421	0.296	2.441	27.278	油层	长4+5!2^(2_3)
地72-94	2388.375	68.734	105.521	15.704	84.296	27.044	230.824	0.614	3.384	11.348	11.910	46.677	0.298	2.443	27.044	油层	长4+5!2^(2_3)
地72-94	2388.500	72.003	106.943	16.552	83.448	26.216	231.228	0.531	3.319	11.050	11.933	47.336	0.305	2.448	26.216	油层	长4+5!2^(2_3)
地72-94	2388.625	78.206	108.360	19.009	80.991	24.685	232.084	0.404	3.230	10.494	11.999	48.571	0.320	2.458	24.685	油层	长4+5!2^(2_3)
地72-94	2388.750	85.109	109.734	22.517	77.483	22.874	233.277	0.000	3.151	0.000	12.102	50.098	0.000	2.475	22.874	油层	长4+5!2^(2_3)
地72-94	2388.875	92.748	110.889	42.177	57.823	21.213	234.624	0.000	1.258	0.000	4.924	80.209	0.000	2.497	21.213		长4+5!2^(2_3)
地72-94	2389.000	99.854	111.662	60.370	39.630	19.882	235.854	0.000	0.010	0.000	0.100	99.900	0.000	2.520	19.882		长4+5!2^(2_3)
地72-94	2389.125	101.907	111.996	66.312	33.688	18.922	236.666	0.000	0.010	0.000	0.100	99.900	0.000	2.539	18.922		
地72-94	2389.250	100.153	111.924	65.957	34.043	18.269	237.035	0.000	0.010	0.000	0.100	99.900	0.000	2.551	18.269		
地72-94	2389.375	98.009	111.493	62.967	37.033	17.854	237.011	0.000	0.010	0.000	0.100	99.900	0.000	2.557	17.854		
地72-94	2389.500	97.239	110.794	61.018	38.982	17.560	236.721	0.000	0.010	0.000	0.100	99.900	0.000	2.557	17.560		
地72-94	2389.625	95.589	109.893	59.156	40.844	17.255	236.358	0.000	0.010	0.000	0.100	99.900	0.000	2.554	17.255		
地72-94	2389.750	92.458	108.785	55.628	44.372	16.938	235.980	0.000	0.010	0.000	0.100	99.900	0.000	2.549	16.938		
地72-94	2389.875	89.860	107.345	51.851	48.149	16.619	235.323	0.000	0.010	0.000	0.100	99.900	0.000	2.540	16.619		
地72-94	2390.000	87.104	105.474	35.339	64.661	16.422	233.866	0.281	1.430	9.754	7.358	75.228	0.434	2.530	16.422		
地72-94	2390.125	81.290	103.263	23.111	76.889	16.467	230.865	0.324	2.195	10.046	12.031	59.316	0.433	2.522	16.467	干层	
地72-94	2390.250	73.470	101.018	19.110	80.890	16.700	226.564	0.388	1.847	10.412	11.664	60.466	0.428	2.520	16.700	干层	
地72-94	2390.375	66.670	99.137	15.301	84.699	16.958	221.574	0.425	1.474	10.599	11.207	62.071	0.423	2.524	16.958	干层	
地72-94	2390.500	62.424	97.732	12.631	87.369	17.259	216.704	0.412	1.151	10.534	10.730	63.828	0.418	2.536	17.259	干层	
地72-94	2390.625	59.705	96.643	10.957	89.043	17.586	212.597	0.383	0.914	10.389	10.302	65.438	0.412	2.550	17.586	干层	
地72-94	2390.750	56.837	95.716	9.639	90.361	17.920	209.408	0.377	0.340	10.355	9.957	66.709	0.406	2.565	17.920	干层	
地72-94	2390.875	53.852	94.969	8.384	91.616	18.342	206.665	0.382	0.010	10.380	9.673	67.563	0.399	2.574	18.342	干层	
地72-94	2391.000	52.174	94.467	7.457	92.543	18.691	204.333	0.369	0.010	10.311	9.431	68.375	0.394	2.577	18.691	干层	
地72-94	2391.125	54.473	94.196	7.598	92.402	18.667	203.679	0.317	0.010	10.004	9.302	69.213	0.394	2.573	18.667	干层	
地72-94	2391.250	58.180	94.093	8.707	91.293	18.311	204.800	0.278	0.010	9.735	9.342	69.631	0.400	2.563	18.311	干层	
地72-94	2391.375	60.500	94.121	9.876	90.124	17.804	207.307	0.281	0.010	9.755	9.532	69.435	0.409	2.552	17.804	干层	
地72-94	2391.500	61.988	94.230	10.780	89.220	17.338	210.565	0.307	0.010	9.939	9.818	68.626	0.417	2.540	17.338	干层	
地72-94	2391.625	64.227	94.373	11.809	88.191	16.845	214.189	0.330	0.518	10.084	10.156	67.669	0.426	2.528	16.845	干层	
地72-94	2391.750	66.161	94.553	12.940	87.060	16.205	217.974	0.363	0.953	10.277	10.517	66.991	0.438	2.518	16.205	干层	
地72-94	2391.875	66.760	94.818	13.725	86.275	15.541	221.641	0.425	1.121	10.597	10.877	66.488	0.452	2.509	15.541	干层	
地72-94	2392.000	67.030	95.176	14.184	85.816	15.016	224.666	0.489	1.291	10.884	11.195	66.008	0.463	2.502	15.016	干层	
地72-94	2392.125	67.226	95.631	14.479	85.521	14.820	226.351	0.528	1.430	11.039	11.411	65.377	0.467	2.498	14.820	干层	
地72-94	2392.250	65.850	96.212	14.258	85.742	14.828	226.988	0.585	1.509	11.249	11.513	64.866	0.467	2.497	14.828	干层	
地72-94	2392.375	63.655	96.944	13.513	86.487	14.828	227.224	0.662	1.540	11.502	11.552	64.683	0.467	2.498	14.828	干层	
地72-94	2392.500	61.735	97.822	12.716	87.284	14.734	227.685	0.748	1.560	11.749	11.588	64.718	0.469	2.500	14.734	干层	
地72-94	2392.625	60.416	98.851	12.158	87.842	14.569	228.679	0.842	1.605	11.990	11.663	64.729	0.472	2.504	14.569	干层	
地72-94	2280.750--2392.625(平均)	93.049	110.541	51.431	48.569	17.391	233.278	0.128	1.072	3.158	3.757	85.156	0.127	2.544	17.391		
地72-94	2280.750--2392.625(最大)	159.393	122.880	99.900	92.783	40.567	303.449	1.793	83.758	13.530	20.598	99.900	0.762	2.650	40.567		
地72-94	2280.750--2392.625(最小)	50.676	82.203	7.217	0.100	7.791	191.822	0.000	0.010	0.000	0.100	31.310	0.000	2.372	7.791		
