井名	深度	GR	SP	SH	SS	IR4A	AC	PERM2024	PERM	POR2024	POR	SW	SW2024	DEN	RT	解释结论	层位
地93-80	2190.125	111.262	74.317	37.668	62.332	14.420	234.429	0.000	0.010	0.000	0.100	99.900	0.000	2.582	14.470		
地93-80	2190.250	110.361	75.109	37.162	62.838	14.545	232.019	0.000	0.010	0.000	0.100	99.900	0.000	2.594	14.561		
地93-80	2190.375	110.047	75.592	36.530	63.470	14.586	229.907	0.000	0.010	0.000	0.100	99.900	0.000	2.597	14.606		
地93-80	2190.500	108.380	75.721	34.369	65.631	14.636	228.178	0.000	0.010	0.000	0.100	99.900	0.000	2.593	14.660		
地93-80	2190.625	103.397	75.541	25.487	74.513	14.696	226.547	0.084	0.278	7.297	4.756	84.233	0.474	2.586	14.737		
地93-80	2190.750	96.082	75.081	14.510	85.490	14.800	224.665	0.111	0.698	7.862	11.934	60.220	0.473	2.581	14.731	含油水层	
地93-80	2190.875	91.045	74.366	13.225	86.775	14.627	223.100	0.132	0.703	8.223	11.954	60.468	0.477	2.580	14.571	含油水层	
地93-80	2191.000	89.242	73.396	12.724	87.276	14.485	223.396	0.147	0.710	8.441	11.979	60.725	0.481	2.581	14.401	含油水层	
地93-80	2191.125	88.086	72.230	12.450	87.550	14.271	226.195	0.180	0.801	8.853	12.302	59.937	0.483	2.583	14.285	含油水层	
地93-80	2191.250	86.226	70.918	12.412	87.588	14.306	230.382	0.246	0.976	9.483	12.868	58.109	0.481	2.583	14.331	含油水层	
地93-80	2191.375	86.116	69.508	13.047	86.953	14.370	233.301	0.287	1.113	9.798	13.269	56.755	0.479	2.579	14.411	含油水层	
地93-80	2191.500	89.230	68.060	14.066	85.934	14.475	233.144	0.243	1.097	9.458	13.222	56.611	0.476	2.571	14.562	含油水层	
地93-80	2191.625	92.309	66.645	14.407	85.593	14.695	229.792	0.175	0.965	8.788	12.839	57.317	0.471	2.560	14.791	含油水层	
地93-80	2191.750	91.895	65.332	13.477	86.523	14.940	225.034	0.140	0.827	8.336	12.398	58.203	0.466	2.548	15.033	含油水层	
地93-80	2191.875	87.672	64.188	11.905	88.095	15.176	222.098	0.149	0.761	8.469	12.169	58.503	0.461	2.538	15.251	含油水层	
地93-80	2192.000	83.152	63.322	10.745	89.255	15.367	221.554	0.183	0.776	8.883	12.223	58.030	0.456	2.533	15.421	含油水层	
地93-80	2192.125	80.543	62.766	10.236	89.764	15.502	221.254	0.206	0.803	9.123	12.321	57.592	0.454	2.533	15.497	含油水层	
地93-80	2192.250	79.874	62.543	9.924	90.076	15.488	218.706	0.187	0.766	8.927	12.186	58.104	0.456	2.541	15.444	含油水层	
地93-80	2192.375	78.898	62.661	9.124	90.876	15.376	213.253	0.149	0.657	8.460	11.761	59.615	0.458	2.553	15.350	干层	
地93-80	2192.500	75.463	63.146	7.551	92.449	15.309	206.681	0.127	0.540	8.133	11.250	61.279	0.459	2.568	15.347	干层	
地93-80	2192.625	68.868	63.937	5.641	94.359	15.403	200.569	0.130	0.459	8.182	10.846	62.060	0.452	2.583	15.654	干层	
地93-80	2192.750	62.453	64.983	4.175	95.825	16.040	195.640	0.140	0.396	8.336	10.487	62.021	0.437	2.596	16.352	干层	
地93-80	2192.875	58.837	66.238	3.336	96.664	16.833	192.361	0.142	0.345	8.370	10.168	61.675	0.421	2.605	17.191	干层	
地93-80	2193.000	56.728	67.665	2.781	97.219	17.742	190.515	0.144	0.200	8.398	10.000	60.607	0.403	2.613	18.212	干层	
地93-80	2193.125	54.468	69.198	2.474	97.526	18.935	190.285	0.160	0.010	8.609	9.970	59.311	0.389	2.620	19.122	干层	
地93-80	2193.250	54.531	70.793	2.920	97.080	19.409	192.063	0.175	0.010	8.787	9.957	58.631	0.381	2.628	19.623	干层	
地93-80	2193.375	59.568	72.417	4.407	95.593	19.951	196.457	0.169	0.133	8.721	9.960	58.042	0.375	2.638	20.033	干层	
地93-80	2193.500	68.053	74.045	6.805	93.195	20.159	202.871	0.152	0.333	8.507	10.084	57.617	0.375	2.647	20.040	干层	
地93-80	2193.625	78.492	75.653	9.869	90.131	19.856	210.212	0.000	0.367	0.000	10.310	57.444	0.000	2.654	19.629	干层	
地93-80	2193.750	88.997	77.225	18.151	81.849	19.281	217.034	0.000	0.242	0.000	6.384	74.156	0.000	2.657	18.883		
地93-80	2193.875	96.825	78.747	28.723	71.277	18.272	220.877	0.000	0.010	0.000	0.100	99.900	0.000	2.656	17.843		
地93-80	2194.000	100.472	80.195	30.402	69.598	17.185	220.564	0.000	0.010	0.000	0.100	99.900	0.000	2.651	16.922		
地93-80	2194.125	101.259	81.561	30.105	69.895	16.518	217.299	0.000	0.010	0.000	0.100	99.900	0.000	2.644	16.303		
地93-80	2194.250	98.925	82.833	27.942	72.058	15.972	214.385	0.000	0.010	0.000	0.100	99.900	0.000	2.636	15.767		
地93-80	2194.375	94.210	84.000	25.841	74.159	15.452	215.476	0.000	0.010	0.000	0.100	99.900	0.000	2.628	15.359		
地93-80	2194.500	93.221	85.038	26.109	73.891	15.217	220.166	0.000	0.010	0.000	0.100	99.900	0.000	2.619	15.176		
地93-80	2194.625	95.795	85.953	27.502	72.498	15.115	226.037	0.000	0.010	0.000	0.100	99.900	0.000	2.610	14.965		
地93-80	2194.750	97.360	86.746	27.630	72.370	14.735	230.880	0.000	0.010	0.000	0.100	99.900	0.000	2.602	14.582		
地93-80	2194.875	95.455	87.418	26.684	73.316	14.349	233.746	0.000	0.010	0.000	0.100	99.900	0.000	2.594	14.179		
地93-80	2195.000	94.670	87.959	27.800	72.200	13.918	235.984	0.000	0.010	0.000	0.100	99.900	0.000	2.589	13.822		
地93-80	2195.125	100.161	88.392	32.621	67.379	13.675	238.627	0.000	0.010	0.000	0.100	99.900	0.000	2.589	13.505		
地93-80	2195.250	109.585	88.734	38.589	61.411	13.244	241.484	0.000	0.010	0.000	0.100	99.900	0.000	2.592	13.158		
地93-80	2195.375	115.872	89.001	41.797	58.203	13.026	243.627	0.000	0.010	0.000	0.100	99.900	0.000	2.595	12.886		
地93-80	2195.500	116.719	89.200	42.470	57.530	12.671	245.093	0.000	0.010	0.000	0.100	99.900	0.000	2.596	12.504		
地93-80	2195.625	117.542	89.351	43.467	56.533	12.248	246.834	0.000	0.010	0.000	0.100	99.900	0.000	2.588	12.123		
地93-80	2195.750	119.375	89.469	45.282	54.718	11.931	249.156	0.000	0.010	0.000	0.100	99.900	0.000	2.567	11.803		
地93-80	2195.875	122.100	89.564	51.366	48.634	11.607	252.737	0.000	0.010	0.000	0.100	99.900	0.000	2.536	11.551		
地93-80	2196.000	135.108	89.637	71.662	28.338	11.465	260.657	0.000	0.010	0.000	0.100	99.900	0.000	2.500	11.355		
地93-80	2196.125	164.009	89.693	94.965	5.035	11.185	274.419	0.000	0.010	0.000	0.100	99.900	0.000	2.470	11.161		
地93-80	2196.250	201.367	89.727	99.900	0.100	11.124	288.331	0.000	0.010	0.000	0.100	99.900	0.000	2.457	11.072		
地93-80	2196.375	224.301	89.731	99.900	0.100	10.992	288.232	0.000	0.010	0.000	0.100	99.900	0.000	2.465	10.966		
地93-80	2196.500	208.093	89.687	99.900	0.100	10.926	272.336	0.000	0.010	0.000	0.100	99.900	0.000	2.492	10.921		
地93-80	2196.625	171.165	89.581	85.843	14.157	10.912	251.141	0.000	0.010	0.000	0.100	99.900	0.000	2.531	11.063		
地93-80	2196.750	140.747	89.396	60.094	39.906	11.294	236.884	0.000	0.010	0.000	0.100	99.900	0.000	2.570	11.430		
地93-80	2196.875	129.984	89.116	54.174	45.826	11.639	234.090	0.000	0.010	0.000	0.100	99.900	0.000	2.600	11.870		
地93-80	2197.000	131.307	88.712	54.952	45.048	12.225	235.497	0.000	0.010	0.000	0.100	99.900	0.000	2.618	12.352		
地93-80	2197.125	131.385	88.184	53.828	46.172	12.547	236.013	0.000	0.010	0.000	0.100	99.900	0.000	2.623	12.702		
地93-80	2197.250	128.189	87.535	51.552	48.448	12.940	236.672	0.000	0.010	0.000	0.100	99.900	0.000	2.616	13.074		
地93-80	2197.375	126.830	86.774	54.981	45.019	13.279	243.867	0.000	0.010	0.000	0.100	99.900	0.000	2.602	13.422		
地93-80	2197.500	137.935	85.909	70.222	29.778	13.641	257.687	0.000	0.010	0.000	0.100	99.900	0.000	2.584	13.750		
地93-80	2197.625	157.838	84.981	90.141	9.859	13.917	270.615	0.000	0.010	0.000	0.100	99.900	0.000	2.567	13.952		
地93-80	2197.750	170.534	84.031	96.687	3.313	14.006	273.401	0.000	0.010	0.000	0.100	99.900	0.000	2.556	13.912		
地93-80	2197.875	164.016	83.099	81.180	18.820	13.767	261.915	0.000	0.010	0.000	0.100	99.900	0.000	2.552	13.668		
地93-80	2198.000	141.397	82.240	56.806	43.194	13.515	244.428	0.000	0.010	0.000	0.100	99.900	0.000	2.556	13.386		
地93-80	2198.125	119.294	81.492	40.093	59.907	13.187	228.931	0.000	0.010	0.000	0.100	99.900	0.000	2.563	13.121		
地93-80	2198.250	105.403	80.889	32.125	67.875	13.020	219.157	0.000	0.010	0.000	0.100	99.900	0.000	2.572	13.030		
地93-80	2198.375	99.937	80.454	30.457	69.543	13.046	215.765	0.000	0.010	0.000	0.100	99.900	0.000	2.579	13.084		
地93-80	2198.500	102.271	80.229	33.008	66.992	13.143	216.452	0.000	0.010	0.000	0.100	99.900	0.000	2.584	13.197		
地93-80	2198.625	107.922	80.201	37.230	62.770	13.281	219.073	0.000	0.010	0.000	0.100	99.900	0.000	2.588	13.313		
地93-80	2198.750	113.902	80.358	41.255	58.745	13.363	221.445	0.000	0.010	0.000	0.100	99.900	0.000	2.591	13.430		
地93-80	2198.875	117.970	80.689	42.668	57.332	13.533	221.793	0.000	0.010	0.000	0.100	99.900	0.000	2.593	13.617		
地93-80	2199.000	116.233	81.193	39.538	60.462	13.745	220.464	0.000	0.010	0.000	0.100	99.900	0.000	2.594	13.794		
地93-80	2199.125	108.734	81.826	33.845	66.155	13.868	218.737	0.000	0.010	0.000	0.100	99.900	0.000	2.597	13.927		
地93-80	2199.250	100.891	82.555	29.892	70.108	14.018	217.803	0.000	0.010	0.000	0.100	99.900	0.000	2.603	14.052		
地93-80	2199.375	98.692	83.353	30.286	69.714	14.103	218.310	0.000	0.010	0.000	0.100	99.900	0.000	2.610	14.124		
地93-80	2199.500	103.485	84.195	34.240	65.760	14.156	220.328	0.000	0.010	0.000	0.100	99.900	0.000	2.615	14.172		
地93-80	2199.625	110.382	85.051	39.444	60.556	14.198	224.119	0.000	0.010	0.000	0.100	99.900	0.000	2.615	14.183		
地93-80	2199.750	117.425	85.898	44.521	55.479	14.159	229.330	0.000	0.010	0.000	0.100	99.900	0.000	2.608	14.147		
地93-80	2199.875	122.716	86.719	47.152	52.848	14.128	233.183	0.000	0.010	0.000	0.100	99.900	0.000	2.595	14.120		
地93-80	2200.000	122.585	87.493	45.059	54.941	14.108	232.726	0.000	0.010	0.000	0.100	99.900	0.000	2.580	14.073		
地93-80	2200.125	116.401	88.214	39.527	60.473	14.019	228.674	0.000	0.010	0.000	0.100	99.900	0.000	2.566	14.022		
地93-80	2200.250	108.413	88.876	35.023	64.977	14.027	226.062	0.000	0.010	0.000	0.100	99.900	0.000	2.555	14.032		
地93-80	2200.375	105.687	89.477	36.428	63.572	14.040	231.492	0.000	0.010	0.000	0.100	99.900	0.000	2.548	14.036		
地93-80	2200.500	114.478	90.002	44.994	55.006	14.029	243.861	0.000	0.010	0.000	0.100	99.900	0.000	2.544	13.995		
地93-80	2200.625	128.158	90.458	55.623	44.377	13.944	256.738	0.000	0.010	0.000	0.100	99.900	0.000	2.546	13.861		
地93-80	2200.750	137.723	90.844	61.058	38.942	13.735	263.017	0.000	0.010	0.000	0.100	99.900	0.000	2.555	13.599		
地93-80	2200.875	137.436	91.160	57.183	42.817	13.392	258.833	0.000	0.010	0.000	0.100	99.900	0.000	2.571	13.180		
地93-80	2201.000	127.603	91.400	47.814	52.186	12.854	248.539	0.000	0.010	0.000	0.100	99.900	0.000	2.594	12.687		
地93-80	2201.125	116.649	91.575	40.295	59.705	12.430	237.889	0.000	0.010	0.000	0.100	99.900	0.000	2.620	12.124		
地93-80	2201.250	110.616	91.690	38.147	61.853	11.656	230.681	0.000	0.010	0.000	0.100	99.900	0.000	2.645	11.509		
地93-80	2201.375	112.935	91.750	41.803	58.197	11.283	228.771	0.000	0.010	0.000	0.100	99.900	0.000	2.662	11.119		
地93-80	2201.500	121.036	91.758	48.163	51.837	10.866	230.640	0.000	0.010	0.000	0.100	99.900	0.000	2.670	10.765		
地93-80	2201.625	127.976	91.727	52.698	47.302	10.611	233.702	0.000	0.010	0.000	0.100	99.900	0.000	2.674	10.488		
地93-80	2201.750	130.334	91.661	52.951	47.049	10.299	234.918	0.000	0.010	0.000	0.100	99.900	0.000	2.677	10.229		
地93-80	2201.875	127.405	91.559	48.130	51.870	10.121	231.295	0.000	0.010	0.000	0.100	99.900	0.000	2.677	10.067		
地93-80	2202.000	117.974	91.410	40.165	59.835	9.984	224.936	0.000	0.010	0.000	0.100	99.900	0.000	2.674	9.970		长4+5!1^(1_1)
地93-80	2202.125	107.956	91.209	34.460	65.540	9.949	220.306	0.000	0.010	0.000	0.100	99.900	0.000	2.668	10.008		长4+5!1^(1_1)
地93-80	2202.250	104.406	90.950	34.465	65.535	10.098	220.427	0.000	0.010	0.000	0.100	99.900	0.000	2.661	10.177		长4+5!1^(1_1)
地93-80	2202.375	109.818	90.625	39.954	60.046	10.297	224.510	0.000	0.010	0.000	0.100	99.900	0.000	2.653	10.344		长4+5!1^(1_1)
地93-80	2202.500	119.787	90.218	48.328	51.672	10.417	228.708	0.000	0.010	0.000	0.100	99.900	0.000	2.639	10.417		长4+5!1^(1_1)
地93-80	2202.625	130.177	89.732	57.954	42.046	10.418	231.009	0.000	0.010	0.000	0.100	99.900	0.000	2.614	10.358		长4+5!1^(1_1)
地93-80	2202.750	140.708	89.175	68.069	31.931	10.266	231.426	0.000	0.010	0.000	0.100	99.900	0.000	2.580	10.187		长4+5!1^(1_1)
地93-80	2202.875	149.626	88.567	76.670	23.330	10.067	232.033	0.000	0.010	0.000	0.100	99.900	0.000	2.545	9.984		长4+5!1^(1_1)
地93-80	2203.000	155.441	87.934	81.818	18.182	9.855	236.228	0.000	0.010	0.000	0.100	99.900	0.000	2.516	9.799		长4+5!1^(1_1)
地93-80	2203.125	157.483	87.315	81.625	18.375	9.713	245.257	0.000	0.010	0.000	0.100	99.900	0.000	2.495	9.673		长4+5!1^(1_1)
地93-80	2203.250	153.923	86.744	75.614	24.386	9.610	256.820	0.000	0.010	0.000	0.100	99.900	0.000	2.485	9.499		长4+5!1^(1_1)
地93-80	2203.375	146.484	86.254	67.831	32.169	9.328	265.754	0.000	0.010	0.000	0.100	99.900	0.000	2.483	9.162		长4+5!1^(1_1)
地93-80	2203.500	140.342	85.889	62.786	37.214	8.907	269.579	0.000	0.010	0.000	0.100	99.900	0.000	2.488	8.778		长4+5!1^(1_1)
地93-80	2203.625	137.706	85.658	60.872	39.128	8.580	268.499	0.000	0.010	0.000	0.100	99.900	0.000	2.499	8.421		长4+5!1^(1_1)
地93-80	2203.750	136.992	85.565	60.345	39.655	8.178	263.901	0.000	0.010	0.000	0.100	99.900	0.000	2.513	8.128		长4+5!1^(1_1)
地93-80	2203.875	136.756	85.601	60.033	39.967	8.053	257.739	0.000	0.010	0.000	0.100	99.900	0.000	2.532	7.979		长4+5!1^(1_1)
地93-80	2204.000	136.323	85.763	58.838	41.162	7.866	252.757	0.000	0.010	0.000	0.100	99.900	0.000	2.552	7.858		长4+5!1^(1_1)
地93-80	2204.125	133.908	86.011	56.169	43.831	7.844	250.672	0.000	0.010	0.000	0.100	99.900	0.000	2.572	7.950		长4+5!1^(1_1)
地93-80	2204.250	130.615	86.314	53.780	46.220	8.113	251.404	0.000	0.010	0.000	0.100	99.900	0.000	2.589	8.198		长4+5!1^(1_1)
地93-80	2204.375	129.266	86.644	52.611	47.389	8.329	253.749	0.000	0.010	0.000	0.100	99.900	0.000	2.601	8.412		长4+5!1^(1_1)
地93-80	2204.500	128.128	86.971	51.442	48.558	8.541	256.105	0.000	0.010	0.000	0.100	99.900	0.000	2.607	8.628		长4+5!1^(1_1)
地93-80	2204.625	126.615	87.274	50.057	49.943	8.762	257.386	0.000	0.010	0.000	0.100	99.900	0.000	2.606	8.840		长4+5!1^(1_1)
地93-80	2204.750	125.020	87.541	48.692	51.308	8.960	257.558	0.000	0.010	0.000	0.100	99.900	0.000	2.597	9.074		长4+5!1^(1_1)
地93-80	2204.875	123.545	87.769	48.391	51.609	9.250	258.898	0.000	0.010	0.000	0.100	99.900	0.000	2.581	9.324		长4+5!1^(1_1)
地93-80	2205.000	124.937	87.950	51.673	48.327	9.438	263.640	0.000	0.010	0.000	0.100	99.900	0.000	2.558	9.608		长4+5!1^(1_1)
地93-80	2205.125	132.005	88.093	60.119	39.881	9.869	272.163	0.000	0.010	0.000	0.100	99.900	0.000	2.529	9.978		长4+5!1^(1_1)
地93-80	2205.250	143.413	88.203	71.208	28.792	10.146	282.765	0.000	0.010	0.000	0.100	99.900	0.000	2.499	10.228		长4+5!1^(1_1)
地93-80	2205.375	152.700	88.291	78.640	21.360	10.355	291.963	0.000	0.010	0.000	0.100	99.900	0.000	2.473	10.513		长4+5!1^(1_1)
地93-80	2205.500	155.032	88.368	77.757	22.243	10.756	295.116	0.000	0.010	0.000	0.100	99.900	0.000	2.457	10.885		长4+5!1^(1_1)
地93-80	2205.625	149.492	88.449	68.640	31.360	11.084	288.539	0.000	0.010	0.000	0.100	99.900	0.000	2.457	11.326		长4+5!1^(1_1)
地93-80	2205.750	137.260	88.538	55.535	44.465	11.697	272.820	0.000	0.010	0.000	0.100	99.900	0.000	2.477	12.012		长4+5!1^(1_1)
地93-80	2205.875	123.182	88.639	44.399	55.601	12.494	253.733	0.000	0.010	0.000	0.100	99.900	0.000	2.511	12.683		长4+5!1^(1_1)
地93-80	2206.000	113.285	88.757	38.296	61.704	12.973	238.690	0.000	0.010	0.000	0.100	99.900	0.000	2.553	13.082		长4+5!1^(1_1)
地93-80	2206.125	109.300	88.893	36.502	63.498	13.250	230.031	0.000	0.010	0.000	0.100	99.900	0.000	2.592	13.373		长4+5!1^(1_1)
地93-80	2206.250	109.436	89.049	36.840	63.160	13.563	226.041	0.000	0.010	0.000	0.100	99.900	0.000	2.621	13.648		长4+5!1^(1_1)
地93-80	2206.375	110.374	89.220	36.608	63.392	13.777	223.715	0.000	0.010	0.000	0.100	99.900	0.000	2.641	13.881		长4+5!1^(1_1)
地93-80	2206.500	108.135	89.400	34.460	65.540	14.042	221.624	0.000	0.010	0.000	0.100	99.900	0.000	2.653	14.122		长4+5!1^(1_1)
地93-80	2206.625	104.119	89.579	32.335	67.665	14.245	220.291	0.000	0.010	0.000	0.100	99.900	0.000	2.659	14.398		长4+5!1^(1_1)
地93-80	2206.750	102.758	89.754	31.904	68.096	14.632	220.161	0.000	0.010	0.000	0.100	99.900	0.000	2.662	14.737		长4+5!1^(1_1)
地93-80	2206.875	103.290	89.924	31.462	68.538	14.897	220.373	0.000	0.010	0.000	0.100	99.900	0.000	2.662	14.994		长4+5!1^(1_1)
地93-80	2207.000	100.840	90.092	29.030	70.970	15.144	219.546	0.000	0.010	0.000	0.100	99.900	0.000	2.660	15.297		长4+5!1^(1_1)
地93-80	2207.125	95.429	90.259	25.831	74.169	15.532	217.736	0.000	0.010	0.000	0.100	99.900	0.000	2.656	15.656		长4+5!1^(1_1)
地93-80	2207.250	91.257	90.426	24.161	75.839	15.847	215.991	0.000	0.010	0.000	0.100	99.900	0.000	2.654	16.014		长4+5!1^(1_1)
地93-80	2207.375	90.908	90.600	24.589	75.411	16.271	215.551	0.000	0.010	0.000	0.100	99.900	0.000	2.654	16.390		长4+5!1^(1_1)
地93-80	2207.500	93.189	90.788	25.757	74.243	16.572	216.873	0.000	0.010	0.000	0.100	99.900	0.000	2.657	16.717		长4+5!1^(1_1)
地93-80	2207.625	94.446	90.994	26.506	73.494	16.938	219.923	0.000	0.010	0.000	0.100	99.900	0.000	2.662	16.966		长4+5!1^(1_1)
地93-80	2207.750	95.512	91.221	27.540	72.460	17.008	223.316	0.000	0.010	0.000	0.100	99.900	0.000	2.664	17.036		长4+5!1^(1_1)
地93-80	2207.875	97.936	91.465	30.312	69.688	17.080	225.040	0.000	0.010	0.000	0.100	99.900	0.000	2.659	17.059		长4+5!1^(1_1)
地93-80	2208.000	104.671	91.721	35.648	64.352	17.027	226.745	0.000	0.010	0.000	0.100	99.900	0.000	2.645	17.045		长4+5!1^(1_1)
地93-80	2208.125	113.371	91.980	42.280	57.720	17.072	232.399	0.000	0.010	0.000	0.100	99.900	0.000	2.620	17.050		长4+5!1^(1_1)
地93-80	2208.250	121.852	92.235	48.569	51.431	17.017	243.725	0.000	0.010	0.000	0.100	99.900	0.000	2.586	16.992		长4+5!1^(1_1)
地93-80	2208.375	127.940	92.476	51.958	48.042	16.954	256.428	0.000	0.010	0.000	0.100	99.900	0.000	2.548	16.913		长4+5!1^(1_1)
地93-80	2208.500	128.352	92.695	52.136	47.864	16.850	265.282	0.000	0.010	0.000	0.100	99.900	0.000	2.511	16.766		长4+5!1^(1_1)
地93-80	2208.625	128.217	92.887	53.547	46.453	16.638	269.757	0.000	0.010	0.000	0.100	99.900	0.000	2.480	16.470		长4+5!1^(1_1)
地93-80	2208.750	132.263	93.050	60.500	39.500	16.212	273.309	0.000	0.010	0.000	0.100	99.900	0.000	2.463	16.127		长4+5!1^(1_1)
地93-80	2208.875	143.960	93.186	77.146	22.854	15.997	278.424	0.000	0.010	0.000	0.100	99.900	0.000	2.460	15.929		长4+5!1^(1_1)
地93-80	2209.000	163.962	93.299	94.927	5.073	15.825	282.244	0.000	0.010	0.000	0.100	99.900	0.000	2.472	15.668		长4+5!1^(1_1)
地93-80	2209.125	182.269	93.401	99.900	0.100	15.427	280.443	0.000	0.010	0.000	0.100	99.900	0.000	2.497	15.297		长4+5!1^(1_1)
地93-80	2209.250	186.817	93.496	99.900	0.100	15.096	272.122	0.000	0.010	0.000	0.100	99.900	0.000	2.531	14.923		长4+5!1^(1_1)
地93-80	2209.375	174.497	93.592	94.113	5.887	14.658	261.928	0.000	0.010	0.000	0.100	99.900	0.000	2.564	14.529		长4+5!1^(1_1)
地93-80	2209.500	158.991	93.693	83.252	16.748	14.332	255.935	0.000	0.010	0.000	0.100	99.900	0.000	2.591	14.188		长4+5!1^(1_1)
地93-80	2209.625	154.938	93.801	83.450	16.550	13.965	256.327	0.000	0.010	0.000	0.100	99.900	0.000	2.609	13.764		长4+5!1^(1_1)
地93-80	2209.750	161.475	93.917	92.945	7.055	13.455	261.274	0.000	0.010	0.000	0.100	99.900	0.000	2.617	13.108		长4+5!1^(1_1)
地93-80	2209.875	170.604	94.036	99.900	0.100	12.576	266.797	0.000	0.010	0.000	0.100	99.900	0.000	2.617	12.285		长4+5!1^(1_1)
地93-80	2210.000	173.977	94.149	99.900	0.100	11.840	269.657	0.000	0.010	0.000	0.100	99.900	0.000	2.612	11.683		长4+5!1^(1_2)
地93-80	2210.125	171.169	94.247	97.489	2.511	11.444	268.389	0.000	0.010	0.000	0.100	99.900	0.000	2.606	11.431		长4+5!1^(1_2)
地93-80	2210.250	165.526	94.324	91.443	8.557	11.413	263.426	0.000	0.010	0.000	0.100	99.900	0.000	2.597	11.396		长4+5!1^(1_2)
地93-80	2210.375	161.035	94.373	87.553	12.447	11.370	257.596	0.000	0.010	0.000	0.100	99.900	0.000	2.587	11.374		长4+5!1^(1_2)
地93-80	2210.500	160.463	94.382	87.106	12.894	11.381	254.357	0.000	0.010	0.000	0.100	99.900	0.000	2.577	11.406		长4+5!1^(1_2)
地93-80	2210.625	160.463	94.350	85.402	14.598	11.445	254.389	0.000	0.010	0.000	0.100	99.900	0.000	2.570	11.512		长4+5!1^(1_2)
地93-80	2210.750	157.037	94.276	78.920	21.080	11.614	255.368	0.000	0.010	0.000	0.100	99.900	0.000	2.569	11.667		长4+5!1^(1_2)
地93-80	2210.875	148.768	94.165	68.884	31.116	11.748	253.742	0.000	0.010	0.000	0.100	99.900	0.000	2.574	11.763		长4+5!1^(1_2)
地93-80	2211.000	139.118	94.018	59.288	40.712	11.786	248.849	0.000	0.010	0.000	0.100	99.900	0.000	2.580	11.789		长4+5!1^(1_2)
地93-80	2211.125	130.561	93.849	52.366	47.634	11.794	241.995	0.000	0.010	0.000	0.100	99.900	0.000	2.579	11.781		长4+5!1^(1_2)
地93-80	2211.250	125.380	93.670	50.101	49.899	11.760	235.570	0.000	0.010	0.000	0.100	99.900	0.000	2.564	11.785		长4+5!1^(1_2)
地93-80	2211.375	127.040	93.490	56.301	43.699	11.825	234.920	0.000	0.010	0.000	0.100	99.900	0.000	2.536	11.881		长4+5!1^(1_2)
地93-80	2211.500	140.913	93.320	74.789	25.211	11.968	244.516	0.000	0.010	0.000	0.100	99.900	0.000	2.498	12.115		长4+5!1^(1_2)
地93-80	2211.625	163.196	93.171	94.311	5.689	12.341	263.169	0.000	0.010	0.000	0.100	99.900	0.000	2.464	12.322		长4+5!1^(1_2)
地93-80	2211.750	182.257	93.050	99.900	0.100	12.293	282.096	0.000	0.010	0.000	0.100	99.900	0.000	2.445	12.161		长4+5!1^(1_2)
地93-80	2211.875	188.467	92.961	99.900	0.100	11.959	288.139	0.000	0.010	0.000	0.100	99.900	0.000	2.446	11.849		长4+5!1^(1_2)
地93-80	2212.000	180.044	92.909	98.243	1.757	11.681	281.118	0.000	0.010	0.000	0.100	99.900	0.000	2.466	11.393		长4+5!1^(1_2)
地93-80	2212.125	166.927	92.889	88.487	11.513	10.951	269.647	0.000	0.010	0.000	0.100	99.900	0.000	2.500	10.859		长4+5!1^(1_2)
地93-80	2212.250	152.596	92.897	71.700	28.300	10.717	262.170	0.000	0.010	0.000	0.100	99.900	0.000	2.538	10.612		长4+5!1^(1_2)
地93-80	2212.375	139.450	92.928	59.495	40.505	10.452	260.743	0.000	0.010	0.000	0.100	99.900	0.000	2.570	10.313		长4+5!1^(1_2)
地93-80	2212.500	130.564	92.981	51.775	48.225	10.101	259.726	0.000	0.010	0.000	0.100	99.900	0.000	2.592	9.990		长4+5!1^(1_2)
地93-80	2212.625	123.664	93.047	45.947	54.053	9.820	255.247	0.000	0.010	0.000	0.100	99.900	0.000	2.600	9.779		长4+5!1^(1_2)
地93-80	2212.750	117.418	93.118	42.006	57.994	9.716	248.769	0.000	0.010	0.000	0.100	99.900	0.000	2.593	9.816		长4+5!1^(1_2)
地93-80	2212.875	114.991	93.185	44.465	55.535	9.971	247.683	0.000	0.010	0.000	0.100	99.900	0.000	2.578	10.292		长4+5!1^(1_2)
地93-80	2213.000	125.976	93.235	57.416	42.584	10.784	255.646	0.000	0.010	0.000	0.100	99.900	0.000	2.559	11.019		长4+5!1^(1_2)
地93-80	2213.125	144.935	93.260	75.977	24.023	11.379	269.045	0.000	0.010	0.000	0.100	99.900	0.000	2.544	11.510		长4+5!1^(1_2)
地93-80	2213.250	160.459	93.253	89.219	10.781	11.709	279.535	0.000	0.010	0.000	0.100	99.900	0.000	2.538	11.751		长4+5!1^(1_2)
地93-80	2213.375	164.547	93.210	88.974	11.026	11.816	279.398	0.000	0.010	0.000	0.100	99.900	0.000	2.543	11.765		长4+5!1^(1_2)
地93-80	2213.500	157.700	93.122	79.282	20.718	11.688	270.651	0.000	0.010	0.000	0.100	99.900	0.000	2.556	11.567		长4+5!1^(1_2)
地93-80	2213.625	148.464	92.994	69.196	30.804	11.381	258.925	0.000	0.010	0.000	0.100	99.900	0.000	2.574	11.364		长4+5!1^(1_2)
地93-80	2213.750	140.402	92.833	62.809	37.191	11.338	248.848	0.000	0.010	0.000	0.100	99.900	0.000	2.586	11.395		长4+5!1^(1_2)
地93-80	2213.875	137.670	92.650	63.462	36.538	11.483	243.418	0.000	0.010	0.000	0.100	99.900	0.000	2.585	11.554		长4+5!1^(1_2)
地93-80	2214.000	143.389	92.461	72.151	27.849	11.663	243.901	0.000	0.010	0.000	0.100	99.900	0.000	2.562	11.797		长4+5!1^(1_2)
地93-80	2214.125	154.733	92.289	87.051	12.949	12.002	252.314	0.000	0.010	0.000	0.100	99.900	0.000	2.516	12.066		长4+5!1^(1_2)
地93-80	2214.250	168.528	92.148	98.703	1.297	12.164	269.427	0.000	0.010	0.000	0.100	99.900	0.000	2.456	12.184		长4+5!1^(1_2)
地93-80	2214.375	182.135	92.055	99.900	0.100	12.214	289.699	0.000	0.010	0.000	0.100	99.900	0.000	2.399	12.185		长4+5!1^(1_2)
地93-80	2214.500	184.358	92.028	99.573	0.427	12.140	301.531	0.000	0.010	0.000	0.100	99.900	0.000	2.363	12.074		长4+5!1^(1_2)
地93-80	2214.625	169.345	92.072	86.183	13.817	11.973	296.705	0.000	0.010	0.000	0.100	99.900	0.000	2.363	11.926		长4+5!1^(1_2)
地93-80	2214.750	142.774	92.188	57.445	42.555	11.854	276.429	0.000	0.010	0.000	0.100	99.900	0.000	2.400	11.918		长4+5!1^(1_2)
地93-80	2214.875	118.551	92.371	40.553	59.447	12.018	252.206	0.000	0.010	0.000	0.100	99.900	0.000	2.459	12.163		长4+5!1^(1_2)
地93-80	2215.000	108.307	92.615	36.010	63.990	12.386	235.879	0.000	0.010	0.000	0.100	99.900	0.000	2.525	12.475		长4+5!1^(1_2)
地93-80	2215.125	109.279	92.896	39.380	60.620	12.612	230.727	0.000	0.010	0.000	0.100	99.900	0.000	2.581	12.823		长4+5!1^(1_2)
地93-80	2215.250	118.776	93.196	48.276	51.724	13.146	233.560	0.000	0.010	0.000	0.100	99.900	0.000	2.618	13.264		长4+5!1^(1_2)
地93-80	2215.375	131.408	93.501	58.353	41.647	13.444	240.707	0.000	0.010	0.000	0.100	99.900	0.000	2.635	13.542		长4+5!1^(1_2)
地93-80	2215.500	139.977	93.792	64.172	35.828	13.691	249.726	0.000	0.010	0.000	0.100	99.900	0.000	2.638	13.781		长4+5!1^(1_2)
地93-80	2215.625	141.684	94.056	64.170	35.830	13.919	258.215	0.000	0.010	0.000	0.100	99.900	0.000	2.633	13.939		长4+5!1^(1_2)
地93-80	2215.750	139.046	94.283	60.258	39.742	13.970	262.334	0.000	0.010	0.000	0.100	99.900	0.000	2.627	13.920		长4+5!1^(1_2)
地93-80	2215.875	133.275	94.468	54.282	45.718	13.842	258.193	0.000	0.010	0.000	0.100	99.900	0.000	2.623	13.804		长4+5!1^(1_2)
地93-80	2216.000	126.405	94.605	48.586	51.414	13.746	248.395	0.000	0.010	0.000	0.100	99.900	0.000	2.624	13.742		长4+5!1^(1_2)
地93-80	2216.125	121.030	94.703	44.164	55.836	13.737	237.538	0.000	0.010	0.000	0.100	99.900	0.000	2.628	13.801		长4+5!1^(1_2)
地93-80	2216.250	116.102	94.767	39.999	60.001	13.900	228.497	0.000	0.010	0.000	0.100	99.900	0.000	2.636	13.979		长4+5!1^(1_2)
地93-80	2216.375	110.515	94.801	35.707	64.293	14.099	222.265	0.000	0.010	0.000	0.100	99.900	0.000	2.642	14.234		长4+5!1^(1_2)
地93-80	2216.500	104.747	94.806	33.064	66.936	14.440	219.381	0.000	0.010	0.000	0.100	99.900	0.000	2.646	14.517		长4+5!1^(1_2)
地93-80	2216.625	104.426	94.789	34.935	65.065	14.636	221.697	0.000	0.010	0.000	0.100	99.900	0.000	2.645	14.751		长4+5!1^(1_2)
地93-80	2216.750	111.368	94.755	41.718	58.282	14.928	230.054	0.000	0.010	0.000	0.100	99.900	0.000	2.639	14.988		长4+5!1^(1_2)
地93-80	2216.875	122.948	94.709	50.638	49.362	15.080	241.547	0.000	0.010	0.000	0.100	99.900	0.000	2.632	15.014		长4+5!1^(1_2)
地93-80	2217.000	132.038	94.653	55.427	44.573	14.912	249.653	0.000	0.010	0.000	0.100	99.900	0.000	2.625	14.753		长4+5!1^(1_2)
地93-80	2217.125	131.540	94.586	51.430	48.570	14.509	249.682	0.000	0.010	0.000	0.100	99.900	0.000	2.620	14.436		长4+5!1^(1_2)
地93-80	2217.250	120.996	94.508	41.679	58.321	14.324	242.020	0.000	0.010	0.000	0.100	99.900	0.000	2.617	14.310		长4+5!1^(1_2)
地93-80	2217.375	107.941	94.416	34.345	65.655	14.289	232.789	0.000	0.010	0.000	0.100	99.900	0.000	2.614	14.326		长4+5!1^(1_2)
地93-80	2217.500	104.017	94.304	33.791	66.209	14.382	227.980	0.000	0.010	0.000	0.100	99.900	0.000	2.608	14.521		长4+5!1^(1_2)
地93-80	2217.625	108.081	94.168	37.286	62.714	14.734	228.699	0.000	0.010	0.000	0.100	99.900	0.000	2.592	14.830		长4+5!1^(1_2)
地93-80	2217.750	113.855	93.998	41.671	58.329	14.978	233.675	0.000	0.010	0.000	0.100	99.900	0.000	2.561	14.957		长4+5!1^(1_2)
地93-80	2217.875	119.325	93.788	48.012	51.988	14.926	244.082	0.000	0.010	0.000	0.100	99.900	0.000	2.514	14.883		长4+5!1^(1_2)
地93-80	2218.000	129.948	93.527	59.799	40.201	14.818	261.231	0.000	0.010	0.000	0.100	99.900	0.000	2.453	14.799		长4+5!1^(1_2)
地93-80	2218.125	145.398	93.222	75.963	24.037	14.771	283.771	0.000	0.010	0.000	0.100	99.900	0.000	2.388	14.761		长4+5!1^(1_3)
地93-80	2218.250	159.828	92.878	89.707	10.293	14.745	306.512	0.000	0.010	0.000	0.100	99.900	0.000	2.333	14.687		长4+5!1^(1_3)
地93-80	2218.375	166.376	92.506	92.855	7.145	14.598	321.809	0.000	0.010	0.000	0.100	99.900	0.000	2.298	14.460		长4+5!1^(1_3)
地93-80	2218.500	162.420	92.120	84.575	15.425	14.247	326.224	0.000	0.010	0.000	0.100	99.900	0.000	2.289	13.965		长4+5!1^(1_3)
地93-80	2218.625	152.066	91.745	70.429	29.571	13.533	320.212	0.000	0.010	0.000	0.100	99.900	0.000	2.306	13.451		长4+5!1^(1_3)
地93-80	2218.750	137.220	91.404	54.623	45.377	13.323	308.350	0.000	0.010	0.000	0.100	99.900	0.000	2.345	13.283		长4+5!1^(1_3)
地93-80	2218.875	120.540	91.115	41.188	58.812	13.222	298.056	0.000	0.010	0.000	0.100	99.900	0.000	2.393	13.271		长4+5!1^(1_3)
地93-80	2219.000	107.045	90.902	34.043	65.957	13.346	292.858	0.000	0.010	0.000	0.100	99.900	0.000	2.441	13.452		长4+5!1^(1_3)
地93-80	2219.125	104.354	90.765	36.005	63.995	13.616	290.516	0.000	0.010	0.000	0.100	99.900	0.000	2.479	13.571		长4+5!1^(1_3)
地93-80	2219.250	114.966	90.706	46.654	53.346	13.503	287.575	0.000	0.010	0.000	0.100	99.900	0.000	2.502	13.467		长4+5!1^(1_3)
地93-80	2219.375	132.050	90.722	60.311	39.689	13.414	283.929	0.000	0.010	0.000	0.100	99.900	0.000	2.514	13.398		长4+5!1^(1_3)
地93-80	2219.500	143.804	90.813	67.708	32.292	13.374	280.229	0.000	0.010	0.000	0.100	99.900	0.000	2.521	13.350		长4+5!1^(1_3)
地93-80	2219.625	144.286	90.959	64.186	35.814	13.313	274.088	0.000	0.010	0.000	0.100	99.900	0.000	2.529	13.231		长4+5!1^(1_3)
地93-80	2219.750	134.826	91.146	52.693	47.307	13.105	261.816	0.000	0.010	0.000	0.100	99.900	0.000	2.544	12.986		长4+5!1^(1_3)
地93-80	2219.875	119.029	91.365	39.299	60.701	12.805	244.065	0.000	0.010	0.000	0.100	99.900	0.000	2.565	12.754		长4+5!1^(1_3)
地93-80	2220.000	103.026	91.613	29.492	70.508	12.677	227.817	0.000	0.010	0.000	0.100	99.900	0.000	2.589	12.772		长4+5!1^(1_3)
地93-80	2220.125	93.640	91.878	25.606	74.394	12.917	218.503	0.000	0.010	0.000	0.100	99.900	0.000	2.611	13.056		长4+5!1^(1_3)
地93-80	2220.250	93.150	92.155	26.800	73.200	13.270	216.684	0.000	0.010	0.000	0.100	99.900	0.000	2.628	13.370		长4+5!1^(1_3)
地93-80	2220.375	98.574	92.441	29.561	70.439	13.522	218.882	0.000	0.010	0.000	0.100	99.900	0.000	2.638	13.592		长4+5!1^(1_3)
地93-80	2220.500	100.996	92.730	30.022	69.978	13.699	220.804	0.000	0.010	0.000	0.100	99.900	0.000	2.642	13.705		长4+5!1^(1_3)
地93-80	2220.625	99.022	93.019	29.226	70.774	13.715	221.631	0.000	0.010	0.000	0.100	99.900	0.000	2.638	13.694		长4+5!1^(1_3)
地93-80	2220.750	99.060	93.298	31.682	68.318	13.663	223.180	0.000	0.010	0.000	0.100	99.900	0.000	2.628	13.656		长4+5!1^(1_3)
地93-80	2220.875	107.901	93.559	40.715	59.285	13.646	228.496	0.000	0.010	0.000	0.100	99.900	0.000	2.613	13.677		长4+5!1^(1_3)
地93-80	2221.000	124.597	93.790	54.092	45.908	13.724	237.814	0.000	0.010	0.000	0.100	99.900	0.000	2.598	13.756		长4+5!1^(1_3)
地93-80	2221.125	138.708	93.985	64.265	35.735	13.805	248.661	0.000	0.010	0.000	0.100	99.900	0.000	2.585	13.756		长4+5!1^(1_3)
地93-80	2221.250	143.784	94.142	66.290	33.710	13.681	257.028	0.000	0.010	0.000	0.100	99.900	0.000	2.578	13.533		长4+5!1^(1_3)
地93-80	2221.375	140.932	94.259	62.419	37.581	13.306	259.149	0.000	0.010	0.000	0.100	99.900	0.000	2.574	13.153		长4+5!1^(1_3)
地93-80	2221.500	135.831	94.330	57.164	42.836	12.918	256.225	0.000	0.010	0.000	0.100	99.900	0.000	2.569	12.760		长4+5!1^(1_3)
地93-80	2221.625	130.225	94.364	51.878	48.122	12.516	251.776	0.000	0.010	0.000	0.100	99.900	0.000	2.557	12.481		长4+5!1^(1_3)
地93-80	2221.750	124.518	94.370	47.919	52.081	12.428	249.839	0.000	0.010	0.000	0.100	99.900	0.000	2.535	12.494		长4+5!1^(1_3)
地93-80	2221.875	122.054	94.356	48.236	51.764	12.594	253.852	0.000	0.010	0.000	0.100	99.900	0.000	2.505	12.750		长4+5!1^(1_3)
地93-80	2222.000	126.712	94.335	53.724	46.276	12.991	262.766	0.000	0.010	0.000	0.100	99.900	0.000	2.474	13.082		长4+5!1^(1_3)
地93-80	2222.125	134.892	94.320	61.840	38.160	13.222	273.727	0.000	0.010	0.000	0.100	99.900	0.000	2.453	13.318		长4+5!1^(1_3)
地93-80	2222.250	143.500	94.320	71.174	28.826	13.466	283.593	0.000	0.010	0.000	0.100	99.900	0.000	2.450	13.416		长4+5!1^(1_3)
地93-80	2222.375	152.506	94.341	79.862	20.138	13.338	288.294	0.000	0.010	0.000	0.100	99.900	0.000	2.464	13.166		长4+5!1^(1_3)
地93-80	2222.500	157.838	94.388	82.510	17.490	12.901	284.841	0.000	0.010	0.000	0.100	99.900	0.000	2.491	12.683		长4+5!1^(1_3)
地93-80	2222.625	155.220	94.460	75.306	24.694	12.348	272.624	0.000	0.010	0.000	0.100	99.900	0.000	2.524	12.300		长4+5!1^(1_3)
地93-80	2222.750	143.565	94.555	61.186	38.814	12.226	254.736	0.000	0.010	0.000	0.100	99.900	0.000	2.556	12.293		长4+5!1^(1_3)
地93-80	2222.875	128.023	94.668	46.948	53.052	12.396	236.839	0.000	0.010	0.000	0.100	99.900	0.000	2.582	12.524		长4+5!1^(1_3)
地93-80	2223.000	113.128	94.793	36.036	63.964	12.720	222.844	0.000	0.010	0.000	0.100	99.900	0.000	2.598	12.902		长4+5!1^(1_3)
地93-80	2223.125	101.543	94.919	29.570	70.430	13.182	213.884	0.000	0.010	0.000	0.100	99.900	0.000	2.604	13.425		长4+5!1^(1_3)
地93-80	2223.250	96.409	95.038	28.760	71.240	13.798	210.349	0.000	0.010	0.000	0.100	99.900	0.000	2.598	13.988		长4+5!1^(1_3)
地93-80	2223.375	101.218	95.148	35.348	64.652	14.280	213.605	0.000	0.010	0.000	0.100	99.900	0.000	2.581	14.495		长4+5!1^(1_3)
地93-80	2223.500	117.063	95.244	48.178	51.822	14.824	224.289	0.000	0.010	0.000	0.100	99.900	0.000	2.552	14.915		长4+5!1^(1_3)
地93-80	2223.625	133.402	95.327	61.196	38.804	15.054	243.068	0.000	0.010	0.000	0.100	99.900	0.000	2.516	15.088		长4+5!1^(1_3)
地93-80	2223.750	144.046	95.394	70.164	29.836	15.140	268.378	0.000	0.010	0.000	0.100	99.900	0.000	2.476	15.162		长4+5!1^(1_3)
地93-80	2223.875	149.526	95.445	77.015	22.985	15.195	293.278	0.000	0.010	0.000	0.100	99.900	0.000	2.439	15.106		长4+5!1^(1_3)
地93-80	2224.000	156.298	95.479	85.555	14.445	14.970	309.468	0.000	0.010	0.000	0.100	99.900	0.000	2.409	14.848		长4+5!1^(1_3)
地93-80	2224.125	163.599	95.498	92.594	7.406	14.661	314.219	0.000	0.010	0.000	0.100	99.900	0.000	2.389	14.574		长4+5!1^(1_3)
地93-80	2224.250	166.218	95.507	93.456	6.544	14.442	311.147	0.000	0.010	0.000	0.100	99.900	0.000	2.379	14.337		长4+5!1^(1_3)
地93-80	2224.375	163.823	95.503	87.539	12.461	14.176	305.525	0.000	0.010	0.000	0.100	99.900	0.000	2.378	14.203		长4+5!1^(1_3)
地93-80	2224.500	155.959	95.485	76.391	23.609	14.244	298.224	0.000	0.010	0.000	0.100	99.900	0.000	2.387	14.335		长4+5!1^(1_3)
地93-80	2224.625	144.832	95.449	64.454	35.546	14.474	287.524	0.000	0.010	0.000	0.100	99.900	0.000	2.405	14.600		长4+5!1^(2_1)
地93-80	2224.750	134.592	95.393	56.526	43.474	14.792	273.853	0.000	0.010	0.000	0.100	99.900	0.000	2.432	14.871		长4+5!1^(2_1)
地93-80	2224.875	130.492	95.314	55.638	44.362	14.991	262.007	0.000	0.010	0.000	0.100	99.900	0.000	2.462	15.084		长4+5!1^(2_1)
地93-80	2225.000	134.428	95.205	60.485	39.515	15.227	256.278	0.000	0.010	0.000	0.100	99.900	0.000	2.491	15.281		长4+5!1^(2_1)
地93-80	2225.125	140.909	95.060	66.715	33.285	15.362	256.971	0.000	0.010	0.000	0.100	99.900	0.000	2.516	15.482		长4+5!1^(2_1)
地93-80	2225.250	146.286	94.871	70.171	29.829	15.665	260.309	0.000	0.010	0.000	0.100	99.900	0.000	2.538	15.662		长4+5!1^(2_1)
地93-80	2225.375	146.201	94.631	66.479	33.521	15.659	259.978	0.000	0.010	0.000	0.100	99.900	0.000	2.560	15.405		长4+5!1^(2_1)
地93-80	2225.500	137.452	94.322	56.868	43.132	15.017	254.051	0.000	0.010	0.000	0.100	99.900	0.000	2.583	14.831		长4+5!1^(2_1)
地93-80	2225.625	126.688	93.942	47.953	52.047	14.544	245.165	0.000	0.010	0.000	0.100	99.900	0.000	2.606	14.333		长4+5!1^(2_1)
地93-80	2225.750	118.636	93.491	42.501	57.499	14.008	237.147	0.000	0.010	0.000	0.100	99.900	0.000	2.625	13.979		长4+5!1^(2_1)
地93-80	2225.875	114.646	92.963	39.564	60.436	13.935	231.367	0.000	0.010	0.000	0.100	99.900	0.000	2.638	13.991		长4+5!1^(2_1)
地93-80	2226.000	111.400	92.338	36.818	63.182	14.076	225.842	0.000	0.010	0.000	0.100	99.900	0.000	2.641	14.148		长4+5!1^(2_1)
地93-80	2226.125	107.233	91.618	34.565	65.435	14.258	221.115	0.000	0.010	0.000	0.100	99.900	0.000	2.634	14.426		长4+5!1^(2_1)
地93-80	2226.250	105.918	90.796	35.790	64.210	14.683	221.619	0.000	0.010	0.000	0.100	99.900	0.000	2.618	14.857		长4+5!1^(2_1)
地93-80	2226.375	112.069	89.866	42.687	57.313	15.123	231.360	0.000	0.010	0.000	0.100	99.900	0.000	2.601	15.314		长4+5!1^(2_1)
地93-80	2226.500	124.828	88.805	52.886	47.114	15.607	244.489	0.000	0.010	0.000	0.100	99.900	0.000	2.587	15.803		长4+5!1^(2_1)
地93-80	2226.625	135.343	87.621	59.866	40.134	16.103	251.658	0.000	0.010	0.000	0.100	99.900	0.000	2.582	16.124		长4+5!1^(2_1)
地93-80	2226.750	138.044	86.315	59.839	40.161	16.157	247.908	0.000	0.010	0.000	0.100	99.900	0.000	2.586	16.144		长4+5!1^(2_1)
地93-80	2226.875	133.797	84.893	54.964	45.036	16.124	237.176	0.000	0.010	0.000	0.100	99.900	0.000	2.597	16.079		长4+5!1^(2_1)
地93-80	2227.000	127.469	83.364	51.007	48.993	16.010	228.819	0.000	0.010	0.000	0.100	99.900	0.000	2.608	15.942		长4+5!1^(2_1)
地93-80	2227.125	126.408	81.779	52.244	47.756	15.839	226.930	0.000	0.010	0.000	0.100	99.900	0.000	2.613	15.803		长4+5!1^(2_1)
地93-80	2227.250	131.419	80.191	55.072	44.928	15.748	229.387	0.000	0.010	0.000	0.100	99.900	0.000	2.610	15.763		长4+5!1^(2_1)
地93-80	2227.375	131.537	78.660	42.619	57.381	15.787	231.941	0.026	0.220	4.931	4.508	80.017	0.452	2.598	15.811		长4+5!1^(2_1)
地93-80	2227.500	117.772	77.275	20.751	79.249	15.848	233.043	0.056	0.682	6.478	11.807	48.048	0.450	2.579	15.855	差油层	长4+5!1^(2_1)
地93-80	2227.625	98.832	76.099	15.110	84.890	15.866	233.492	0.151	1.022	8.495	12.988	44.946	0.447	2.558	15.851	差油层	长4+5!1^(2_1)
地93-80	2227.750	85.820	75.192	11.956	88.044	15.828	234.009	0.302	1.305	9.903	13.749	43.136	0.447	2.537	15.818	差油层	长4+5!1^(2_1)
地93-80	2227.875	78.900	74.607	10.217	89.783	15.802	234.226	0.435	1.515	10.645	14.228	42.086	0.447	2.520	15.772	差油层	长4+5!1^(2_1)
地93-80	2228.000	73.161	74.431	8.946	91.054	15.727	233.761	0.569	1.659	11.194	14.528	41.455	0.447	2.510	15.738	差油层	长4+5!1^(2_1)
地93-80	2228.125	69.695	74.636	8.699	91.301	15.754	233.019	0.654	1.642	11.477	14.492	41.559	0.447	2.509	15.722	差油层	长4+5!1^(2_1)
地93-80	2228.250	73.017	75.199	10.233	89.767	15.673	232.220	0.530	1.412	11.048	13.987	42.817	0.449	2.516	15.655	差油层	长4+5!1^(2_1)
地93-80	2228.375	83.284	76.090	13.009	86.991	15.627	230.798	0.292	1.083	9.832	13.161	44.910	0.452	2.527	15.584	差油层	长4+5!1^(2_1)
地93-80	2228.500	93.587	77.288	15.973	84.027	15.518	228.873	0.000	0.794	0.000	12.259	47.378	0.000	2.538	15.484	差油层	长4+5!1^(2_1)
地93-80	2228.625	103.557	78.700	26.305	73.695	15.433	228.747	0.000	0.391	0.000	7.123	69.054	0.000	2.543	15.226		长4+5!1^(2_1)
地93-80	2228.750	113.078	80.245	44.403	55.597	14.907	234.373	0.000	0.010	0.000	0.100	99.900	0.000	2.538	14.467		长4+5!1^(2_1)
地93-80	2228.875	128.355	81.858	56.914	43.086	13.792	248.771	0.000	0.010	0.000	0.100	99.900	0.000	2.526	13.679		长4+5!1^(2_1)
地93-80	2229.000	140.650	83.467	65.509	34.491	13.507	279.810	0.000	0.010	0.000	0.100	99.900	0.000	2.511	13.240		长4+5!1^(2_1)
地93-80	2229.125	143.864	85.014	66.558	33.442	12.831	294.136	0.000	0.010	0.000	0.100	99.900	0.000	2.496	12.592		长4+5!1^(2_1)
地93-80	2229.250	141.454	86.456	65.467	34.533	12.226	299.684	0.000	0.010	0.000	0.100	99.900	0.000	2.482	12.054		长4+5!1^(2_1)
地93-80	2229.375	142.556	87.759	68.415	31.585	11.791	301.759	0.000	0.010	0.000	0.100	99.900	0.000	2.469	11.761		长4+5!1^(2_1)
地93-80	2229.500	147.769	88.878	71.685	28.315	11.715	298.271	0.000	0.010	0.000	0.100	99.900	0.000	2.459	11.740		长4+5!1^(2_1)
地93-80	2229.625	147.376	89.816	67.285	32.715	11.778	286.934	0.000	0.010	0.000	0.100	99.900	0.000	2.455	11.837		长4+5!1^(2_1)
地93-80	2229.750	137.494	90.576	57.143	42.857	11.928	270.308	0.000	0.010	0.000	0.100	99.900	0.000	2.460	11.985		长4+5!1^(2_1)
地93-80	2229.875	127.393	91.159	50.329	49.671	12.073	256.120	0.000	0.010	0.000	0.100	99.900	0.000	2.476	12.142		长4+5!1^(2_1)
地93-80	2230.000	124.585	91.549	49.054	50.946	12.248	249.014	0.000	0.010	0.000	0.100	99.900	0.000	2.501	12.258		长4+5!1^(2_1)
地93-80	2230.125	125.267	91.769	49.367	50.633	12.272	248.066	0.000	0.010	0.000	0.100	99.900	0.000	2.529	12.206		长4+5!1^(2_1)
地93-80	2230.250	125.122	91.830	49.471	50.529	12.105	249.609	0.000	0.010	0.000	0.100	99.900	0.000	2.554	11.957		长4+5!1^(2_1)
地93-80	2230.375	125.643	91.740	50.484	49.516	11.729	251.716	0.000	0.010	0.000	0.100	99.900	0.000	2.570	11.538		长4+5!1^(2_1)
地93-80	2230.500	127.720	91.477	53.216	46.784	11.245	255.232	0.000	0.010	0.000	0.100	99.900	0.000	2.577	11.144		长4+5!1^(2_1)
地93-80	2230.625	132.109	91.057	58.013	41.987	10.988	260.777	0.000	0.010	0.000	0.100	99.900	0.000	2.576	10.943		长4+5!1^(2_1)
地93-80	2230.750	138.139	90.478	62.844	37.156	10.873	267.047	0.000	0.010	0.000	0.100	99.900	0.000	2.571	10.800		长4+5!1^(2_1)
地93-80	2230.875	141.224	89.732	63.677	36.323	10.689	272.600	0.000	0.010	0.000	0.100	99.900	0.000	2.565	10.550		长4+5!1^(2_1)
地93-80	2231.000	138.545	88.789	60.499	39.501	10.337	277.497	0.000	0.010	0.000	0.100	99.900	0.000	2.560	10.152		长4+5!1^(2_1)
地93-80	2231.125	134.715	87.662	57.984	42.016	9.868	282.532	0.000	0.010	0.000	0.100	99.900	0.000	2.557	9.780		长4+5!1^(2_1)
地93-80	2231.250	134.180	86.359	57.414	42.586	9.643	287.170	0.000	0.010	0.000	0.100	99.900	0.000	2.555	9.645		长4+5!1^(2_1)
地93-80	2231.375	133.515	84.890	55.134	44.866	9.648	288.496	0.000	0.010	0.000	0.100	99.900	0.000	2.553	9.701		长4+5!1^(2_1)
地93-80	2231.500	128.404	83.265	49.388	50.612	9.784	284.146	0.000	0.010	0.000	0.100	99.900	0.000	2.549	9.861		长4+5!1^(2_1)
地93-80	2231.625	120.150	81.532	42.431	57.569	9.979	275.208	0.000	0.010	0.000	0.100	99.900	0.000	2.545	10.072		长4+5!1^(2_1)
地93-80	2231.750	111.938	79.739	31.856	68.144	10.215	266.650	0.422	1.123	10.587	6.533	78.697	0.611	2.539	10.368		长4+5!1^(2_2)
地93-80	2231.875	104.408	77.934	20.516	79.484	10.602	260.867	0.462	2.772	10.767	16.325	46.002	0.594	2.533	10.758	差油层	长4+5!1^(2_2)
地93-80	2232.000	97.313	76.181	17.577	82.423	10.996	255.771	0.511	2.620	10.975	16.118	45.864	0.583	2.527	11.040	差油层	长4+5!1^(2_2)
地93-80	2232.125	90.552	74.532	14.911	85.089	11.108	248.822	0.506	2.387	10.954	15.773	46.488	0.579	2.522	11.124	差油层	长4+5!1^(2_2)
地93-80	2232.250	84.221	73.033	12.626	87.374	11.148	241.292	0.476	2.012	10.828	15.166	47.950	0.580	2.520	11.119	差油层	长4+5!1^(2_2)
地93-80	2232.375	79.905	71.716	11.274	88.726	11.075	237.131	0.479	1.700	10.843	14.607	49.595	0.584	2.521	11.001	差油层	长4+5!1^(2_2)
地93-80	2232.500	78.599	70.630	11.237	88.763	10.887	238.120	0.539	1.614	11.082	14.438	50.378	0.590	2.523	10.845	差油层	长4+5!1^(2_2)
地93-80	2232.625	81.084	69.762	12.355	87.645	10.780	242.846	0.604	1.738	11.316	14.677	50.053	0.595	2.523	10.722	差油层	长4+5!1^(2_2)
地93-80	2232.750	84.960	69.104	13.586	86.414	10.634	247.182	0.619	1.980	11.365	15.119	49.172	0.599	2.521	10.623	差油层	长4+5!1^(2_2)
地93-80	2232.875	86.365	68.649	13.903	86.097	10.605	248.099	0.604	2.158	11.314	15.423	48.383	0.598	2.515	10.640	差油层	长4+5!1^(2_2)
地93-80	2233.000	85.145	68.402	13.654	86.346	10.694	246.265	0.585	2.117	11.250	15.354	48.416	0.596	2.505	10.700	差油层	长4+5!1^(2_2)
地93-80	2233.125	85.496	68.316	14.280	85.720	10.709	245.494	0.553	1.905	11.133	14.987	49.318	0.596	2.494	10.702	差油层	长4+5!1^(2_2)
地93-80	2233.250	91.224	68.356	16.449	83.551	10.692	248.909	0.491	1.776	10.893	14.755	49.848	0.596	2.485	10.724	差油层	长4+5!1^(2_2)
地93-80	2233.375	98.721	68.490	18.657	81.343	10.773	254.196	0.439	1.931	10.664	15.030	48.886	0.591	2.477	10.847	差油层	长4+5!1^(2_2)
地93-80	2233.500	100.686	68.694	18.873	81.127	10.961	257.317	0.466	2.297	10.785	15.634	46.585	0.575	2.472	11.244	差油层	长4+5!1^(2_2)
地93-80	2233.625	96.204	68.929	17.141	82.859	11.680	256.537	0.563	2.613	11.170	16.107	43.737	0.542	2.470	12.143	差油层	长4+5!1^(2_2)
地93-80	2233.750	89.446	69.160	14.898	85.102	12.852	253.237	0.671	2.684	11.529	16.207	41.602	0.508	2.468	13.225	差油层	长4+5!1^(2_2)
地93-80	2233.875	83.844	69.350	13.365	86.635	13.796	251.703	0.826	2.640	11.952	16.147	40.102	0.480	2.466	14.268	差油层	长4+5!1^(2_2)
地93-80	2234.000	81.578	69.453	13.465	86.535	14.991	255.750	1.141	2.792	12.609	16.348	38.071	0.452	2.460	15.424	差油层	长4+5!1^(2_2)
地93-80	2234.125	84.817	69.448	15.808	84.192	16.088	265.702	1.609	3.311	13.309	16.981	35.620	0.431	2.453	16.407	差油层	长4+5!1^(2_2)
地93-80	2234.250	93.481	69.325	19.638	80.362	16.896	275.171	1.678	4.021	13.394	17.758	33.437	0.418	2.446	17.085	差油层	长4+5!1^(2_2)
地93-80	2234.375	101.799	69.084	22.180	77.820	17.375	276.277	1.161	4.318	12.644	18.056	32.388	0.410	2.443	17.585	差油层	长4+5!1^(2_2)
地93-80	2234.500	103.259	68.723	20.996	79.004	17.906	267.053	0.672	3.814	11.531	17.531	32.816	0.403	2.447	18.045	差油层	长4+5!1^(2_2)
地93-80	2234.625	96.222	68.284	16.592	83.408	18.258	252.226	0.451	2.890	10.719	16.447	34.483	0.399	2.459	18.311	差油层	长4+5!1^(2_2)
地93-80	2234.750	83.509	67.808	11.503	88.497	18.393	239.725	0.455	2.190	10.739	15.464	36.162	0.397	2.474	18.480	差油层	长4+5!1^(2_2)
地93-80	2234.875	70.185	67.344	7.745	92.255	18.613	232.898	0.634	1.928	11.414	15.032	36.693	0.391	2.487	18.786	差油层	长4+5!1^(2_2)
地93-80	2235.000	60.807	66.961	5.782	94.218	19.052	230.653	0.913	1.909	12.155	14.999	36.216	0.383	2.495	19.311	差油层	长4+5!1^(2_2)
地93-80	2235.125	56.773	66.706	5.314	94.686	19.708	230.030	1.087	1.902	12.510	14.987	35.654	0.374	2.498	19.891	差油层	长4+5!1^(2_2)
地93-80	2235.250	58.338	66.617	5.924	94.076	20.173	228.214	0.914	1.721	12.158	14.640	35.980	0.369	2.499	20.272	差油层	长4+5!1^(2_2)
地93-80	2235.375	63.665	66.714	6.992	93.008	20.423	224.844	0.586	1.383	11.253	13.920	37.251	0.367	2.502	20.496	差油层	长4+5!1^(2_2)
地93-80	2235.500	69.260	67.026	8.077	91.923	20.608	221.312	0.367	1.053	10.303	13.083	38.867	0.365	2.508	20.701	差油层	长4+5!1^(2_2)
地93-80	2235.625	74.704	67.516	9.328	90.672	20.844	219.322	0.251	0.813	9.529	12.343	40.374	0.363	2.517	20.888	差油层	长4+5!1^(2_2)
地93-80	2235.750	80.909	68.147	10.856	89.144	20.956	220.021	0.190	0.687	8.956	11.889	41.396	0.363	2.527	20.949	差油层	长4+5!1^(2_2)
地93-80	2235.875	86.399	68.883	12.284	87.716	20.939	222.525	0.163	0.671	8.646	11.827	41.641	0.364	2.538	20.861	差油层	长4+5!1^(2_2)
地93-80	2236.000	89.722	69.678	13.535	86.465	20.740	225.518	0.160	0.708	8.612	11.973	41.538	0.368	2.548	20.617	差油层	长4+5!1^(2_2)
地93-80	2236.125	93.466	70.477	15.544	84.456	20.428	228.032	0.150	0.705	8.485	11.957	41.899	0.372	2.558	20.318	差油层	长4+5!1^(2_2)
地93-80	2236.250	102.178	71.240	19.006	80.994	20.148	229.593	0.104	0.611	7.741	11.566	43.203	0.376	2.568	20.029	差油层	长4+5!1^(2_2)
地93-80	2236.375	113.610	71.938	22.027	77.973	19.846	229.947	0.059	0.515	6.589	11.135	44.624	0.381	2.577	19.758	差油层	长4+5!1^(2_2)
地93-80	2236.500	116.851	72.547	21.515	78.485	19.624	228.526	0.047	0.515	6.103	11.134	44.780	0.384	2.582	19.628	差油层	长4+5!1^(2_2)
地93-80	2236.625	108.700	73.073	17.805	82.195	19.634	225.323	0.060	0.586	6.618	11.462	43.931	0.383	2.585	19.617	差油层	长4+5!1^(2_2)
地93-80	2236.750	96.246	73.521	14.345	85.655	19.593	221.781	0.095	0.625	7.544	11.638	43.477	0.382	2.586	19.618	差油层	长4+5!1^(2_2)
地93-80	2236.875	90.973	73.899	13.246	86.754	19.656	219.457	0.110	0.581	7.851	11.441	43.914	0.381	2.586	19.680	差油层	长4+5!1^(2_2)
地93-80	2237.000	91.946	74.207	13.609	86.391	19.718	219.109	0.103	0.524	7.713	11.182	44.505	0.380	2.586	19.752	差油层	长4+5!1^(2_2)
地93-80	2237.125	94.375	74.458	14.652	85.348	19.806	220.714	0.099	0.503	7.628	11.078	44.745	0.380	2.585	19.784	差油层	长4+5!1^(2_2)
地93-80	2237.250	98.748	74.655	16.700	83.300	19.751	223.522	0.091	0.490	7.465	11.010	45.014	0.381	2.584	19.709	差油层	长4+5!1^(2_2)
地93-80	2237.375	106.544	74.796	19.149	80.851	19.644	226.071	0.070	0.476	6.920	10.942	45.334	0.383	2.582	19.593	差油层	长4+5!1^(2_2)
地93-80	2237.500	111.052	74.864	19.746	80.254	19.514	227.301	0.059	0.509	6.579	11.103	45.097	0.386	2.578	19.430	差油层	长4+5!1^(2_2)
地93-80	2237.625	107.156	74.853	17.868	82.132	19.301	226.793	0.070	0.594	6.931	11.498	44.289	0.389	2.575	19.234	差油层	长4+5!1^(2_2)
地93-80	2237.750	99.141	74.756	16.071	83.929	19.132	225.087	0.097	0.631	7.587	11.663	44.037	0.390	2.571	19.084	差油层	长4+5!1^(2_2)
地93-80	2237.875	98.748	74.566	16.465	83.535	19.011	223.961	0.093	0.563	7.511	11.357	44.892	0.391	2.568	19.040	差油层	长4+5!1^(2_2)
地93-80	2238.000	103.451	74.267	17.540	82.460	19.084	224.246	0.074	0.506	7.051	11.091	45.581	0.391	2.565	19.053	差油层	长4+5!1^(2_2)
地93-80	2238.125	104.755	73.876	16.990	83.010	19.007	224.857	0.072	0.549	6.979	11.292	45.135	0.393	2.561	18.982	差油层	长4+5!1^(2_2)
地93-80	2238.250	98.039	73.408	14.258	85.742	18.945	223.711	0.095	0.675	7.559	11.834	43.748	0.392	2.557	18.965	差油层	长4+5!1^(2_2)
地93-80	2238.375	86.392	72.878	10.969	89.031	18.996	220.812	0.149	0.785	8.468	12.256	42.580	0.390	2.553	19.054	差油层	长4+5!1^(2_2)
地93-80	2238.500	76.993	72.304	8.708	91.292	19.142	217.478	0.203	0.808	9.099	12.337	42.101	0.386	2.549	19.297	差油层	长4+5!1^(2_2)
地93-80	2238.625	71.983	71.710	7.558	92.442	19.536	215.072	0.232	0.774	9.369	12.217	41.969	0.380	2.548	19.674	差油层	长4+5!1^(2_2)
地93-80	2238.750	69.878	71.116	7.003	92.997	19.887	214.822	0.255	0.767	9.562	12.190	41.648	0.375	2.547	20.025	差油层	长4+5!1^(2_2)
地93-80	2238.875	68.035	70.538	6.858	93.142	20.237	216.627	0.308	0.821	9.942	12.380	38.482	0.369	2.546	20.423	差油层	长4+5!1^(2_2)
地93-80	2239.000	68.589	69.995	7.636	92.364	20.709	219.936	0.354	0.878	10.229	12.573	34.116	0.363	2.544	20.837	油层	长4+5!1^(2_2)
地93-80	2239.125	74.042	69.488	9.577	90.423	21.033	224.103	0.332	0.898	10.096	12.637	33.725	0.360	2.540	21.125	油层	长4+5!1^(2_2)
地93-80	2239.250	82.534	69.016	12.050	87.950	21.265	228.419	0.268	0.909	9.662	12.671	33.516	0.358	2.537	21.283	油层	长4+5!1^(2_2)
地93-80	2239.375	89.704	68.573	14.358	85.642	21.311	232.222	0.226	0.935	9.312	12.752	33.369	0.359	2.534	21.261	油层	长4+5!1^(2_2)
地93-80	2239.500	95.821	68.157	16.236	83.764	21.185	235.111	0.192	0.964	8.977	12.842	33.359	0.361	2.533	21.066	油层	长4+5!1^(2_2)
地93-80	2239.625	99.375	67.766	16.613	83.387	20.883	237.023	0.176	1.058	8.807	13.109	33.093	0.365	2.533	20.767	油层	长4+5!1^(2_2)
地93-80	2239.750	95.254	67.407	14.532	85.468	20.588	238.042	0.229	1.315	9.342	13.757	32.079	0.368	2.530	20.494	油层	长4+5!1^(2_2)
地93-80	2239.875	83.633	67.093	11.386	88.614	20.350	238.518	0.425	1.687	10.600	14.569	30.795	0.371	2.525	20.234	油层	长4+5!1^(2_2)
地93-80	2240.000	73.721	66.855	9.308	90.692	20.055	238.798	0.716	1.985	11.660	15.131	30.025	0.374	2.516	19.968	油层	长4+5!1^(2_2)
地93-80	2240.125	69.132	66.716	8.556	91.444	19.834	239.064	0.917	2.122	12.165	15.365	29.734	0.375	2.506	19.835	油层	长4+5!1^(2_2)
地93-80	2240.250	68.512	66.701	8.701	91.299	19.836	239.560	0.971	2.134	12.282	15.384	29.716	0.375	2.495	19.820	油层	长4+5!1^(2_2)
地93-80	2240.375	70.657	66.844	9.575	90.425	19.794	240.245	0.902	2.054	12.130	15.250	30.010	0.376	2.485	19.748	油层	长4+5!1^(2_2)
地93-80	2240.500	75.568	67.195	10.941	89.059	19.677	240.607	0.715	1.904	11.657	14.989	30.602	0.379	2.476	19.596	油层	长4+5!1^(2_2)
地93-80	2240.625	80.692	67.749	12.333	87.667	19.472	240.170	0.538	1.721	11.078	14.646	31.412	0.382	2.468	19.385	油层	长4+5!1^(2_2)
地93-80	2240.750	85.551	68.499	13.792	86.208	19.251	239.604	0.408	1.516	10.514	14.228	32.385	0.386	2.462	19.175	油层	长4+5!1^(2_2)
地93-80	2240.875	91.132	69.429	15.894	84.106	19.059	241.077	0.330	1.344	10.087	13.848	33.289	0.389	2.458	18.994	油层	长4+5!1^(2_2)
地93-80	2241.000	99.318	70.528	19.776	80.224	18.894	246.879	0.000	1.270	0.000	13.673	33.828	0.000	2.453	18.795	油层	长4+5!1^(2_2)
地93-80	2241.125	112.664	71.745	34.873	65.127	18.643	257.262	0.000	0.772	0.000	8.317	59.991	0.000	2.449	18.491		长4+5!1^(2_2)
地93-80	2241.250	129.152	73.037	56.243	43.757	18.256	267.108	0.000	0.010	0.000	0.100	99.900	0.000	2.447	18.117		长4+5!1^(2_2)
地93-80	2241.375	137.897	74.368	59.207	40.793	17.904	268.606	0.000	0.010	0.000	0.100	99.900	0.000	2.448	17.816		长4+5!1^(2_2)
地93-80	2241.500	132.362	75.707	50.895	49.105	17.681	258.920	0.000	0.010	0.000	0.100	99.900	0.000	2.456	17.614		长4+5!1^(2_2)
地93-80	2241.625	117.921	77.028	39.045	60.955	17.510	242.946	0.000	0.010	0.000	0.100	99.900	0.000	2.472	17.426		长4+5!1^(2_2)
地93-80	2241.750	104.099	78.320	30.606	69.394	17.298	229.809	0.000	0.010	0.000	0.100	99.900	0.000	2.497	17.186		长4+5!1^(2_2)
地93-80	2241.875	96.256	79.584	26.886	73.114	17.016	223.098	0.000	0.010	0.000	0.100	99.900	0.000	2.523	16.836		长4+5!1^(2_2)
地93-80	2242.000	94.232	80.823	27.234	72.766	16.560	221.368	0.000	0.010	0.000	0.100	99.900	0.000	2.546	16.375		长4+5!1^(2_2)
地93-80	2242.125	98.658	82.045	31.472	68.528	16.092	222.740	0.000	0.010	0.000	0.100	99.900	0.000	2.560	15.981		长4+5!1^(2_3)
地93-80	2242.250	107.735	83.257	37.295	62.705	15.810	227.311	0.000	0.010	0.000	0.100	99.900	0.000	2.566	15.678		长4+5!1^(2_3)
地93-80	2242.375	114.380	84.460	41.300	58.700	15.475	234.342	0.000	0.010	0.000	0.100	99.900	0.000	2.566	15.338		长4+5!1^(2_3)
地93-80	2242.500	117.405	85.651	44.173	55.827	15.127	242.005	0.000	0.010	0.000	0.100	99.900	0.000	2.562	15.067		长4+5!1^(2_3)
地93-80	2242.625	121.712	86.823	49.643	50.357	14.973	247.856	0.000	0.010	0.000	0.100	99.900	0.000	2.557	14.891		长4+5!1^(2_3)
地93-80	2242.750	131.086	87.969	57.488	42.512	14.765	249.570	0.000	0.010	0.000	0.100	99.900	0.000	2.554	14.693		长4+5!1^(2_3)
地93-80	2242.875	138.290	89.075	61.215	38.785	14.583	246.881	0.000	0.010	0.000	0.100	99.900	0.000	2.553	14.405		长4+5!1^(2_3)
地93-80	2243.000	136.956	90.121	58.273	41.727	14.131	240.722	0.000	0.010	0.000	0.100	99.900	0.000	2.558	13.995		长4+5!1^(2_3)
地93-80	2243.125	131.395	91.102	53.763	46.237	13.786	233.520	0.000	0.010	0.000	0.100	99.900	0.000	2.569	13.683		长4+5!1^(2_3)
地93-80	2243.250	127.991	92.013	51.092	48.908	13.525	228.223	0.000	0.010	0.000	0.100	99.900	0.000	2.585	13.517		长4+5!1^(2_3)
地93-80	2243.375	125.833	92.853	48.287	51.713	13.504	224.859	0.000	0.010	0.000	0.100	99.900	0.000	2.605	13.504		长4+5!1^(2_3)
地93-80	2243.500	121.058	93.612	45.086	54.914	13.505	222.200	0.000	0.010	0.000	0.100	99.900	0.000	2.623	13.524		长4+5!1^(2_3)
地93-80	2243.625	118.936	94.300	46.407	53.593	13.553	220.610	0.000	0.010	0.000	0.100	99.900	0.000	2.637	13.606		长4+5!1^(2_3)
地93-80	2243.750	126.012	94.924	54.980	45.020	13.687	222.820	0.000	0.010	0.000	0.100	99.900	0.000	2.645	13.745		长4+5!1^(2_3)
地93-80	2243.875	139.035	95.488	65.582	34.418	13.834	228.953	0.000	0.010	0.000	0.100	99.900	0.000	2.646	13.890		长4+5!1^(2_3)
地93-80	2244.000	146.375	95.989	69.126	30.874	13.976	237.027	0.000	0.010	0.000	0.100	99.900	0.000	2.642	13.921		长4+5!1^(2_3)
地93-80	2244.125	143.628	96.441	64.373	35.627	13.837	245.373	0.000	0.010	0.000	0.100	99.900	0.000	2.632	13.688		长4+5!1^(2_3)
地93-80	2244.250	136.411	96.850	58.995	41.005	13.461	255.636	0.000	0.010	0.000	0.100	99.900	0.000	2.616	13.341		长4+5!1^(2_3)
地93-80	2244.375	134.182	97.221	59.438	40.562	13.156	269.713	0.000	0.010	0.000	0.100	99.900	0.000	2.597	13.119		长4+5!1^(2_3)
地93-80	2244.500	138.690	97.555	64.074	35.926	13.061	284.783	0.000	0.010	0.000	0.100	99.900	0.000	2.576	13.114		长4+5!1^(2_3)
地93-80	2244.625	143.358	97.858	65.949	34.051	13.194	293.626	0.000	0.010	0.000	0.100	99.900	0.000	2.559	13.221		长4+5!1^(2_3)
地93-80	2244.750	140.776	98.133	60.772	39.228	13.263	289.342	0.000	0.010	0.000	0.100	99.900	0.000	2.552	13.195		长4+5!1^(2_3)
地93-80	2244.875	131.771	98.383	52.801	47.199	13.092	276.702	0.000	0.010	0.000	0.100	99.900	0.000	2.555	12.923		长4+5!1^(2_3)
地93-80	2245.000	124.648	98.605	48.765	51.235	12.664	264.125	0.000	0.010	0.000	0.100	99.900	0.000	2.566	12.543		长4+5!1^(2_3)
地93-80	2245.125	124.334	98.799	51.342	48.658	12.356	258.155	0.000	0.010	0.000	0.100	99.900	0.000	2.578	12.232		长4+5!1^(2_3)
地93-80	2245.250	131.975	98.964	59.660	40.340	12.042	262.019	0.000	0.010	0.000	0.100	99.900	0.000	2.581	11.978		长4+5!1^(2_3)
地93-80	2245.375	142.360	99.096	68.204	31.796	11.879	271.807	0.000	0.010	0.000	0.100	99.900	0.000	2.571	11.844		长4+5!1^(2_3)
地93-80	2245.500	147.577	99.186	70.514	29.486	11.790	281.321	0.000	0.010	0.000	0.100	99.900	0.000	2.548	11.845		长4+5!1^(2_3)
地93-80	2245.625	144.985	99.240	65.282	34.718	11.929	284.202	0.000	0.010	0.000	0.100	99.900	0.000	2.521	12.022		长4+5!1^(2_3)
地93-80	2245.750	136.463	99.259	56.184	43.816	12.165	276.839	0.000	0.010	0.000	0.100	99.900	0.000	2.500	12.368		长4+5!1^(2_3)
地93-80	2245.875	126.449	99.245	48.178	51.822	12.680	265.296	0.000	0.010	0.000	0.100	99.900	0.000	2.490	12.930		长4+5!1^(2_3)
地93-80	2246.000	119.723	99.200	44.365	55.635	13.314	258.241	0.000	0.010	0.000	0.100	99.900	0.000	2.492	13.478		长4+5!1^(2_3)
地93-80	2246.125	118.800	99.131	44.038	55.962	13.731	259.519	0.000	0.010	0.000	0.100	99.900	0.000	2.503	13.824		长4+5!1^(2_3)
地93-80	2246.250	119.217	99.047	43.400	56.600	13.967	264.041	0.000	0.010	0.000	0.100	99.900	0.000	2.518	13.987		长4+5!1^(2_3)
地93-80	2246.375	116.587	98.954	41.422	58.578	14.017	263.547	0.000	0.010	0.000	0.100	99.900	0.000	2.533	14.072		长4+5!1^(2_3)
地93-80	2246.500	114.424	98.856	40.620	59.380	14.156	256.028	0.000	0.010	0.000	0.100	99.900	0.000	2.548	14.268		长4+5!1^(2_3)
地93-80	2246.625	115.191	98.755	41.634	58.366	14.440	245.673	0.000	0.010	0.000	0.100	99.900	0.000	2.563	14.652		长4+5!1^(2_3)
地93-80	2246.750	117.238	98.650	44.171	55.829	14.979	238.716	0.000	0.010	0.000	0.100	99.900	0.000	2.579	15.153		长4+5!1^(2_3)
地93-80	2246.875	121.950	98.538	49.529	50.471	15.421	236.942	0.000	0.010	0.000	0.100	99.900	0.000	2.593	15.622		长4+5!1^(2_3)
地93-80	2247.000	130.444	98.410	57.915	42.085	15.931	238.604	0.000	0.010	0.000	0.100	99.900	0.000	2.605	15.993		长4+5!1^(2_3)
地93-80	2247.125	140.244	98.261	64.930	35.070	16.090	241.359	0.000	0.010	0.000	0.100	99.900	0.000	2.612	16.053		长4+5!1^(2_3)
地93-80	2247.250	143.096	98.083	63.640	36.360	15.996	243.485	0.000	0.010	0.000	0.100	99.900	0.000	2.616	15.915		长4+5!1^(2_3)
地93-80	2247.375	135.415	97.868	55.510	44.490	15.789	243.884	0.000	0.010	0.000	0.100	99.900	0.000	2.618	15.698		长4+5!1^(2_3)
地93-80	2247.500	126.315	97.604	48.148	51.852	15.557	241.767	0.000	0.010	0.000	0.100	99.900	0.000	2.619	15.439		长4+5!1^(2_3)
地93-80	2247.625	119.850	97.292	43.252	56.748	15.258	237.370	0.000	0.010	0.000	0.100	99.900	0.000	2.621	15.178		长4+5!1^(2_3)
地93-80	2247.750	115.104	96.934	39.178	60.822	15.054	232.366	0.000	0.010	0.000	0.100	99.900	0.000	2.625	14.994		长4+5!1^(2_3)
地93-80	2247.875	109.363	96.536	35.200	64.800	14.903	228.154	0.000	0.010	0.000	0.100	99.900	0.000	2.629	14.976		长4+5!1^(2_3)
地93-80	2248.000	104.802	96.101	31.710	68.290	15.088	224.308	0.000	0.010	0.000	0.100	99.900	0.000	2.634	15.163		长4+5!1^(2_3)
地93-80	2248.125	99.351	95.645	27.076	72.924	15.279	219.224	0.000	0.010	0.000	0.100	99.900	0.000	2.638	15.393		长4+5!1^(2_3)
地93-80	2248.250	89.961	95.180	20.894	79.106	15.569	211.703	0.000	0.010	0.000	0.100	99.900	0.000	2.640	15.736		长4+5!1^(2_3)
地93-80	2248.375	78.577	94.719	15.238	84.762	15.992	203.544	0.000	0.010	0.000	0.100	99.900	0.000	2.640	16.242		长4+5!1^(2_3)
地93-80	2248.500	70.046	94.276	12.184	87.816	16.625	197.775	0.000	0.010	0.000	0.100	99.900	0.000	2.638	16.923		长4+5!1^(2_3)
地93-80	2248.625	67.922	93.860	12.829	87.171	17.380	197.608	0.000	0.010	0.000	0.100	99.900	0.000	2.633	17.577		长4+5!1^(2_3)
地93-80	2248.750	74.404	93.477	18.729	81.271	17.880	207.473	0.000	0.010	0.000	0.100	99.900	0.000	2.625	18.138		长4+5!1^(2_3)
地93-80	2248.875	92.153	93.130	30.574	69.426	18.533	226.676	0.000	0.010	0.000	0.100	99.900	0.000	2.615	18.577		长4+5!1^(2_3)
地93-80	2249.000	113.218	92.827	43.831	56.169	18.646	249.343	0.000	0.010	0.000	0.100	99.900	0.000	2.603	18.382		长4+5!1^(2_3)
地93-80	2249.125	126.566	92.565	50.243	49.757	17.978	265.458	0.000	0.010	0.000	0.100	99.900	0.000	2.587	17.640		长4+5!1^(2_3)
地93-80	2249.250	125.632	92.345	45.102	54.898	17.121	265.151	0.000	0.010	0.000	0.100	99.900	0.000	2.575	16.739		长4+5!1^(2_3)
地93-80	2249.375	111.324	92.170	33.730	66.270	16.153	252.164	0.000	0.010	0.000	0.100	99.900	0.000	2.577	15.837		长4+5!1^(2_3)
地93-80	2249.500	95.950	92.052	25.269	74.731	15.350	235.660	0.000	0.010	0.000	0.100	99.900	0.000	2.583	15.333		长4+5!1^(2_3)
地93-80	2249.625	88.041	91.993	23.241	76.759	15.307	223.936	0.000	0.010	0.000	0.100	99.900	0.000	2.584	15.382		长4+5!1^(2_3)
地93-80	2249.750	91.959	91.997	28.391	71.609	15.496	223.573	0.000	0.010	0.000	0.100	99.900	0.000	2.573	15.534		长4+5!1^(2_3)
地93-80	2249.875	106.057	92.068	39.888	60.112	15.592	235.942	0.000	0.010	0.000	0.100	99.900	0.000	2.540	15.626		长4+5!1^(2_3)
地93-80	2250.000	124.552	92.219	57.697	42.303	15.678	260.452	0.000	0.010	0.000	0.100	99.900	0.000	2.486	15.640		长4+5!1^(2_3)
地93-80	2250.125	147.330	92.445	82.625	17.375	15.582	292.800	0.000	0.010	0.000	0.100	99.900	0.000	2.420	15.467		长4+5!2^(1_1)
地93-80	2250.250	170.096	92.741	99.900	0.100	15.292	321.093	0.000	0.010	0.000	0.100	99.900	0.000	2.358	15.191		长4+5!2^(1_1)
地93-80	2250.375	177.662	93.101	97.942	2.058	15.036	332.318	0.000	0.010	0.000	0.100	99.900	0.000	2.320	14.972		长4+5!2^(1_1)
地93-80	2250.500	166.370	93.517	83.652	16.348	14.875	320.616	0.000	0.010	0.000	0.100	99.900	0.000	2.320	14.605		长4+5!2^(1_1)
地93-80	2250.625	142.710	93.971	57.272	42.728	14.191	290.682	0.000	0.010	0.000	0.100	99.900	0.000	2.360	13.856		长4+5!2^(1_1)
地93-80	2250.750	118.147	94.449	38.728	61.272	13.342	256.100	0.000	0.010	0.000	0.100	99.900	0.000	2.426	13.107		长4+5!2^(1_1)
地93-80	2250.875	102.544	94.936	29.768	70.232	12.746	229.255	0.000	0.010	0.000	0.100	99.900	0.000	2.502	12.803		长4+5!2^(1_1)
地93-80	2251.000	95.547	95.419	26.222	73.778	12.891	214.059	0.000	0.010	0.000	0.100	99.900	0.000	2.567	13.031		长4+5!2^(1_1)
地93-80	2251.125	92.670	95.883	24.423	75.577	13.247	208.227	0.000	0.010	0.000	0.100	99.900	0.000	2.610	13.468		长4+5!2^(1_1)
地93-80	2251.250	89.793	96.316	23.568	76.432	13.808	208.641	0.000	0.010	0.000	0.100	99.900	0.000	2.631	14.009		长4+5!2^(1_1)
地93-80	2251.375	90.689	96.708	25.199	74.801	14.317	213.155	0.000	0.010	0.000	0.100	99.900	0.000	2.634	14.439		长4+5!2^(1_1)
地93-80	2251.500	95.943	97.047	28.691	71.309	14.626	220.777	0.000	0.010	0.000	0.100	99.900	0.000	2.628	14.670		长4+5!2^(1_1)
地93-80	2251.625	101.638	97.333	31.923	68.077	14.738	229.211	0.000	0.010	0.000	0.100	99.900	0.000	2.617	14.647		长4+5!2^(1_1)
地93-80	2251.750	105.040	97.565	34.046	65.954	14.506	235.439	0.000	0.010	0.000	0.100	99.900	0.000	2.604	14.327		长4+5!2^(1_1)
地93-80	2251.875	107.448	97.743	36.889	63.111	14.051	240.295	0.000	0.010	0.000	0.100	99.900	0.000	2.592	13.839		长4+5!2^(1_1)
地93-80	2252.000	113.476	97.864	42.293	57.707	13.515	246.261	0.000	0.010	0.000	0.100	99.900	0.000	2.581	13.403		长4+5!2^(1_1)
地93-80	2252.125	121.743	97.938	48.707	51.293	13.231	254.117	0.000	0.010	0.000	0.100	99.900	0.000	2.573	13.194		长4+5!2^(1_1)
地93-80	2252.250	128.481	97.976	52.362	47.638	13.138	260.922	0.000	0.010	0.000	0.100	99.900	0.000	2.569	13.063		长4+5!2^(1_1)
地93-80	2252.375	128.647	97.985	50.899	49.101	12.949	263.310	0.000	0.010	0.000	0.100	99.900	0.000	2.570	12.857		长4+5!2^(1_1)
地93-80	2252.500	124.236	97.973	46.044	53.956	12.716	260.843	0.000	0.010	0.000	0.100	99.900	0.000	2.574	12.601		长4+5!2^(1_1)
地93-80	2252.625	116.778	97.950	40.148	59.852	12.425	256.104	0.000	0.010	0.000	0.100	99.900	0.000	2.578	12.364		长4+5!2^(1_1)
地93-80	2252.750	109.908	97.922	36.724	63.276	12.270	252.937	0.000	0.010	0.000	0.100	99.900	0.000	2.580	12.314		长4+5!2^(1_1)
地93-80	2252.875	109.258	97.893	37.840	62.160	12.382	252.514	0.000	0.010	0.000	0.100	99.900	0.000	2.579	12.508		长4+5!2^(1_1)
地93-80	2253.000	113.943	97.862	41.905	58.095	12.702	253.492	0.000	0.010	0.000	0.100	99.900	0.000	2.577	12.981		长4+5!2^(1_1)
地93-80	2253.125	119.910	97.827	45.998	54.002	13.409	253.712	0.000	0.010	0.000	0.100	99.900	0.000	2.577	13.649		长4+5!2^(1_1)
地93-80	2253.250	123.420	97.783	49.183	50.817	14.018	251.492	0.000	0.010	0.000	0.100	99.900	0.000	2.580	14.151		长4+5!2^(1_1)
地93-80	2253.375	127.377	97.724	53.433	46.567	14.354	248.184	0.000	0.010	0.000	0.100	99.900	0.000	2.586	14.381		长4+5!2^(1_1)
地93-80	2253.500	133.184	97.639	59.115	40.885	14.421	246.070	0.000	0.010	0.000	0.100	99.900	0.000	2.592	14.290		长4+5!2^(1_1)
地93-80	2253.625	139.335	97.523	63.491	36.509	14.089	246.384	0.000	0.010	0.000	0.100	99.900	0.000	2.597	13.885		长4+5!2^(1_1)
地93-80	2253.750	141.003	97.374	65.229	34.771	13.572	248.453	0.000	0.010	0.000	0.100	99.900	0.000	2.599	13.363		长4+5!2^(1_1)
地93-80	2253.875	142.671	97.190	65.345	34.655	13.043	250.092	0.000	0.010	0.000	0.100	99.900	0.000	2.598	12.995		长4+5!2^(1_1)
地93-80	2254.000	140.383	96.969	61.551	38.449	12.922	249.789	0.000	0.010	0.000	0.100	99.900	0.000	2.597	12.875		长4+5!2^(1_1)
地93-80	2254.125	134.480	96.722	55.137	44.863	12.802	248.346	0.000	0.010	0.000	0.100	99.900	0.000	2.597	12.785		长4+5!2^(1_1)
地93-80	2254.250	126.827	96.460	48.364	51.636	12.760	246.727	0.000	0.010	0.000	0.100	99.900	0.000	2.599	12.702		长4+5!2^(1_1)
地93-80	2254.375	119.662	96.195	42.940	57.060	12.613	242.328	0.000	0.010	0.000	0.100	99.900	0.000	2.602	12.556		长4+5!2^(1_1)
地93-80	2254.500	114.405	95.943	38.908	61.092	12.467	237.225	0.000	0.010	0.000	0.100	99.900	0.000	2.606	12.417		长4+5!2^(1_1)
地93-80	2254.625	109.581	95.719	34.555	65.445	12.342	232.425	0.000	0.010	0.000	0.100	99.900	0.000	2.609	12.380		长4+5!2^(1_1)
地93-80	2254.750	102.108	95.536	28.574	71.426	12.439	227.403	0.000	0.010	0.000	0.100	99.900	0.000	2.610	12.510		长4+5!2^(1_1)
地93-80	2254.875	91.469	95.403	22.555	77.445	12.618	221.664	0.000	0.010	0.000	0.100	99.900	0.000	2.611	12.729		长4+5!2^(1_1)
地93-80	2255.000	83.654	95.333	19.454	80.546	12.899	216.758	0.000	0.010	0.000	0.100	99.900	0.000	2.610	13.048		长4+5!2^(1_1)
地93-80	2255.125	82.266	95.317	20.117	79.883	13.277	215.322	0.000	0.010	0.000	0.100	99.900	0.000	2.609	13.450		长4+5!2^(1_1)
地93-80	2255.250	87.290	95.347	24.374	75.626	13.715	219.223	0.000	0.010	0.000	0.100	99.900	0.000	2.606	13.852		长4+5!2^(1_1)
地93-80	2255.375	97.536	95.409	32.206	67.794	14.061	228.258	0.000	0.010	0.000	0.100	99.900	0.000	2.602	14.107		长4+5!2^(1_1)
地93-80	2255.500	111.742	95.488	41.918	58.082	14.178	238.174	0.000	0.010	0.000	0.100	99.900	0.000	2.596	14.141		长4+5!2^(1_1)
地93-80	2255.625	123.030	95.559	48.961	51.039	14.084	245.331	0.000	0.010	0.000	0.100	99.900	0.000	2.588	13.938		长4+5!2^(1_1)
地93-80	2255.750	127.327	95.601	50.856	49.144	13.713	248.875	0.000	0.010	0.000	0.100	99.900	0.000	2.581	13.565		长4+5!2^(1_1)
地93-80	2255.875	126.199	95.590	50.291	49.709	13.337	250.167	0.000	0.010	0.000	0.100	99.900	0.000	2.575	13.279		长4+5!2^(1_1)
地93-80	2256.000	126.334	95.496	51.019	48.981	13.190	250.895	0.000	0.010	0.000	0.100	99.900	0.000	2.574	13.169		长4+5!2^(1_1)
地93-80	2256.125	128.175	95.306	51.829	48.171	13.138	250.896	0.000	0.010	0.000	0.100	99.900	0.000	2.580	13.170		长4+5!2^(1_1)
地93-80	2256.250	127.632	95.010	49.780	50.220	13.220	249.137	0.000	0.010	0.000	0.100	99.900	0.000	2.590	13.143		长4+5!2^(1_1)
地93-80	2256.375	122.595	94.595	45.381	54.619	13.024	245.322	0.000	0.010	0.000	0.100	99.900	0.000	2.603	12.860		长4+5!2^(1_1)
地93-80	2256.500	117.395	94.033	42.606	57.394	12.607	241.897	0.000	0.010	0.000	0.100	99.900	0.000	2.615	12.545		长4+5!2^(1_1)
地93-80	2256.625	116.931	93.331	43.840	56.160	12.450	242.299	0.000	0.010	0.000	0.100	99.900	0.000	2.623	12.407		长4+5!2^(1_1)
地93-80	2256.750	121.412	92.489	48.405	51.595	12.339	248.039	0.000	0.010	0.000	0.100	99.900	0.000	2.627	12.417		长4+5!2^(1_1)
地93-80	2256.875	128.112	91.508	53.442	46.558	12.536	256.525	0.000	0.010	0.000	0.100	99.900	0.000	2.626	12.578		长4+5!2^(1_1)
地93-80	2257.000	132.137	90.379	54.550	45.450	12.641	261.946	0.000	0.010	0.000	0.100	99.900	0.000	2.620	12.587		长4+5!2^(1_1)
地93-80	2257.125	128.997	89.131	54.163	45.837	12.503	260.363	0.000	0.010	0.000	0.100	99.900	0.000	2.609	12.501		长4+5!2^(1_1)
地93-80	2257.250	118.482	87.794	51.353	48.647	12.498	251.783	0.000	0.010	0.000	0.100	99.900	0.000	2.595	12.539		长4+5!2^(1_1)
地93-80	2257.375	106.542	86.399	41.165	58.835	12.602	239.993	0.000	0.010	0.000	0.100	99.900	0.000	2.579	12.818		长4+5!2^(1_1)
地93-80	2257.500	99.434	84.994	35.972	64.028	13.148	229.862	0.000	0.010	0.000	0.100	99.900	0.000	2.565	13.494		长4+5!2^(1_1)
地93-80	2257.625	95.956	83.633	26.892	73.108	14.026	222.696	0.101	0.203	7.670	4.424	87.137	0.483	2.553	14.343		长4+5!2^(1_1)
地93-80	2257.750	90.152	82.372	14.189	85.811	14.830	216.946	0.101	0.505	7.674	11.085	67.003	0.466	2.546	15.057	差油层	长4+5!2^(1_1)
地93-80	2257.875	80.142	81.262	10.385	89.615	15.406	211.639	0.128	0.521	8.163	11.163	65.455	0.451	2.542	15.701	差油层	长4+5!2^(1_1)
地93-80	2258.000	70.069	80.382	7.574	92.426	16.153	207.986	0.178	0.534	8.830	11.228	63.856	0.435	2.542	16.438	差油层	长4+5!2^(1_2)
地93-80	2258.125	64.637	79.750	6.394	93.606	16.873	207.242	0.226	0.540	9.318	11.258	62.412	0.420	2.545	17.206	差油层	长4+5!2^(1_2)
地93-80	2258.250	63.475	79.378	6.355	93.645	17.715	209.260	0.266	0.573	9.649	11.408	60.717	0.407	2.552	17.930	差油层	长4+5!2^(1_2)
地93-80	2258.375	64.334	79.268	7.083	92.917	18.261	212.391	0.299	0.622	9.886	11.623	59.264	0.399	2.561	18.413	差油层	长4+5!2^(1_2)
地93-80	2258.500	68.027	79.432	8.524	91.476	18.647	214.637	0.278	0.626	9.736	11.641	58.732	0.394	2.571	18.726	差油层	长4+5!2^(1_2)
地93-80	2258.625	73.457	79.804	10.399	89.601	18.847	215.195	0.217	0.562	9.229	11.351	59.525	0.393	2.581	18.822	差油层	长4+5!2^(1_2)
地93-80	2258.750	79.936	80.319	12.746	87.254	18.783	215.273	0.000	0.455	0.000	10.814	61.465	0.000	2.591	18.717	差油层	长4+5!2^(1_2)
地93-80	2258.875	87.936	80.911	23.362	76.638	18.614	216.979	0.000	0.238	0.000	6.359	77.498	0.000	2.601	18.547		长4+5!2^(1_2)
地93-80	2259.000	99.343	81.495	40.280	59.720	18.444	219.466	0.000	0.010	0.000	0.100	99.900	0.000	2.609	18.315		长4+5!2^(1_2)
地93-80	2259.125	107.983	81.993	44.929	55.071	18.119	220.467	0.000	0.010	0.000	0.100	99.900	0.000	2.617	17.874		长4+5!2^(1_2)
地93-80	2259.250	107.326	82.338	41.632	58.368	17.498	218.928	0.000	0.010	0.000	0.100	99.900	0.000	2.622	17.304		长4+5!2^(1_2)
地93-80	2259.375	99.444	82.477	35.969	64.031	17.006	217.042	0.000	0.010	0.000	0.100	99.900	0.000	2.624	16.872		长4+5!2^(1_2)
地93-80	2259.500	95.932	82.336	35.584	64.416	16.666	218.189	0.000	0.010	0.000	0.100	99.900	0.000	2.623	16.615		长4+5!2^(1_2)
地93-80	2259.625	100.179	81.926	40.325	59.675	16.536	223.266	0.000	0.010	0.000	0.100	99.900	0.000	2.618	16.463		长4+5!2^(1_2)
地93-80	2259.750	106.936	81.270	45.446	54.554	16.350	229.568	0.000	0.010	0.000	0.100	99.900	0.000	2.611	16.146		长4+5!2^(1_2)
地93-80	2259.875	110.217	80.407	45.352	54.648	15.834	231.252	0.000	0.010	0.000	0.100	99.900	0.000	2.600	15.538		长4+5!2^(1_2)
地93-80	2260.000	104.876	79.391	38.268	61.732	15.084	226.465	0.000	0.010	0.000	0.100	99.900	0.000	2.588	14.834		长4+5!2^(1_2)
地93-80	2260.125	93.739	78.326	24.418	75.582	14.451	218.075	0.089	0.203	7.419	4.421	87.597	0.482	2.574	14.390		长4+5!2^(1_2)
地93-80	2260.250	81.770	77.311	11.222	88.778	14.297	210.807	0.113	0.474	7.907	10.926	69.260	0.485	2.560	14.262	水层	长4+5!2^(1_2)
地93-80	2260.375	74.482	76.437	9.239	90.761	14.207	208.176	0.144	0.433	8.391	10.705	70.123	0.485	2.548	14.239	水层	长4+5!2^(1_2)
地93-80	2260.500	72.709	75.836	8.795	91.205	14.289	209.146	0.165	0.445	8.676	10.772	69.876	0.485	2.540	14.239	水层	长4+5!2^(1_2)
地93-80	2260.625	71.880	75.561	8.553	91.447	14.161	211.743	0.197	0.519	9.033	11.148	69.079	0.491	2.536	13.982	水层	长4+5!2^(1_2)
地93-80	2260.750	69.824	75.653	8.151	91.849	13.705	214.314	0.250	0.632	9.515	11.659	68.248	0.502	2.536	13.543	水层	长4+5!2^(1_2)
地93-80	2260.875	67.886	76.128	8.287	91.713	13.293	215.964	0.300	0.698	9.888	11.933	68.356	0.515	2.539	13.086	水层	长4+5!2^(1_2)
地93-80	2261.000	70.775	77.015	9.848	90.152	12.768	217.511	0.280	0.654	9.749	11.753	70.228	0.530	2.542	12.586	水层	长4+5!2^(1_2)
地93-80	2261.125	78.463	78.227	13.012	86.988	12.307	220.362	0.000	0.557	0.000	11.330	72.692	0.000	2.546	12.230	水层	长4+5!2^(1_2)
地93-80	2261.250	89.627	79.684	25.324	74.676	12.114	225.645	0.000	0.305	0.000	6.730	84.251	0.000	2.549	12.062		长4+5!2^(1_2)
地93-80	2261.375	102.938	81.307	45.413	54.587	11.984	234.497	0.000	0.010	0.000	0.100	99.900	0.000	2.554	11.979		长4+5!2^(1_2)
地93-80	2261.500	115.682	83.008	56.535	43.465	11.972	246.004	0.000	0.010	0.000	0.100	99.900	0.000	2.560	12.032		长4+5!2^(1_2)
地93-80	2261.625	123.111	84.688	61.579	38.421	12.123	256.906	0.000	0.010	0.000	0.100	99.900	0.000	2.569	12.159		长4+5!2^(1_2)
地93-80	2261.750	122.905	86.272	58.810	41.190	12.214	262.348	0.000	0.010	0.000	0.100	99.900	0.000	2.580	12.207		长4+5!2^(1_2)
地93-80	2261.875	117.141	87.705	51.817	48.183	12.196	258.332	0.000	0.010	0.000	0.100	99.900	0.000	2.592	12.173		长4+5!2^(1_2)
地93-80	2262.000	110.046	88.921	45.273	54.727	12.137	248.805	0.000	0.010	0.000	0.100	99.900	0.000	2.604	12.053		长4+5!2^(1_2)
地93-80	2262.125	104.943	89.916	42.151	57.849	11.924	239.761	0.000	0.010	0.000	0.100	99.900	0.000	2.613	11.824		长4+5!2^(1_2)
地93-80	2262.250	104.724	90.690	44.755	55.245	11.671	235.475	0.000	0.010	0.000	0.100	99.900	0.000	2.620	11.552		长4+5!2^(1_2)
地93-80	2262.375	111.693	91.248	54.255	45.745	11.368	237.431	0.000	0.010	0.000	0.100	99.900	0.000	2.623	11.218		长4+5!2^(1_2)
地93-80	2262.500	123.719	91.581	66.276	33.724	10.987	242.632	0.000	0.010	0.000	0.100	99.900	0.000	2.622	10.880		长4+5!2^(1_2)
地93-80	2262.625	131.456	91.732	71.971	28.029	10.716	247.174	0.000	0.010	0.000	0.100	99.900	0.000	2.617	10.567		长4+5!2^(1_2)
地93-80	2262.750	130.994	91.734	67.954	32.046	10.337	247.914	0.000	0.010	0.000	0.100	99.900	0.000	2.610	10.187		长4+5!2^(1_2)
地93-80	2262.875	123.678	91.614	57.386	42.614	9.956	243.516	0.000	0.010	0.000	0.100	99.900	0.000	2.604	9.867		长4+5!2^(1_2)
地93-80	2263.000	112.473	91.392	45.234	54.766	9.731	236.169	0.000	0.010	0.000	0.100	99.900	0.000	2.599	9.728		长4+5!2^(1_2)
地93-80	2263.125	100.695	91.112	34.785	65.215	9.724	228.133	0.000	0.010	0.000	0.100	99.900	0.000	2.597	9.779		长4+5!2^(1_2)
地93-80	2263.250	90.173	90.809	26.954	73.046	9.863	220.741	0.000	0.010	0.000	0.100	99.900	0.000	2.597	10.035		长4+5!2^(1_2)
地93-80	2263.375	81.921	90.516	21.395	78.605	10.300	214.497	0.000	0.010	0.000	0.100	99.900	0.000	2.596	10.527		长4+5!2^(1_2)
地93-80	2263.500	75.213	90.266	17.572	82.428	10.875	209.569	0.000	0.010	0.000	0.100	99.900	0.000	2.594	11.127		长4+5!2^(1_2)
地93-80	2263.625	71.052	90.077	16.390	83.610	11.513	207.403	0.000	0.010	0.000	0.100	99.900	0.000	2.589	11.756		长4+5!2^(1_2)
地93-80	2263.750	72.765	89.956	20.265	79.735	12.128	210.470	0.000	0.010	0.000	0.100	99.900	0.000	2.581	12.316		长4+5!2^(1_2)
地93-80	2263.875	84.694	89.902	32.257	67.743	12.606	221.015	0.000	0.010	0.000	0.100	99.900	0.000	2.567	12.816		长4+5!2^(1_2)
地93-80	2264.000	105.814	89.914	51.309	48.691	13.138	237.496	0.000	0.010	0.000	0.100	99.900	0.000	2.547	13.222		长4+5!2^(1_2)
地93-80	2264.125	124.993	89.969	70.237	29.763	13.352	258.006	0.000	0.010	0.000	0.100	99.900	0.000	2.525	13.303		长4+5!2^(1_2)
地93-80	2264.250	137.017	90.045	83.726	16.274	13.227	279.368	0.000	0.010	0.000	0.100	99.900	0.000	2.507	13.092		长4+5!2^(1_2)
地93-80	2264.375	143.580	90.113	91.936	8.064	12.886	293.528	0.000	0.010	0.000	0.100	99.900	0.000	2.498	12.497		长4+5!2^(1_2)
地93-80	2264.500	147.253	90.136	96.071	3.929	11.900	293.943	0.000	0.010	0.000	0.100	99.900	0.000	2.502	11.495		长4+5!2^(1_2)
地93-80	2264.625	148.196	90.086	96.893	3.107	10.874	281.426	0.000	0.010	0.000	0.100	99.900	0.000	2.519	10.655		长4+5!2^(1_2)
地93-80	2264.750	148.027	89.942	96.998	3.002	10.319	264.514	0.000	0.010	0.000	0.100	99.900	0.000	2.541	10.334		长4+5!2^(1_2)
地93-80	2264.875	148.447	89.690	96.366	3.634	10.356	254.488	0.000	0.010	0.000	0.100	99.900	0.000	2.564	10.506		长4+5!2^(1_3)
地93-80	2265.000	146.815	89.305	91.736	8.264	10.735	252.946	0.000	0.010	0.000	0.100	99.900	0.000	2.582	10.853		长4+5!2^(1_3)
地93-80	2265.125	141.930	88.795	82.374	17.626	11.034	253.951	0.000	0.010	0.000	0.100	99.900	0.000	2.594	11.108		长4+5!2^(1_3)
地93-80	2265.250	133.607	88.162	69.079	30.921	11.222	250.882	0.000	0.010	0.000	0.100	99.900	0.000	2.603	11.301		长4+5!2^(1_3)
地93-80	2265.375	121.544	87.413	55.366	44.634	11.421	242.127	0.000	0.010	0.000	0.100	99.900	0.000	2.611	11.500		长4+5!2^(1_3)
地93-80	2265.500	111.295	86.557	48.556	51.444	11.621	233.272	0.000	0.010	0.000	0.100	99.900	0.000	2.622	11.768		长4+5!2^(1_3)
地93-80	2265.625	111.355	85.633	52.196	47.804	11.993	228.579	0.000	0.010	0.000	0.100	99.900	0.000	2.634	12.158		长4+5!2^(1_3)
地93-80	2265.750	119.741	84.677	60.075	39.925	12.410	227.940	0.000	0.010	0.000	0.100	99.900	0.000	2.646	12.545		长4+5!2^(1_3)
地93-80	2265.875	124.768	83.720	60.103	39.897	12.751	228.623	0.000	0.010	0.000	0.100	99.900	0.000	2.652	12.843		长4+5!2^(1_3)
地93-80	2266.000	116.980	82.809	41.547	58.453	12.984	228.901	0.047	0.205	6.129	4.433	88.633	0.521	2.649	13.036		长4+5!2^(1_3)
地93-80	2266.125	102.413	81.984	19.162	80.838	13.115	228.375	0.097	0.600	7.590	11.491	69.807	0.516	2.636	13.146	水层	长4+5!2^(1_3)
地93-80	2266.250	88.059	81.287	14.268	85.732	13.195	226.986	0.188	0.804	8.938	12.315	66.815	0.513	2.616	13.181	水层	长4+5!2^(1_3)
地93-80	2266.375	79.059	80.758	12.176	87.824	13.158	225.229	0.272	0.866	9.691	12.531	66.314	0.515	2.593	13.082	水层	长4+5!2^(1_3)
地93-80	2266.500	78.895	80.457	12.367	87.633	12.964	223.948	0.257	0.786	9.575	12.257	67.739	0.521	2.572	12.874	水层	长4+5!2^(1_3)
地93-80	2266.625	81.484	80.387	12.847	87.153	12.735	223.343	0.218	0.719	9.243	12.015	69.053	0.528	2.557	12.677	水层	长4+5!2^(1_3)
地93-80	2266.750	81.619	80.551	12.696	87.304	12.587	223.002	0.213	0.712	9.193	11.989	69.525	0.533	2.548	12.524	水层	长4+5!2^(1_3)
地93-80	2266.875	80.536	80.952	12.404	87.596	12.427	222.471	0.219	0.714	9.250	11.995	69.789	0.536	2.546	12.413	水层	长4+5!2^(1_3)
地93-80	2267.000	80.268	81.609	12.203	87.797	12.390	221.635	0.213	0.699	9.191	11.936	70.043	0.537	2.551	12.395	水层	长4+5!2^(1_3)
地93-80	2267.125	79.590	82.472	11.983	88.017	12.403	220.782	0.211	0.679	9.173	11.857	70.137	0.534	2.561	12.468	水层	长4+5!2^(1_3)
地93-80	2267.250	79.483	83.498	12.589	87.411	12.569	220.789	0.212	0.630	9.185	11.656	70.531	0.530	2.573	12.599	水层	长4+5!2^(1_3)
地93-80	2267.375	84.378	84.649	15.328	84.672	12.645	222.648	0.000	0.534	0.000	11.217	71.890	0.000	2.588	12.700	水层	长4+5!2^(1_3)
地93-80	2267.500	95.389	85.891	27.889	72.111	12.784	225.544	0.000	0.285	0.000	6.623	83.589	0.000	2.602	12.816		长4+5!2^(1_3)
地93-80	2267.625	105.876	87.174	45.215	54.785	12.865	227.942	0.000	0.010	0.000	0.100	99.900	0.000	2.615	12.844		长4+5!2^(1_3)
地93-80	2267.750	111.186	88.456	48.314	51.686	12.811	228.918	0.000	0.010	0.000	0.100	99.900	0.000	2.625	12.788		长4+5!2^(1_3)
地93-80	2267.875	110.929	89.703	47.636	52.364	12.753	228.974	0.000	0.010	0.000	0.100	99.900	0.000	2.631	12.732		长4+5!2^(1_3)
地93-80	2268.000	109.639	90.876	49.517	50.483	12.700	230.107	0.000	0.010	0.000	0.100	99.900	0.000	2.632	12.681		长4+5!2^(1_3)
地93-80	2268.125	116.084	91.959	59.909	40.091	12.653	234.828	0.000	0.010	0.000	0.100	99.900	0.000	2.628	12.628		长4+5!2^(1_3)
地93-80	2268.250	129.431	92.946	76.075	23.925	12.589	245.347	0.000	0.010	0.000	0.100	99.900	0.000	2.616	12.502		长4+5!2^(1_3)
地93-80	2268.375	141.253	93.830	87.408	12.592	12.368	262.300	0.000	0.010	0.000	0.100	99.900	0.000	2.599	12.280		长4+5!2^(1_3)
地93-80	2268.500	143.454	94.594	87.420	12.580	12.145	280.383	0.000	0.010	0.000	0.100	99.900	0.000	2.579	12.006		长4+5!2^(1_3)
地93-80	2268.625	140.071	95.249	81.911	18.089	11.792	292.330	0.000	0.010	0.000	0.100	99.900	0.000	2.562	11.652		长4+5!2^(1_3)
地93-80	2268.750	135.846	95.802	76.219	23.781	11.438	292.616	0.000	0.010	0.000	0.100	99.900	0.000	2.552	11.333		长4+5!2^(1_3)
地93-80	2268.875	132.161	96.261	71.679	28.321	11.171	280.830	0.000	0.010	0.000	0.100	99.900	0.000	2.552	11.090		长4+5!2^(1_3)
地93-80	2269.000	129.325	96.624	68.084	31.916	10.964	265.366	0.000	0.010	0.000	0.100	99.900	0.000	2.562	10.928		长4+5!2^(1_3)
地93-80	2269.125	126.673	96.909	64.221	35.779	10.873	253.442	0.000	0.010	0.000	0.100	99.900	0.000	2.578	10.863		长4+5!2^(1_3)
地93-80	2269.250	122.906	97.129	58.789	41.211	10.849	247.500	0.000	0.010	0.000	0.100	99.900	0.000	2.594	10.885		长4+5!2^(1_3)
地93-80	2269.375	117.089	97.291	53.163	46.837	10.940	246.191	0.000	0.010	0.000	0.100	99.900	0.000	2.607	10.988		长4+5!2^(1_3)
地93-80	2269.500	113.421	97.402	51.041	48.959	11.062	247.007	0.000	0.010	0.000	0.100	99.900	0.000	2.616	11.126		长4+5!2^(1_3)
地93-80	2269.625	114.105	97.475	52.718	47.282	11.223	249.099	0.000	0.010	0.000	0.100	99.900	0.000	2.622	11.248		长4+5!2^(1_3)
地93-80	2269.750	116.983	97.521	55.726	44.274	11.285	251.897	0.000	0.010	0.000	0.100	99.900	0.000	2.626	11.284		长4+5!2^(1_3)
地93-80	2269.875	119.483	97.547	57.768	42.232	11.281	253.941	0.000	0.010	0.000	0.100	99.900	0.000	2.631	11.266		长4+5!2^(1_3)
地93-80	2270.000	120.229	97.555	58.296	41.704	11.243	254.285	0.000	0.010	0.000	0.100	99.900	0.000	2.637	11.212		长4+5!2^(1_3)
地93-80	2270.125	120.249	97.551	57.960	42.040	11.163	253.258	0.000	0.010	0.000	0.100	99.900	0.000	2.643	11.166		长4+5!2^(1_3)
地93-80	2270.250	119.476	97.534	58.115	41.885	11.171	252.026	0.000	0.010	0.000	0.100	99.900	0.000	2.647	11.192		长4+5!2^(1_3)
地93-80	2270.375	120.996	97.500	61.603	38.397	11.223	252.139	0.000	0.010	0.000	0.100	99.900	0.000	2.648	11.280		长4+5!2^(1_3)
地93-80	2270.500	126.101	97.441	67.906	32.094	11.368	253.851	0.000	0.010	0.000	0.100	99.900	0.000	2.646	11.419		长4+5!2^(1_3)
地93-80	2270.625	131.195	97.348	73.870	26.130	11.498	256.180	0.000	0.010	0.000	0.100	99.900	0.000	2.640	11.556		长4+5!2^(1_3)
地93-80	2270.750	134.936	97.218	76.603	23.397	11.645	257.709	0.000	0.010	0.000	0.100	99.900	0.000	2.631	11.682		长4+5!2^(1_3)
地93-80	2270.875	134.309	97.044	73.045	26.955	11.739	258.093	0.000	0.010	0.000	0.100	99.900	0.000	2.618	11.762		长4+5!2^(1_3)
地93-80	2271.000	128.530	96.814	65.901	34.099	11.798	259.239	0.000	0.010	0.000	0.100	99.900	0.000	2.601	11.801		长4+5!2^(1_3)
地93-80	2271.125	123.446	96.534	62.698	37.302	11.805	262.847	0.000	0.010	0.000	0.100	99.900	0.000	2.582	11.843		长4+5!2^(1_3)
地93-80	2271.250	124.740	96.206	66.215	33.785	11.900	268.282	0.000	0.010	0.000	0.100	99.900	0.000	2.564	11.972		长4+5!2^(1_3)
地93-80	2271.375	129.893	95.840	68.720	31.280	12.082	270.918	0.000	0.010	0.000	0.100	99.900	0.000	2.553	12.156		长4+5!2^(2_1)
地93-80	2271.500	127.055	95.446	60.194	39.806	12.269	265.840	0.000	0.010	0.000	0.100	99.900	0.000	2.549	12.429		长4+5!2^(2_1)
地93-80	2271.625	113.170	95.040	43.120	56.880	12.676	252.041	0.000	0.010	0.000	0.100	99.900	0.000	2.549	12.908		长4+5!2^(2_1)
地93-80	2271.750	93.168	94.637	27.676	72.324	13.264	234.241	0.000	0.010	0.000	0.100	99.900	0.000	2.550	13.544		长4+5!2^(2_1)
地93-80	2271.875	79.246	94.242	22.358	77.642	13.973	222.956	0.000	0.010	0.000	0.100	99.900	0.000	2.548	14.304		长4+5!2^(2_1)
地93-80	2272.000	82.946	93.863	28.176	71.824	14.813	223.857	0.000	0.010	0.000	0.100	99.900	0.000	2.543	14.994		长4+5!2^(2_1)
地93-80	2272.125	96.588	93.498	39.225	60.775	15.272	234.626	0.000	0.010	0.000	0.100	99.900	0.000	2.537	15.545		长4+5!2^(2_1)
地93-80	2272.250	109.002	93.142	47.765	52.235	15.964	247.380	0.000	0.010	0.000	0.100	99.900	0.000	2.532	16.068		长4+5!2^(2_1)
地93-80	2272.375	112.867	92.789	49.677	50.323	16.227	253.429	0.000	0.010	0.000	0.100	99.900	0.000	2.528	16.245		长4+5!2^(2_1)
地93-80	2272.500	111.672	92.423	49.130	50.870	16.272	252.524	0.000	0.010	0.000	0.100	99.900	0.000	2.523	16.256		长4+5!2^(2_1)
地93-80	2272.625	112.180	92.033	50.255	49.745	16.232	249.478	0.000	0.010	0.000	0.100	99.900	0.000	2.514	16.273		长4+5!2^(2_1)
地93-80	2272.750	114.114	91.614	51.808	48.192	16.336	249.507	0.000	0.010	0.000	0.100	99.900	0.000	2.502	16.384		长4+5!2^(2_1)
地93-80	2272.875	114.859	91.165	50.777	49.223	16.457	254.480	0.000	0.010	0.000	0.100	99.900	0.000	2.490	16.539		长4+5!2^(2_1)
地93-80	2273.000	111.218	90.685	46.675	53.325	16.665	259.957	0.000	0.010	0.000	0.100	99.900	0.000	2.485	16.776		长4+5!2^(2_1)
地93-80	2273.125	106.723	90.185	42.810	57.190	16.945	260.670	0.000	0.010	0.000	0.100	99.900	0.000	2.491	17.081		长4+5!2^(2_1)
地93-80	2273.250	103.707	89.669	40.325	59.675	17.288	254.595	0.000	0.010	0.000	0.100	99.900	0.000	2.507	17.366		长4+5!2^(2_1)
地93-80	2273.375	101.681	89.140	38.558	61.442	17.485	244.570	0.000	0.010	0.000	0.100	99.900	0.000	2.530	17.487		长4+5!2^(2_1)
地93-80	2273.500	99.910	88.594	36.777	63.223	17.491	235.745	0.000	0.010	0.000	0.100	99.900	0.000	2.553	17.366		长4+5!2^(2_1)
地93-80	2273.625	97.575	88.026	35.178	64.822	17.174	230.532	0.000	0.010	0.000	0.100	99.900	0.000	2.573	17.046		长4+5!2^(2_1)
地93-80	2273.750	96.535	87.423	34.879	65.121	16.849	229.111	0.000	0.010	0.000	0.100	99.900	0.000	2.586	16.764		长4+5!2^(2_1)
地93-80	2273.875	97.252	86.767	36.706	63.294	16.634	232.354	0.000	0.010	0.000	0.100	99.900	0.000	2.591	16.610		长4+5!2^(2_1)
地93-80	2274.000	101.404	86.026	41.844	58.156	16.572	239.460	0.000	0.010	0.000	0.100	99.900	0.000	2.590	16.510		长4+5!2^(2_1)
地93-80	2274.125	109.108	85.192	48.967	51.033	16.414	247.635	0.000	0.010	0.000	0.100	99.900	0.000	2.583	16.317		长4+5!2^(2_1)
地93-80	2274.250	115.560	84.261	51.831	48.169	16.168	252.778	0.000	0.010	0.000	0.100	99.900	0.000	2.570	15.945		长4+5!2^(2_1)
地93-80	2274.375	112.667	83.236	43.880	56.120	15.604	251.479	0.000	0.010	0.000	0.100	99.900	0.000	2.553	15.425		长4+5!2^(2_1)
地93-80	2274.500	96.437	82.125	26.160	73.840	15.151	245.598	0.318	0.759	10.006	5.979	76.902	0.463	2.534	15.049		长4+5!2^(2_1)
地93-80	2274.625	77.940	80.959	11.417	88.583	14.892	238.285	0.562	1.919	11.168	15.018	41.303	0.461	2.515	15.079	油层	长4+5!2^(2_1)
地93-80	2274.750	64.947	79.771	7.625	92.375	15.366	231.648	0.777	1.870	11.828	14.927	40.559	0.446	2.501	15.757	油层	长4+5!2^(2_1)
地93-80	2274.875	58.048	78.592	5.742	94.258	16.357	226.209	0.837	1.687	11.979	14.579	39.877	0.424	2.494	16.861	油层	长4+5!2^(2_1)
地93-80	2275.000	54.826	77.457	5.048	94.952	17.635	221.872	0.791	1.449	11.862	14.079	39.611	0.404	2.496	17.976	油层	长4+5!2^(2_1)
地93-80	2275.125	55.856	76.388	5.667	94.333	18.500	219.423	0.662	1.170	11.500	13.403	39.879	0.387	2.503	19.067	油层	长4+5!2^(2_1)
地93-80	2275.250	62.200	75.394	7.615	92.385	19.938	219.646	0.484	0.925	10.864	12.711	39.963	0.368	2.514	20.459	油层	长4+5!2^(2_1)
地93-80	2275.375	70.987	74.481	9.855	90.145	21.258	221.991	0.348	0.810	10.194	12.344	39.676	0.354	2.523	21.583	油层	长4+5!2^(2_1)
地93-80	2275.500	75.926	73.657	10.885	89.115	22.083	224.414	0.306	0.848	9.932	12.468	38.842	0.347	2.528	22.154	油层	长4+5!2^(2_1)
地93-80	2275.625	75.213	72.907	10.455	89.545	22.263	225.899	0.343	0.972	10.161	12.860	37.943	0.347	2.527	22.169	油层	长4+5!2^(2_1)
地93-80	2275.750	71.711	72.219	9.646	90.354	22.025	226.597	0.425	1.092	10.598	13.210	37.386	0.349	2.519	21.939	油层	长4+5!2^(2_1)
地93-80	2275.875	69.943	71.585	9.547	90.453	21.807	226.816	0.470	1.122	10.805	13.293	37.293	0.350	2.507	21.843	油层	长4+5!2^(2_1)
地93-80	2276.000	71.600	71.011	10.199	89.801	21.898	226.725	0.430	1.064	10.623	13.132	37.577	0.349	2.493	21.915	油层	长4+5!2^(2_1)
地93-80	2276.125	74.372	70.492	11.165	88.835	21.942	226.726	0.373	0.979	10.335	12.884	38.062	0.349	2.477	21.981	油层	长4+5!2^(2_1)
地93-80	2276.250	77.831	70.027	12.312	87.688	22.042	227.393	0.324	0.907	10.045	12.664	38.559	0.349	2.465	21.977	油层	长4+5!2^(2_1)
地93-80	2276.375	81.109	69.619	13.234	86.766	21.877	228.655	0.292	0.889	9.835	12.606	38.930	0.352	2.457	21.723	油层	长4+5!2^(2_1)
地93-80	2276.500	82.319	69.278	13.501	86.499	21.486	229.625	0.288	0.925	9.810	12.721	39.095	0.358	2.454	21.285	油层	长4+5!2^(2_1)
地93-80	2276.625	81.709	68.999	13.355	86.645	20.976	230.018	0.304	0.966	9.915	12.848	39.272	0.364	2.457	20.816	油层	长4+5!2^(2_1)
地93-80	2276.750	81.214	68.776	13.432	86.568	20.569	230.297	0.316	0.974	9.995	12.872	39.613	0.369	2.463	20.427	油层	长4+5!2^(2_1)
地93-80	2276.875	82.366	68.606	13.726	86.274	20.209	230.594	0.302	0.966	9.906	12.849	40.043	0.374	2.471	20.065	油层	长4+5!2^(2_1)
地93-80	2277.000	82.547	68.483	13.711	86.289	19.844	230.260	0.295	0.967	9.853	12.851	40.404	0.379	2.480	19.725	油层	长4+5!2^(2_1)
地93-80	2277.125	82.173	68.389	13.956	86.044	19.542	229.057	0.282	0.911	9.766	12.672	41.165	0.383	2.489	19.418	油层	长4+5!2^(2_1)
地93-80	2277.250	84.976	68.313	15.543	84.457	19.226	227.315	0.224	0.749	9.293	12.104	42.902	0.388	2.498	19.115	油层	长4+5!2^(2_1)
地93-80	2277.375	92.462	68.244	18.146	81.854	18.943	225.275	0.138	0.552	8.302	11.291	45.275	0.393	2.509	18.880	油层	长4+5!2^(2_1)
地93-80	2277.500	99.128	68.171	19.436	80.564	18.784	223.022	0.087	0.435	7.374	10.718	47.110	0.397	2.520	18.652	油层	长4+5!2^(2_1)
地93-80	2277.625	98.268	68.089	17.840	82.160	18.451	220.827	0.081	0.432	7.234	10.696	47.607	0.403	2.531	18.315	油层	长4+5!2^(2_1)
地93-80	2277.750	90.826	67.992	14.551	85.449	18.108	218.447	0.105	0.496	7.761	11.038	47.037	0.407	2.542	18.025	油层	长4+5!2^(2_1)
地93-80	2277.875	81.625	67.880	11.405	88.595	17.899	213.997	0.134	0.537	8.254	11.240	46.714	0.410	2.554	17.847	油层	长4+5!2^(2_1)
地93-80	2278.000	74.738	67.752	9.140	90.860	17.766	206.842	0.132	0.473	8.225	10.905	47.688	0.410	2.568	17.819	干层	长4+5!2^(2_1)
地93-80	2278.125	70.691	67.610	7.738	92.262	17.901	198.441	0.106	0.244	7.771	10.081	49.819	0.407	2.583	18.020	干层	长4+5!2^(2_1)
地93-80	2278.250	69.632	67.457	7.532	92.468	18.204	191.616	0.079	0.010	7.170	8.991	52.607	0.400	2.598	18.475	干层	长4+5!2^(2_2)
地93-80	2278.375	73.998	67.293	10.124	89.876	18.892	189.496	0.057	0.010	6.495	7.700	56.090	0.390	2.610	19.202	干层	长4+5!2^(2_2)
地93-80	2278.500	90.989	67.119	18.227	81.773	19.679	192.385	0.028	0.010	5.028	6.117	61.578	0.381	2.614	19.860	干层	长4+5!2^(2_2)
地93-80	2278.625	119.855	66.933	32.876	67.124	20.137	199.262	0.009	0.010	2.742	4.547	68.611	0.377	2.610	20.306	干层	长4+5!2^(2_2)
地93-80	2278.750	149.681	66.734	44.435	55.565	20.565	207.907	0.003	0.010	0.540	4.228	70.237	0.378	2.601	20.424	干层	长4+5!2^(2_2)
地93-80	2278.875	164.150	66.517	45.755	54.245	20.207	214.835	0.002	0.010	-0.244	5.261	65.542	0.388	2.588	19.760	干层	长4+5!2^(2_2)
地93-80	2279.000	160.701	66.276	46.615	53.385	19.074	218.521	0.003	0.010	0.499	5.924	64.290	0.406	2.578	18.526	干层	长4+5!2^(2_2)
地93-80	2279.125	158.495	66.012	46.972	53.028	17.684	219.674	0.004	0.010	0.849	6.196	65.010	0.426	2.573	17.343	干层	长4+5!2^(2_2)
地93-80	2279.250	163.145	65.723	46.995	53.005	16.820	219.234	0.003	0.010	0.319	6.214	66.160	0.440	2.574	16.649	干层	长4+5!2^(2_2)
地93-80	2279.375	160.548	65.411	43.034	56.966	16.385	216.256	0.003	0.010	0.279	6.400	66.123	0.449	2.580	16.222	干层	长4+5!2^(2_2)
地93-80	2279.500	135.136	65.075	29.985	70.015	15.972	210.294	0.007	0.010	2.302	7.476	62.328	0.454	2.588	15.884	干层	长4+5!2^(2_2)
地93-80	2279.625	101.517	64.721	15.277	84.723	15.750	203.000	0.028	0.010	5.039	8.958	56.865	0.452	2.593	15.803	干层	长4+5!2^(2_2)
地93-80	2279.750	75.997	64.355	7.949	92.051	15.885	197.612	0.077	0.010	7.133	9.693	53.867	0.444	2.593	16.110	干层	长4+5!2^(2_2)
地93-80	2279.875	64.199	63.983	5.582	94.418	16.456	197.604	0.141	0.142	8.359	9.986	51.660	0.426	2.586	16.943	干层	长4+5!2^(2_2)
地93-80	2280.000	62.406	63.611	5.995	94.005	17.690	202.752	0.202	0.372	9.082	10.334	48.792	0.402	2.572	18.231	油层	长4+5!2^(2_2)
地93-80	2280.125	67.151	63.243	8.707	91.293	19.060	210.869	0.240	0.423	9.434	10.651	46.377	0.384	2.556	19.394	油层	长4+5!2^(2_2)
地93-80	2280.250	79.589	62.884	13.678	86.322	19.907	218.713	0.190	0.428	8.957	10.679	45.590	0.376	2.541	19.984	油层	长4+5!2^(2_2)
地93-80	2280.375	94.325	62.540	18.005	81.995	20.102	222.827	0.110	0.420	7.853	10.631	45.636	0.376	2.529	20.057	油层	长4+5!2^(2_2)
地93-80	2280.500	98.177	62.222	17.767	82.233	19.989	223.409	0.093	0.485	7.513	10.970	45.013	0.380	2.520	19.810	油层	长4+5!2^(2_2)
地93-80	2280.625	89.429	61.936	13.727	86.273	19.536	222.872	0.142	0.668	8.367	11.780	43.399	0.385	2.511	19.390	油层	长4+5!2^(2_2)
地93-80	2280.750	75.376	61.691	9.427	90.573	19.165	223.579	0.302	0.961	9.903	12.801	41.233	0.388	2.502	19.101	油层	长4+5!2^(2_2)
地93-80	2280.875	63.992	61.494	6.846	93.154	19.001	226.234	0.619	1.317	11.363	13.763	39.156	0.388	2.492	18.992	油层	长4+5!2^(2_2)
地93-80	2281.000	58.085	61.366	5.830	94.170	18.977	229.463	0.987	1.662	12.314	14.524	37.490	0.387	2.481	19.021	油层	长4+5!2^(2_2)
地93-80	2281.125	55.795	61.309	5.738	94.262	19.087	231.900	1.257	1.897	12.807	14.977	36.522	0.386	2.473	19.053	油层	长4+5!2^(2_2)
地93-80	2281.250	56.720	61.328	6.381	93.619	19.002	232.479	1.235	1.910	12.771	14.999	36.632	0.388	2.467	18.908	油层	长4+5!2^(2_2)
地93-80	2281.375	60.556	61.425	7.814	92.186	18.764	230.539	0.919	1.641	12.169	14.468	37.960	0.392	2.466	18.702	油层	长4+5!2^(2_2)
地93-80	2281.500	68.151	61.607	9.749	90.251	18.606	227.642	0.538	1.233	11.078	13.558	40.072	0.395	2.466	18.585	油层	长4+5!2^(2_2)
地93-80	2281.625	74.665	61.861	10.990	89.010	18.553	226.150	0.357	0.987	10.244	12.909	41.547	0.395	2.468	18.589	油层	长4+5!2^(2_2)
地93-80	2281.750	76.113	62.178	10.841	89.159	18.646	227.321	0.352	1.002	10.216	12.948	41.398	0.395	2.471	18.642	油层	长4+5!2^(2_2)
地93-80	2281.875	72.683	62.550	9.987	90.013	18.636	230.221	0.487	1.207	10.875	13.504	40.231	0.396	2.472	18.545	油层	长4+5!2^(2_2)
地93-80	2282.000	69.725	62.980	9.675	90.325	18.405	232.781	0.645	1.415	11.449	14.010	39.413	0.399	2.472	18.269	油层	长4+5!2^(2_2)
地93-80	2282.125	70.011	63.467	9.938	90.062	18.060	234.186	0.683	1.513	11.566	14.228	39.253	0.404	2.470	17.996	油层	长4+5!2^(2_2)
地93-80	2282.250	70.601	64.016	10.022	89.978	17.897	234.576	0.676	1.558	11.545	14.322	39.300	0.407	2.467	17.780	油层	长4+5!2^(2_2)
地93-80	2282.375	69.917	64.644	9.847	90.153	17.602	234.284	0.690	1.576	11.586	14.360	39.530	0.412	2.461	17.518	油层	长4+5!2^(2_2)
地93-80	2282.500	69.561	65.390	9.726	90.274	17.388	233.915	0.690	1.563	11.584	14.333	39.865	0.416	2.457	17.291	油层	长4+5!2^(2_2)
地93-80	2282.625	69.343	66.274	9.442	90.558	17.141	233.904	0.697	1.585	11.606	14.378	40.151	0.422	2.455	16.982	油层	长4+5!2^(2_2)
地93-80	2282.750	67.429	67.318	8.626	91.374	16.736	233.770	0.763	1.691	11.791	14.589	40.139	0.428	2.458	16.627	油层	长4+5!2^(2_2)
地93-80	2282.875	63.438	68.540	7.422	92.578	16.459	231.431	0.830	1.763	11.963	14.731	40.203	0.434	2.468	16.338	干层	长4+5!2^(2_2)
地93-80	2283.000	59.704	69.979	6.364	93.636	16.151	225.968	0.760	1.608	11.782	14.414	41.233	0.439	2.482	16.094	干层	长4+5!2^(2_2)
地93-80	2283.125	58.187	71.610	5.618	94.382	16.006	218.434	0.558	1.261	11.155	13.622	43.090	0.440	2.497	16.074	干层	长4+5!2^(2_2)
地93-80	2283.250	57.420	73.408	4.983	95.017	16.179	211.311	0.403	0.925	10.492	12.698	44.965	0.435	2.511	16.343	干层	长4+5!2^(2_2)
地93-80	2283.375	56.804	75.340	4.615	95.385	16.595	208.028	0.352	0.729	10.214	12.049	45.931	0.426	2.523	16.836	干层	长4+5!2^(2_2)
地93-80	2283.500	57.096	77.364	5.029	94.971	17.207	209.573	0.375	0.678	10.345	11.856	45.570	0.414	2.532	17.473	干层	长4+5!2^(2_2)
地93-80	2283.625	61.017	79.411	7.111	92.889	17.880	214.959	0.404	0.675	10.498	11.841	44.841	0.404	2.540	18.058	干层	长4+5!2^(2_2)
地93-80	2283.750	72.056	81.425	12.015	87.985	18.331	221.824	0.000	0.613	0.000	11.574	45.157	0.000	2.550	18.364	干层	长4+5!2^(2_2)
地93-80	2283.875	91.076	83.356	28.774	71.226	18.415	227.480	0.000	0.327	0.000	6.838	67.269	0.000	2.563	18.364		长4+5!2^(2_2)
地93-80	2284.000	110.728	85.142	52.529	47.471	18.285	231.085	0.000	0.010	0.000	0.100	99.900	0.000	2.580	18.120		长4+5!2^(2_2)
地93-80	2284.125	121.322	86.764	60.879	39.121	17.866	233.110	0.000	0.010	0.000	0.100	99.900	0.000	2.600	17.599		长4+5!2^(2_2)
地93-80	2284.250	124.131	88.211	63.196	36.804	17.189	234.318	0.000	0.010	0.000	0.100	99.900	0.000	2.619	16.856		长4+5!2^(2_2)
地93-80	2284.375	124.736	89.480	64.210	35.790	16.345	234.484	0.000	0.010	0.000	0.100	99.900	0.000	2.636	16.060		长4+5!2^(2_2)
地93-80	2284.500	125.906	90.559	64.331	35.669	15.623	233.109	0.000	0.010	0.000	0.100	99.900	0.000	2.648	15.473		长4+5!2^(2_2)
地93-80	2284.625	124.355	91.485	61.098	38.902	15.242	230.583	0.000	0.010	0.000	0.100	99.900	0.000	2.654	15.070		长4+5!2^(2_2)
地93-80	2284.750	119.899	92.280	55.686	44.314	14.805	228.384	0.000	0.010	0.000	0.100	99.900	0.000	2.654	14.670		长4+5!2^(2_2)
地93-80	2284.875	114.846	92.963	51.209	48.791	14.464	227.620	0.000	0.010	0.000	0.100	99.900	0.000	2.649	14.371		长4+5!2^(2_2)
地93-80	2285.000	112.295	93.534	50.393	49.607	14.229	227.618	0.000	0.010	0.000	0.100	99.900	0.000	2.642	14.167		长4+5!2^(2_2)
地93-80	2285.125	114.269	94.012	53.922	46.078	14.071	227.979	0.000	0.010	0.000	0.100	99.900	0.000	2.635	14.046		长4+5!2^(2_2)
地93-80	2285.250	119.454	94.408	59.705	40.295	14.007	229.068	0.000	0.010	0.000	0.100	99.900	0.000	2.630	13.943		长4+5!2^(2_2)
地93-80	2285.375	124.413	94.724	64.416	35.584	13.845	231.077	0.000	0.010	0.000	0.100	99.900	0.000	2.626	13.805		长4+5!2^(2_2)
地93-80	2285.500	126.808	94.949	66.678	33.322	13.745	233.430	0.000	0.010	0.000	0.100	99.900	0.000	2.625	13.696		长4+5!2^(2_2)
地93-80	2285.625	127.753	95.091	67.304	32.696	13.621	236.102	0.000	0.010	0.000	0.100	99.900	0.000	2.626	13.540		长4+5!2^(2_2)
地93-80	2285.750	127.561	95.154	65.473	34.527	13.415	238.960	0.000	0.010	0.000	0.100	99.900	0.000	2.629	13.371		长4+5!2^(2_2)
地93-80	2285.875	124.117	95.145	59.978	40.022	13.304	240.070	0.000	0.010	0.000	0.100	99.900	0.000	2.633	13.214		长4+5!2^(2_2)
地93-80	2286.000	117.789	95.073	53.186	46.814	13.077	237.731	0.000	0.010	0.000	0.100	99.900	0.000	2.637	13.009		长4+5!2^(2_2)
地93-80	2286.125	112.338	94.961	48.159	51.841	12.906	232.483	0.000	0.010	0.000	0.100	99.900	0.000	2.639	12.906		长4+5!2^(2_2)
地93-80	2286.250	108.729	94.834	44.814	55.186	12.908	226.359	0.000	0.010	0.000	0.100	99.900	0.000	2.638	12.955		长4+5!2^(2_2)
地93-80	2286.375	105.856	94.711	41.291	58.709	13.027	220.882	0.000	0.010	0.000	0.100	99.900	0.000	2.632	13.097		长4+5!2^(2_2)
地93-80	2286.500	100.925	94.620	37.161	62.839	13.205	216.436	0.000	0.010	0.000	0.100	99.900	0.000	2.621	13.309		长4+5!2^(2_2)
地93-80	2286.625	97.080	94.574	34.970	65.030	13.469	213.760	0.000	0.010	0.000	0.100	99.900	0.000	2.610	13.637		长4+5!2^(2_2)
地93-80	2286.750	96.685	94.584	35.726	64.274	13.895	214.136	0.000	0.010	0.000	0.100	99.900	0.000	2.601	14.068		长4+5!2^(2_2)
地93-80	2286.875	99.476	94.649	39.325	60.675	14.334	218.265	0.000	0.010	0.000	0.100	99.900	0.000	2.597	14.385		长4+5!2^(2_2)
地93-80	2287.000	105.308	94.765	45.984	54.016	14.463	225.050	0.000	0.010	0.000	0.100	99.900	0.000	2.597	14.448		长4+5!2^(2_2)
地93-80	2287.125	113.847	94.906	56.066	43.934	14.424	233.857	0.000	0.010	0.000	0.100	99.900	0.000	2.600	14.341		长4+5!2^(2_2)
地93-80	2287.250	124.639	95.044	67.660	32.340	14.214	244.442	0.000	0.010	0.000	0.100	99.900	0.000	2.602	14.070		长4+5!2^(2_2)
地93-80	2287.375	132.794	95.148	75.067	24.933	13.848	255.277	0.000	0.010	0.000	0.100	99.900	0.000	2.602	13.654		长4+5!2^(2_3)
地93-80	2287.500	134.754	95.179	76.306	23.694	13.358	263.497	0.000	0.010	0.000	0.100	99.900	0.000	2.600	13.236		长4+5!2^(2_3)
地93-80	2287.625	134.045	95.115	75.299	24.701	13.049	267.652	0.000	0.010	0.000	0.100	99.900	0.000	2.597	12.898		长4+5!2^(2_3)
地93-80	2287.750	133.278	94.942	74.879	25.121	12.666	268.867	0.000	0.010	0.000	0.100	99.900	0.000	2.596	12.546		长4+5!2^(2_3)
地93-80	2287.875	133.677	94.651	75.099	24.901	12.361	268.814	0.000	0.010	0.000	0.100	99.900	0.000	2.598	12.277		长4+5!2^(2_3)
地93-80	2288.000	133.473	94.230	74.311	25.689	12.147	266.914	0.000	0.010	0.000	0.100	99.900	0.000	2.604	12.073		长4+5!2^(2_3)
地93-80	2288.125	132.314	93.706	71.512	28.488	11.959	261.245	0.000	0.010	0.000	0.100	99.900	0.000	2.611	11.916		长4+5!2^(2_3)
地93-80	2288.250	128.752	93.107	64.227	35.773	11.851	251.435	0.000	0.010	0.000	0.100	99.900	0.000	2.616	11.837		长4+5!2^(2_3)
地93-80	2288.375	119.455	92.460	51.112	48.888	11.816	240.197	0.000	0.010	0.000	0.100	99.900	0.000	2.619	11.871		长4+5!2^(2_3)
地93-80	2288.500	104.133	91.788	36.661	63.339	11.956	230.815	0.000	0.010	0.000	0.100	99.900	0.000	2.617	12.086		长4+5!2^(2_3)
地93-80	2288.625	90.032	91.116	27.543	72.457	12.284	224.928	0.000	0.010	0.000	0.100	99.900	0.000	2.613	12.362		长4+5!2^(2_3)
地93-80	2288.750	84.223	90.463	25.850	74.150	12.481	223.146	0.000	0.010	0.000	0.100	99.900	0.000	2.608	12.616		长4+5!2^(2_3)
地93-80	2288.875	87.550	89.838	29.453	70.547	12.823	225.800	0.000	0.010	0.000	0.100	99.900	0.000	2.604	12.943		长4+5!2^(2_3)
地93-80	2289.000	94.204	89.254	34.255	65.745	13.127	230.615	0.000	0.010	0.000	0.100	99.900	0.000	2.603	13.206		长4+5!2^(2_3)
地93-80	2289.125	98.899	88.705	37.811	62.189	13.326	234.669	0.000	0.010	0.000	0.100	99.900	0.000	2.602	13.391		长4+5!2^(2_3)
地93-80	2289.250	102.052	88.186	40.769	59.231	13.490	236.049	0.000	0.010	0.000	0.100	99.900	0.000	2.600	13.513		长4+5!2^(2_3)
地93-80	2289.375	105.401	87.694	42.348	57.652	13.548	234.305	0.000	0.010	0.000	0.100	99.900	0.000	2.593	13.574		长4+5!2^(2_3)
地93-80	2289.500	104.544	87.240	38.996	61.004	13.614	230.781	0.000	0.010	0.000	0.100	99.900	0.000	2.584	13.637		长4+5!2^(2_3)
地93-80	2289.625	96.504	86.833	31.409	68.591	13.673	226.775	0.000	0.010	0.000	0.100	99.900	0.000	2.573	13.683		长4+5!2^(2_3)
地93-80	2289.750	86.415	86.487	24.997	75.003	13.699	224.066	0.000	0.010	0.000	0.100	99.900	0.000	2.565	13.714		长4+5!2^(2_3)
地93-80	2289.875	81.206	86.216	23.725	76.275	13.737	225.161	0.000	0.010	0.000	0.100	99.900	0.000	2.561	13.736		长4+5!2^(2_3)
地93-80	2290.000	84.818	86.048	27.974	72.026	13.736	229.307	0.000	0.010	0.000	0.100	99.900	0.000	2.565	13.705		长4+5!2^(2_3)
地93-80	2290.125	93.484	85.990	34.326	65.674	13.658	233.458	0.000	0.010	0.000	0.100	99.900	0.000	2.574	13.620		长4+5!2^(2_3)
地93-80	2290.250	100.129	86.050	38.156	61.844	13.562	234.568	0.000	0.010	0.000	0.100	99.900	0.000	2.586	13.517		长4+5!2^(2_3)
地93-80	2290.375	101.172	86.230	38.529	61.471	13.449	232.058	0.000	0.010	0.000	0.100	99.900	0.000	2.596	13.451		长4+5!2^(2_3)
地93-80	2290.500	100.621	86.537	39.703	60.297	13.454	229.029	0.000	0.010	0.000	0.100	99.900	0.000	2.603	13.508		长4+5!2^(2_3)
地93-80	2290.625	104.663	86.938	44.836	55.164	13.590	228.489	0.000	0.010	0.000	0.100	99.900	0.000	2.604	13.738		长4+5!2^(2_3)
地93-80	2290.750	111.979	87.406	51.827	48.173	13.965	231.529	0.000	0.010	0.000	0.100	99.900	0.000	2.601	14.142		长4+5!2^(2_3)
地93-80	2290.875	118.044	87.915	57.761	42.239	14.412	236.498	0.000	0.010	0.000	0.100	99.900	0.000	2.596	14.560		长4+5!2^(2_3)
地93-80	2291.000	122.352	88.438	62.390	37.610	14.785	240.173	0.000	0.010	0.000	0.100	99.900	0.000	2.592	14.815		长4+5!2^(2_3)
地93-80	2291.125	125.738	88.945	65.136	34.864	14.860	240.726	0.000	0.010	0.000	0.100	99.900	0.000	2.588	14.957		长4+5!2^(2_3)
地93-80	2291.250	126.272	89.410	64.412	35.588	15.106	238.338	0.000	0.010	0.000	0.100	99.900	0.000	2.586	15.191		长4+5!2^(2_3)
地93-80	2291.375	123.949	89.815	61.111	38.889	15.321	234.418	0.000	0.010	0.000	0.100	99.900	0.000	2.585	15.483		长4+5!2^(2_3)
地93-80	2291.500	120.580	90.137	57.577	42.423	15.730	231.104	0.000	0.010	0.000	0.100	99.900	0.000	2.585	15.924		长4+5!2^(2_3)
地93-80	2291.625	118.102	90.376	54.948	45.052	16.221	229.650	0.000	0.010	0.000	0.100	99.900	0.000	2.587	16.345		长4+5!2^(2_3)
地93-80	2291.750	116.009	90.530	52.653	47.347	16.536	230.131	0.000	0.010	0.000	0.100	99.900	0.000	2.592	16.688		长4+5!2^(2_3)
地93-80	2291.875	113.925	90.597	50.472	49.528	16.922	231.094	0.000	0.010	0.000	0.100	99.900	0.000	2.599	17.106		长4+5!2^(2_3)
地93-80	2292.000	111.956	90.570	47.766	52.234	17.388	230.287	0.000	0.010	0.000	0.100	99.900	0.000	2.607	17.544		长4+5!2^(2_3)
地93-80	2292.125	108.341	90.466	43.505	56.495	17.784	226.654	0.000	0.010	0.000	0.100	99.900	0.000	2.614	17.959		长4+5!2^(2_3)
地93-80	2292.250	102.975	90.294	31.954	68.046	18.227	221.186	0.065	0.145	6.782	4.090	89.917	0.401	2.619	18.448		长4+5!2^(2_3)
地93-80	2292.375	98.709	90.062	18.900	81.100	18.787	217.081	0.066	0.217	6.798	10.020	74.520	0.388	2.619	19.286	差油层	长4+5!2^(2_3)
地93-80	2292.500	98.830	89.769	18.961	81.039	20.052	216.512	0.063	0.010	6.726	9.689	73.670	0.369	2.613	20.603	差油层	长4+5!2^(2_3)
地93-80	2292.625	100.292	89.431	19.444	80.556	21.449	219.034	0.067	0.135	6.837	9.798	71.117	0.352	2.604	22.001	差油层	长4+5!2^(2_3)
地93-80	2292.750	100.197	89.064	19.138	80.862	22.850	222.004	0.078	0.369	7.156	10.307	67.580	0.338	2.591	23.145	差油层	长4+5!2^(2_3)
地93-80	2292.875	96.659	88.680	17.474	82.526	23.597	222.185	0.095	0.463	7.543	10.867	64.639	0.330	2.577	23.853	差油层	长4+5!2^(2_3)
地93-80	2293.000	90.652	88.289	15.179	84.821	24.245	219.672	0.113	0.510	7.906	11.114	62.910	0.323	2.565	24.564	差油层	长4+5!2^(2_3)
地93-80	2293.125	85.583	87.898	13.597	86.403	25.054	217.050	0.128	0.495	8.160	11.035	61.988	0.313	2.554	25.590	差油层	长4+5!2^(2_3)
地93-80	2293.250	84.025	87.510	13.379	86.621	26.412	217.262	0.140	0.470	8.345	10.909	60.836	0.300	2.545	27.030	差油层	长4+5!2^(2_3)
地93-80	2293.375	85.539	87.131	14.087	85.913	27.978	221.536	0.162	0.517	8.632	11.132	58.674	0.289	2.537	28.436	差油层	长4+5!2^(2_3)
地93-80	2293.500	86.768	86.768	14.779	85.221	29.139	227.078	0.202	0.663	9.082	11.774	55.602	0.280	2.531	29.570	差油层	长4+5!2^(2_3)
地93-80	2293.625	86.588	86.422	15.008	84.992	30.231	231.074	0.250	0.842	9.517	12.444	52.896	0.274	2.527	30.384	差油层	长4+5!2^(2_3)
地93-80	2293.750	85.582	86.092	15.364	84.636	30.619	232.759	0.287	0.938	9.797	12.763	51.671	0.272	2.525	30.760	差油层	长4+5!2^(2_3)
地93-80	2293.875	87.969	85.777	17.277	82.723	30.977	233.356	0.262	0.863	9.611	12.513	51.959	0.269	2.525	31.267	差油层	长4+5!2^(2_3)
地93-80	2294.000	96.216	85.480	20.578	79.422	31.713	234.080	0.178	0.710	8.829	11.971	53.036	0.265	2.525	31.842	差油层	长4+5!2^(2_3)
地93-80	2294.125	103.538	85.203	22.267	77.733	32.040	234.409	0.125	0.652	8.101	11.750	53.484	0.264	2.524	32.085	差油层	长4+5!2^(2_3)
地93-80	2294.250	101.852	84.950	19.883	80.117	32.153	232.695	0.124	0.740	8.098	12.082	52.481	0.264	2.519	32.138	差油层	长4+5!2^(2_3)
地93-80	2294.375	90.592	84.726	14.949	85.051	32.114	227.410	0.169	0.860	8.719	12.514	51.185	0.263	2.513	32.221	差油层	长4+5!2^(2_3)
地93-80	2294.500	78.232	84.536	10.859	89.141	32.387	220.232	0.220	0.843	9.257	12.452	51.043	0.260	2.506	32.627	差油层	长4+5!2^(2_3)
地93-80	2294.625	71.335	84.380	8.906	91.094	32.995	214.432	0.232	0.706	9.370	11.952	52.006	0.257	2.501	33.214	差油层	长4+5!2^(2_3)
地93-80	2294.750	70.086	84.258	8.842	91.158	33.551	213.005	0.230	0.585	9.351	11.459	52.950	0.253	2.500	33.853	差油层	长4+5!2^(2_3)
地93-80	2294.875	73.482	84.173	10.943	89.057	34.316	217.455	0.243	0.535	9.462	11.233	53.158	0.250	2.500	34.459	差油层	长4+5!2^(2_3)
地93-80	2295.000	83.872	84.134	15.417	84.583	34.678	225.028	0.211	0.530	9.170	11.211	53.272	0.250	2.498	34.395	差油层	长4+5!2^(2_3)
地93-80	2295.125	96.479	84.143	19.829	80.171	33.960	232.215	0.160	0.586	8.607	11.456	53.213	0.256	2.490	33.526	差油层	长4+5!2^(2_3)
地93-80	2295.250	101.340	84.205	20.226	79.774	32.860	236.860	0.158	0.797	8.585	12.251	51.810	0.262	2.476	32.401	差油层	长4+5!2^(2_3)
地93-80	2295.375	92.733	84.332	16.069	83.931	31.697	239.223	0.277	1.249	9.727	13.556	49.249	0.269	2.458	31.162	差油层	长4+5!2^(2_3)
地93-80	2295.500	77.349	84.546	11.424	88.576	30.341	241.188	0.672	1.852	11.532	14.865	46.849	0.276	2.442	30.016	差油层	长4+5!2^(2_3)
地93-80	2295.625	66.861	84.853	8.995	91.005	29.518	242.833	1.249	2.360	12.794	15.733	45.163	0.278	2.435	29.548	差油层	长4+5!2^(2_3)
地93-80	2295.750	62.505	85.257	8.151	91.849	29.594	242.414	1.528	2.567	13.204	16.044	44.471	0.278	2.441	29.526	差油层	长4+5!2^(2_3)
地93-80	2295.875	61.626	85.763	8.084	91.916	29.421	238.176	1.286	2.334	12.854	15.682	45.525	0.280	2.461	29.250	差油层	长4+5!2^(2_3)
地93-80	2296.000	63.899	86.377	8.669	91.331	28.988	231.854	0.829	1.759	11.959	14.681	48.415	0.285	2.490	28.682	差油层	长4+5!2^(2_3)
地93-80	2296.125	68.824	87.080	10.090	89.910	28.211	226.585	0.000	1.192	0.000	13.432	52.296	0.000	2.524	27.981	差油层	长4+5!2^(2_3)
地93-80	2296.250	76.549	87.847	17.716	82.284	27.627	225.132	0.000	0.555	0.000	7.714	72.541	0.000	2.554	27.455		长4+5!2^(2_3)
地93-80	2296.375	87.737	88.656	32.146	67.854	27.191	228.973	0.000	0.010	0.000	0.100	99.900	0.000	2.578	26.936		长4+5!2^(2_3)
地93-80	2296.500	101.773	89.477	44.145	55.855	26.545	235.751	0.000	0.010	0.000	0.100	99.900	0.000	2.594	26.032		长4+5!2^(2_3)
地93-80	2296.625	114.236	90.280	55.329	44.671	25.246	242.264	0.000	0.010	0.000	0.100	99.900	0.000	2.603	24.530		长4+5!2^(2_3)
地93-80	2296.750	122.559	91.044	62.965	37.035	23.431	246.126	0.000	0.010	0.000	0.100	99.900	0.000	2.609	22.766		长4+5!2^(2_3)
地93-80	2296.875	126.606	91.756	64.751	35.249	21.747	245.748	0.000	0.010	0.000	0.100	99.900	0.000	2.612	21.299		长4+5!2^(2_3)
地93-80	2297.000	124.130	92.402	58.330	41.670	20.612	241.303	0.000	0.010	0.000	0.100	99.900	0.000	2.615	20.216		长4+5!2^(2_3)
地93-80	2297.125	113.943	92.992	45.822	54.178	19.608	233.667	0.000	0.010	0.000	0.100	99.900	0.000	2.618	19.251		长4+5!2^(2_3)
地93-80	2297.250	99.699	93.534	34.817	65.183	18.703	225.645	0.000	0.010	0.000	0.100	99.900	0.000	2.621	18.511		
地93-80	2297.375	91.991	94.041	32.930	67.070	18.217	222.371	0.000	0.010	0.000	0.100	99.900	0.000	2.625	18.214		
地93-80	2297.500	98.247	94.527	39.527	60.473	18.210	224.907	0.000	0.010	0.000	0.100	99.900	0.000	2.628	18.159		
地93-80	2297.625	107.551	95.008	46.108	53.892	18.079	229.933	0.000	0.010	0.000	0.100	99.900	0.000	2.628	18.030		
地93-80	2297.750	110.952	95.495	47.613	52.387	17.954	233.304	0.000	0.010	0.000	0.100	99.900	0.000	2.626	17.736		
地93-80	2190.125--2297.750(平均)	111.616	85.964	41.305	58.695	15.082	240.812	0.096	0.299	2.576	3.646	85.323	0.114	2.561	15.084		
地93-80	2190.125--2297.750(最大)	224.301	99.259	99.900	97.526	34.678	332.318	1.678	4.318	13.394	18.056	99.900	0.611	2.677	34.459		
地93-80	2190.125--2297.750(最小)	54.468	61.309	2.474	0.100	7.844	189.496	0.000	0.010	-0.244	0.100	29.716	0.000	2.289	7.858		
