井名	深度	GR	SP	SH	SS	RILD	RILM	AC	PERM2024	PERM	POR2024	POR	SW	SW2024	DEN	RT	解释结论	层位
地93-91	2397.500	124.702	83.552	51.141	48.859	9.432	9.296	236.875	0.000	0.010	0.000	0.100	99.900	0.000	2.618	9.550		
地93-91	2397.625	122.392	83.521	49.452	50.548	9.728	9.610	235.562	0.000	0.010	0.000	0.100	99.900	0.000	2.624	9.858		
地93-91	2397.750	121.866	83.297	48.999	51.001	10.052	9.967	234.257	0.000	0.010	0.000	0.100	99.900	0.000	2.623	10.200		
地93-91	2397.875	121.568	82.870	48.417	51.583	10.421	10.400	233.130	0.000	0.010	0.000	0.100	99.900	0.000	2.620	10.593		
地93-91	2398.000	120.607	82.260	46.667	53.333	10.850	10.938	232.396	0.000	0.010	0.000	0.100	99.900	0.000	2.619	11.053		
地93-91	2398.125	117.730	81.479	42.957	57.043	11.357	11.612	232.057	0.000	0.010	0.000	0.100	99.900	0.000	2.618	11.585		
地93-91	2398.250	112.560	80.542	37.392	62.608	11.927	12.373	231.473	0.000	0.010	0.000	0.100	99.900	0.000	2.612	12.171		
地93-91	2398.375	105.188	79.456	30.953	69.047	12.536	13.148	229.803	0.000	0.010	0.000	0.100	99.900	0.000	2.600	12.781		
地93-91	2398.500	97.280	78.250	25.097	74.903	13.148	13.846	226.249	0.000	0.010	0.000	0.100	99.900	0.000	2.587	13.369		
地93-91	2398.625	90.242	76.953	20.419	79.581	13.701	14.349	220.058	0.000	0.010	0.000	0.100	99.900	0.000	2.577	13.881		
地93-91	2398.750	84.298	75.620	17.155	82.845	14.150	14.621	212.194	0.000	0.010	0.000	0.100	99.900	0.000	2.579	14.269		
地93-91	2398.875	80.872	74.271	15.703	84.297	14.447	14.639	204.266	0.000	0.010	0.000	0.100	99.900	0.000	2.595	14.492		
地93-91	2399.000	80.264	72.927	15.813	84.187	14.559	14.402	198.488	0.000	0.010	0.000	0.100	99.900	0.000	2.620	14.505		
地93-91	2399.125	81.611	71.607	16.859	83.141	14.425	13.890	197.679	0.000	0.010	0.000	0.100	99.900	0.000	2.646	14.287		
地93-91	2399.250	83.758	70.333	14.761	85.239	14.081	13.185	201.506	0.064	0.396	6.731	4.175	85.082	0.497	2.658	13.870		
地93-91	2399.375	87.745	69.146	11.297	88.703	13.555	12.368	207.932	0.072	1.034	6.986	10.421	62.988	0.512	2.647	13.289	水层	
地93-91	2399.500	93.196	68.083	13.543	86.457	12.892	11.523	213.927	0.074	1.088	7.043	10.614	63.905	0.533	2.617	12.594	水层	
地93-91	2399.625	98.829	67.182	15.519	84.481	12.148	10.743	216.949	0.065	0.976	6.772	10.511	66.111	0.559	2.579	11.849	水层	
地93-91	2399.750	102.806	66.427	16.826	83.174	11.400	10.074	217.911	0.056	0.858	6.459	10.381	68.539	0.586	2.547	11.121	水层	
地93-91	2399.875	104.902	65.828	17.422	82.578	10.701	9.528	218.821	0.052	0.860	6.335	10.490	70.061	0.614	2.534	10.457	水层	
地93-91	2400.000	104.672	65.375	17.449	82.551	10.091	9.101	221.306	0.060	1.043	6.618	10.947	70.091	0.639	2.536	9.902	水层	
地93-91	2400.125	103.373	65.096	17.220	82.780	9.618	8.805	225.348	0.079	1.372	7.174	11.579	69.162	0.659	2.543	9.482	水层	
地93-91	2400.250	101.566	64.943	16.845	83.155	9.278	8.613	229.138	0.105	1.719	7.757	12.125	68.202	0.673	2.544	9.193	水层	
地93-91	2400.375	100.023	64.883	16.399	83.601	9.065	8.512	231.371	0.128	1.939	8.150	12.429	67.725	0.682	2.537	9.025	水层	
地93-91	2400.500	98.609	64.885	15.889	84.111	8.964	8.493	231.612	0.139	1.976	8.323	12.484	67.751	0.685	2.528	8.962	水层	
地93-91	2400.625	97.580	64.930	15.521	84.479	8.960	8.548	230.420	0.138	1.873	8.305	12.362	68.110	0.684	2.523	8.980	水层	
地93-91	2400.750	97.461	65.000	15.590	84.410	9.010	8.640	228.855	0.128	1.696	8.155	12.131	68.703	0.681	2.529	9.040	水层	
地93-91	2400.875	98.949	65.078	16.255	83.745	9.084	8.746	227.560	0.111	1.491	7.865	11.839	69.468	0.678	2.545	9.115	水层	
地93-91	2401.000	101.698	65.135	17.175	82.825	9.160	8.838	226.914	0.093	1.332	7.512	11.593	70.118	0.675	2.563	9.181	水层	
地93-91	2401.125	103.754	65.122	17.817	82.183	9.213	8.883	226.874	0.084	1.256	7.294	11.465	70.447	0.673	2.577	9.220	水层	
地93-91	2401.250	104.734	65.026	17.971	82.029	9.230	8.877	226.926	0.080	1.239	7.197	11.436	70.551	0.673	2.583	9.221	水层	
地93-91	2401.375	104.223	64.844	17.603	82.397	9.206	8.822	226.857	0.082	1.272	7.243	11.498	70.476	0.675	2.583	9.176	水层	
地93-91	2401.500	102.723	64.583	16.939	83.061	9.132	8.721	226.800	0.088	1.355	7.393	11.648	70.274	0.680	2.579	9.080	水层	
地93-91	2401.625	100.684	64.263	16.211	83.789	9.000	8.577	227.174	0.100	1.490	7.644	11.879	69.976	0.688	2.574	8.930	水层	
地93-91	2401.750	98.701	63.896	15.478	84.522	8.824	8.403	228.016	0.115	1.668	7.938	12.162	69.658	0.699	2.568	8.739	水层	
地93-91	2401.875	96.302	63.482	14.668	85.332	8.612	8.206	228.950	0.136	1.853	8.285	12.443	69.484	0.712	2.558	8.518	水层	
地93-91	2402.000	93.982	63.010	13.809	86.191	8.377	7.994	229.386	0.157	1.970	8.572	12.639	69.716	0.727	2.548	8.277	水层	
地93-91	2402.125	91.445	62.466	13.119	86.881	8.126	7.774	228.859	0.174	1.961	8.781	12.691	70.518	0.744	2.538	8.025	水层	
地93-91	2402.250	90.744	61.880	13.332	86.668	7.872	7.549	227.940	0.172	1.778	8.758	12.530	72.119	0.762	2.530	7.772	水层	
地93-91	2402.375	93.748	61.294	14.670	85.330	7.620	7.322	227.411	0.144	1.500	8.391	12.220	74.307	0.781	2.523	7.523	水层	
地93-91	2402.500	98.634	60.729	16.685	83.315	7.376	7.096	227.901	0.115	1.279	7.933	11.940	76.421	0.801	2.514	7.284	水层	
地93-91	2402.625	104.134	60.169	18.950	81.050	7.147	6.880	229.520	0.094	1.142	7.530	11.760	78.173	0.821	2.503	7.061	水层	
地93-91	2402.750	109.023	59.599	20.709	79.291	6.932	6.677	231.521	0.081	1.093	7.230	11.725	79.341	0.840	2.493	6.852	水层	
地93-91	2402.875	111.008	58.997	21.105	78.895	6.733	6.494	233.458	0.081	1.181	7.225	11.938	79.500	0.858	2.490	6.659	水层	
地93-91	2403.000	109.202	58.385	20.005	79.995	6.550	6.332	235.345	0.098	1.459	7.610	12.438	78.504	0.874	2.490	6.485	水层	
地93-91	2403.125	104.312	57.792	18.216	81.784	6.389	6.196	237.518	0.140	1.915	8.345	13.103	76.838	0.888	2.488	6.333	水层	
地93-91	2403.250	99.577	57.229	16.671	83.329	6.249	6.088	239.773	0.201	2.416	9.072	13.704	75.368	0.901	2.476	6.204	水层	
地93-91	2403.375	95.781	56.706	15.527	84.473	6.136	6.013	241.366	0.264	2.776	9.633	14.087	74.572	0.910	2.458	6.103	水层	
地93-91	2403.500	93.394	56.219	14.778	85.222	6.054	5.978	241.465	0.300	2.819	9.892	14.149	74.719	0.917	2.444	6.037	水层	
地93-91	2403.625	92.300	55.784	14.410	85.590	6.013	5.992	239.685	0.290	2.562	9.820	13.919	75.665	0.920	2.445	6.011	水层	
地93-91	2403.750	92.629	55.401	14.113	85.887	6.009	6.048	237.166	0.251	2.298	9.523	13.627	76.648	0.920	2.464	6.021	水层	
地93-91	2403.875	91.472	55.081	13.368	86.632	6.038	6.142	234.933	0.237	2.314	9.411	13.512	76.835	0.916	2.489	6.061	水层	
地93-91	2404.000	89.029	54.833	12.401	87.599	6.094	6.267	233.569	0.251	2.604	9.523	13.595	76.180	0.908	2.504	6.125	水层	
地93-91	2404.125	86.198	54.672	11.881	88.119	6.172	6.420	233.299	0.286	2.852	9.789	13.718	75.304	0.899	2.502	6.206	水层	
地93-91	2404.250	86.580	54.547	12.616	87.384	6.257	6.586	233.743	0.286	2.618	9.796	13.650	75.095	0.890	2.488	6.290	水层	
地93-91	2404.375	90.991	54.422	14.787	85.213	6.339	6.754	234.772	0.241	2.127	9.444	13.343	75.787	0.882	2.478	6.366	水层	
地93-91	2404.500	98.924	54.271	18.223	81.777	6.407	6.910	236.090	0.172	1.714	8.756	12.821	77.414	0.879	2.480	6.420	水层	
地93-91	2404.625	108.554	54.068	21.858	78.142	6.439	7.026	237.042	0.110	1.321	7.854	12.237	79.528	0.879	2.496	6.436	水层	
地93-91	2404.750	115.297	53.818	24.019	75.981	6.432	7.089	237.160	0.079	1.085	7.165	11.828	81.262	0.883	2.518	6.411	水层	
地93-91	2404.875	117.253	53.497	23.841	76.159	6.380	7.088	236.389	0.068	1.017	6.881	11.714	82.101	0.891	2.539	6.342	水层	
地93-91	2405.000	113.913	53.052	21.796	78.204	6.284	7.019	235.107	0.076	1.083	7.095	11.879	82.080	0.902	2.551	6.229	水层	
地93-91	2405.125	108.415	52.430	19.056	80.944	6.146	6.875	233.874	0.094	1.243	7.538	12.218	81.597	0.918	2.551	6.080	水层	
地93-91	2405.250	101.301	51.682	16.365	83.635	5.982	6.682	232.994	0.130	1.464	8.187	12.640	80.952	0.936	2.542	5.911	水层	
地93-91	2405.375	95.579	50.857	14.145	85.855	5.805	6.456	232.547	0.170	1.874	8.735	13.071	80.376	0.956	2.529	5.734	水层	
地93-91	2405.500	89.323	49.990	12.163	87.837	5.628	6.214	232.569	0.234	2.641	9.388	13.546	79.647	0.976	2.516	5.565	水层	
地93-91	2405.625	84.355	49.115	10.600	89.400	5.470	5.983	233.017	0.309	3.649	9.952	13.990	78.948	0.994	2.500	5.419	水层	
地93-91	2405.750	79.575	48.224	9.194	90.806	5.342	5.786	233.500	0.405	4.982	10.499	14.395	78.211	1.008	2.481	5.308	水层	
地93-91	2405.875	75.203	47.318	7.984	92.016	5.255	5.645	233.620	0.509	6.516	10.967	14.698	77.581	1.017	2.464	5.240	水层	
地93-91	2406.000	71.581	46.417	7.141	92.859	5.218	5.578	233.122	0.597	7.680	11.292	14.823	77.214	1.017	2.455	5.230	水层	
地93-91	2406.125	70.026	45.620	6.847	93.153	5.248	5.611	232.061	0.612	7.802	11.343	14.741	76.752	1.001	2.456	5.347	水层	
地93-91	2406.250	70.355	44.969	6.949	93.051	5.496	5.958	230.895	0.567	7.142	11.187	14.548	75.953	0.969	2.463	5.584	水层	
地93-91	2406.375	71.427	44.466	7.216	92.784	5.716	6.280	229.885	0.510	6.329	10.970	14.341	75.214	0.939	2.469	5.833	水层	
地93-91	2406.500	72.746	44.073	7.340	92.660	6.008	6.727	229.175	0.460	5.901	10.759	14.212	73.920	0.903	2.471	6.147	水层	
地93-91	2406.625	72.251	43.755	7.056	92.944	6.356	7.279	228.665	0.459	6.148	10.758	14.204	72.066	0.865	2.471	6.512	水层	
地93-91	2406.750	70.788	43.484	6.514	93.486	6.747	7.919	227.937	0.477	6.744	10.834	14.215	70.112	0.827	2.471	6.913	水层	
地93-91	2406.875	68.595	43.276	5.835	94.165	7.163	8.621	226.604	0.498	7.409	10.923	14.158	68.465	0.792	2.470	7.327	水层	
地93-91	2407.000	66.529	43.156	5.034	94.966	7.573	9.345	224.295	0.492	8.050	10.898	13.980	67.401	0.761	2.469	7.723	水层	
地93-91	2407.125	63.516	43.109	4.124	95.876	7.948	10.032	220.680	0.477	8.559	10.834	13.666	67.055	0.736	2.470	8.072	水层	
地93-91	2407.250	61.261	43.078	3.290	96.710	8.258	10.636	216.011	0.000	8.547	0.000	13.198	67.557	0.000	2.481	8.348	水层	
地93-91	2407.375	58.827	43.031	2.791	97.209	8.482	11.106	210.534	0.000	5.103	0.000	7.766	80.835	0.000	2.505	8.522		
地93-91	2407.500	56.447	42.969	2.693	97.307	8.581	11.353	204.813	0.000	0.010	0.000	0.100	99.900	0.000	2.538	8.574		
地93-91	2407.625	55.112	42.875	2.500	97.500	8.563	11.373	200.010	0.000	0.010	0.000	0.100	99.900	0.000	2.570	8.511		
地93-91	2407.750	55.441	42.755	2.720	97.280	8.432	11.161	197.250	0.000	0.010	0.000	0.100	99.900	0.000	2.591	8.339		
地93-91	2407.875	56.944	42.589	3.500	96.500	8.199	10.739	197.437	0.000	0.010	0.000	0.100	99.900	0.000	2.596	8.070		
地93-91	2408.000	59.366	42.365	4.604	95.396	7.876	10.136	200.794	0.000	0.010	0.000	0.100	99.900	0.000	2.586	7.727		
地93-91	2408.125	61.593	42.083	4.864	95.136	7.504	9.446	206.817	0.259	2.307	9.590	5.196	89.507	0.793	2.565	7.347		
地93-91	2408.250	64.564	41.760	4.955	95.045	7.111	8.722	213.555	0.314	5.445	9.983	12.990	74.118	0.825	2.539	6.954	水层	
地93-91	2408.375	69.590	41.414	6.650	93.350	6.719	8.013	219.670	0.332	4.634	10.097	13.307	74.856	0.860	2.509	6.573	水层	
地93-91	2408.500	74.942	41.052	8.875	91.125	6.353	7.380	224.339	0.321	3.503	10.027	13.316	76.679	0.897	2.482	6.221	水层	
地93-91	2408.625	83.829	40.672	10.897	89.103	6.023	6.846	227.671	0.242	2.469	9.450	13.086	79.293	0.933	2.463	5.907	水层	
地93-91	2408.750	86.000	40.286	11.092	88.908	5.733	6.421	227.592	0.215	2.340	9.215	13.005	81.246	0.967	2.451	5.634	水层	
地93-91	2408.875	84.400	39.917	10.512	89.488	5.486	6.104	227.137	0.228	2.589	9.335	13.107	82.309	0.997	2.446	5.407	水层	
地93-91	2409.000	82.420	39.594	9.717	90.283	5.289	5.887	227.150	0.253	3.169	9.542	13.377	82.502	1.023	2.443	5.225	水层	
地93-91	2409.125	78.725	39.365	8.899	91.101	5.130	5.730	228.296	0.324	4.094	10.046	13.802	81.905	1.043	2.438	5.079	水层	
地93-91	2409.250	76.707	39.245	8.518	91.482	5.004	5.615	230.175	0.395	4.984	10.451	14.194	81.250	1.060	2.432	4.966	水层	
地93-91	2409.375	75.374	39.242	8.388	91.612	4.910	5.528	232.254	0.471	5.723	10.807	14.522	80.633	1.072	2.425	4.886	水层	
地93-91	2409.500	75.107	39.375	8.367	91.633	4.849	5.467	234.067	0.523	6.314	11.023	14.777	80.062	1.079	2.418	4.838	水层	
地93-91	2409.625	74.345	39.677	8.082	91.918	4.820	5.428	235.550	0.587	7.321	11.257	15.062	79.171	1.081	2.410	4.822	水层	
地93-91	2409.750	72.213	40.156	7.572	92.428	4.826	5.417	236.808	0.698	8.804	11.610	15.365	77.960	1.076	2.406	4.845	水层	
地93-91	2409.875	70.308	40.831	7.161	92.839	4.873	5.446	237.667	0.804	10.078	11.898	15.567	76.788	1.064	2.406	4.915	水层	
地93-91	2410.000	69.166	41.978	7.391	92.609	4.976	5.538	237.850	0.861	9.481	12.036	15.464	76.287	1.044	2.412	5.040	水层	
地93-91	2410.125	73.050	43.979	9.052	90.948	5.135	5.700	236.908	0.673	6.254	11.533	14.836	77.232	1.018	2.425	5.223	水层	
地93-91	2410.250	82.039	46.700	12.194	87.806	5.356	5.947	235.200	0.389	3.114	10.420	13.804	79.330	0.986	2.449	5.470	水层	
地93-91	2410.375	94.112	49.876	16.478	83.522	5.642	6.286	233.329	0.191	1.507	8.969	12.637	81.744	0.949	2.489	5.788	水层	
地93-91	2410.500	106.643	53.411	21.473	78.527	6.007	6.735	232.167	0.095	0.956	7.545	11.607	83.487	0.907	2.540	6.181	水层	
地93-91	2410.625	118.450	57.223	26.165	73.835	6.441	7.273	232.567	0.053	0.730	6.358	10.953	83.599	0.862	2.596	6.641	水层	
地93-91	2410.750	125.534	61.159	29.136	70.864	6.940	7.891	234.325	0.040	0.719	5.804	10.792	81.581	0.816	2.643	7.162	水层	
地93-91	2410.875	128.391	65.131	30.530	69.470	7.495	8.572	236.696	0.000	0.819	0.000	10.913	78.402	0.000	2.671	7.736	水层	
地93-91	2411.000	129.343	69.065	40.652	59.348	8.096	9.292	238.617	0.000	0.542	0.000	6.647	85.806	0.000	2.677	8.344		
地93-91	2411.125	127.438	72.820	53.984	46.016	8.716	10.009	238.871	0.000	0.010	0.000	0.100	99.900	0.000	2.667	8.962		
地93-91	2411.250	124.848	75.984	50.753	49.247	9.331	10.689	237.350	0.000	0.010	0.000	0.100	99.900	0.000	2.649	9.568		
地93-91	2411.375	121.230	78.389	46.706	53.294	9.923	11.304	234.504	0.000	0.010	0.000	0.100	99.900	0.000	2.632	10.141		
地93-91	2411.500	116.850	80.187	42.718	57.282	10.466	11.823	231.150	0.000	0.010	0.000	0.100	99.900	0.000	2.622	10.660		
地93-91	2411.625	113.308	81.469	39.344	60.656	10.949	12.253	228.317	0.000	0.010	0.000	0.100	99.900	0.000	2.619	11.116		
地93-91	2411.750	109.614	82.392	36.194	63.806	11.366	12.594	226.533	0.000	0.010	0.000	0.100	99.900	0.000	2.620	11.505		
地93-91	2411.875	106.376	83.025	33.666	66.334	11.711	12.845	225.800	0.000	0.010	0.000	0.100	99.900	0.000	2.622	11.813		
地93-91	2412.000	103.901	83.420	32.315	67.685	11.965	12.993	225.617	0.000	0.010	0.000	0.100	99.900	0.000	2.627	12.037		
地93-91	2412.125	103.596	83.582	32.316	67.684	12.145	13.056	225.392	0.000	0.010	0.000	0.100	99.900	0.000	2.636	12.189		
地93-91	2412.250	104.053	83.564	32.771	67.229	12.256	13.048	224.875	0.000	0.010	0.000	0.100	99.900	0.000	2.650	12.277		
地93-91	2412.375	104.739	83.370	33.140	66.860	12.308	12.980	224.296	0.000	0.010	0.000	0.100	99.900	0.000	2.662	12.308		
地93-91	2412.500	104.815	82.998	33.127	66.873	12.309	12.864	223.967	0.000	0.010	0.000	0.100	99.900	0.000	2.671	12.299		
地93-91	2412.625	104.662	82.408	32.872	67.128	12.284	12.724	224.104	0.000	0.010	0.000	0.100	99.900	0.000	2.670	12.269		
地93-91	2412.750	104.129	81.624	32.695	67.305	12.246	12.576	224.450	0.000	0.010	0.000	0.100	99.900	0.000	2.659	12.234		
地93-91	2412.875	104.396	80.653	33.173	66.827	12.217	12.439	224.608	0.000	0.010	0.000	0.100	99.900	0.000	2.638	12.227		
地93-91	2413.000	105.424	79.525	33.950	66.050	12.242	12.360	224.433	0.000	0.010	0.000	0.100	99.900	0.000	2.612	12.283		
地93-91	2413.125	106.186	78.293	33.924	66.076	12.345	12.371	223.933	0.000	0.010	0.000	0.100	99.900	0.000	2.587	12.429		
地93-91	2413.250	104.967	77.058	31.500	68.500	12.554	12.518	223.250	0.000	0.010	0.000	0.100	99.900	0.000	2.569	12.685		
地93-91	2413.375	99.406	75.905	26.238	73.762	12.882	12.841	222.129	0.000	0.010	0.000	0.100	99.900	0.000	2.558	13.070		
地93-91	2413.500	90.799	74.921	20.172	79.828	13.350	13.386	220.167	0.000	0.010	0.000	0.100	99.900	0.000	2.550	13.578		
地93-91	2413.625	82.420	74.231	15.037	84.963	13.919	14.091	216.796	0.000	0.010	0.000	0.100	99.900	0.000	2.546	14.172		
地93-91	2413.750	75.031	73.850	10.856	89.144	14.552	14.881	212.154	0.000	0.010	0.000	0.100	99.900	0.000	2.549	14.813		
地93-91	2413.875	68.213	73.820	7.760	92.240	15.204	15.640	206.469	0.000	0.010	0.000	0.100	99.900	0.000	2.559	15.448		
地93-91	2414.000	64.138	74.175	5.886	94.114	15.812	16.217	200.275	0.000	0.010	0.000	0.100	99.900	0.000	2.575	16.018		
地93-91	2414.125	61.015	74.978	5.023	94.977	16.326	16.563	194.867	0.000	0.010	0.000	0.100	99.900	0.000	2.594	16.478		
地93-91	2414.250	61.320	76.126	5.760	94.240	16.706	16.655	191.896	0.000	0.010	0.000	0.100	99.900	0.000	2.616	16.791		
地93-91	2414.375	64.595	77.561	8.759	91.241	16.918	16.500	193.031	0.000	0.010	0.000	0.100	99.900	0.000	2.636	16.912		
地93-91	2414.500	74.041	79.215	15.726	84.274	16.904	16.089	199.025	0.000	0.010	0.000	0.100	99.900	0.000	2.654	16.821		
地93-91	2414.625	89.656	81.010	27.100	72.900	16.697	15.498	209.229	0.000	0.010	0.000	0.100	99.900	0.000	2.663	16.550		
地93-91	2414.750	107.329	82.832	40.962	59.038	16.329	14.795	220.000	0.000	0.010	0.000	0.100	99.900	0.000	2.659	16.135		
地93-91	2414.875	122.144	84.626	54.709	45.291	15.845	14.075	228.733	0.000	0.010	0.000	0.100	99.900	0.000	2.647	15.620		
地93-91	2415.000	133.913	86.364	64.998	35.002	15.284	13.446	234.183	0.000	0.010	0.000	0.100	99.900	0.000	2.639	15.055		
地93-91	2415.125	138.636	87.996	68.606	31.394	14.713	12.946	236.450	0.000	0.010	0.000	0.100	99.900	0.000	2.640	14.497		
地93-91	2415.250	138.788	89.508	68.391	31.609	14.173	12.575	237.650	0.000	0.010	0.000	0.100	99.900	0.000	2.644	13.982		
地93-91	2415.375	138.141	90.883	67.449	32.551	13.695	12.304	238.925	0.000	0.010	0.000	0.100	99.900	0.000	2.651	13.547		
地93-91	2415.500	137.265	92.121	67.422	32.578	13.324	12.111	240.633	0.000	0.010	0.000	0.100	99.900	0.000	2.657	13.213		
地93-91	2415.625	138.522	93.185	68.873	31.127	13.047	11.962	242.508	0.000	0.010	0.000	0.100	99.900	0.000	2.658	12.967		
地93-91	2415.750	139.474	94.090	71.017	28.983	12.848	11.839	244.175	0.000	0.010	0.000	0.100	99.900	0.000	2.650	12.791		
地93-91	2415.875	142.140	94.840	73.869	26.131	12.706	11.729	245.342	0.000	0.010	0.000	0.100	99.900	0.000	2.636	12.668		
地93-91	2416.000	143.511	95.444	75.569	24.431	12.610	11.620	245.717	0.000	0.010	0.000	0.100	99.900	0.000	2.624	12.577		
地93-91	2416.125	144.577	95.881	77.558	22.442	12.528	11.505	244.687	0.000	0.010	0.000	0.100	99.900	0.000	2.619	12.494		
地93-91	2416.250	146.558	96.169	80.762	19.238	12.444	11.385	242.458	0.000	0.010	0.000	0.100	99.900	0.000	2.619	12.406		
地93-91	2416.375	149.224	96.314	87.421	12.579	12.348	11.265	240.167	0.000	0.010	0.000	0.100	99.900	0.000	2.620	12.303		
地93-91	2416.500	156.308	96.338	96.325	3.675	12.235	11.151	239.867	0.000	0.010	0.000	0.100	99.900	0.000	2.617	12.186		
地93-91	2416.625	163.697	96.257	99.900	0.100	12.112	11.049	244.296	0.000	0.010	0.000	0.100	99.900	0.000	2.610	12.062		
地93-91	2416.750	168.801	96.118	99.900	0.100	11.987	10.966	251.158	0.000	0.010	0.000	0.100	99.900	0.000	2.594	11.940		
地93-91	2416.875	167.963	95.954	99.305	0.695	11.870	10.912	256.608	0.000	0.010	0.000	0.100	99.900	0.000	2.570	11.829		
地93-91	2417.000	159.050	95.789	88.309	11.691	11.768	10.906	256.783	0.000	0.010	0.000	0.100	99.900	0.000	2.541	11.738		
地93-91	2417.125	142.178	95.621	65.711	34.289	11.691	10.944	250.450	0.000	0.010	0.000	0.100	99.900	0.000	2.517	11.672		
地93-91	2417.250	126.905	95.429	50.046	49.954	11.643	11.020	242.700	0.000	0.010	0.000	0.100	99.900	0.000	2.506	11.633		
地93-91	2417.375	116.089	95.187	42.518	57.482	11.620	11.116	237.887	0.000	0.010	0.000	0.100	99.900	0.000	2.513	11.622		
地93-91	2417.500	113.956	94.875	43.040	56.960	11.626	11.210	237.817	0.000	0.010	0.000	0.100	99.900	0.000	2.531	11.638		
地93-91	2417.625	118.450	94.452	47.235	52.765	11.655	11.291	240.750	0.000	0.010	0.000	0.100	99.900	0.000	2.553	11.677		
地93-91	2417.750	122.335	93.914	51.227	48.773	11.709	11.359	243.475	0.000	0.010	0.000	0.100	99.900	0.000	2.571	11.739		
地93-91	2417.875	126.105	93.256	53.933	46.067	11.784	11.421	245.100	0.000	0.010	0.000	0.100	99.900	0.000	2.581	11.821		
地93-91	2418.000	126.753	92.486	54.665	45.335	11.875	11.484	246.200	0.000	0.010	0.000	0.100	99.900	0.000	2.584	11.910		
地93-91	2418.125	127.438	91.625	53.918	46.082	11.962	11.548	246.683	0.000	0.010	0.000	0.100	99.900	0.000	2.581	11.993		
地93-91	2418.250	124.696	90.733	50.623	49.377	12.038	11.611	245.458	0.000	0.010	0.000	0.100	99.900	0.000	2.573	12.066		
地93-91	2418.375	121.154	89.867	46.421	53.579	12.106	11.670	241.608	0.000	0.010	0.000	0.100	99.900	0.000	2.564	12.127		
地93-91	2418.500	116.241	89.091	42.866	57.134	12.159	11.725	235.767	0.000	0.010	0.000	0.100	99.900	0.000	2.562	12.173		
地93-91	2418.625	114.641	88.492	41.716	58.284	12.194	11.765	230.542	0.000	0.010	0.000	0.100	99.900	0.000	2.573	12.186		
地93-91	2418.750	114.032	88.086	42.721	57.279	12.173	11.748	228.150	0.000	0.010	0.000	0.100	99.900	0.000	2.594	12.141		
地93-91	2418.875	117.536	87.896	45.626	54.374	12.092	11.647	228.433	0.000	0.010	0.000	0.100	99.900	0.000	2.621	12.044		
地93-91	2419.000	119.745	87.930	46.870	53.130	11.973	11.485	229.667	0.000	0.010	0.000	0.100	99.900	0.000	2.645	11.912		
地93-91	2419.125	119.554	88.217	45.503	54.497	11.822	11.268	229.737	0.000	0.010	0.000	0.100	99.900	0.000	2.664	11.750		
地93-91	2419.250	116.393	88.693	42.940	57.060	11.643	11.006	228.617	0.000	0.010	0.000	0.100	99.900	0.000	2.672	11.566		
地93-91	2419.375	114.603	89.324	42.421	57.579	11.450	10.721	227.446	0.000	0.010	0.000	0.100	99.900	0.000	2.670	11.372		
地93-91	2419.500	115.936	90.071	45.472	54.528	11.254	10.447	227.617	0.000	0.010	0.000	0.100	99.900	0.000	2.658	11.178		
地93-91	2419.625	121.649	90.899	52.424	47.576	11.063	10.210	230.700	0.000	0.010	0.000	0.100	99.900	0.000	2.640	10.993		
地93-91	2419.750	129.724	91.748	62.373	37.627	10.887	10.034	235.992	0.000	0.010	0.000	0.100	99.900	0.000	2.615	10.824		
地93-91	2419.875	139.283	92.591	73.745	26.255	10.730	9.931	242.321	0.000	0.010	0.000	0.100	99.900	0.000	2.585	10.670		
地93-91	2420.000	147.320	93.412	83.799	16.201	10.581	9.868	247.917	0.000	0.010	0.000	0.100	99.900	0.000	2.554	10.522		
地93-91	2420.125	153.185	94.185	91.981	8.019	10.434	9.815	250.425	0.000	0.010	0.000	0.100	99.900	0.000	2.529	10.373		
地93-91	2420.250	157.832	94.898	97.591	2.409	10.281	9.741	250.042	0.000	0.010	0.000	0.100	99.900	0.000	2.523	10.215		
地93-91	2420.375	159.622	95.536	97.291	2.709	10.115	9.613	247.658	0.000	0.010	0.000	0.100	99.900	0.000	2.540	10.044		
地93-91	2420.500	156.460	96.091	91.907	8.093	9.939	9.432	244.617	0.000	0.010	0.000	0.100	99.900	0.000	2.568	9.868		
地93-91	2420.625	152.842	96.542	85.924	14.076	9.763	9.214	242.308	0.000	0.010	0.000	0.100	99.900	0.000	2.596	9.696		
地93-91	2420.750	148.538	96.904	81.166	18.834	9.596	8.983	241.800	0.000	0.010	0.000	0.100	99.900	0.000	2.615	9.540		
地93-91	2420.875	146.977	97.178	79.927	20.073	9.456	8.788	244.029	0.000	0.010	0.000	0.100	99.900	0.000	2.623	9.413		
地93-91	2421.000	147.167	97.362	82.231	17.769	9.350	8.670	249.600	0.000	0.010	0.000	0.100	99.900	0.000	2.613	9.322		
地93-91	2421.125	150.824	97.418	87.729	12.271	9.280	8.655	258.000	0.000	0.010	0.000	0.100	99.900	0.000	2.583	9.266		
地93-91	2421.250	154.556	97.344	94.318	5.682	9.247	8.750	266.125	0.000	0.010	0.000	0.100	99.900	0.000	2.532	9.251		
地93-91	2421.375	159.431	97.119	99.389	0.611	9.258	8.949	271.425	0.000	0.010	0.000	0.100	99.900	0.000	2.475	9.277		
地93-91	2421.500	162.097	96.728	99.900	0.100	9.307	9.196	272.000	0.000	0.010	0.000	0.100	99.900	0.000	2.432	9.341		
地93-91	2421.625	163.583	96.137	99.900	0.100	9.393	9.448	266.937	0.000	0.010	0.000	0.100	99.900	0.000	2.420	9.442		
地93-91	2421.750	160.802	95.395	94.730	5.270	9.516	9.669	258.400	0.000	0.010	0.000	0.100	99.900	0.000	2.451	9.576		
地93-91	2421.875	151.852	94.532	80.547	19.453	9.668	9.825	248.225	0.000	0.010	0.000	0.100	99.900	0.000	2.513	9.735		
地93-91	2422.000	140.464	93.585	64.754	35.246	9.836	9.918	238.533	0.000	0.010	0.000	0.100	99.900	0.000	2.581	9.906		
地93-91	2422.125	127.819	92.592	52.664	47.336	10.012	9.960	231.879	0.000	0.010	0.000	0.100	99.900	0.000	2.633	10.083		
地93-91	2422.250	121.116	91.604	48.694	51.306	10.189	9.975	229.692	0.000	0.010	0.000	0.100	99.900	0.000	2.655	10.257		
地93-91	2422.375	121.954	90.648	53.643	46.357	10.358	9.998	232.492	0.000	0.010	0.000	0.100	99.900	0.000	2.647	10.421		
地93-91	2422.500	131.933	89.746	67.047	32.953	10.516	10.065	239.050	0.000	0.010	0.000	0.100	99.900	0.000	2.627	10.576		
地93-91	2422.625	145.111	88.932	85.383	14.617	10.666	10.199	246.371	0.000	0.010	0.000	0.100	99.900	0.000	2.604	10.725		
地93-91	2422.750	158.593	88.212	98.555	1.445	10.814	10.411	250.725	0.000	0.010	0.000	0.100	99.900	0.000	2.585	10.881		
地93-91	2422.875	164.421	87.592	99.900	0.100	10.981	10.710	250.404	0.000	0.010	0.000	0.100	99.900	0.000	2.572	11.061		
地93-91	2423.000	163.164	87.064	95.242	4.758	11.181	11.062	246.017	0.000	0.010	0.000	0.100	99.900	0.000	2.568	11.276		
地93-91	2423.125	152.690	86.638	81.433	18.567	11.420	11.436	239.879	0.000	0.010	0.000	0.100	99.900	0.000	2.577	11.532		
地93-91	2423.250	140.693	86.293	64.968	35.032	11.700	11.802	234.417	0.000	0.010	0.000	0.100	99.900	0.000	2.597	11.828		
地93-91	2423.375	127.895	86.020	51.063	48.937	12.019	12.118	230.279	0.000	0.010	0.000	0.100	99.900	0.000	2.620	12.150		
地93-91	2423.500	117.003	85.813	42.091	57.909	12.346	12.363	226.950	0.000	0.010	0.000	0.100	99.900	0.000	2.638	12.468		
地93-91	2423.625	111.366	85.693	37.679	62.321	12.651	12.520	224.046	0.000	0.010	0.000	0.100	99.900	0.000	2.651	12.754		
地93-91	2423.750	107.938	85.654	35.373	64.627	12.908	12.580	221.683	0.000	0.010	0.000	0.100	99.900	0.000	2.659	12.972		
地93-91	2423.875	106.567	85.688	34.637	65.363	13.067	12.523	220.108	0.000	0.010	0.000	0.100	99.900	0.000	2.663	13.088		
地93-91	2424.000	106.491	85.776	36.224	63.776	13.119	12.374	219.550	0.000	0.010	0.000	0.100	99.900	0.000	2.664	13.095		
地93-91	2424.125	111.099	85.913	41.793	58.207	13.059	12.151	221.350	0.000	0.010	0.000	0.100	99.900	0.000	2.659	12.994		
地93-91	2424.250	119.288	86.088	50.475	49.525	12.896	11.874	226.442	0.000	0.010	0.000	0.100	99.900	0.000	2.645	12.792		
地93-91	2424.375	128.619	86.303	59.597	40.403	12.635	11.569	235.008	0.000	0.010	0.000	0.100	99.900	0.000	2.618	12.510		
地93-91	2424.500	135.284	86.573	65.072	34.928	12.323	11.271	244.717	0.000	0.010	0.000	0.100	99.900	0.000	2.573	12.189		
地93-91	2424.625	136.808	86.944	64.669	35.331	11.987	11.002	250.467	0.000	0.010	0.000	0.100	99.900	0.000	2.515	11.853		
地93-91	2424.750	133.685	87.422	60.256	39.744	11.652	10.775	250.192	0.000	0.010	0.000	0.100	99.900	0.000	2.461	11.531		
地93-91	2424.875	129.190	88.021	55.866	44.134	11.350	10.605	245.492	0.000	0.010	0.000	0.100	99.900	0.000	2.433	11.248		
地93-91	2425.000	126.448	88.741	53.343	46.657	11.095	10.481	240.233	0.000	0.010	0.000	0.100	99.900	0.000	2.437	11.015		
地93-91	2425.125	124.887	89.593	52.769	47.231	10.897	10.401	238.133	0.000	0.010	0.000	0.100	99.900	0.000	2.467	10.843		
地93-91	2425.250	125.915	90.539	53.842	46.158	10.761	10.365	238.333	0.000	0.010	0.000	0.100	99.900	0.000	2.508	10.736		
地93-91	2425.375	126.829	91.550	54.142	45.858	10.698	10.384	238.658	0.000	0.010	0.000	0.100	99.900	0.000	2.547	10.697		
地93-91	2425.500	126.143	92.592	52.716	47.284	10.696	10.445	237.883	0.000	0.010	0.000	0.100	99.900	0.000	2.580	10.718		
地93-91	2425.625	123.896	93.605	50.631	49.369	10.750	10.544	236.029	0.000	0.010	0.000	0.100	99.900	0.000	2.604	10.794		
地93-91	2425.750	122.411	94.523	49.595	50.405	10.859	10.679	233.958	0.000	0.010	0.000	0.100	99.900	0.000	2.620	10.928		
地93-91	2425.875	122.182	95.283	49.579	50.421	11.032	10.862	231.512	0.000	0.010	0.000	0.100	99.900	0.000	2.625	11.126		
地93-91	2426.000	122.487	95.826	60.283	39.717	11.267	11.103	228.667	0.000	0.010	0.000	0.100	99.900	0.000	2.624	11.388		
地93-91	2426.125	144.273	96.055	85.585	14.415	11.569	11.436	226.100	0.000	0.010	0.000	0.100	99.900	0.000	2.620	11.719		
地93-91	2426.250	248.097	95.983	99.900	0.100	11.944	11.895	224.833	0.000	0.010	0.000	0.100	99.900	0.000	2.617	12.128		
地93-91	2426.375	355.921	95.600	99.900	0.100	12.405	12.552	225.004	0.000	0.010	0.000	0.100	99.900	0.000	2.619	12.621		
地93-91	2426.500	461.307	94.905	99.900	0.100	12.945	13.395	226.017	0.000	0.010	0.000	0.100	99.900	0.000	2.626	13.193		
地93-91	2426.625	461.916	93.851	99.900	0.100	13.564	14.405	226.667	0.000	0.010	0.000	0.100	99.900	0.000	2.634	13.844		
地93-91	2426.750	413.775	92.503	99.900	0.100	14.264	15.535	225.958	0.000	0.010	0.000	0.100	99.900	0.000	2.638	14.574		
地93-91	2426.875	303.133	90.884	99.900	0.100	15.038	16.699	223.237	0.000	0.010	0.000	0.100	99.900	0.000	2.636	15.352		
地93-91	2427.000	192.719	89.025	75.009	24.991	15.822	17.775	218.367	0.000	0.010	0.000	0.100	99.900	0.000	2.631	16.111		
地93-91	2427.125	110.071	86.944	38.424	61.576	16.545	18.653	211.937	0.000	0.010	0.000	0.100	99.900	0.000	2.629	16.777		
地93-91	2427.250	111.975	84.727	41.083	58.917	17.126	19.229	205.725	0.000	0.010	0.000	0.100	99.900	0.000	2.639	17.254		
地93-91	2427.375	116.279	82.431	42.975	57.025	17.447	19.343	200.850	0.000	0.010	0.000	0.100	99.900	0.000	2.657	17.464		
地93-91	2427.500	114.870	80.107	39.755	60.245	17.489	19.024	197.467	0.000	0.010	0.000	0.100	99.900	0.000	2.674	17.387		
地93-91	2427.625	108.281	77.801	32.106	67.894	17.234	18.292	195.037	0.000	0.010	0.000	0.100	99.900	0.000	2.685	17.011		
地93-91	2427.750	95.826	75.506	23.044	76.956	16.678	17.202	192.975	0.000	0.010	0.000	0.100	99.900	0.000	2.685	16.328		
地93-91	2427.875	85.086	73.250	16.872	83.128	15.805	15.821	191.787	0.000	0.010	0.000	0.100	99.900	0.000	2.676	15.376		
地93-91	2428.000	78.459	71.094	15.033	84.967	14.733	14.326	192.367	0.000	0.010	0.000	0.100	99.900	0.000	2.663	14.257		
地93-91	2428.125	81.125	69.108	18.190	81.810	13.545	12.830	195.579	0.000	0.010	0.000	0.100	99.900	0.000	2.653	13.059		
地93-91	2428.250	89.428	67.288	25.132	74.868	12.332	11.428	200.583	0.000	0.010	0.000	0.100	99.900	0.000	2.649	11.879		
地93-91	2428.375	101.730	65.655	26.463	73.537	11.201	10.220	206.462	0.033	0.010	5.378	3.598	90.943	0.601	2.648	10.802		
地93-91	2428.500	113.346	64.238	22.089	77.911	10.204	9.208	212.267	0.024	0.010	4.774	8.794	78.908	0.643	2.645	9.869	干层	
地93-91	2428.625	122.601	63.121	25.622	74.378	9.368	8.395	216.996	0.019	0.010	4.304	8.810	81.653	0.684	2.634	9.101	干层	
地93-91	2428.750	125.458	62.305	26.205	73.795	8.702	7.777	220.267	0.020	0.010	4.347	9.113	82.660	0.719	2.609	8.512	干层	
地93-91	2428.875	122.601	61.847	24.202	75.798	8.226	7.362	222.037	0.025	0.215	4.829	9.642	82.119	0.746	2.575	8.093	干层	
地93-91	2429.000	115.631	61.786	20.947	79.053	7.893	7.094	222.750	0.037	0.600	5.628	10.282	80.644	0.765	2.545	7.808	干层	
地93-91	2429.125	107.824	62.170	18.253	81.747	7.681	6.947	222.975	0.056	0.770	6.464	10.813	79.207	0.776	2.526	7.639	干层	
地93-91	2429.250	103.520	62.870	17.660	82.340	7.576	6.895	223.200	0.070	0.822	6.935	10.961	78.897	0.780	2.523	7.575	干层	
地93-91	2429.375	106.186	63.865	19.505	80.495	7.574	6.931	223.425	0.062	0.706	6.681	10.643	80.074	0.778	2.531	7.602	干层	
地93-91	2429.500	113.194	65.131	23.079	76.921	7.643	7.030	223.617	0.044	0.362	5.972	10.047	82.175	0.773	2.541	7.692	干层	
地93-91	2429.625	122.716	66.656	27.121	72.879	7.765	7.180	223.933	0.027	0.010	5.015	9.450	84.149	0.765	2.548	7.828	干层	
地93-91	2429.750	129.267	68.331	29.891	70.109	7.922	7.371	224.542	0.020	0.010	4.397	9.140	84.783	0.754	2.550	7.994	干层	
地93-91	2429.875	132.390	70.072	30.695	69.305	8.102	7.597	225.462	0.000	0.010	0.000	9.170	83.833	0.000	2.549	8.177	干层	
地93-91	2430.000	130.866	71.777	40.447	59.553	8.290	7.846	226.550	0.000	0.010	0.000	5.632	89.545	0.000	2.547	8.367		
地93-91	2430.125	127.933	73.312	55.284	44.716	8.481	8.109	227.912	0.000	0.010	0.000	0.100	99.900	0.000	2.544	8.556		
地93-91	2430.250	127.057	74.618	55.329	44.671	8.669	8.380	229.792	0.000	0.010	0.000	0.100	99.900	0.000	2.543	8.743		
地93-91	2430.375	128.467	75.655	56.534	43.466	8.854	8.652	232.283	0.000	0.010	0.000	0.100	99.900	0.000	2.549	8.929		
地93-91	2430.500	129.038	76.408	55.863	44.137	9.043	8.926	234.717	0.000	0.010	0.000	0.100	99.900	0.000	2.559	9.124		
地93-91	2430.625	126.677	76.839	52.376	47.624	9.245	9.209	235.433	0.000	0.010	0.000	0.100	99.900	0.000	2.573	9.336		
地93-91	2430.750	122.259	77.031	47.020	52.980	9.473	9.522	233.548	0.000	0.010	0.000	0.100	99.900	0.000	2.586	9.584		
地93-91	2430.875	116.012	77.032	40.747	59.253	9.751	9.919	228.712	0.000	0.010	0.000	0.100	99.900	0.000	2.596	9.887		
地93-91	2431.000	109.233	76.897	34.980	65.020	10.091	10.437	221.683	0.000	0.010	0.000	0.100	99.900	0.000	2.606	10.257		
地93-91	2431.125	103.368	76.685	31.112	68.888	10.505	11.118	214.262	0.000	0.010	0.000	0.100	99.900	0.000	2.617	10.706		
地93-91	2431.250	100.701	76.493	29.879	70.121	11.007	11.988	208.179	0.000	0.010	0.000	0.100	99.900	0.000	2.625	11.252		
地93-91	2431.375	100.892	76.380	30.202	69.798	11.619	13.063	204.115	0.000	0.010	0.000	0.100	99.900	0.000	2.627	11.899		
地93-91	2431.500	101.616	76.379	30.685	69.315	12.317	14.265	201.883	0.000	0.010	0.000	0.100	99.900	0.000	2.618	12.623		
地93-91	2431.625	102.034	76.511	29.577	70.423	13.083	15.534	200.400	0.000	0.010	0.000	0.100	99.900	0.000	2.604	13.405		
地93-91	2431.750	97.883	76.734	24.980	75.020	13.889	16.794	198.606	0.000	0.010	0.000	0.100	99.900	0.000	2.597	14.204		
地93-91	2431.875	88.818	77.008	18.079	81.921	14.677	17.923	196.169	0.000	0.010	0.000	0.100	99.900	0.000	2.604	14.955		
地93-91	2432.000	77.240	77.279	11.430	88.570	15.371	18.833	193.100	0.000	0.010	0.000	0.100	99.900	0.000	2.621	15.584		
地93-91	2432.125	67.261	77.477	6.727	93.273	15.902	19.421	190.175	0.000	0.010	0.000	0.100	99.900	0.000	2.645	16.023		
地93-91	2432.250	60.406	77.567	4.389	95.611	16.203	19.610	187.667	0.000	0.010	0.000	0.100	99.900	0.000	2.667	16.197		
地93-91	2432.375	58.920	77.512	4.146	95.854	16.188	19.316	185.858	0.000	0.010	0.000	0.100	99.900	0.000	2.674	16.072		
地93-91	2432.500	59.872	77.277	4.599	95.401	15.899	18.653	185.283	0.000	0.010	0.000	0.100	99.900	0.000	2.666	15.681		
地93-91	2432.625	60.825	76.787	5.387	94.613	15.354	17.690	186.646	0.000	0.010	0.000	0.100	99.900	0.000	2.656	15.046		
地93-91	2432.750	63.453	76.045	6.952	93.048	14.586	16.511	190.208	0.000	0.010	0.000	0.100	99.900	0.000	2.653	14.202		
地93-91	2432.875	67.337	75.024	9.813	90.187	13.627	15.190	196.108	0.000	0.010	0.000	0.100	99.900	0.000	2.657	13.210		
地93-91	2433.000	74.955	73.705	14.699	85.301	12.585	13.827	203.600	0.000	0.010	0.000	0.100	99.900	0.000	2.660	12.164		
地93-91	2433.125	84.667	72.037	16.140	83.860	11.534	12.495	211.075	0.099	0.462	7.633	4.473	87.069	0.584	2.658	11.135		
地93-91	2433.250	93.389	70.103	13.864	86.136	10.537	11.259	217.025	0.086	1.122	7.346	11.056	68.823	0.624	2.644	10.186	水层	
地93-91	2433.375	98.797	67.960	15.418	84.582	9.660	10.185	220.925	0.080	1.112	7.190	11.191	71.006	0.666	2.618	9.358	水层	
地93-91	2433.500	99.635	65.692	15.096	84.904	8.906	9.269	223.050	0.085	1.215	7.324	11.509	72.341	0.705	2.589	8.655	水层	
地93-91	2433.625	95.179	63.426	13.436	86.564	8.280	8.510	224.042	0.112	1.439	7.891	11.994	72.788	0.741	2.562	8.081	水层	
地93-91	2433.750	89.809	61.315	11.567	88.433	7.783	7.899	224.608	0.152	1.891	8.508	12.507	72.758	0.772	2.544	7.640	水层	
地93-91	2433.875	83.753	59.508	9.790	90.210	7.427	7.442	225.100	0.213	2.750	9.190	13.020	72.278	0.795	2.537	7.331	水层	
地93-91	2434.000	78.611	58.155	8.449	91.551	7.186	7.105	225.667	0.285	3.825	9.784	13.464	71.626	0.810	2.534	7.132	水层	
地93-91	2434.125	74.841	57.494	7.621	92.379	7.051	6.881	226.412	0.359	4.850	10.254	13.802	70.914	0.817	2.530	7.035	水层	
地93-91	2434.250	72.898	57.518	7.592	92.408	7.010	6.766	227.225	0.413	5.113	10.540	13.931	70.496	0.817	2.517	7.032	水层	
地93-91	2434.375	75.069	58.244	8.697	91.303	7.064	6.774	228.025	0.385	4.194	10.398	13.764	70.695	0.810	2.498	7.112	水层	
地93-91	2434.500	80.744	59.633	11.392	88.608	7.184	6.882	229.000	0.303	2.782	9.909	13.264	71.779	0.800	2.481	7.253	水层	
地93-91	2434.625	92.817	61.665	16.447	83.553	7.357	7.082	230.333	0.175	1.618	8.792	12.368	74.126	0.786	2.473	7.446	水层	
地93-91	2434.750	109.081	64.091	23.716	76.284	7.578	7.366	231.800	0.082	0.998	7.253	11.276	77.195	0.771	2.478	7.684	水层	
地93-91	2434.875	126.372	66.753	32.297	67.703	7.843	7.735	233.729	0.000	0.430	0.000	10.329	79.778	0.000	2.491	7.960	水层	
地93-91	2435.000	140.921	69.492	59.075	40.925	8.135	8.159	237.000	0.000	0.010	0.000	5.977	88.448	0.000	2.507	8.258		
地93-91	2435.125	154.632	72.128	94.731	5.269	8.442	8.616	243.262	0.000	0.010	0.000	0.100	99.900	0.000	2.523	8.568		
地93-91	2435.250	162.859	74.546	99.900	0.100	8.756	9.083	251.542	0.000	0.010	0.000	0.100	99.900	0.000	2.537	8.882		
地93-91	2435.375	165.144	76.675	99.900	0.100	9.071	9.536	258.696	0.000	0.010	0.000	0.100	99.900	0.000	2.549	9.198		
地93-91	2435.500	162.859	78.476	95.782	4.218	9.388	9.962	260.967	0.000	0.010	0.000	0.100	99.900	0.000	2.562	9.516		
地93-91	2435.625	153.566	79.879	83.756	16.244	9.709	10.354	255.362	0.000	0.010	0.000	0.100	99.900	0.000	2.575	9.838		
地93-91	2435.750	143.511	80.971	69.765	30.235	10.031	10.706	245.117	0.000	0.010	0.000	0.100	99.900	0.000	2.591	10.157		
地93-91	2435.875	133.342	81.793	58.778	41.222	10.347	11.000	234.258	0.000	0.010	0.000	0.100	99.900	0.000	2.609	10.466		
地93-91	2436.000	126.448	82.384	52.901	47.099	10.646	11.237	226.033	0.000	0.010	0.000	0.100	99.900	0.000	2.625	10.756		
地93-91	2436.125	123.858	82.752	51.349	48.651	10.921	11.420	221.800	0.000	0.010	0.000	0.100	99.900	0.000	2.639	11.018		
地93-91	2436.250	124.163	82.963	51.724	48.276	11.163	11.554	220.133	0.000	0.010	0.000	0.100	99.900	0.000	2.651	11.243		
地93-91	2436.375	124.582	83.033	52.010	47.990	11.361	11.639	219.804	0.000	0.010	0.000	0.100	99.900	0.000	2.660	11.424		
地93-91	2436.500	124.620	82.954	51.352	48.648	11.519	11.688	220.183	0.000	0.010	0.000	0.100	99.900	0.000	2.660	11.565		
地93-91	2436.625	123.020	82.696	49.224	50.776	11.635	11.709	221.037	0.000	0.010	0.000	0.100	99.900	0.000	2.653	11.667		
地93-91	2436.750	120.354	82.295	46.316	53.684	11.715	11.712	221.892	0.000	0.010	0.000	0.100	99.900	0.000	2.638	11.734		
地93-91	2436.875	117.231	81.790	43.242	56.758	11.763	11.714	222.471	0.000	0.010	0.000	0.100	99.900	0.000	2.620	11.778		
地93-91	2437.000	114.108	81.231	40.080	59.920	11.801	11.733	222.650	0.000	0.010	0.000	0.100	99.900	0.000	2.602	11.819		
地93-91	2437.125	110.414	80.694	37.083	62.917	11.846	11.788	222.450	0.000	0.010	0.000	0.100	99.900	0.000	2.586	11.876		
地93-91	2437.250	107.709	80.251	35.464	64.536	11.921	11.898	222.075	0.000	0.010	0.000	0.100	99.900	0.000	2.574	11.978		
地93-91	2437.375	107.176	79.939	35.319	64.681	12.064	12.098	221.612	0.000	0.010	0.000	0.100	99.900	0.000	2.572	12.154		
地93-91	2437.500	107.557	79.759	36.173	63.827	12.288	12.394	221.100	0.000	0.010	0.000	0.100	99.900	0.000	2.574	12.417		
地93-91	2437.625	109.423	79.697	37.855	62.145	12.609	12.805	220.671	0.000	0.010	0.000	0.100	99.900	0.000	2.577	12.778		
地93-91	2437.750	111.366	79.688	39.833	60.167	13.031	13.343	220.475	0.000	0.010	0.000	0.100	99.900	0.000	2.581	13.248		
地93-91	2437.875	113.879	79.674	42.129	57.871	13.574	14.036	220.629	0.000	0.010	0.000	0.100	99.900	0.000	2.590	13.833		
地93-91	2438.000	116.241	79.595	44.151	55.849	14.220	14.851	221.100	0.000	0.010	0.000	0.100	99.900	0.000	2.599	14.512		
地93-91	2438.125	117.955	79.351	44.574	55.426	14.950	15.767	221.425	0.000	0.010	0.000	0.100	99.900	0.000	2.607	15.267		
地93-91	2438.250	116.469	78.898	41.517	58.483	15.741	16.758	221.058	0.000	0.010	0.000	0.100	99.900	0.000	2.612	16.059		
地93-91	2438.375	110.642	78.184	35.214	64.786	16.537	17.771	219.592	0.000	0.010	0.000	0.100	99.900	0.000	2.614	16.825		
地93-91	2438.500	101.768	77.176	27.514	72.486	17.256	18.700	216.950	0.000	0.010	0.000	0.100	99.900	0.000	2.614	17.487		
地93-91	2438.625	91.332	75.829	19.997	80.003	17.832	19.418	213.287	0.000	0.010	0.000	0.100	99.900	0.000	2.615	17.980		
地93-91	2438.750	80.820	74.236	14.115	85.885	18.201	19.797	209.267	0.000	0.010	0.000	0.100	99.900	0.000	2.619	18.225		
地93-91	2438.875	73.622	72.461	10.807	89.193	18.260	19.672	205.296	0.000	0.010	0.000	0.100	99.900	0.000	2.629	18.169		
地93-91	2439.000	70.232	70.580	9.176	90.824	18.034	19.114	201.700	0.000	0.010	0.000	0.100	99.900	0.000	2.644	17.835		
地93-91	2439.125	67.871	68.666	8.244	91.756	17.537	18.185	198.946	0.000	0.010	0.000	0.100	99.900	0.000	2.660	17.241		
地93-91	2439.250	67.033	66.790	7.926	92.074	16.797	16.967	197.467	0.000	0.010	0.000	0.100	99.900	0.000	2.672	16.418		
地93-91	2439.375	66.766	64.995	7.866	92.134	15.852	15.535	197.837	0.000	0.010	0.000	0.100	99.900	0.000	2.671	15.435		
地93-91	2439.500	66.880	63.315	8.093	91.907	14.812	14.038	200.333	0.000	0.010	0.000	0.100	99.900	0.000	2.653	14.385		
地93-91	2439.625	67.794	61.804	7.067	92.933	13.745	12.594	204.887	0.171	1.421	8.744	4.898	83.419	0.509	2.622	13.336		
地93-91	2439.750	68.556	60.462	5.330	94.670	12.724	11.317	210.242	0.216	3.783	9.222	12.325	58.796	0.537	2.591	12.370	水层	
地93-91	2439.875	69.546	59.308	5.854	94.146	11.841	10.341	215.471	0.269	4.413	9.664	12.897	58.956	0.565	2.571	11.551	水层	
地93-91	2440.000	70.232	58.351	6.233	93.767	11.117	9.648	219.900	0.325	5.022	10.054	13.363	59.176	0.590	2.561	10.898	水层	
地93-91	2440.125	70.499	57.633	6.493	93.507	10.571	9.208	222.971	0.375	5.455	10.347	13.675	59.485	0.609	2.559	10.425	水层	
地93-91	2440.250	70.994	57.132	6.826	93.174	10.208	8.983	224.892	0.404	5.455	10.495	13.807	59.874	0.622	2.564	10.140	水层	
地93-91	2440.375	72.403	56.866	7.297	92.703	10.040	8.957	225.825	0.394	4.993	10.446	13.760	60.317	0.627	2.568	10.032	水层	
地93-91	2440.500	74.193	56.859	7.953	92.047	10.021	9.077	225.883	0.361	4.208	10.266	13.547	60.866	0.625	2.567	10.066	水层	
地93-91	2440.625	77.392	57.194	9.046	90.954	10.134	9.330	225.250	0.297	3.226	9.867	13.153	61.642	0.619	2.559	10.221	水层	
地93-91	2440.750	82.267	57.859	10.426	89.574	10.352	9.700	224.458	0.222	2.523	9.277	12.702	62.348	0.609	2.549	10.476	水层	
地93-91	2440.875	86.571	58.867	11.666	88.334	10.661	10.177	223.967	0.174	2.225	8.778	12.365	62.527	0.595	2.540	10.803	水层	
地93-91	2441.000	89.885	60.206	12.389	87.611	11.017	10.714	224.117	0.148	2.186	8.449	12.259	61.907	0.581	2.537	11.166	水层	
地93-91	2441.125	90.113	61.873	12.417	87.583	11.390	11.278	224.987	0.153	2.399	8.516	12.393	60.550	0.567	2.540	11.533	水层	
地93-91	2441.250	89.428	63.747	12.287	87.713	11.748	11.829	226.042	0.167	2.652	8.697	12.555	59.233	0.555	2.546	11.867	水层	
地93-91	2441.375	88.971	65.737	12.700	87.300	12.044	12.301	226.683	0.177	2.650	8.812	12.507	58.773	0.546	2.552	12.127	水层	
地93-91	2441.500	92.475	67.735	14.286	85.714	12.251	12.655	226.483	0.146	2.212	8.426	12.075	59.750	0.541	2.558	12.290	水层	
地93-91	2441.625	98.759	69.589	17.045	82.955	12.349	12.853	225.437	0.000	1.579	0.000	11.344	62.011	0.000	2.568	12.343	水层	
地93-91	2441.750	108.166	71.199	30.132	69.868	12.333	12.880	224.325	0.000	0.714	0.000	6.525	78.259	0.000	2.586	12.276		
地93-91	2441.875	119.288	72.473	50.804	49.196	12.190	12.722	223.800	0.000	0.010	0.000	0.100	99.900	0.000	2.610	12.097		
地93-91	2442.000	129.343	73.349	59.698	40.302	11.956	12.442	224.250	0.000	0.010	0.000	0.100	99.900	0.000	2.633	11.834		
地93-91	2442.125	134.484	73.745	63.317	36.683	11.652	12.068	225.700	0.000	0.010	0.000	0.100	99.900	0.000	2.650	11.513		
地93-91	2442.250	134.446	73.780	60.949	39.051	11.303	11.621	227.442	0.000	0.010	0.000	0.100	99.900	0.000	2.658	11.162		
地93-91	2442.375	129.495	73.537	53.864	46.136	10.949	11.146	228.958	0.000	0.010	0.000	0.100	99.900	0.000	2.656	10.824		
地93-91	2442.500	121.268	73.114	44.205	55.795	10.636	10.696	229.900	0.000	0.010	0.000	0.100	99.900	0.000	2.642	10.542		
地93-91	2442.625	110.109	72.620	34.391	65.609	10.400	10.326	230.100	0.000	0.010	0.000	0.100	99.900	0.000	2.614	10.347		
地93-91	2442.750	100.092	72.176	27.637	72.363	10.267	10.098	229.758	0.000	0.010	0.000	0.100	99.900	0.000	2.576	10.274		
地93-91	2442.875	94.531	71.852	25.478	74.522	10.284	10.079	228.979	0.000	0.010	0.000	0.100	99.900	0.000	2.544	10.347		
地93-91	2443.000	95.826	71.688	28.225	71.775	10.443	10.254	227.850	0.000	0.010	0.000	0.100	99.900	0.000	2.530	10.568		
地93-91	2443.125	102.758	71.734	35.294	64.706	10.756	10.636	226.550	0.000	0.010	0.000	0.100	99.900	0.000	2.534	10.943		
地93-91	2443.250	113.651	71.945	44.519	55.481	11.222	11.242	225.267	0.000	0.010	0.000	0.100	99.900	0.000	2.548	11.471		
地93-91	2443.375	122.487	72.277	51.743	48.257	11.845	12.089	224.158	0.000	0.010	0.000	0.100	99.900	0.000	2.566	12.138		
地93-91	2443.500	127.057	72.665	53.779	46.221	12.578	13.102	223.250	0.000	0.010	0.000	0.100	99.900	0.000	2.588	12.901		
地93-91	2443.625	124.963	73.037	51.222	48.778	13.385	14.212	222.567	0.000	0.010	0.000	0.100	99.900	0.000	2.611	13.721		
地93-91	2443.750	122.182	73.347	48.264	51.736	14.225	15.319	221.992	0.000	0.010	0.000	0.100	99.900	0.000	2.632	14.550		
地93-91	2443.875	119.288	73.567	45.519	54.481	15.037	16.288	221.154	0.000	0.010	0.000	0.100	99.900	0.000	2.648	15.323		
地93-91	2444.000	116.850	73.696	42.099	57.901	15.750	17.037	219.333	0.000	0.010	0.000	0.100	99.900	0.000	2.653	15.967		
地93-91	2444.125	111.632	73.753	36.961	63.039	16.293	17.495	215.296	0.000	0.010	0.000	0.100	99.900	0.000	2.649	16.425		
地93-91	2444.250	105.424	73.787	30.656	69.344	16.623	17.615	209.200	0.000	0.010	0.000	0.100	99.900	0.000	2.642	16.648		
地93-91	2444.375	95.903	73.832	23.542	76.458	16.685	17.341	202.104	0.000	0.010	0.000	0.100	99.900	0.000	2.634	16.621		
地93-91	2444.500	86.838	73.922	18.516	81.484	16.527	16.780	196.000	0.000	0.010	0.000	0.100	99.900	0.000	2.626	16.389		
地93-91	2444.625	82.306	74.125	17.445	82.555	16.182	16.009	193.671	0.000	0.010	0.000	0.100	99.900	0.000	2.619	15.986		
地93-91	2444.750	85.010	74.470	20.025	79.975	15.693	15.123	195.658	0.000	0.010	0.000	0.100	99.900	0.000	2.610	15.452		
地93-91	2444.875	90.685	74.994	24.281	75.719	15.090	14.229	201.296	0.000	0.010	0.000	0.100	99.900	0.000	2.594	14.835		
地93-91	2445.000	97.350	75.725	28.557	71.443	14.453	13.412	208.950	0.000	0.010	0.000	0.100	99.900	0.000	2.571	14.205		
地93-91	2445.125	101.654	76.719	32.007	67.993	13.835	12.717	216.387	0.000	0.010	0.000	0.100	99.900	0.000	2.548	13.608		
地93-91	2445.250	105.957	77.927	34.879	65.121	13.268	12.158	222.075	0.000	0.010	0.000	0.100	99.900	0.000	2.530	13.072		
地93-91	2445.375	108.090	79.327	36.546	63.454	12.779	11.740	225.512	0.000	0.010	0.000	0.100	99.900	0.000	2.521	12.609		
地93-91	2445.500	109.690	80.886	38.600	61.400	12.354	11.402	227.117	0.000	0.010	0.000	0.100	99.900	0.000	2.521	12.200		
地93-91	2445.625	113.003	82.580	42.294	57.706	11.971	11.098	227.675	0.000	0.010	0.000	0.100	99.900	0.000	2.531	11.825		
地93-91	2445.750	117.917	84.341	46.838	53.162	11.607	10.789	228.042	0.000	0.010	0.000	0.100	99.900	0.000	2.548	11.462		
地93-91	2445.875	122.144	86.134	50.660	49.340	11.246	10.439	228.383	0.000	0.010	0.000	0.100	99.900	0.000	2.562	11.100		
地93-91	2446.000	125.077	87.926	53.093	46.907	10.880	10.044	228.583	0.000	0.010	0.000	0.100	99.900	0.000	2.565	10.732		
地93-91	2446.125	126.372	89.667	54.176	45.824	10.509	9.618	228.554	0.000	0.010	0.000	0.100	99.900	0.000	2.553	10.362		
地93-91	2446.250	126.905	91.324	56.064	43.936	10.143	9.193	228.917	0.000	0.010	0.000	0.100	99.900	0.000	2.531	10.006		
地93-91	2446.375	130.295	92.870	62.355	37.645	9.802	8.822	230.992	0.000	0.010	0.000	0.100	99.900	0.000	2.510	9.681		
地93-91	2446.500	138.484	94.285	74.210	25.790	9.501	8.538	236.667	0.000	0.010	0.000	0.100	99.900	0.000	2.497	9.404		
地93-91	2446.625	149.186	95.537	89.774	10.226	9.258	8.372	248.121	0.000	0.010	0.000	0.100	99.900	0.000	2.493	9.189		
地93-91	2446.750	161.716	96.647	99.900	0.100	9.086	8.337	262.842	0.000	0.010	0.000	0.100	99.900	0.000	2.492	9.056		
地93-91	2446.875	170.705	97.615	99.900	0.100	9.010	8.444	276.725	0.000	0.010	0.000	0.100	99.900	0.000	2.489	9.013		
地93-91	2447.000	173.676	98.440	99.900	0.100	9.017	8.645	284.850	0.000	0.010	0.000	0.100	99.900	0.000	2.488	9.052		
地93-91	2447.125	168.648	99.092	99.900	0.100	9.103	8.899	282.792	0.000	0.010	0.000	0.100	99.900	0.000	2.493	9.165		
地93-91	2447.250	160.117	99.582	93.610	6.390	9.257	9.157	273.358	0.000	0.010	0.000	0.100	99.900	0.000	2.514	9.339		
地93-91	2447.375	149.986	99.900	80.255	19.745	9.462	9.359	260.337	0.000	0.010	0.000	0.100	99.900	0.000	2.550	9.551		
地93-91	2447.500	143.054	100.048	71.751	28.249	9.685	9.485	248.067	0.000	0.010	0.000	0.100	99.900	0.000	2.591	9.773		
地93-91	2447.625	138.103	100.010	67.535	32.465	9.904	9.530	240.821	0.000	0.010	0.000	0.100	99.900	0.000	2.623	9.982		
地93-91	2447.750	137.493	99.829	68.107	31.893	10.098	9.509	239.117	0.000	0.010	0.000	0.100	99.900	0.000	2.629	10.160		
地93-91	2447.875	139.512	99.523	70.640	29.360	10.252	9.452	242.287	0.000	0.010	0.000	0.100	99.900	0.000	2.606	10.297		
地93-91	2448.000	141.378	99.118	73.197	26.803	10.364	9.408	248.867	0.000	0.010	0.000	0.100	99.900	0.000	2.567	10.390		
地93-91	2448.125	143.397	98.631	75.014	24.986	10.429	9.408	257.771	0.000	0.010	0.000	0.100	99.900	0.000	2.531	10.438		
地93-91	2448.250	143.740	98.096	75.357	24.643	10.451	9.472	268.133	0.000	0.010	0.000	0.100	99.900	0.000	2.510	10.445		
地93-91	2448.375	143.854	97.527	73.951	26.049	10.437	9.617	278.946	0.000	0.010	0.000	0.100	99.900	0.000	2.506	10.428		
地93-91	2448.500	141.073	96.942	69.908	30.092	10.414	9.823	287.133	0.000	0.010	0.000	0.100	99.900	0.000	2.502	10.409		
地93-91	2448.625	137.608	96.352	64.509	35.491	10.402	10.072	286.571	0.000	0.010	0.000	0.100	99.900	0.000	2.488	10.409		
地93-91	2448.750	132.085	95.763	59.848	40.152	10.419	10.340	276.808	0.000	0.010	0.000	0.100	99.900	0.000	2.466	10.441		
地93-91	2448.875	130.790	95.182	58.690	41.310	10.474	10.583	262.383	0.000	0.010	0.000	0.100	99.900	0.000	2.450	10.507		
地93-91	2449.000	130.257	94.621	63.357	36.643	10.556	10.759	251.517	0.000	0.010	0.000	0.100	99.900	0.000	2.452	10.596		
地93-91	2449.125	140.464	94.087	76.223	23.777	10.654	10.847	251.908	0.000	0.010	0.000	0.100	99.900	0.000	2.478	10.693		
地93-91	2449.250	149.986	93.567	90.190	9.810	10.752	10.851	259.242	0.000	0.010	0.000	0.100	99.900	0.000	2.522	10.783		
地93-91	2449.375	159.507	93.043	99.465	0.535	10.829	10.782	265.650	0.000	0.010	0.000	0.100	99.900	0.000	2.570	10.846		
地93-91	2449.500	161.336	92.496	99.900	0.100	10.871	10.674	264.683	0.000	0.010	0.000	0.100	99.900	0.000	2.608	10.870		
地93-91	2449.625	163.811	91.879	99.900	0.100	10.867	10.537	255.883	0.000	0.010	0.000	0.100	99.900	0.000	2.629	10.844		
地93-91	2449.750	164.916	91.174	99.900	0.100	10.809	10.373	246.792	0.000	0.010	0.000	0.100	99.900	0.000	2.630	10.764		
地93-91	2449.875	167.163	90.369	99.900	0.100	10.695	10.183	242.162	0.000	0.010	0.000	0.100	99.900	0.000	2.620	10.636		
地93-91	2450.000	165.754	89.462	99.900	0.100	10.546	9.987	241.867	0.000	0.010	0.000	0.100	99.900	0.000	2.609	10.482		
地93-91	2450.125	160.003	88.453	93.071	6.929	10.385	9.804	241.712	0.000	0.010	0.000	0.100	99.900	0.000	2.603	10.325		
地93-91	2450.250	149.072	87.386	74.206	25.794	10.235	9.648	238.683	0.000	0.010	0.000	0.100	99.900	0.000	2.601	10.187		
地93-91	2450.375	132.771	86.314	53.620	46.380	10.116	9.528	233.504	0.000	0.010	0.000	0.100	99.900	0.000	2.598	10.082		
地93-91	2450.500	114.870	85.300	37.872	62.128	10.032	9.441	228.700	0.000	0.010	0.000	0.100	99.900	0.000	2.590	10.011		
地93-91	2450.625	102.720	84.431	29.585	70.415	9.981	9.382	226.333	0.000	0.010	0.000	0.100	99.900	0.000	2.576	9.972		
地93-91	2450.750	96.817	83.762	26.196	73.804	9.958	9.348	225.850	0.000	0.010	0.000	0.100	99.900	0.000	2.559	9.958		
地93-91	2450.875	94.798	83.354	26.244	73.756	9.959	9.340	226.354	0.000	0.010	0.000	0.100	99.900	0.000	2.544	9.964		
地93-91	2451.000	97.959	83.244	29.673	70.327	9.973	9.346	227.367	0.000	0.010	0.000	0.100	99.900	0.000	2.536	9.983		
地93-91	2451.125	104.205	83.482	35.981	64.019	9.997	9.363	229.250	0.000	0.010	0.000	0.100	99.900	0.000	2.539	10.008		
地93-91	2451.250	113.575	83.992	46.704	53.296	10.026	9.397	232.875	0.000	0.010	0.000	0.100	99.900	0.000	2.551	10.043		
地93-91	2451.375	127.629	84.735	61.808	38.192	10.069	9.457	239.225	0.000	0.010	0.000	0.100	99.900	0.000	2.566	10.095		
地93-91	2451.500	140.921	85.647	77.842	22.158	10.134	9.549	248.700	0.000	0.010	0.000	0.100	99.900	0.000	2.572	10.172		
地93-91	2451.625	152.080	86.649	92.366	7.634	10.228	9.680	259.933	0.000	0.010	0.000	0.100	99.900	0.000	2.562	10.279		
地93-91	2451.750	161.793	87.654	99.900	0.100	10.356	9.857	269.542	0.000	0.010	0.000	0.100	99.900	0.000	2.545	10.428		
地93-91	2451.875	168.305	88.612	99.900	0.100	10.535	10.100	275.525	0.000	0.010	0.000	0.100	99.900	0.000	2.534	10.631		
地93-91	2452.000	170.172	89.475	99.900	0.100	10.774	10.412	277.967	0.000	0.010	0.000	0.100	99.900	0.000	2.538	10.898		
地93-91	2452.125	168.344	90.177	99.900	0.100	11.083	10.804	278.233	0.000	0.010	0.000	0.100	99.900	0.000	2.557	11.240		
地93-91	2452.250	164.306	90.730	99.737	0.263	11.474	11.283	277.417	0.000	0.010	0.000	0.100	99.900	0.000	2.582	11.667		
地93-91	2452.375	159.698	91.138	96.300	3.700	11.955	11.854	274.625	0.000	0.010	0.000	0.100	99.900	0.000	2.607	12.167		
地93-91	2452.500	154.785	91.415	85.696	14.304	12.484	12.470	268.967	0.000	0.010	0.000	0.100	99.900	0.000	2.626	12.704		
地93-91	2452.625	144.958	91.568	72.702	27.298	13.034	13.085	260.800	0.000	0.010	0.000	0.100	99.900	0.000	2.637	13.248		
地93-91	2452.750	136.884	91.643	61.119	38.881	13.569	13.637	252.342	0.000	0.010	0.000	0.100	99.900	0.000	2.639	13.759		
地93-91	2452.875	125.839	91.671	48.357	51.643	14.043	14.039	244.633	0.000	0.010	0.000	0.100	99.900	0.000	2.633	14.193		
地93-91	2453.000	113.499	91.678	36.542	63.458	14.418	14.272	237.350	0.000	0.010	0.000	0.100	99.900	0.000	2.627	14.516		
地93-91	2453.125	101.006	91.685	27.083	72.917	14.663	14.316	229.592	0.000	0.010	0.000	0.100	99.900	0.000	2.624	14.697		
地93-91	2453.250	91.104	91.708	21.227	78.773	14.748	14.164	221.900	0.000	0.010	0.000	0.100	99.900	0.000	2.624	14.698		
地93-91	2453.375	86.000	91.764	19.442	80.558	14.625	13.789	215.796	0.000	0.010	0.000	0.100	99.900	0.000	2.626	14.510		
地93-91	2453.500	87.143	91.867	21.140	78.860	14.338	13.260	212.850	0.000	0.010	0.000	0.100	99.900	0.000	2.630	14.170		
地93-91	2453.625	91.637	92.025	24.754	75.246	13.918	12.631	214.192	0.000	0.010	0.000	0.100	99.900	0.000	2.630	13.713		
地93-91	2453.750	97.578	92.221	29.384	70.616	13.405	11.976	218.458	0.000	0.010	0.000	0.100	99.900	0.000	2.623	13.178		
地93-91	2453.875	103.863	92.453	35.050	64.950	12.837	11.383	225.125	0.000	0.010	0.000	0.100	99.900	0.000	2.610	12.606		
地93-91	2454.000	111.518	92.715	44.211	55.789	12.261	10.886	234.358	0.000	0.010	0.000	0.100	99.900	0.000	2.590	12.037		
地93-91	2454.125	124.544	92.996	58.864	41.136	11.701	10.484	247.169	0.000	0.010	0.000	0.100	99.900	0.000	2.554	11.492		
地93-91	2454.250	139.169	93.278	76.539	23.461	11.178	10.161	261.329	0.000	0.010	0.000	0.100	99.900	0.000	2.495	10.997		
地93-91	2454.375	152.195	93.559	92.470	7.530	10.726	9.899	272.883	0.000	0.010	0.000	0.100	99.900	0.000	2.426	10.576		
地93-91	2454.500	162.097	93.837	99.865	0.135	10.351	9.671	277.258	0.000	0.010	0.000	0.100	99.900	0.000	2.375	10.234		
地93-91	2454.625	159.888	94.099	94.933	5.067	10.060	9.469	271.185	0.000	0.010	0.000	0.100	99.900	0.000	2.364	9.980		
地93-91	2454.750	152.271	94.352	81.636	18.364	9.859	9.297	259.437	0.000	0.010	0.000	0.100	99.900	0.000	2.406	9.820		
地93-91	2454.875	141.797	94.606	68.433	31.567	9.761	9.174	247.421	0.000	0.010	0.000	0.100	99.900	0.000	2.480	9.758		
地93-91	2455.000	133.456	94.869	60.300	39.700	9.752	9.123	239.500	0.000	0.010	0.000	0.100	99.900	0.000	2.549	9.781		
地93-91	2455.125	129.647	95.147	58.218	41.782	9.825	9.173	237.646	0.000	0.010	0.000	0.100	99.900	0.000	2.595	9.885		
地93-91	2455.250	130.942	95.439	61.555	38.445	9.975	9.348	239.692	0.000	0.010	0.000	0.100	99.900	0.000	2.611	10.066		
地93-91	2455.375	136.008	95.741	68.873	31.127	10.202	9.671	244.075	0.000	0.010	0.000	0.100	99.900	0.000	2.601	10.314		
地93-91	2455.500	143.054	96.048	77.891	22.109	10.482	10.092	250.250	0.000	0.010	0.000	0.100	99.900	0.000	2.581	10.612		
地93-91	2455.625	149.300	96.363	85.757	14.243	10.806	10.571	257.487	0.000	0.010	0.000	0.100	99.900	0.000	2.553	10.949		
地93-91	2455.750	153.566	96.686	90.066	9.934	11.163	11.065	263.792	0.000	0.010	0.000	0.100	99.900	0.000	2.525	11.314		
地93-91	2455.875	154.290	97.018	87.893	12.107	11.541	11.517	266.708	0.000	0.010	0.000	0.100	99.900	0.000	2.509	11.692		
地93-91	2456.000	149.605	97.354	79.567	20.433	11.918	11.895	264.600	0.000	0.010	0.000	0.100	99.900	0.000	2.507	12.059		
地93-91	2456.125	142.406	97.686	69.888	30.112	12.271	12.178	257.800	0.000	0.010	0.000	0.100	99.900	0.000	2.519	12.392		
地93-91	2456.250	135.437	97.995	62.630	37.370	12.574	12.347	250.525	0.000	0.010	0.000	0.100	99.900	0.000	2.545	12.661		
地93-91	2456.375	131.552	98.259	59.436	40.564	12.791	12.376	245.950	0.000	0.010	0.000	0.100	99.900	0.000	2.575	12.843		
地93-91	2456.500	130.714	98.462	59.601	40.399	12.920	12.305	245.150	0.000	0.010	0.000	0.100	99.900	0.000	2.593	12.934		
地93-91	2456.625	132.313	98.571	62.276	37.724	12.954	12.159	246.808	0.000	0.010	0.000	0.100	99.900	0.000	2.592	12.930		
地93-91	2456.750	135.513	98.577	66.209	33.791	12.894	11.968	247.908	0.000	0.010	0.000	0.100	99.900	0.000	2.580	12.832		
地93-91	2456.875	138.712	98.464	68.901	31.099	12.739	11.766	247.521	0.000	0.010	0.000	0.100	99.900	0.000	2.573	12.653		
地93-91	2457.000	139.245	98.222	68.435	31.565	12.524	11.570	245.950	0.000	0.010	0.000	0.100	99.900	0.000	2.575	12.424		
地93-91	2457.125	137.531	97.823	65.437	34.563	12.275	11.387	244.150	0.000	0.010	0.000	0.100	99.900	0.000	2.586	12.173		
地93-91	2457.250	134.142	97.291	61.307	38.693	12.020	11.221	242.467	0.000	0.010	0.000	0.100	99.900	0.000	2.599	11.927		
地93-91	2457.375	130.752	96.642	57.897	42.103	11.788	11.079	240.546	0.000	0.010	0.000	0.100	99.900	0.000	2.607	11.713		
地93-91	2457.500	128.581	95.892	56.646	43.354	11.599	10.961	238.067	0.000	0.010	0.000	0.100	99.900	0.000	2.609	11.544		
地93-91	2457.625	129.114	95.045	57.288	42.712	11.462	10.873	234.979	0.000	0.010	0.000	0.100	99.900	0.000	2.609	11.429		
地93-91	2457.750	129.724	94.121	58.146	41.854	11.380	10.816	231.883	0.000	0.010	0.000	0.100	99.900	0.000	2.613	11.370		
地93-91	2457.875	130.676	93.123	58.260	41.740	11.354	10.796	229.312	0.000	0.010	0.000	0.100	99.900	0.000	2.620	11.361		
地93-91	2458.000	129.495	92.045	56.718	43.282	11.371	10.811	227.733	0.000	0.010	0.000	0.100	99.900	0.000	2.627	11.392		
地93-91	2458.125	127.895	90.866	54.323	45.677	11.423	10.862	227.633	0.000	0.010	0.000	0.100	99.900	0.000	2.630	11.457		
地93-91	2458.250	124.925	89.624	51.485	48.515	11.508	10.950	228.500	0.000	0.010	0.000	0.100	99.900	0.000	2.628	11.553		
地93-91	2458.375	122.868	88.354	49.883	50.117	11.620	11.080	229.592	0.000	0.010	0.000	0.100	99.900	0.000	2.623	11.668		
地93-91	2458.500	122.182	87.089	49.436	50.564	11.738	11.241	229.983	0.000	0.010	0.000	0.100	99.900	0.000	2.619	11.781		
地93-91	2458.625	122.144	85.830	49.269	50.731	11.845	11.419	229.804	0.000	0.010	0.000	0.100	99.900	0.000	2.618	11.879		
地93-91	2458.750	121.802	84.571	48.866	51.134	11.929	11.593	228.433	0.000	0.010	0.000	0.100	99.900	0.000	2.619	11.950		
地93-91	2458.875	121.344	83.331	48.425	51.575	11.980	11.726	225.887	0.000	0.010	0.000	0.100	99.900	0.000	2.618	11.985		
地93-91	2459.000	120.964	82.118	47.940	52.060	11.993	11.789	222.650	0.000	0.010	0.000	0.100	99.900	0.000	2.616	11.981		
地93-91	2459.125	120.354	80.932	47.195	52.805	11.962	11.762	219.050	0.000	0.010	0.000	0.100	99.900	0.000	2.609	11.930		
地93-91	2459.250	119.440	79.797	46.001	53.999	11.883	11.636	215.267	0.000	0.010	0.000	0.100	99.900	0.000	2.601	11.826		
地93-91	2459.375	117.840	78.744	35.395	64.605	11.742	11.403	211.546	0.019	0.010	4.231	3.321	90.470	0.569	2.595	11.667		
地93-91	2459.500	115.936	77.750	20.618	79.382	11.556	11.099	208.517	0.018	0.010	4.114	8.149	76.597	0.576	2.594	11.465	干层	
地93-91	2459.625	114.260	76.771	19.733	80.267	11.330	10.745	207.583	0.018	0.010	4.191	8.330	76.523	0.585	2.599	11.224	干层	
地93-91	2459.750	111.518	75.781	18.634	81.366	11.065	10.363	209.283	0.023	0.010	4.653	8.945	74.737	0.596	2.606	10.945	干层	
地93-91	2459.875	107.405	74.799	17.589	82.411	10.764	10.109	213.583	0.035	0.353	5.529	9.889	71.850	0.607	2.606	10.635	干层	
地93-91	2460.000	104.205	73.844	16.999	83.001	10.441	9.858	219.600	0.056	1.076	6.489	10.905	68.991	0.620	2.599	10.307	干层	
地93-91	2460.125	101.730	72.911	16.893	83.107	10.107	9.624	225.692	0.087	1.572	7.381	11.765	66.936	0.634	2.586	9.974	干层	
地93-91	2460.250	101.463	72.021	17.353	82.647	9.776	9.410	230.642	0.114	1.970	7.925	12.324	66.024	0.649	2.574	9.652	干层	
地93-91	2460.375	102.225	71.208	17.967	82.033	9.466	9.222	234.167	0.132	2.226	8.213	12.661	65.851	0.664	2.568	9.353	干层	
地93-91	2460.500	103.139	70.490	18.546	81.454	9.184	9.058	236.583	0.142	2.374	8.369	12.866	66.049	0.678	2.569	9.087	干层	
地93-91	2460.625	104.091	69.883	18.925	81.075	8.941	8.924	238.283	0.148	2.471	8.447	13.010	66.337	0.691	2.577	8.862	干层	
地93-91	2460.750	104.129	69.385	18.806	81.194	8.744	8.828	239.367	0.156	2.571	8.556	13.143	66.501	0.701	2.588	8.689	干层	
地93-91	2460.875	102.910	68.997	18.427	81.573	8.606	8.648	239.600	0.168	2.591	8.707	13.189	66.763	0.708	2.597	8.573	干层	
地93-91	2461.000	102.530	68.719	17.836	82.164	8.522	8.525	238.800	0.164	2.512	8.664	13.133	67.165	0.712	2.594	8.512	干层	
地93-91	2461.125	100.092	68.568	16.845	83.155	8.495	8.463	237.125	0.171	2.428	8.743	13.054	67.433	0.712	2.580	8.510	干层	
地93-91	2461.250	98.569	68.521	16.281	83.719	8.532	8.465	235.012	0.166	2.196	8.681	12.803	68.020	0.707	2.565	8.582	干层	
地93-91	2461.375	98.645	68.568	16.472	83.528	8.655	8.548	232.037	0.142	1.757	8.363	12.254	69.359	0.699	2.560	8.737	干层	
地93-91	2461.500	101.768	68.698	17.298	82.702	8.858	8.708	227.917	0.098	1.230	7.609	11.442	71.424	0.686	2.571	8.972	干层	
地93-91	2461.625	104.929	68.883	18.379	81.621	9.142	8.948	223.250	0.066	0.837	6.794	10.620	73.399	0.670	2.593	9.287	干层	
地93-91	2461.750	109.309	69.078	19.438	80.562	9.504	9.275	219.967	0.044	0.400	5.996	10.090	74.108	0.651	2.612	9.678	干层	
地93-91	2461.875	110.490	69.273	19.393	80.607	9.940	9.705	219.383	0.040	0.340	5.813	10.170	72.303	0.629	2.616	10.134	干层	
地93-91	2462.000	108.166	69.469	18.116	81.884	10.426	10.221	221.450	0.051	1.039	6.270	10.779	68.501	0.606	2.605	10.632	干层	
地93-91	2462.125	102.377	69.661	15.792	84.208	10.942	10.813	224.450	0.079	1.648	7.184	11.621	64.086	0.584	2.584	11.151	干层	
地93-91	2462.250	94.608	69.833	12.900	87.100	11.464	11.461	226.212	0.129	2.440	8.176	12.384	60.283	0.563	2.566	11.662	干层	
地93-91	2462.375	85.581	69.966	10.099	89.901	11.959	12.127	225.762	0.200	3.104	9.068	12.855	57.700	0.545	2.561	12.136	干层	
地93-91	2462.500	78.611	70.042	7.874	92.126	12.402	12.759	223.150	0.250	3.543	9.521	12.938	56.530	0.531	2.569	12.550	干层	
地93-91	2462.625	72.441	70.057	5.916	94.084	12.772	13.308	218.667	0.273	4.090	9.696	12.724	56.449	0.521	2.583	12.885	干层	
地93-91	2462.750	66.957	70.021	4.406	95.594	13.053	13.728	212.423	0.262	4.285	9.616	12.212	57.506	0.514	2.593	13.118	干层	
地93-91	2462.875	64.329	69.953	3.530	96.470	13.215	13.959	205.451	0.210	3.754	9.163	11.522	59.417	0.511	2.598	13.237	干层	
地93-91	2463.000	63.072	69.875	3.327	96.673	13.270	14.019	199.546	0.165	2.992	8.679	10.943	61.279	0.511	2.601	13.250	干层	
地93-91	2463.125	65.357	69.802	4.002	95.998	13.222	13.920	197.552	0.133	2.275	8.233	10.689	62.324	0.514	2.605	13.164	干层	
地93-91	2463.250	69.089	69.766	5.323	94.677	13.078	13.686	199.969	0.124	1.919	8.097	10.837	62.223	0.520	2.607	12.985	干层	
地93-91	2463.375	74.422	69.792	7.031	92.969	12.845	13.340	205.745	0.127	1.804	8.144	11.272	61.335	0.527	2.605	12.733	干层	
地93-91	2463.500	78.763	69.906	8.977	91.023	12.566	12.942	212.837	0.147	1.916	8.431	11.736	60.468	0.536	2.600	12.445	干层	
地93-91	2463.625	85.162	70.154	11.082	88.918	12.265	12.532	218.865	0.144	2.065	8.393	11.970	60.412	0.546	2.591	12.146	干层	
地93-91	2463.750	89.580	70.557	12.937	87.063	11.968	12.149	222.733	0.140	2.018	8.337	11.964	61.103	0.556	2.581	11.865	干层	
地93-91	2463.875	95.141	71.141	14.856	85.144	11.712	11.832	224.146	0.113	1.704	7.906	11.643	62.738	0.565	2.572	11.630	干层	
地93-91	2464.000	99.940	71.927	16.646	83.354	11.506	11.584	223.783	0.087	1.360	7.369	11.213	64.667	0.572	2.569	11.445	干层	
地93-91	2464.125	104.853	72.982	18.329	81.671	11.355	11.407	223.358	0.066	1.172	6.813	10.950	65.914	0.578	2.574	11.318	干层	
地93-91	2464.250	107.862	74.271	20.002	79.998	11.264	11.298	225.183	0.062	1.241	6.690	11.068	65.677	0.581	2.587	11.252	干层	
地93-91	2464.375	111.670	75.771	21.935	78.065	11.235	11.255	229.721	0.065	1.524	6.767	11.473	64.325	0.581	2.601	11.238	干层	
地93-91	2464.500	114.108	77.458	23.477	76.523	11.243	11.255	235.567	0.000	1.927	0.000	11.967	62.613	0.000	2.609	11.259	干层	
地93-91	2464.625	115.936	79.297	31.802	68.198	11.282	11.286	239.583	0.000	1.288	0.000	7.353	77.059	0.000	2.610	11.305		
地93-91	2464.750	115.860	81.193	43.126	56.874	11.339	11.336	240.333	0.000	0.010	0.000	0.100	99.900	0.000	2.608	11.366		
地93-91	2464.875	115.898	83.049	42.408	57.592	11.405	11.398	238.171	0.000	0.010	0.000	0.100	99.900	0.000	2.613	11.435		
地93-91	2465.000	113.956	84.823	41.399	58.601	11.479	11.470	234.750	0.000	0.010	0.000	0.100	99.900	0.000	2.626	11.511		
地93-91	2465.125	114.222	86.464	45.130	54.870	11.560	11.559	233.096	0.000	0.010	0.000	0.100	99.900	0.000	2.645	11.597		
地93-91	2465.250	123.173	87.932	57.949	42.051	11.653	11.672	235.154	0.000	0.010	0.000	0.100	99.900	0.000	2.659	11.699		
地93-91	2465.375	139.093	89.182	80.948	19.052	11.768	11.827	242.325	0.000	0.010	0.000	0.100	99.900	0.000	2.653	11.825		
地93-91	2465.500	159.203	90.198	99.161	0.839	11.910	12.022	253.967	0.000	0.010	0.000	0.100	99.900	0.000	2.618	11.981		
地93-91	2465.625	179.160	90.938	99.900	0.100	12.087	12.257	265.787	0.000	0.010	0.000	0.100	99.900	0.000	2.566	12.174		
地93-91	2465.750	190.053	91.438	99.900	0.100	12.303	12.528	271.692	0.000	0.010	0.000	0.100	99.900	0.000	2.527	12.411		
地93-91	2465.875	190.662	91.734	99.900	0.100	12.573	12.835	268.571	0.000	0.010	0.000	0.100	99.900	0.000	2.521	12.706		
地93-91	2466.000	184.492	91.906	99.900	0.100	12.903	13.172	257.550	0.000	0.010	0.000	0.100	99.900	0.000	2.547	13.062		
地93-91	2466.125	172.152	91.987	99.900	0.100	13.300	13.545	243.887	0.000	0.010	0.000	0.100	99.900	0.000	2.588	13.485		
地93-91	2466.250	164.078	92.000	99.900	0.100	13.762	13.957	233.637	0.000	0.010	0.000	0.100	99.900	0.000	2.622	13.972		
地93-91	2466.375	162.173	91.943	99.900	0.100	14.288	14.414	228.550	0.000	0.010	0.000	0.100	99.900	0.000	2.636	14.509		
地93-91	2466.500	163.011	91.833	99.900	0.100	14.839	14.907	227.267	0.000	0.010	0.000	0.100	99.900	0.000	2.636	15.057		
地93-91	2466.625	165.982	91.685	99.900	0.100	15.383	15.421	227.033	0.000	0.010	0.000	0.100	99.900	0.000	2.630	15.586		
地93-91	2466.750	164.230	91.516	98.701	1.299	15.890	15.930	226.350	0.000	0.010	0.000	0.100	99.900	0.000	2.624	16.061		
地93-91	2466.875	158.136	91.339	92.132	7.868	16.318	16.404	225.504	0.000	0.010	0.000	0.100	99.900	0.000	2.622	16.447		
地93-91	2467.000	150.519	91.146	81.000	19.000	16.642	16.811	225.183	0.000	0.010	0.000	0.100	99.900	0.000	2.626	16.721		
地93-91	2467.125	143.549	90.906	72.586	27.414	16.841	17.114	225.429	0.000	0.010	0.000	0.100	99.900	0.000	2.637	16.866		
地93-91	2467.250	138.941	90.641	68.606	31.394	16.903	17.283	225.242	0.000	0.010	0.000	0.100	99.900	0.000	2.648	16.860		
地93-91	2467.375	138.331	90.375	68.137	31.863	16.797	17.256	223.742	0.000	0.010	0.000	0.100	99.900	0.000	2.653	16.705		
地93-91	2467.500	138.331	90.125	68.059	31.941	16.567	17.050	220.500	0.000	0.010	0.000	0.100	99.900	0.000	2.643	16.434		
地93-91	2467.625	138.179	89.909	68.059	31.941	16.235	16.687	216.383	0.000	0.010	0.000	0.100	99.900	0.000	2.614	16.072		
地93-91	2467.750	138.407	89.724	69.483	30.517	15.827	16.210	213.925	0.000	0.010	0.000	0.100	99.900	0.000	2.565	15.644		
地93-91	2467.875	140.807	89.570	73.647	26.353	15.370	15.664	215.367	0.000	0.010	0.000	0.100	99.900	0.000	2.506	15.182		
地93-91	2468.000	145.034	89.438	79.189	20.811	14.901	15.115	221.383	0.000	0.010	0.000	0.100	99.900	0.000	2.455	14.718		
地93-91	2468.125	148.729	89.339	83.492	16.508	14.443	14.597	229.887	0.000	0.010	0.000	0.100	99.900	0.000	2.423	14.271		
地93-91	2468.250	150.671	89.276	84.197	15.803	14.015	14.134	236.292	0.000	0.010	0.000	0.100	99.900	0.000	2.422	13.868		
地93-91	2468.375	148.957	89.253	78.204	21.796	13.647	13.761	238.046	0.000	0.010	0.000	0.100	99.900	0.000	2.451	13.526		
地93-91	2468.500	140.921	89.250	66.401	33.599	13.344	13.479	235.233	0.000	0.010	0.000	0.100	99.900	0.000	2.498	13.252		
地93-91	2468.625	130.638	89.247	54.000	46.000	13.115	13.285	230.308	0.000	0.010	0.000	0.100	99.900	0.000	2.549	13.055		
地93-91	2468.750	119.669	89.224	43.708	56.292	12.964	13.170	226.417	0.000	0.010	0.000	0.100	99.900	0.000	2.590	12.936		
地93-91	2468.875	111.442	89.161	37.220	62.780	12.895	13.127	224.537	0.000	0.010	0.000	0.100	99.900	0.000	2.614	12.892		
地93-91	2469.000	106.491	89.052	34.966	65.034	12.888	13.128	224.367	0.000	0.010	0.000	0.100	99.900	0.000	2.624	12.902		
地93-91	2469.125	107.557	88.870	38.091	61.909	12.925	13.164	225.783	0.000	0.010	0.000	0.100	99.900	0.000	2.626	12.950		
地93-91	2469.250	114.641	88.599	46.315	53.685	12.988	13.223	229.008	0.000	0.010	0.000	0.100	99.900	0.000	2.623	13.016		
地93-91	2469.375	125.382	88.227	57.520	42.480	13.057	13.293	234.458	0.000	0.010	0.000	0.100	99.900	0.000	2.616	13.075		
地93-91	2469.500	135.437	87.763	67.467	32.533	13.103	13.363	241.567	0.000	0.010	0.000	0.100	99.900	0.000	2.612	13.106		
地93-91	2469.625	141.226	87.200	72.395	27.605	13.110	13.418	247.746	0.000	0.010	0.000	0.100	99.900	0.000	2.613	13.094		
地93-91	2469.750	142.140	86.526	70.683	29.317	13.069	13.438	250.458	0.000	0.010	0.000	0.100	99.900	0.000	2.620	13.024		
地93-91	2469.875	137.455	85.732	64.321	35.679	12.958	13.390	249.183	0.000	0.010	0.000	0.100	99.900	0.000	2.627	12.888		
地93-91	2470.000	131.933	84.836	58.127	41.873	12.784	13.264	245.883	0.000	0.010	0.000	0.100	99.900	0.000	2.628	12.690		
地93-91	2470.125	127.248	83.868	54.055	45.945	12.549	13.055	244.175	0.000	0.010	0.000	0.100	99.900	0.000	2.618	12.432		
地93-91	2470.250	125.305	82.888	51.365	48.635	12.258	12.769	245.242	0.000	0.010	0.000	0.100	99.900	0.000	2.600	12.124		
地93-91	2470.375	121.992	81.963	46.765	53.235	11.923	12.406	247.396	0.000	0.010	0.000	0.100	99.900	0.000	2.580	11.784		
地93-91	2470.500	115.784	81.171	40.266	59.734	11.575	11.996	247.883	0.000	0.010	0.000	0.100	99.900	0.000	2.567	11.437		
地93-91	2470.625	108.243	80.601	33.886	66.114	11.231	11.563	244.671	0.000	0.010	0.000	0.100	99.900	0.000	2.561	11.101		
地93-91	2470.750	101.616	80.274	29.048	70.952	10.905	11.133	239.433	0.000	0.010	0.000	0.100	99.900	0.000	2.562	10.787		
地93-91	2470.875	96.817	80.249	26.184	73.816	10.610	10.738	234.258	0.000	0.010	0.000	0.100	99.900	0.000	2.564	10.507		
地93-91	2471.000	94.760	80.575	25.477	74.523	10.354	10.392	230.533	0.000	0.010	0.000	0.100	99.900	0.000	2.562	10.273		
地93-91	2471.125	95.484	81.323	25.561	74.439	10.151	10.107	228.629	0.000	0.010	0.000	0.100	99.900	0.000	2.554	10.096		
地93-91	2471.250	94.684	82.405	25.105	74.895	10.013	9.894	227.742	0.000	0.010	0.000	0.100	99.900	0.000	2.543	9.992		
地93-91	2471.375	94.341	83.754	25.762	74.238	9.960	9.782	227.942	0.000	0.010	0.000	0.100	99.900	0.000	2.534	9.966		
地93-91	2471.500	97.045	85.266	30.474	69.526	9.976	9.766	229.917	0.000	0.010	0.000	0.100	99.900	0.000	2.531	10.005		
地93-91	2471.625	107.786	86.809	41.567	58.433	10.048	9.848	235.292	0.000	0.010	0.000	0.100	99.900	0.000	2.537	10.094		
地93-91	2471.750	123.020	88.263	57.304	42.696	10.161	10.013	243.375	0.000	0.010	0.000	0.100	99.900	0.000	2.553	10.214		
地93-91	2471.875	138.026	89.546	75.198	24.802	10.292	10.238	252.646	0.000	0.010	0.000	0.100	99.900	0.000	2.574	10.339		
地93-91	2472.000	151.433	90.578	89.415	10.585	10.410	10.470	260.633	0.000	0.010	0.000	0.100	99.900	0.000	2.593	10.444		
地93-91	2472.125	156.346	91.261	91.494	8.506	10.495	10.660	263.725	0.000	0.010	0.000	0.100	99.900	0.000	2.607	10.509		
地93-91	2472.250	152.347	91.649	82.716	17.284	10.529	10.766	261.425	0.000	0.010	0.000	0.100	99.900	0.000	2.616	10.516		
地93-91	2472.375	143.663	91.780	68.435	31.565	10.496	10.743	254.500	0.000	0.010	0.000	0.100	99.900	0.000	2.619	10.461		
地93-91	2472.500	130.257	91.697	51.749	48.251	10.409	10.606	244.950	0.000	0.010	0.000	0.100	99.900	0.000	2.617	10.358		
地93-91	2472.625	114.603	91.443	37.633	62.367	10.283	10.375	235.467	0.000	0.010	0.000	0.100	99.900	0.000	2.610	10.225		
地93-91	2472.750	102.453	91.126	29.043	70.957	10.139	10.095	228.058	0.000	0.010	0.000	0.100	99.900	0.000	2.598	10.087		
地93-91	2472.875	95.445	90.806	26.579	73.421	10.008	9.832	224.075	0.000	0.010	0.000	0.100	99.900	0.000	2.583	9.967		
地93-91	2473.000	98.112	90.516	31.003	68.997	9.907	9.650	225.267	0.000	0.010	0.000	0.100	99.900	0.000	2.558	9.884		
地93-91	2473.125	107.900	90.297	42.506	57.494	9.850	9.598	234.112	0.000	0.010	0.000	0.100	99.900	0.000	2.521	9.850		
地93-91	2473.250	125.077	90.160	61.456	38.544	9.850	9.695	248.750	0.000	0.010	0.000	0.100	99.900	0.000	2.472	9.881		
地93-91	2473.375	143.397	90.103	84.169	15.831	9.926	9.953	264.887	0.000	0.010	0.000	0.100	99.900	0.000	2.422	9.983		
地93-91	2473.500	158.898	90.112	98.857	1.143	10.068	10.309	276.150	0.000	0.010	0.000	0.100	99.900	0.000	2.386	10.148		
地93-91	2473.625	163.964	90.173	99.900	0.100	10.268	10.711	275.458	0.000	0.010	0.000	0.100	99.900	0.000	2.377	10.366		
地93-91	2473.750	162.935	90.269	96.785	3.215	10.513	11.106	264.708	0.000	0.010	0.000	0.100	99.900	0.000	2.404	10.618		
地93-91	2473.875	155.166	90.392	85.844	14.156	10.777	11.426	248.883	0.000	0.010	0.000	0.100	99.900	0.000	2.461	10.879		
地93-91	2474.000	144.577	90.546	71.421	28.579	11.033	11.646	233.983	0.000	0.010	0.000	0.100	99.900	0.000	2.527	11.124		
地93-91	2474.125	134.941	90.754	61.521	38.479	11.260	11.754	224.942	0.000	0.010	0.000	0.100	99.900	0.000	2.586	11.333		
地93-91	2474.250	129.952	91.025	57.619	42.381	11.441	11.770	221.217	0.000	0.010	0.000	0.100	99.900	0.000	2.622	11.485		
地93-91	2474.375	129.190	91.361	57.305	42.695	11.552	11.725	221.754	0.000	0.010	0.000	0.100	99.900	0.000	2.634	11.569		
地93-91	2474.500	129.647	91.755	58.005	41.995	11.594	11.669	225.367	0.000	0.010	0.000	0.100	99.900	0.000	2.630	11.585		
地93-91	2474.625	130.485	92.203	58.796	41.204	11.571	11.630	231.221	0.000	0.010	0.000	0.100	99.900	0.000	2.621	11.539		
地93-91	2474.750	130.942	92.681	59.923	40.077	11.493	11.617	237.517	0.000	0.010	0.000	0.100	99.900	0.000	2.611	11.450		
地93-91	2474.875	132.656	93.164	61.590	38.410	11.385	11.631	242.750	0.000	0.010	0.000	0.100	99.900	0.000	2.605	11.346		
地93-91	2475.000	133.608	93.626	62.495	37.505	11.288	11.666	245.650	0.000	0.010	0.000	0.100	99.900	0.000	2.605	11.263		
地93-91	2475.125	134.065	94.034	61.769	38.231	11.226	11.717	245.054	0.000	0.010	0.000	0.100	99.900	0.000	2.612	11.219		
地93-91	2475.250	131.856	94.366	59.210	40.790	11.207	11.781	241.950	0.000	0.010	0.000	0.100	99.900	0.000	2.625	11.220		
地93-91	2475.375	129.762	94.587	56.460	43.540	11.239	11.851	237.733	0.000	0.010	0.000	0.100	99.900	0.000	2.641	11.267		
地93-91	2475.500	126.905	94.664	53.285	46.715	11.309	11.916	234.300	0.000	0.010	0.000	0.100	99.900	0.000	2.654	11.349		
地93-91	2475.625	124.049	94.534	50.222	49.778	11.410	11.975	233.904	0.000	0.010	0.000	0.100	99.900	0.000	2.663	11.465		
地93-91	2475.750	121.192	94.198	48.144	51.856	11.546	12.031	236.083	0.000	0.010	0.000	0.100	99.900	0.000	2.665	11.617		
地93-91	2475.875	120.507	93.634	47.166	52.834	11.722	12.107	239.012	0.000	0.010	0.000	0.100	99.900	0.000	2.665	11.804		
地93-91	2476.000	119.135	92.833	46.303	53.697	11.927	12.222	240.550	0.000	0.010	0.000	0.100	99.900	0.000	2.665	12.021		
地93-91	2476.125	119.059	91.761	46.874	53.126	12.161	12.396	239.333	0.000	0.010	0.000	0.100	99.900	0.000	2.665	12.267		
地93-91	2476.250	120.583	90.474	49.397	50.603	12.425	12.644	236.950	0.000	0.010	0.000	0.100	99.900	0.000	2.662	12.542		
地93-91	2476.375	124.391	89.000	54.404	45.596	12.716	12.977	235.129	0.000	0.010	0.000	0.100	99.900	0.000	2.656	12.838		
地93-91	2476.500	130.257	87.376	59.958	40.042	13.020	13.361	234.917	0.000	0.010	0.000	0.100	99.900	0.000	2.649	13.140		
地93-91	2476.625	133.723	85.642	62.504	37.496	13.320	13.758	236.146	0.000	0.010	0.000	0.100	99.900	0.000	2.647	13.427		
地93-91	2476.750	133.913	83.872	61.318	38.682	13.587	14.125	236.833	0.000	0.010	0.000	0.100	99.900	0.000	2.647	13.666		
地93-91	2476.875	131.133	82.114	56.152	43.848	13.785	14.401	235.396	0.000	0.010	0.000	0.100	99.900	0.000	2.646	13.833		
地93-91	2477.000	124.011	80.406	47.997	52.003	13.906	14.561	231.333	0.000	0.010	0.000	0.100	99.900	0.000	2.640	13.917		
地93-91	2477.125	115.670	78.785	40.549	59.451	13.935	14.586	225.462	0.000	0.010	0.000	0.100	99.900	0.000	2.632	13.910		
地93-91	2477.250	109.233	77.260	35.590	64.410	13.874	14.469	220.117	0.000	0.010	0.000	0.100	99.900	0.000	2.624	13.814		
地93-91	2477.375	105.196	75.854	33.678	66.322	13.723	14.201	216.746	0.000	0.010	0.000	0.100	99.900	0.000	2.621	13.637		
地93-91	2477.500	105.729	74.597	35.017	64.983	13.506	13.839	215.850	0.000	0.010	0.000	0.100	99.900	0.000	2.622	13.401		
地93-91	2477.625	108.814	73.553	37.726	62.274	13.243	13.429	217.217	0.000	0.010	0.000	0.100	99.900	0.000	2.623	13.128		
地93-91	2477.750	111.899	72.727	39.726	60.274	12.955	13.018	219.658	0.000	0.010	0.000	0.100	99.900	0.000	2.619	12.833		
地93-91	2477.875	112.813	72.137	39.588	60.412	12.652	12.652	222.400	0.000	0.010	0.000	0.100	99.900	0.000	2.605	12.530		
地93-91	2478.000	111.061	71.782	37.394	62.606	12.348	12.344	224.750	0.000	0.010	0.000	0.100	99.900	0.000	2.587	12.230		
地93-91	2478.125	107.595	71.670	33.894	66.106	12.053	12.087	225.979	0.000	0.010	0.000	0.100	99.900	0.000	2.570	11.939		
地93-91	2478.250	102.682	71.740	30.425	69.575	11.770	11.868	226.033	0.000	0.010	0.000	0.100	99.900	0.000	2.562	11.663		
地93-91	2478.375	99.597	71.977	29.053	70.947	11.504	11.666	225.312	0.000	0.010	0.000	0.100	99.900	0.000	2.563	11.406		
地93-91	2478.500	99.940	72.362	30.132	69.868	11.260	11.458	224.483	0.000	0.010	0.000	0.100	99.900	0.000	2.571	11.171		长4+5!1^(1_1)
地93-91	2478.625	102.796	72.883	33.352	66.648	11.037	11.234	224.125	0.000	0.010	0.000	0.100	99.900	0.000	2.583	10.954		长4+5!1^(1_1)
地93-91	2478.750	108.243	73.497	38.004	61.996	10.831	10.990	224.200	0.000	0.010	0.000	0.100	99.900	0.000	2.594	10.759		长4+5!1^(1_1)
地93-91	2478.875	113.461	74.183	41.367	58.633	10.652	10.735	224.425	0.000	0.010	0.000	0.100	99.900	0.000	2.600	10.592		长4+5!1^(1_1)
地93-91	2479.000	114.870	74.914	41.489	58.511	10.501	10.493	224.533	0.000	0.010	0.000	0.100	99.900	0.000	2.598	10.451		长4+5!1^(1_1)
地93-91	2479.125	113.080	75.686	38.758	61.242	10.376	10.284	224.425	0.000	0.010	0.000	0.100	99.900	0.000	2.591	10.339		长4+5!1^(1_1)
地93-91	2479.250	108.319	76.511	34.522	65.478	10.283	10.125	224.367	0.000	0.010	0.000	0.100	99.900	0.000	2.583	10.257		长4+5!1^(1_1)
地93-91	2479.375	103.444	77.423	30.908	69.092	10.218	10.040	224.583	0.000	0.010	0.000	0.100	99.900	0.000	2.577	10.199		长4+5!1^(1_1)
地93-91	2479.500	99.940	78.446	29.553	70.447	10.171	10.012	225.200	0.000	0.010	0.000	0.100	99.900	0.000	2.575	10.161		长4+5!1^(1_1)
地93-91	2479.625	101.006	79.618	31.721	68.279	10.146	10.029	226.125	0.000	0.010	0.000	0.100	99.900	0.000	2.575	10.144		长4+5!1^(1_1)
地93-91	2479.750	106.034	80.912	36.352	63.648	10.141	10.073	227.025	0.000	0.010	0.000	0.100	99.900	0.000	2.579	10.148		长4+5!1^(1_1)
地93-91	2479.875	112.089	82.306	41.548	58.452	10.159	10.131	227.675	0.000	0.010	0.000	0.100	99.900	0.000	2.590	10.175		长4+5!1^(1_1)
地93-91	2480.000	117.307	83.763	46.399	53.601	10.199	10.191	228.133	0.000	0.010	0.000	0.100	99.900	0.000	2.606	10.222		长4+5!1^(1_1)
地93-91	2480.125	121.954	85.231	50.772	49.228	10.257	10.257	228.700	0.000	0.010	0.000	0.100	99.900	0.000	2.622	10.285		长4+5!1^(1_1)
地93-91	2480.250	125.610	86.653	55.798	44.202	10.328	10.333	229.825	0.000	0.010	0.000	0.100	99.900	0.000	2.636	10.363		长4+5!1^(1_1)
地93-91	2480.375	131.552	87.981	63.704	36.296	10.415	10.426	232.950	0.000	0.010	0.000	0.100	99.900	0.000	2.641	10.454		长4+5!1^(1_1)
地93-91	2480.500	139.398	89.167	73.637	26.363	10.513	10.541	240.100	0.000	0.010	0.000	0.100	99.900	0.000	2.630	10.555		长4+5!1^(1_1)
地93-91	2480.625	146.977	90.152	83.083	16.917	10.617	10.680	253.417	0.000	0.010	0.000	0.100	99.900	0.000	2.596	10.661		长4+5!1^(1_1)
地93-91	2480.750	152.499	90.961	89.851	10.149	10.726	10.841	269.692	0.000	0.010	0.000	0.100	99.900	0.000	2.552	10.770		长4+5!1^(1_1)
地93-91	2480.875	155.508	91.617	92.108	7.892	10.835	11.017	283.492	0.000	0.010	0.000	0.100	99.900	0.000	2.524	10.876		长4+5!1^(1_1)
地93-91	2481.000	154.632	92.159	88.849	11.151	10.938	11.190	288.950	0.000	0.010	0.000	0.100	99.900	0.000	2.526	10.978		长4+5!1^(1_1)
地93-91	2481.125	150.671	92.634	81.702	18.298	11.037	11.336	281.779	0.000	0.010	0.000	0.100	99.900	0.000	2.556	11.076		长4+5!1^(1_1)
地93-91	2481.250	144.577	93.088	72.271	27.729	11.134	11.438	267.058	0.000	0.010	0.000	0.100	99.900	0.000	2.594	11.171		长4+5!1^(1_1)
地93-91	2481.375	136.655	93.530	62.099	37.901	11.226	11.477	250.575	0.000	0.010	0.000	0.100	99.900	0.000	2.617	11.260		长4+5!1^(1_1)
地93-91	2481.500	128.429	93.958	52.345	47.655	11.311	11.470	237.150	0.000	0.010	0.000	0.100	99.900	0.000	2.622	11.340		长4+5!1^(1_1)
地93-91	2481.625	119.326	94.349	45.364	54.636	11.385	11.440	229.925	0.000	0.010	0.000	0.100	99.900	0.000	2.619	11.408		长4+5!1^(1_1)
地93-91	2481.750	116.393	94.675	44.634	55.366	11.444	11.420	228.308	0.000	0.010	0.000	0.100	99.900	0.000	2.615	11.460		长4+5!1^(1_1)
地93-91	2481.875	118.945	94.903	49.908	50.092	11.484	11.447	232.229	0.000	0.010	0.000	0.100	99.900	0.000	2.612	11.491		长4+5!1^(1_1)
地93-91	2482.000	127.819	94.997	61.755	38.245	11.502	11.527	241.350	0.000	0.010	0.000	0.100	99.900	0.000	2.607	11.498		长4+5!1^(1_1)
地93-91	2482.125	140.578	94.893	80.166	19.834	11.493	11.648	252.737	0.000	0.010	0.000	0.100	99.900	0.000	2.596	11.479		长4+5!1^(1_1)
地93-91	2482.250	156.232	94.579	96.252	3.748	11.458	11.781	259.337	0.000	0.010	0.000	0.100	99.900	0.000	2.570	11.433		长4+5!1^(1_1)
地93-91	2482.375	168.344	94.031	99.900	0.100	11.396	11.883	254.831	0.000	0.010	0.000	0.100	99.900	0.000	2.522	11.364		长4+5!1^(1_1)
地93-91	2482.500	177.789	93.255	99.900	0.100	11.316	11.932	237.675	0.000	0.010	0.000	0.100	99.900	0.000	2.469	11.281		长4+5!1^(1_1)
地93-91	2482.625	178.817	92.265	99.900	0.100	11.230	11.914	214.608	0.000	0.010	0.000	0.100	99.900	0.000	2.438	11.195		长4+5!1^(1_1)
地93-91	2482.750	175.428	91.160	99.900	0.100	11.142	11.824	198.387	0.000	0.010	0.000	0.100	99.900	0.000	2.449	11.109		长4+5!1^(1_1)
地93-91	2482.875	165.297	90.017	92.938	7.062	11.060	11.656	195.498	0.000	0.010	0.000	0.100	99.900	0.000	2.498	11.031		长4+5!1^(1_1)
地93-91	2483.000	148.843	88.925	74.666	25.334	10.988	11.438	204.717	0.000	0.010	0.000	0.100	99.900	0.000	2.554	10.963		长4+5!1^(1_1)
地93-91	2483.125	134.142	88.008	57.147	42.853	10.926	11.196	218.227	0.000	0.010	0.000	0.100	99.900	0.000	2.590	10.904		长4+5!1^(1_1)
地93-91	2483.250	121.268	87.324	44.123	55.877	10.870	10.965	227.746	0.000	0.010	0.000	0.100	99.900	0.000	2.592	10.851		长4+5!1^(1_1)
地93-91	2483.375	109.880	86.926	34.657	65.343	10.823	10.787	231.621	0.000	0.010	0.000	0.100	99.900	0.000	2.574	10.810		长4+5!1^(1_1)
地93-91	2483.500	101.311	86.849	29.076	70.924	10.791	10.673	231.758	0.000	0.010	0.000	0.100	99.900	0.000	2.555	10.786		长4+5!1^(1_1)
地93-91	2483.625	97.388	87.153	26.607	73.393	10.779	10.629	230.689	0.000	0.010	0.000	0.100	99.900	0.000	2.541	10.785		长4+5!1^(1_1)
地93-91	2483.750	95.307	87.755	26.496	73.504	10.794	10.652	229.558	0.000	0.010	0.000	0.100	99.900	0.000	2.537	10.814		长4+5!1^(1_1)
地93-91	2483.875	98.043	88.607	29.413	70.587	10.845	10.752	228.616	0.000	0.010	0.000	0.100	99.900	0.000	2.540	10.876		长4+5!1^(1_1)
地93-91	2484.000	103.302	89.652	36.661	63.339	10.923	10.921	228.539	0.000	0.010	0.000	0.100	99.900	0.000	2.546	10.964		长4+5!1^(1_1)
地93-91	2484.125	116.528	90.833	50.147	49.853	11.025	11.153	230.823	0.000	0.010	0.000	0.100	99.900	0.000	2.552	11.073		长4+5!1^(1_1)
地93-91	2484.250	131.456	92.049	66.606	33.394	11.145	11.432	236.322	0.000	0.010	0.000	0.100	99.900	0.000	2.555	11.195		长4+5!1^(1_1)
地93-91	2484.375	144.922	93.230	82.333	17.667	11.269	11.727	245.251	0.000	0.010	0.000	0.100	99.900	0.000	2.558	11.313		长4+5!1^(1_1)
地93-91	2484.500	154.090	94.312	94.222	5.778	11.379	11.998	256.074	0.000	0.010	0.000	0.100	99.900	0.000	2.568	11.412		长4+5!1^(1_1)
地93-91	2484.625	165.006	95.205	99.900	0.100	11.462	12.214	264.585	0.000	0.010	0.000	0.100	99.900	0.000	2.583	11.481		长4+5!1^(1_1)
地93-91	2484.750	186.132	95.899	99.900	0.100	11.511	12.354	267.525	0.000	0.010	0.000	0.100	99.900	0.000	2.605	11.514		长4+5!1^(1_1)
地93-91	2484.875	205.830	96.386	99.900	0.100	11.520	12.389	264.811	0.000	0.010	0.000	0.100	99.900	0.000	2.628	11.510		长4+5!1^(1_1)
地93-91	2485.000	225.027	96.681	99.900	0.100	11.497	12.331	259.689	0.000	0.010	0.000	0.100	99.900	0.000	2.639	11.476		长4+5!1^(1_1)
地93-91	2485.125	228.495	96.792	99.900	0.100	11.446	12.189	257.531	0.000	0.010	0.000	0.100	99.900	0.000	2.632	11.416		长4+5!1^(1_1)
地93-91	2485.250	223.669	96.786	99.900	0.100	11.372	11.985	260.166	0.000	0.010	0.000	0.100	99.900	0.000	2.608	11.333		长4+5!1^(1_1)
地93-91	2485.375	208.344	96.696	99.900	0.100	11.275	11.755	265.828	0.000	0.010	0.000	0.100	99.900	0.000	2.578	11.233		长4+5!1^(1_1)
地93-91	2485.500	192.941	96.548	99.900	0.100	11.170	11.540	270.917	0.000	0.010	0.000	0.100	99.900	0.000	2.547	11.128		长4+5!1^(1_1)
地93-91	2485.625	180.965	96.358	99.900	0.100	11.064	11.365	271.798	0.000	0.010	0.000	0.100	99.900	0.000	2.519	11.024		长4+5!1^(1_1)
地93-91	2485.750	180.822	96.153	99.900	0.100	10.965	11.240	268.408	0.000	0.010	0.000	0.100	99.900	0.000	2.503	10.930		长4+5!1^(1_1)
地93-91	2485.875	177.835	95.942	99.900	0.100	10.879	11.166	261.737	0.000	0.010	0.000	0.100	99.900	0.000	2.505	10.852		长4+5!1^(1_2)
地93-91	2486.000	171.531	95.735	99.900	0.100	10.812	11.120	253.406	0.000	0.010	0.000	0.100	99.900	0.000	2.529	10.795		长4+5!1^(1_2)
地93-91	2486.125	165.310	95.541	99.165	0.835	10.771	11.094	245.335	0.000	0.010	0.000	0.100	99.900	0.000	2.573	10.768		长4+5!1^(1_2)
地93-91	2486.250	158.840	95.368	93.590	6.410	10.762	11.082	238.951	0.000	0.010	0.000	0.100	99.900	0.000	2.621	10.775		长4+5!1^(1_2)
地93-91	2486.375	151.785	95.222	83.300	16.700	10.795	11.085	234.911	0.000	0.010	0.000	0.100	99.900	0.000	2.651	10.822		长4+5!1^(1_2)
地93-91	2486.500	145.641	95.104	75.023	24.977	10.862	11.106	232.982	0.000	0.010	0.000	0.100	99.900	0.000	2.663	10.899		长4+5!1^(1_2)
地93-91	2486.625	140.288	95.018	67.591	32.409	10.955	11.149	232.372	0.000	0.010	0.000	0.100	99.900	0.000	2.661	11.000		长4+5!1^(1_2)
地93-91	2486.750	134.192	94.950	60.063	39.937	11.068	11.218	232.015	0.000	0.010	0.000	0.100	99.900	0.000	2.652	11.124		长4+5!1^(1_2)
地93-91	2486.875	127.951	94.885	53.844	46.156	11.206	11.324	231.451	0.000	0.010	0.000	0.100	99.900	0.000	2.642	11.269		长4+5!1^(1_2)
地93-91	2487.000	123.720	94.798	50.130	49.870	11.362	11.460	230.704	0.000	0.010	0.000	0.100	99.900	0.000	2.632	11.431		长4+5!1^(1_2)
地93-91	2487.125	121.478	94.653	48.626	51.374	11.535	11.624	230.045	0.000	0.010	0.000	0.100	99.900	0.000	2.627	11.611		长4+5!1^(1_2)
地93-91	2487.250	121.250	94.430	48.983	51.017	11.726	11.813	229.671	0.000	0.010	0.000	0.100	99.900	0.000	2.627	11.811		长4+5!1^(1_2)
地93-91	2487.375	122.449	94.095	50.357	49.643	11.937	12.029	229.625	0.000	0.010	0.000	0.100	99.900	0.000	2.633	12.032		长4+5!1^(1_2)
地93-91	2487.500	123.930	93.615	51.552	48.448	12.173	12.278	229.781	0.000	0.010	0.000	0.100	99.900	0.000	2.641	12.282		长4+5!1^(1_2)
地93-91	2487.625	124.528	92.934	51.992	48.008	12.444	12.563	230.112	0.000	0.010	0.000	0.100	99.900	0.000	2.648	12.566		长4+5!1^(1_2)
地93-91	2487.750	124.658	92.070	51.714	48.286	12.750	12.885	230.776	0.000	0.010	0.000	0.100	99.900	0.000	2.652	12.884		长4+5!1^(1_2)
地93-91	2487.875	123.815	91.032	51.145	48.855	13.086	13.239	231.872	0.000	0.010	0.000	0.100	99.900	0.000	2.652	13.225		长4+5!1^(1_2)
地93-91	2488.000	123.751	89.849	50.590	49.410	13.434	13.604	233.187	0.000	0.010	0.000	0.100	99.900	0.000	2.649	13.573		长4+5!1^(1_2)
地93-91	2488.125	122.533	88.564	48.865	51.135	13.782	13.964	234.180	0.000	0.010	0.000	0.100	99.900	0.000	2.640	13.918		长4+5!1^(1_2)
地93-91	2488.250	120.227	87.262	45.463	54.537	14.121	14.304	234.430	0.000	0.010	0.000	0.100	99.900	0.000	2.626	14.250		长4+5!1^(1_2)
地93-91	2488.375	115.231	85.996	39.238	60.762	14.443	14.607	234.023	0.000	0.010	0.000	0.100	99.900	0.000	2.604	14.562		长4+5!1^(1_2)
地93-91	2488.500	106.191	84.804	30.853	69.147	14.740	14.867	233.368	0.000	0.010	0.000	0.100	99.900	0.000	2.576	14.844		长4+5!1^(1_2)
地93-91	2488.625	95.257	83.734	23.469	76.531	14.998	15.078	232.944	0.000	0.010	0.000	0.100	99.900	0.000	2.547	15.080		长4+5!1^(1_2)
地93-91	2488.750	87.641	82.791	19.435	80.565	15.203	15.238	232.778	0.000	0.010	0.000	0.100	99.900	0.000	2.523	15.260		长4+5!1^(1_2)
地93-91	2488.875	84.630	81.984	19.142	80.858	15.346	15.342	232.663	0.000	0.010	0.000	0.100	99.900	0.000	2.508	15.387		长4+5!1^(1_2)
地93-91	2489.000	88.024	81.313	22.577	77.423	15.448	15.408	232.345	0.000	0.010	0.000	0.100	99.900	0.000	2.502	15.477		长4+5!1^(1_2)
地93-91	2489.125	95.349	80.812	28.021	71.979	15.521	15.453	231.701	0.000	0.010	0.000	0.100	99.900	0.000	2.508	15.543		长4+5!1^(1_2)
地93-91	2489.250	102.787	80.471	33.533	66.467	15.575	15.495	231.026	0.000	0.010	0.000	0.100	99.900	0.000	2.522	15.593		长4+5!1^(1_2)
地93-91	2489.375	108.770	80.301	37.599	62.401	15.619	15.548	230.484	0.000	0.010	0.000	0.100	99.900	0.000	2.537	15.634		长4+5!1^(1_2)
地93-91	2489.500	111.615	80.307	38.283	61.717	15.657	15.612	230.116	0.000	0.010	0.000	0.100	99.900	0.000	2.546	15.671		长4+5!1^(1_2)
地93-91	2489.625	109.265	80.533	35.459	64.541	15.693	15.676	229.698	0.000	0.010	0.000	0.100	99.900	0.000	2.543	15.708		长4+5!1^(1_2)
地93-91	2489.750	104.757	80.948	31.699	68.301	15.731	15.725	229.050	0.000	0.010	0.000	0.100	99.900	0.000	2.531	15.742		长4+5!1^(1_2)
地93-91	2489.875	100.373	81.543	28.617	71.383	15.758	15.749	228.178	0.000	0.010	0.000	0.100	99.900	0.000	2.515	15.755		长4+5!1^(1_2)
地93-91	2490.000	97.354	82.305	28.022	71.978	15.750	15.746	227.402	0.000	0.010	0.000	0.100	99.900	0.000	2.505	15.728		长4+5!1^(1_2)
地93-91	2490.125	99.970	83.243	31.278	68.722	15.696	15.707	227.294	0.000	0.010	0.000	0.100	99.900	0.000	2.504	15.654		长4+5!1^(1_2)
地93-91	2490.250	106.181	84.303	37.202	62.798	15.591	15.619	227.796	0.000	0.010	0.000	0.100	99.900	0.000	2.516	15.526		长4+5!1^(1_2)
地93-91	2490.375	114.167	85.444	43.428	56.572	15.428	15.455	228.229	0.000	0.010	0.000	0.100	99.900	0.000	2.542	15.346		长4+5!1^(1_2)
地93-91	2490.500	119.121	86.615	46.830	53.170	15.224	15.218	227.442	0.000	0.010	0.000	0.100	99.900	0.000	2.577	15.130		长4+5!1^(1_2)
地93-91	2490.625	120.383	87.745	45.913	54.087	14.989	14.922	224.239	0.000	0.010	0.000	0.100	99.900	0.000	2.614	14.883		长4+5!1^(1_2)
地93-91	2490.750	116.153	88.772	41.902	58.098	14.723	14.590	219.750	0.000	0.010	0.000	0.100	99.900	0.000	2.644	14.609		长4+5!1^(1_2)
地93-91	2490.875	112.200	89.642	38.966	61.034	14.437	14.242	216.132	0.000	0.010	0.000	0.100	99.900	0.000	2.661	14.321		长4+5!1^(1_2)
地93-91	2491.000	110.277	90.320	38.696	61.304	14.148	13.893	215.576	0.000	0.010	0.000	0.100	99.900	0.000	2.668	14.035		长4+5!1^(1_2)
地93-91	2491.125	112.412	90.750	40.675	59.325	13.865	13.552	219.293	0.000	0.010	0.000	0.100	99.900	0.000	2.670	13.755		长4+5!1^(1_2)
地93-91	2491.250	114.585	90.956	42.803	57.197	13.590	13.232	224.769	0.000	0.010	0.000	0.100	99.900	0.000	2.673	13.485		长4+5!1^(1_2)
地93-91	2491.375	116.946	90.934	44.725	55.275	13.327	12.946	229.466	0.000	0.010	0.000	0.100	99.900	0.000	2.676	13.226		长4+5!1^(1_2)
地93-91	2491.500	118.366	90.681	45.397	54.603	13.074	12.692	231.741	0.000	0.010	0.000	0.100	99.900	0.000	2.673	12.978		长4+5!1^(1_2)
地93-91	2491.625	117.946	90.170	44.193	55.807	12.833	12.463	231.232	0.000	0.010	0.000	0.100	99.900	0.000	2.662	12.747		长4+5!1^(1_2)
地93-91	2491.750	115.497	89.460	41.549	58.451	12.617	12.248	229.599	0.000	0.010	0.000	0.100	99.900	0.000	2.646	12.545		长4+5!1^(1_2)
地93-91	2491.875	112.272	88.587	38.306	61.694	12.439	12.048	227.829	0.000	0.010	0.000	0.100	99.900	0.000	2.633	12.385		长4+5!1^(1_2)
地93-91	2492.000	108.306	87.602	34.565	65.435	12.305	11.878	226.280	0.000	0.010	0.000	0.100	99.900	0.000	2.628	12.275		长4+5!1^(1_2)
地93-91	2492.125	103.591	86.563	30.519	69.481	12.231	11.752	224.988	0.000	0.010	0.000	0.100	99.900	0.000	2.627	12.229		长4+5!1^(1_2)
地93-91	2492.250	98.464	85.532	26.723	73.277	12.227	11.686	223.881	0.000	0.010	0.000	0.100	99.900	0.000	2.622	12.261		长4+5!1^(1_2)
地93-91	2492.375	94.021	84.531	23.877	76.123	12.312	11.712	222.925	0.000	0.010	0.000	0.100	99.900	0.000	2.609	12.378		长4+5!1^(1_2)
地93-91	2492.500	91.095	83.570	22.138	77.862	12.476	11.830	222.056	0.000	0.010	0.000	0.100	99.900	0.000	2.591	12.573		长4+5!1^(1_2)
地93-91	2492.625	89.380	82.654	21.753	78.247	12.718	12.054	221.358	0.000	0.010	0.000	0.100	99.900	0.000	2.576	12.845		长4+5!1^(1_2)
地93-91	2492.750	90.572	81.766	23.399	76.601	13.036	12.395	221.300	0.000	0.010	0.000	0.100	99.900	0.000	2.571	13.201		长4+5!1^(1_2)
地93-91	2492.875	94.568	80.855	21.529	78.471	13.447	12.866	222.431	0.107	0.751	7.786	4.657	83.152	0.501	2.578	13.648		长4+5!1^(1_2)
地93-91	2493.000	100.384	79.896	16.849	83.151	13.949	13.433	224.753	0.089	1.896	7.423	11.487	57.596	0.487	2.591	14.184	干层	长4+5!1^(1_3)
地93-91	2493.125	104.268	78.897	17.821	82.179	14.536	14.074	227.204	0.083	2.061	7.275	11.571	56.179	0.472	2.603	14.800	干层	长4+5!1^(1_3)
地93-91	2493.250	103.572	77.887	16.958	83.042	15.195	14.761	228.213	0.091	2.369	7.452	11.766	54.384	0.457	2.609	15.480	干层	长4+5!1^(1_3)
地93-91	2493.375	98.998	76.825	14.717	85.283	15.907	15.461	227.073	0.108	2.715	7.809	11.959	52.631	0.441	2.606	16.198	干层	长4+5!1^(1_3)
地93-91	2493.500	91.982	75.690	11.898	88.102	16.634	16.143	224.131	0.133	3.051	8.233	12.115	51.067	0.426	2.598	16.922	干层	长4+5!1^(1_3)
地93-91	2493.625	84.106	74.472	9.514	90.486	17.354	16.786	220.474	0.165	3.273	8.671	12.179	49.848	0.413	2.590	17.637	干层	长4+5!1^(1_3)
地93-91	2493.750	79.408	73.196	8.242	91.758	18.060	17.387	217.267	0.178	3.257	8.825	12.087	49.147	0.401	2.586	18.328	干层	长4+5!1^(1_3)
地93-91	2493.875	77.525	71.892	7.613	92.387	18.729	17.947	214.958	0.174	3.195	8.781	11.975	48.608	0.391	2.587	18.973	干层	长4+5!1^(1_3)
地93-91	2494.000	75.996	70.589	7.050	92.950	19.338	18.480	213.638	0.176	3.329	8.802	11.996	47.828	0.382	2.589	19.547	干层	长4+5!1^(1_3)
地93-91	2494.125	73.804	69.390	6.293	93.707	19.860	18.980	213.323	0.194	3.763	8.997	12.197	46.710	0.375	2.589	20.030	干层	长4+5!1^(1_3)
地93-91	2494.250	70.196	68.260	5.233	94.767	20.284	19.334	213.503	0.235	4.652	9.392	12.544	45.366	0.370	2.583	20.413	干层	长4+5!1^(1_3)
地93-91	2494.375	65.351	67.167	4.038	95.962	20.607	19.602	213.720	0.304	6.526	9.918	12.928	44.066	0.365	2.573	20.712	干层	长4+5!1^(1_3)
地93-91	2494.500	60.609	66.104	3.078	96.922	20.870	19.894	213.551	0.384	8.986	10.394	13.172	43.203	0.361	2.565	20.957	干层	长4+5!1^(1_3)
地93-91	2494.625	57.926	65.086	2.573	97.427	21.088	20.221	212.595	0.420	10.171	10.573	13.156	43.024	0.359	2.566	21.162	干层	长4+5!1^(1_3)
地93-91	2494.750	57.192	64.130	2.479	97.521	21.273	20.576	210.862	0.399	9.323	10.469	12.892	43.491	0.357	2.579	21.328	干层	长4+5!1^(1_3)
地93-91	2494.875	58.424	63.253	2.716	97.284	21.411	20.874	208.475	0.331	7.152	10.092	12.445	44.476	0.355	2.601	21.448	干层	长4+5!1^(1_3)
地93-91	2495.000	60.624	62.458	3.103	96.897	21.504	21.103	205.916	0.260	5.215	9.597	11.989	45.559	0.355	2.621	21.525	干层	长4+5!1^(1_3)
地93-91	2495.125	62.802	61.755	3.546	96.454	21.558	21.270	204.307	0.214	4.083	9.203	11.703	46.269	0.355	2.630	21.564	干层	长4+5!1^(1_3)
地93-91	2495.250	64.808	61.125	4.041	95.959	21.574	21.500	204.397	0.194	3.580	9.003	11.658	46.388	0.355	2.625	21.563	干层	长4+5!1^(1_3)
地93-91	2495.375	66.491	60.549	4.499	95.501	21.547	21.662	206.230	0.196	3.566	9.019	11.846	45.935	0.356	2.613	21.523	干层	长4+5!1^(1_3)
地93-91	2495.500	67.330	60.000	4.837	95.163	21.486	21.700	209.109	0.217	3.972	9.232	12.164	45.185	0.356	2.603	21.451	干层	长4+5!1^(1_3)
地93-91	2495.625	67.786	59.484	5.146	94.854	21.397	21.625	211.918	0.245	4.509	9.477	12.447	44.574	0.357	2.600	21.346	干层	长4+5!1^(1_3)
地93-91	2495.750	68.659	59.005	5.526	94.474	21.271	21.450	214.064	0.261	4.832	9.610	12.612	44.308	0.359	2.603	21.208	干层	长4+5!1^(1_3)
地93-91	2495.875	69.936	58.565	5.965	94.035	21.114	21.262	215.564	0.265	4.932	9.634	12.674	44.328	0.361	2.604	21.046	干层	长4+5!1^(1_3)
地93-91	2496.000	71.448	58.146	6.301	93.699	20.945	21.075	216.565	0.258	4.934	9.580	12.693	44.466	0.363	2.598	20.875	干层	长4+5!1^(1_3)
地93-91	2496.125	71.869	57.742	6.263	93.737	20.771	20.887	217.050	0.259	5.019	9.587	12.748	44.513	0.365	2.588	20.708	干层	长4+5!1^(1_3)
地93-91	2496.250	70.716	57.349	5.877	94.123	20.614	20.700	217.061	0.274	5.196	9.708	12.841	44.447	0.367	2.581	20.560	干层	长4+5!1^(1_3)
地93-91	2496.375	68.889	56.979	5.414	94.586	20.480	20.587	216.676	0.295	5.334	9.858	12.913	44.411	0.369	2.580	20.432	干层	长4+5!1^(1_3)
地93-91	2496.500	67.465	56.635	5.110	94.890	20.360	20.500	216.135	0.309	5.353	9.950	12.933	44.486	0.370	2.586	20.320	干层	长4+5!1^(1_3)
地93-91	2496.625	66.928	56.346	5.170	94.830	20.259	20.412	215.737	0.311	5.175	9.964	12.868	44.758	0.372	2.595	20.224	干层	长4+5!1^(1_3)
地93-91	2496.750	68.493	56.115	5.682	94.318	20.171	20.350	215.539	0.284	4.749	9.781	12.688	45.309	0.373	2.600	20.139	干层	长4+5!1^(1_3)
地93-91	2496.875	71.180	55.922	6.323	93.677	20.091	20.275	215.407	0.246	4.281	9.488	12.472	45.952	0.374	2.596	20.060	干层	长4+5!1^(1_3)
地93-91	2497.000	73.312	55.760	6.739	93.261	20.013	20.125	215.174	0.218	3.944	9.242	12.307	46.472	0.376	2.586	19.982	干层	长4+5!1^(1_3)
地93-91	2497.125	74.135	55.638	6.860	93.140	19.936	19.938	214.766	0.205	3.748	9.113	12.208	46.825	0.377	2.571	19.904	干层	长4+5!1^(1_3)
地93-91	2497.250	74.262	55.557	6.797	93.203	19.857	19.750	214.295	0.199	3.651	9.051	12.160	47.035	0.378	2.558	19.834	干层	长4+5!1^(1_3)
地93-91	2497.375	73.759	55.516	6.597	93.403	19.800	19.562	213.900	0.200	3.663	9.062	12.171	47.056	0.378	2.554	19.791	干层	长4+5!1^(1_3)
地93-91	2497.500	72.855	55.500	6.332	93.668	19.778	19.400	213.715	0.207	3.779	9.137	12.238	46.893	0.379	2.558	19.780	干层	长4+5!1^(1_3)
地93-91	2497.625	71.808	55.500	6.225	93.775	19.784	19.275	213.829	0.220	3.881	9.258	12.294	46.727	0.378	2.565	19.796	干层	长4+5!1^(1_3)
地93-91	2497.750	72.284	55.495	6.517	93.483	19.814	19.150	214.063	0.217	3.798	9.233	12.242	46.814	0.378	2.570	19.837	干层	长4+5!1^(1_3)
地93-91	2497.875	74.134	55.474	7.158	92.842	19.871	19.037	214.271	0.200	3.538	9.062	12.085	47.157	0.377	2.571	19.899	干层	长4+5!1^(1_3)
地93-91	2498.000	77.081	55.438	7.931	92.069	19.943	19.025	214.379	0.173	3.213	8.767	11.876	47.622	0.376	2.575	19.979	干层	长4+5!1^(1_3)
地93-91	2498.125	79.484	55.396	8.414	91.586	20.033	19.087	214.314	0.152	2.994	8.510	11.723	47.920	0.375	2.588	20.076	干层	长4+5!1^(1_3)
地93-91	2498.250	80.151	55.339	8.311	91.689	20.141	19.150	214.040	0.145	2.964	8.412	11.691	47.882	0.374	2.608	20.180	干层	长4+5!1^(1_3)
地93-91	2498.375	78.498	55.266	7.689	92.312	20.237	19.212	213.454	0.153	3.061	8.523	11.749	47.628	0.372	2.628	20.261	干层	长4+5!1^(1_3)
地93-91	2498.500	75.997	55.177	7.080	92.920	20.297	19.275	212.447	0.165	3.068	8.678	11.749	47.577	0.372	2.638	20.304	干层	长4+5!1^(1_3)
地93-91	2498.625	75.017	55.070	6.979	93.021	20.315	19.337	211.118	0.162	2.850	8.642	11.599	48.018	0.372	2.634	20.278	干层	长4+5!1^(1_3)
地93-91	2498.750	76.277	54.948	7.489	92.511	20.222	19.462	210.110	0.145	2.533	8.406	11.371	48.761	0.374	2.619	20.186	干层	长4+5!1^(1_3)
地93-91	2498.875	79.263	54.810	8.440	91.560	20.131	19.500	210.180	0.125	2.334	8.102	11.221	49.303	0.375	2.597	20.088	干层	长4+5!1^(1_3)
地93-91	2499.000	82.610	54.667	9.398	90.602	20.023	19.500	211.901	0.115	2.459	7.933	11.332	49.134	0.377	2.575	19.973	干层	长4+5!1^(1_3)
地93-91	2499.125	84.215	54.536	9.878	90.122	19.897	19.500	215.414	0.127	3.056	8.132	11.771	48.076	0.379	2.561	19.846	干层	长4+5!1^(1_3)
地93-91	2499.250	83.532	54.396	9.854	90.146	19.768	19.500	219.611	0.162	4.072	8.641	12.386	46.586	0.380	2.554	19.720	干层	长4+5!1^(1_3)
地93-91	2499.375	81.969	54.232	9.644	90.356	19.648	19.500	223.545	0.215	5.269	9.213	12.968	45.228	0.381	2.551	19.606	干层	长4+5!1^(1_3)
地93-91	2499.500	80.522	54.063	9.565	90.435	19.542	19.500	226.541	0.270	6.211	9.676	13.359	44.371	0.382	2.544	19.510	油层	长4+5!1^(1_3)
地93-91	2499.625	80.591	53.893	9.838	90.162	19.461	19.500	228.274	0.294	6.586	9.849	13.503	44.095	0.383	2.531	19.445	油层	长4+5!1^(1_3)
地93-91	2499.750	81.860	53.719	10.365	89.635	19.421	19.500	229.265	0.290	6.552	9.820	13.494	44.150	0.383	2.514	19.416	油层	长4+5!1^(1_3)
地93-91	2499.875	83.682	53.529	10.879	89.121	19.409	19.500	229.855	0.272	6.409	9.692	13.444	44.274	0.383	2.500	19.415	油层	长4+5!1^(1_3)
地93-91	2500.000	84.700	53.323	11.061	88.939	19.424	19.500	230.258	0.264	6.439	9.628	13.452	44.226	0.383	2.498	19.440	油层	长4+5!1^(1_3)
地93-91	2500.125	84.390	53.109	10.865	89.135	19.465	19.500	230.528	0.272	6.686	9.689	13.531	43.974	0.382	2.507	19.491	油层	长4+5!1^(1_3)
地93-91	2500.250	83.206	53.109	10.380	89.620	19.530	19.563	230.661	0.291	7.114	9.826	13.665	43.573	0.381	2.523	19.561	油层	长4+5!1^(1_3)
地93-91	2500.375	81.102	53.219	9.760	90.240	19.606	19.625	230.697	0.324	7.659	10.049	13.828	43.097	0.380	2.538	19.640	油层	长4+5!1^(1_3)
地93-91	2500.500	79.261	53.250	9.265	90.735	19.690	19.725	230.756	0.357	8.211	10.246	13.981	42.644	0.378	2.542	19.724	油层	长4+5!1^(1_3)
地93-91	2500.625	77.873	53.219	8.975	91.025	19.775	19.850	231.104	0.391	8.805	10.427	14.135	42.189	0.377	2.531	19.811	油层	长4+5!1^(1_3)
地93-91	2500.750	77.230	53.063	8.874	91.126	19.864	20.038	231.913	0.421	9.508	10.578	14.306	41.692	0.375	2.510	19.910	油层	长4+5!1^(1_3)
地93-91	2500.875	76.781	52.813	8.893	91.107	19.979	20.225	233.122	0.458	10.312	10.751	14.486	41.144	0.373	2.489	20.042	油层	长4+5!1^(1_3)
地93-91	2501.000	76.889	52.500	9.141	90.859	20.138	20.450	234.413	0.486	10.821	10.874	14.582	40.742	0.371	2.477	20.218	油层	长4+5!1^(1_3)
地93-91	2501.125	78.154	52.219	9.791	90.209	20.338	20.750	235.184	0.474	10.531	10.823	14.487	40.721	0.368	2.476	20.438	油层	长4+5!1^(1_3)
地93-91	2501.250	81.288	52.125	10.847	89.153	20.586	21.063	235.223	0.405	9.468	10.501	14.195	41.096	0.365	2.480	20.701	油层	长4+5!1^(1_3)
地93-91	2501.375	85.078	52.125	11.946	88.054	20.872	21.375	234.685	0.325	8.288	10.050	13.848	41.580	0.361	2.483	20.993	油层	长4+5!1^(1_3)
地93-91	2501.500	88.148	52.000	12.670	87.330	21.174	21.650	234.085	0.269	7.631	9.668	13.624	41.775	0.358	2.478	21.302	油层	长4+5!1^(1_3)
地93-91	2501.625	89.158	51.813	12.773	87.227	21.494	21.900	234.063	0.255	7.819	9.561	13.641	41.406	0.354	2.470	21.627	油层	长4+5!1^(1_3)
地93-91	2501.750	88.236	51.500	12.319	87.681	21.825	22.087	234.785	0.278	8.876	9.732	13.894	40.517	0.350	2.466	21.946	油层	长4+5!1^(1_3)
地93-91	2501.875	85.691	51.188	11.467	88.533	22.128	22.275	236.186	0.340	10.843	10.143	14.330	39.286	0.346	2.468	22.228	油层	长4+5!1^(1_3)
地93-91	2502.000	82.156	51.000	10.439	89.561	22.378	22.387	238.038	0.447	13.610	10.704	14.857	37.965	0.343	2.478	22.448	油层	长4+5!1^(1_3)
地93-91	2502.125	78.379	51.031	9.490	90.510	22.552	22.300	239.911	0.597	16.486	11.292	15.329	36.887	0.341	2.488	22.572	油层	长4+5!1^(1_3)
地93-91	2502.250	75.495	51.188	8.685	91.315	22.603	22.100	241.003	0.732	18.419	11.706	15.615	36.311	0.341	2.492	22.579	油层	长4+5!1^(1_3)
地93-91	2502.375	72.818	51.438	7.827	92.173	22.543	21.825	240.650	0.824	18.942	11.947	15.701	36.232	0.342	2.488	22.478	油层	长4+5!1^(1_3)
地93-91	2502.500	70.026	51.750	6.986	93.014	22.379	21.475	238.728	0.862	18.062	12.038	15.602	36.607	0.344	2.481	22.276	油层	长4+5!1^(1_3)
地93-91	2502.625	68.058	52.219	6.532	93.468	22.121	21.050	236.007	0.829	16.223	11.959	15.361	37.352	0.347	2.477	21.986	油层	长4+5!1^(1_3)
地93-91	2502.750	68.338	52.688	6.681	93.319	21.784	20.537	233.876	0.733	14.230	11.708	15.077	38.269	0.352	2.481	21.628	油层	长4+5!1^(1_3)
地93-91	2502.875	70.230	53.156	7.390	92.610	21.396	19.950	233.004	0.636	12.516	11.420	14.807	39.224	0.357	2.491	21.227	油层	长4+5!1^(1_3)
地93-91	2503.000	74.020	53.500	8.558	91.442	20.976	19.362	233.129	0.527	10.844	11.039	14.507	40.299	0.363	2.502	20.804	油层	长4+5!1^(1_3)
地93-91	2503.125	78.402	53.656	9.964	90.036	20.546	18.900	233.243	0.424	9.048	10.595	14.119	41.616	0.369	2.507	20.378	油层	长4+5!1^(1_3)
地93-91	2503.250	83.538	53.813	11.384	88.616	20.125	18.475	232.659	0.317	7.220	10.000	13.639	43.181	0.375	2.504	19.966	油层	长4+5!1^(1_3)
地93-91	2503.375	87.530	54.063	12.414	87.586	19.728	18.125	231.362	0.242	5.790	9.449	13.183	44.720	0.381	2.499	19.584	油层	长4+5!1^(1_3)
地93-91	2503.500	90.154	54.250	12.984	87.016	19.368	17.850	229.751	0.195	4.837	9.008	12.829	46.022	0.387	2.499	19.237	油层	长4+5!1^(1_3)
地93-91	2503.625	91.281	54.378	13.385	86.615	19.040	17.650	228.410	0.171	4.237	8.751	12.577	47.067	0.392	2.506	18.918	油层	长4+5!1^(1_3)
地93-91	2503.750	93.108	54.417	13.969	86.031	18.736	17.537	227.706	0.151	3.821	8.488	12.391	47.927	0.397	2.516	18.629	油层	长4+5!1^(1_3)
地93-91	2503.875	94.731	54.526	14.567	85.433	18.469	17.500	227.811	0.139	3.637	8.330	12.315	48.456	0.401	2.523	18.380	油层	长4+5!1^(1_3)
地93-91	2504.000	96.240	54.667	15.095	84.905	18.248	17.537	228.566	0.134	3.618	8.252	12.326	48.681	0.404	2.521	18.188	油层	长4+5!1^(1_3)
地93-91	2504.125	97.095	54.734	15.231	84.769	18.099	17.650	229.527	0.135	3.763	8.263	12.421	48.555	0.406	2.507	18.092	油层	长4+5!1^(1_3)
地93-91	2504.250	96.250	54.750	14.655	85.345	18.082	17.850	230.166	0.146	4.128	8.417	12.614	47.992	0.405	2.487	18.128	油层	长4+5!1^(1_3)
地93-91	2504.375	93.297	54.750	13.509	86.491	18.196	18.125	230.382	0.171	4.718	8.747	12.886	47.059	0.402	2.468	18.298	油层	长4+5!1^(1_3)
地93-91	2504.500	89.620	54.771	12.238	87.762	18.451	18.475	230.386	0.207	5.508	9.130	13.190	45.875	0.396	2.455	18.618	油层	长4+5!1^(1_3)
地93-91	2504.625	85.823	54.835	11.166	88.834	18.869	18.900	230.626	0.254	6.461	9.550	13.495	44.519	0.388	2.451	19.111	油层	长4+5!1^(1_3)
地93-91	2504.750	83.234	54.976	10.449	89.551	19.474	19.430	231.118	0.297	7.441	9.871	13.741	43.156	0.378	2.456	19.775	油层	长4+5!1^(1_3)
地93-91	2504.875	81.247	55.214	9.884	90.116	20.224	20.150	231.570	0.337	8.380	10.124	13.924	41.854	0.367	2.467	20.571	油层	长4+5!1^(1_3)
地93-91	2505.000	79.547	55.562	9.178	90.822	21.090	21.016	231.598	0.368	9.225	10.304	14.046	40.658	0.355	2.476	21.461	油层	长4+5!1^(1_3)
地93-91	2505.125	76.522	56.041	8.194	91.806	22.015	21.910	230.547	0.407	9.741	10.509	14.072	39.703	0.344	2.483	22.384	油层	长4+5!1^(1_3)
地93-91	2505.250	73.668	56.641	7.001	92.999	22.937	22.717	228.165	0.417	9.682	10.558	13.958	39.118	0.334	2.494	23.291	油层	长4+5!1^(1_3)
地93-91	2505.375	69.111	57.369	5.580	94.420	23.821	23.395	224.242	0.430	9.040	10.623	13.704	38.917	0.325	2.520	24.152	油层	长4+5!1^(1_3)
地93-91	2505.500	65.352	58.216	4.344	95.656	24.648	23.942	218.894	0.000	7.706	0.000	13.234	39.289	0.000	2.561	24.944	油层	长4+5!1^(1_3)
地93-91	2505.625	62.147	59.187	4.088	95.912	25.386	24.382	212.591	0.000	4.091	0.000	7.770	63.796	0.000	2.607	25.623		长4+5!1^(1_3)
地93-91	2505.750	60.535	60.248	4.651	95.349	25.979	24.712	206.529	0.000	0.010	0.000	0.100	99.900	0.000	2.644	26.146		长4+5!1^(1_3)
地93-91	2505.875	60.106	61.377	4.911	95.089	26.397	24.858	201.658	0.000	0.010	0.000	0.100	99.900	0.000	2.661	26.474		长4+5!1^(2_1)
地93-91	2506.000	62.090	62.555	5.835	94.165	26.589	24.815	198.819	0.000	0.010	0.000	0.100	99.900	0.000	2.658	26.570		长4+5!1^(2_1)
地93-91	2506.125	63.852	63.774	6.715	93.285	26.540	24.627	199.036	0.000	0.010	0.000	0.100	99.900	0.000	2.640	26.410		长4+5!1^(2_1)
地93-91	2506.250	65.616	65.038	7.479	92.521	26.215	24.325	202.030	0.000	0.010	0.000	0.100	99.900	0.000	2.610	25.986		长4+5!1^(2_1)
地93-91	2506.375	66.727	66.344	6.689	93.311	25.645	23.937	207.566	0.207	2.503	9.134	5.189	76.058	0.315	2.574	25.317		长4+5!1^(2_1)
地93-91	2506.500	67.033	67.696	5.169	94.831	24.826	23.418	214.892	0.296	7.411	9.865	13.198	39.842	0.323	2.543	24.404	油层	长4+5!1^(2_1)
地93-91	2506.625	67.033	69.115	5.489	94.511	23.770	22.718	222.341	0.434	10.287	10.642	14.089	38.879	0.334	2.523	23.248	油层	长4+5!1^(2_1)
地93-91	2506.750	66.254	70.612	5.490	94.510	22.466	21.764	227.795	0.597	12.306	11.291	14.691	38.843	0.349	2.514	21.887	油层	长4+5!1^(2_1)
地93-91	2506.875	65.067	72.204	5.211	94.789	21.019	20.587	229.740	0.701	12.136	11.617	14.834	40.011	0.367	2.508	20.411	油层	长4+5!1^(2_1)
地93-91	2507.000	63.901	73.894	4.683	95.317	19.501	19.222	227.806	0.674	10.940	11.537	14.557	42.315	0.389	2.501	18.889	油层	长4+5!1^(2_1)
地93-91	2507.125	62.158	75.681	4.213	95.787	17.972	17.743	223.288	0.584	10.034	11.247	14.093	45.293	0.415	2.498	17.377	油层	长4+5!1^(2_1)
地93-91	2507.250	62.446	77.523	4.390	95.610	16.487	16.234	219.779	0.481	8.331	10.852	13.729	48.267	0.443	2.506	15.924	油层	长4+5!1^(2_1)
地93-91	2507.375	65.006	79.384	5.597	94.403	15.081	14.773	219.843	0.424	6.425	10.592	13.636	50.713	0.474	2.519	14.562	油层	长4+5!1^(2_1)
地93-91	2507.500	71.798	81.226	8.492	91.508	13.785	13.421	224.363	0.377	5.011	10.357	13.711	52.783	0.507	2.528	13.320	油层	长4+5!1^(2_1)
地93-91	2507.625	83.838	83.001	12.976	87.024	12.625	12.217	232.387	0.307	4.732	9.940	13.816	54.722	0.541	2.522	12.234	油层	长4+5!1^(2_1)
地93-91	2507.750	96.192	84.691	18.125	81.875	11.649	11.213	240.634	0.000	4.449	0.000	13.844	56.722	0.000	2.501	11.323	油层	长4+5!1^(2_1)
地93-91	2507.875	107.862	86.279	30.449	69.551	10.836	10.397	246.958	0.000	2.502	0.000	8.308	74.815	0.000	2.475	10.575		长4+5!1^(2_1)
地93-91	2508.000	116.855	87.748	46.182	53.818	10.183	9.766	249.974	0.000	0.010	0.000	0.100	99.900	0.000	2.457	9.987		长4+5!1^(2_1)
地93-91	2508.125	122.071	89.071	50.243	49.757	9.694	9.309	249.499	0.000	0.010	0.000	0.100	99.900	0.000	2.448	9.571		长4+5!1^(2_1)
地93-91	2508.250	124.217	90.279	52.817	47.183	9.387	9.044	248.370	0.000	0.010	0.000	0.100	99.900	0.000	2.447	9.324		长4+5!1^(2_1)
地93-91	2508.375	127.001	91.390	55.411	44.589	9.230	8.943	249.566	0.000	0.010	0.000	0.100	99.900	0.000	2.447	9.223		长4+5!1^(2_1)
地93-91	2508.500	128.730	92.424	58.929	41.071	9.212	9.008	254.968	0.000	0.010	0.000	0.100	99.900	0.000	2.446	9.256		长4+5!1^(2_1)
地93-91	2508.625	133.761	93.405	63.768	36.232	9.321	9.238	271.667	0.000	0.010	0.000	0.100	99.900	0.000	2.446	9.417		长4+5!1^(2_1)
地93-91	2508.750	136.427	94.359	66.792	33.208	9.561	9.642	278.708	0.000	0.010	0.000	0.100	99.900	0.000	2.450	9.697		长4+5!1^(2_1)
地93-91	2508.875	138.522	95.288	69.470	30.530	9.902	10.164	282.225	0.000	0.010	0.000	0.100	99.900	0.000	2.465	10.075		长4+5!1^(2_1)
地93-91	2509.000	140.616	96.183	71.607	28.393	10.335	10.764	282.400	0.000	0.010	0.000	0.100	99.900	0.000	2.495	10.540		长4+5!1^(2_1)
地93-91	2509.125	141.569	97.024	72.668	27.332	10.846	11.409	279.008	0.000	0.010	0.000	0.100	99.900	0.000	2.545	11.079		长4+5!1^(2_1)
地93-91	2509.250	142.140	97.811	72.577	27.423	11.426	12.065	272.225	0.000	0.010	0.000	0.100	99.900	0.000	2.604	11.669		长4+5!1^(2_1)
地93-91	2509.375	141.111	98.534	71.174	28.826	12.033	12.693	262.342	0.000	0.010	0.000	0.100	99.900	0.000	2.650	12.272		长4+5!1^(2_1)
地93-91	2509.500	140.007	99.185	68.074	31.926	12.629	13.255	251.017	0.000	0.010	0.000	0.100	99.900	0.000	2.673	12.845		长4+5!1^(2_1)
地93-91	2509.625	135.627	99.754	62.736	37.264	13.169	13.712	241.283	0.000	0.010	0.000	0.100	99.900	0.000	2.678	13.334		长4+5!1^(2_1)
地93-91	2509.750	131.476	100.254	58.043	41.957	13.581	14.004	234.442	0.000	0.010	0.000	0.100	99.900	0.000	2.673	13.684		长4+5!1^(2_1)
地93-91	2509.875	127.781	100.681	54.777	45.223	13.840	14.140	230.175	0.000	0.010	0.000	0.100	99.900	0.000	2.663	13.875		长4+5!1^(2_1)
地93-91	2510.000	126.143	101.029	53.823	46.177	13.927	14.122	227.383	0.000	0.010	0.000	0.100	99.900	0.000	2.654	13.891		长4+5!1^(2_1)
地93-91	2510.125	126.448	101.294	55.115	44.885	13.838	13.955	225.508	0.000	0.010	0.000	0.100	99.900	0.000	2.651	13.727		长4+5!1^(2_1)
地93-91	2510.250	128.886	101.487	57.343	42.657	13.561	13.642	224.717	0.000	0.010	0.000	0.100	99.900	0.000	2.654	13.401		长4+5!1^(2_1)
地93-91	2510.375	130.181	101.606	59.194	40.806	13.160	13.240	225.662	0.000	0.010	0.000	0.100	99.900	0.000	2.659	12.966		长4+5!1^(2_1)
地93-91	2510.500	132.237	101.657	62.962	37.038	12.675	12.772	228.800	0.000	0.010	0.000	0.100	99.900	0.000	2.661	12.467		长4+5!1^(2_1)
地93-91	2510.625	136.998	101.653	69.367	30.633	12.156	12.278	234.958	0.000	0.010	0.000	0.100	99.900	0.000	2.658	11.959		长4+5!1^(2_1)
地93-91	2510.750	142.597	101.623	79.744	20.256	11.662	11.812	243.800	0.000	0.010	0.000	0.100	99.900	0.000	2.644	11.490		长4+5!1^(2_1)
地93-91	2510.875	152.995	101.578	93.204	6.796	11.233	11.410	254.817	0.000	0.010	0.000	0.100	99.900	0.000	2.610	11.095		长4+5!1^(2_1)
地93-91	2511.000	161.640	101.521	99.900	0.100	10.890	11.109	266.233	0.000	0.010	0.000	0.100	99.900	0.000	2.558	10.792		长4+5!1^(2_1)
地93-91	2511.125	166.515	101.427	99.900	0.100	10.644	10.927	274.367	0.000	0.010	0.000	0.100	99.900	0.000	2.500	10.591		长4+5!1^(2_1)
地93-91	2511.250	161.716	101.271	94.407	5.593	10.511	10.864	276.783	0.000	0.010	0.000	0.100	99.900	0.000	2.455	10.494		长4+5!1^(2_1)
地93-91	2511.375	151.319	101.022	79.192	20.808	10.469	10.876	272.987	0.000	0.010	0.000	0.100	99.900	0.000	2.446	10.485		长4+5!1^(2_1)
地93-91	2511.500	138.788	100.688	64.137	35.863	10.509	10.953	264.767	0.000	0.010	0.000	0.100	99.900	0.000	2.475	10.553		长4+5!1^(2_1)
地93-91	2511.625	129.343	100.284	54.267	45.733	10.620	11.079	255.308	0.000	0.010	0.000	0.100	99.900	0.000	2.531	10.690		长4+5!1^(2_1)
地93-91	2511.750	122.487	99.813	48.966	51.034	10.796	11.242	247.467	0.000	0.010	0.000	0.100	99.900	0.000	2.592	10.883		长4+5!1^(2_1)
地93-91	2511.875	120.545	99.255	47.373	52.627	11.012	11.424	241.994	0.000	0.010	0.000	0.100	99.900	0.000	2.638	11.110		长4+5!1^(2_1)
地93-91	2512.000	119.592	98.605	45.853	54.147	11.256	11.597	238.542	0.000	0.010	0.000	0.100	99.900	0.000	2.664	11.357		长4+5!1^(2_1)
地93-91	2512.125	117.231	97.880	42.729	57.271	11.510	11.754	236.223	0.000	0.010	0.000	0.100	99.900	0.000	2.672	11.606		长4+5!1^(2_1)
地93-91	2512.250	112.737	97.125	38.341	61.659	11.749	11.897	234.125	0.000	0.010	0.000	0.100	99.900	0.000	2.670	11.831		长4+5!1^(2_1)
地93-91	2512.375	107.671	96.378	34.133	65.867	11.954	12.030	231.846	0.000	0.010	0.000	0.100	99.900	0.000	2.668	12.015		长4+5!1^(2_1)
地93-91	2512.500	103.291	95.677	31.196	68.804	12.108	12.152	229.458	0.000	0.010	0.000	0.100	99.900	0.000	2.668	12.145		长4+5!1^(2_1)
地93-91	2512.625	101.082	95.049	30.268	69.732	12.201	12.259	227.706	0.000	0.010	0.000	0.100	99.900	0.000	2.670	12.207		长4+5!1^(2_1)
地93-91	2512.750	101.539	94.484	31.311	68.689	12.216	12.325	227.283	0.000	0.010	0.000	0.100	99.900	0.000	2.668	12.193		长4+5!1^(2_1)
地93-91	2512.875	104.053	93.990	33.628	66.372	12.160	12.339	228.398	0.000	0.010	0.000	0.100	99.900	0.000	2.663	12.109		长4+5!1^(2_1)
地93-91	2513.000	107.252	93.583	35.731	64.269	12.034	12.286	230.417	0.000	0.010	0.000	0.100	99.900	0.000	2.655	11.958		长4+5!1^(2_1)
地93-91	2513.125	108.623	93.286	35.996	64.004	11.845	12.156	231.667	0.000	0.010	0.000	0.100	99.900	0.000	2.649	11.747		长4+5!1^(2_1)
地93-91	2513.250	107.329	93.073	34.296	65.704	11.601	11.939	231.067	0.000	0.010	0.000	0.100	99.900	0.000	2.649	11.492		长4+5!1^(2_1)
地93-91	2513.375	104.320	92.906	32.174	67.826	11.329	11.665	228.817	0.000	0.010	0.000	0.100	99.900	0.000	2.654	11.215		长4+5!1^(2_1)
地93-91	2513.500	102.530	92.750	31.104	68.896	11.045	11.353	226.650	0.000	0.010	0.000	0.100	99.900	0.000	2.657	10.935		长4+5!1^(2_1)
地93-91	2513.625	101.958	92.560	32.546	67.454	10.769	11.032	227.879	0.000	0.010	0.000	0.100	99.900	0.000	2.655	10.672		长4+5!1^(2_2)
地93-91	2513.750	107.100	92.318	38.914	61.086	10.526	10.743	233.817	0.000	0.010	0.000	0.100	99.900	0.000	2.647	10.446		长4+5!1^(2_2)
地93-91	2513.875	117.383	92.013	49.808	50.192	10.326	10.520	243.854	0.000	0.010	0.000	0.100	99.900	0.000	2.636	10.267		长4+5!1^(2_2)
地93-91	2514.000	129.647	91.635	63.909	36.091	10.179	10.386	255.667	0.000	0.010	0.000	0.100	99.900	0.000	2.623	10.144		长4+5!1^(2_2)
地93-91	2514.125	142.292	91.117	79.993	20.007	10.093	10.352	265.558	0.000	0.010	0.000	0.100	99.900	0.000	2.609	10.089		长4+5!1^(2_2)
地93-91	2514.250	153.794	90.464	92.797	7.203	10.084	10.422	270.967	0.000	0.010	0.000	0.100	99.900	0.000	2.596	10.108		长4+5!1^(2_2)
地93-91	2514.375	158.212	89.701	96.284	3.716	10.144	10.558	270.825	0.000	0.010	0.000	0.100	99.900	0.000	2.586	10.196		长4+5!1^(2_2)
地93-91	2514.500	157.070	88.865	90.636	9.364	10.274	10.738	265.367	0.000	0.010	0.000	0.100	99.900	0.000	2.584	10.353		长4+5!1^(2_2)
地93-91	2514.625	149.757	87.979	77.795	22.205	10.471	10.946	255.771	0.000	0.010	0.000	0.100	99.900	0.000	2.591	10.578		长4+5!1^(2_2)
地93-91	2514.750	138.788	87.109	62.737	37.263	10.738	11.179	245.450	0.000	0.010	0.000	0.100	99.900	0.000	2.604	10.864		长4+5!1^(2_2)
地93-91	2514.875	126.220	86.302	49.711	50.289	11.052	11.434	236.967	0.000	0.010	0.000	0.100	99.900	0.000	2.612	11.193		长4+5!1^(2_2)
地93-91	2515.000	116.393	85.583	39.674	60.326	11.405	11.714	232.117	0.000	0.010	0.000	0.100	99.900	0.000	2.606	11.553		长4+5!1^(2_2)
地93-91	2515.125	105.500	84.992	31.296	68.704	11.776	12.023	231.746	0.000	0.010	0.000	0.100	99.900	0.000	2.580	11.922		长4+5!1^(2_2)
地93-91	2515.250	97.883	84.547	25.767	74.233	12.140	12.358	233.450	0.000	0.010	0.000	0.100	99.900	0.000	2.538	12.274		长4+5!1^(2_2)
地93-91	2515.375	91.637	84.305	21.717	78.283	12.475	12.705	235.054	0.000	0.010	0.000	0.100	99.900	0.000	2.495	12.590		长4+5!1^(2_2)
地93-91	2515.500	86.990	84.292	18.965	81.035	12.762	13.042	235.133	0.000	0.010	0.000	0.100	99.900	0.000	2.461	12.851		长4+5!1^(2_2)
地93-91	2515.625	83.829	84.500	17.614	82.386	12.986	13.342	233.212	0.000	0.010	0.000	0.100	99.900	0.000	2.443	13.042		长4+5!1^(2_2)
地93-91	2515.750	83.410	84.859	17.521	82.479	13.125	13.555	230.783	0.000	0.010	0.000	0.100	99.900	0.000	2.440	13.150		长4+5!1^(2_2)
地93-91	2515.875	83.677	85.359	17.810	82.190	13.187	13.671	228.992	0.000	0.010	0.000	0.100	99.900	0.000	2.447	13.182		长4+5!1^(2_2)
地93-91	2516.000	84.400	85.979	18.794	81.206	13.174	13.683	228.183	0.000	0.010	0.000	0.100	99.900	0.000	2.455	13.142		长4+5!1^(2_2)
地93-91	2516.125	87.066	86.708	21.569	78.431	13.093	13.597	227.867	0.000	0.010	0.000	0.100	99.900	0.000	2.461	13.038		长4+5!1^(2_2)
地93-91	2516.250	93.236	87.516	27.182	72.818	12.954	13.428	227.675	0.000	0.010	0.000	0.100	99.900	0.000	2.462	12.887		长4+5!1^(2_2)
地93-91	2516.375	103.063	88.385	36.848	63.152	12.786	13.219	228.333	0.000	0.010	0.000	0.100	99.900	0.000	2.459	12.712		长4+5!1^(2_2)
地93-91	2516.500	117.307	89.281	50.936	49.064	12.601	12.996	231.017	0.000	0.010	0.000	0.100	99.900	0.000	2.458	12.527		长4+5!1^(2_2)
地93-91	2516.625	132.161	90.172	66.118	33.882	12.416	12.786	235.746	0.000	0.010	0.000	0.100	99.900	0.000	2.460	12.349		长4+5!1^(2_2)
地93-91	2516.750	143.130	91.016	78.767	21.233	12.250	12.620	240.117	0.000	0.010	0.000	0.100	99.900	0.000	2.471	12.198		长4+5!1^(2_2)
地93-91	2516.875	150.671	91.789	86.598	13.402	12.120	12.505	242.000	0.000	0.010	0.000	0.100	99.900	0.000	2.501	12.088		长4+5!1^(2_2)
地93-91	2517.000	152.956	92.469	87.447	12.553	12.041	12.439	240.817	0.000	0.010	0.000	0.100	99.900	0.000	2.550	12.031		长4+5!1^(2_2)
地93-91	2517.125	150.938	92.979	83.794	16.206	12.016	12.411	238.200	0.000	0.010	0.000	0.100	99.900	0.000	2.605	12.027		长4+5!1^(2_2)
地93-91	2517.250	147.853	93.349	79.646	20.354	12.042	12.402	236.767	0.000	0.010	0.000	0.100	99.900	0.000	2.647	12.064		长4+5!1^(2_2)
地93-91	2517.375	145.339	93.586	75.753	24.247	12.097	12.390	237.171	0.000	0.010	0.000	0.100	99.900	0.000	2.671	12.122		长4+5!1^(2_2)
地93-91	2517.500	142.140	93.677	71.956	28.044	12.160	12.369	238.433	0.000	0.010	0.000	0.100	99.900	0.000	2.679	12.185		长4+5!1^(2_2)
地93-91	2517.625	139.931	93.599	68.834	31.166	12.222	12.338	238.996	0.000	0.010	0.000	0.100	99.900	0.000	2.672	12.242		长4+5!1^(2_2)
地93-91	2517.750	137.265	93.365	65.124	34.876	12.272	12.292	238.317	0.000	0.010	0.000	0.100	99.900	0.000	2.661	12.283		长4+5!1^(2_2)
地93-91	2517.875	133.913	92.982	60.144	39.856	12.298	12.232	236.775	0.000	0.010	0.000	0.100	99.900	0.000	2.659	12.295		长4+5!1^(2_2)
地93-91	2518.000	128.581	92.479	53.668	46.332	12.290	12.159	234.583	0.000	0.010	0.000	0.100	99.900	0.000	2.662	12.277		长4+5!1^(2_2)
地93-91	2518.125	122.297	91.930	46.345	53.655	12.258	12.076	231.817	0.000	0.010	0.000	0.100	99.900	0.000	2.661	12.244		长4+5!1^(2_2)
地93-91	2518.250	114.184	91.370	38.563	61.437	12.222	12.002	228.808	0.000	0.010	0.000	0.100	99.900	0.000	2.649	12.218		长4+5!1^(2_2)
地93-91	2518.375	105.957	90.802	31.978	68.022	12.213	11.968	226.012	0.000	0.010	0.000	0.100	99.900	0.000	2.630	12.235		长4+5!1^(2_2)
地93-91	2518.500	99.330	90.229	27.322	72.678	12.268	12.001	223.983	0.000	0.010	0.000	0.100	99.900	0.000	2.614	12.328		长4+5!1^(2_2)
地93-91	2518.625	94.684	89.693	24.453	75.547	12.416	12.134	223.262	0.000	0.010	0.000	0.100	99.900	0.000	2.603	12.530		长4+5!1^(2_2)
地93-91	2518.750	92.094	89.219	24.339	75.661	12.700	12.435	223.642	0.000	0.010	0.000	0.100	99.900	0.000	2.599	12.869		长4+5!1^(2_2)
地93-91	2518.875	95.560	88.815	27.784	72.216	13.123	12.919	224.833	0.000	0.010	0.000	0.100	99.900	0.000	2.597	13.354		长4+5!1^(2_2)
地93-91	2519.000	101.768	88.490	34.218	65.782	13.700	13.606	226.367	0.000	0.010	0.000	0.100	99.900	0.000	2.594	13.989		长4+5!1^(2_2)
地93-91	2519.125	112.051	88.253	42.934	57.066	14.422	14.496	227.612	0.000	0.010	0.000	0.100	99.900	0.000	2.590	14.767		长4+5!1^(2_2)
地93-91	2519.250	120.811	88.068	50.499	49.501	15.283	15.567	227.867	0.000	0.010	0.000	0.100	99.900	0.000	2.589	15.656		长4+5!1^(2_2)
地93-91	2519.375	126.600	87.930	53.132	46.868	16.215	16.705	226.483	0.000	0.010	0.000	0.100	99.900	0.000	2.594	16.588		长4+5!1^(2_2)
地93-91	2519.500	124.163	87.865	48.419	51.581	17.147	17.813	223.150	0.000	0.010	0.000	0.100	99.900	0.000	2.604	17.489		长4+5!1^(2_2)
地93-91	2519.625	116.507	87.917	38.803	61.197	18.002	18.787	217.804	0.000	0.010	0.000	0.100	99.900	0.000	2.615	18.272		长4+5!1^(2_2)
地93-91	2519.750	102.682	88.042	27.680	72.320	18.675	19.485	211.567	0.000	0.010	0.000	0.100	99.900	0.000	2.628	18.854		长4+5!1^(2_2)
地93-91	2519.875	90.342	88.221	18.783	81.217	19.121	19.876	205.467	0.000	0.010	0.000	0.100	99.900	0.000	2.638	19.196		长4+5!1^(2_2)
地93-91	2520.000	77.545	88.448	12.794	87.206	19.309	19.936	200.650	0.000	0.010	0.000	0.100	99.900	0.000	2.645	19.283		长4+5!1^(2_2)
地93-91	2520.125	73.050	88.727	12.024	87.976	19.243	19.670	199.058	0.000	0.010	0.000	0.100	99.900	0.000	2.646	19.105		长4+5!1^(2_2)
地93-91	2520.250	76.478	89.042	15.936	84.064	18.900	19.096	201.675	0.000	0.010	0.000	0.100	99.900	0.000	2.639	18.688		长4+5!1^(2_2)
地93-91	2520.375	87.333	89.396	25.343	74.657	18.371	18.354	208.904	0.000	0.010	0.000	0.100	99.900	0.000	2.624	18.114		长4+5!1^(2_2)
地93-91	2520.500	104.967	89.781	40.805	59.195	17.728	17.547	219.683	0.000	0.010	0.000	0.100	99.900	0.000	2.608	17.456		长4+5!1^(2_2)
地93-91	2520.625	124.620	90.141	59.190	40.810	17.047	16.772	230.908	0.000	0.010	0.000	0.100	99.900	0.000	2.596	16.795		长4+5!1^(2_2)
地93-91	2520.750	139.702	90.464	75.558	24.442	16.417	16.131	239.042	0.000	0.010	0.000	0.100	99.900	0.000	2.587	16.210		长4+5!1^(2_2)
地93-91	2520.875	149.871	90.747	84.135	15.865	15.901	15.645	242.387	0.000	0.010	0.000	0.100	99.900	0.000	2.581	15.749		长4+5!1^(2_2)
地93-91	2521.000	150.062	90.990	78.579	21.421	15.522	15.322	241.250	0.000	0.010	0.000	0.100	99.900	0.000	2.577	15.427		长4+5!1^(2_2)
地93-91	2521.125	139.778	91.177	65.045	34.955	15.285	15.149	237.425	0.000	0.010	0.000	0.100	99.900	0.000	2.575	15.258		长4+5!1^(2_2)
地93-91	2521.250	129.647	91.313	53.765	46.235	15.216	15.115	233.567	0.000	0.010	0.000	0.100	99.900	0.000	2.580	15.235		长4+5!1^(2_2)
地93-91	2521.375	120.773	91.393	45.776	54.224	15.263	15.164	230.821	0.000	0.010	0.000	0.100	99.900	0.000	2.592	15.312		长4+5!1^(2_2)
地93-91	2521.500	115.174	91.406	42.367	57.633	15.386	15.265	229.583	0.000	0.010	0.000	0.100	99.900	0.000	2.605	15.453		长4+5!1^(2_2)
地93-91	2521.625	114.946	91.341	43.240	56.760	15.555	15.389	230.250	0.000	0.010	0.000	0.100	99.900	0.000	2.614	15.625		长4+5!1^(2_2)
地93-91	2521.750	117.536	91.208	45.920	54.080	15.730	15.516	232.225	0.000	0.010	0.000	0.100	99.900	0.000	2.616	15.789		长4+5!1^(2_2)
地93-91	2521.875	120.468	91.029	48.012	51.988	15.878	15.630	234.650	0.000	0.010	0.000	0.100	99.900	0.000	2.610	15.921		长4+5!1^(2_2)
地93-91	2522.000	121.268	90.813	48.051	51.949	15.986	15.718	236.300	0.000	0.010	0.000	0.100	99.900	0.000	2.599	16.010		长4+5!1^(2_3)
地93-91	2522.125	120.164	90.547	46.410	53.590	16.045	15.767	235.792	0.000	0.010	0.000	0.100	99.900	0.000	2.585	16.042		长4+5!1^(2_3)
地93-91	2522.250	117.764	90.250	44.122	55.878	16.037	15.765	233.450	0.000	0.010	0.000	0.100	99.900	0.000	2.572	16.013		长4+5!1^(2_3)
地93-91	2522.375	115.593	89.938	42.060	57.940	15.977	15.725	230.283	0.000	0.010	0.000	0.100	99.900	0.000	2.563	15.936		长4+5!1^(2_3)
地93-91	2522.500	113.499	89.635	40.291	59.709	15.875	15.655	227.433	0.000	0.010	0.000	0.100	99.900	0.000	2.562	15.820		长4+5!1^(2_3)
地93-91	2522.625	111.937	89.354	38.529	61.471	15.736	15.560	225.508	0.000	0.010	0.000	0.100	99.900	0.000	2.567	15.673		长4+5!1^(2_3)
地93-91	2522.750	109.461	89.104	37.778	62.222	15.579	15.435	224.175	0.000	0.010	0.000	0.100	99.900	0.000	2.575	15.518		长4+5!1^(2_3)
地93-91	2522.875	111.099	88.901	39.716	60.284	15.427	15.289	224.004	0.000	0.010	0.000	0.100	99.900	0.000	2.581	15.370		长4+5!1^(2_3)
地93-91	2523.000	113.956	88.771	44.755	55.245	15.285	15.133	227.067	0.000	0.010	0.000	0.100	99.900	0.000	2.579	15.232		长4+5!1^(2_3)
地93-91	2523.125	122.639	88.729	55.057	44.943	15.151	14.987	237.137	0.000	0.010	0.000	0.100	99.900	0.000	2.566	15.100		长4+5!1^(2_3)
地93-91	2523.250	133.989	88.755	68.841	31.159	15.025	14.868	253.458	0.000	0.010	0.000	0.100	99.900	0.000	2.542	14.977		长4+5!1^(2_3)
地93-91	2523.375	145.682	88.859	81.706	18.294	14.906	14.771	272.192	0.000	0.010	0.000	0.100	99.900	0.000	2.512	14.865		长4+5!1^(2_3)
地93-91	2523.500	152.042	89.042	88.095	11.905	14.804	14.690	286.883	0.000	0.010	0.000	0.100	99.900	0.000	2.482	14.777		长4+5!1^(2_3)
地93-91	2523.625	153.375	89.286	85.625	14.375	14.735	14.611	289.592	0.000	0.010	0.000	0.100	99.900	0.000	2.458	14.726		长4+5!1^(2_3)
地93-91	2523.750	147.167	89.594	75.953	24.047	14.712	14.535	281.100	0.000	0.010	0.000	0.100	99.900	0.000	2.454	14.722		长4+5!1^(2_3)
地93-91	2523.875	139.588	89.971	66.468	33.532	14.737	14.479	265.633	0.000	0.010	0.000	0.100	99.900	0.000	2.479	14.776		长4+5!1^(2_3)
地93-91	2524.000	132.999	90.410	60.963	39.037	14.833	14.480	249.483	0.000	0.010	0.000	0.100	99.900	0.000	2.523	14.911		长4+5!1^(2_3)
地93-91	2524.125	131.780	90.906	62.352	37.648	15.027	14.581	239.054	0.000	0.010	0.000	0.100	99.900	0.000	2.573	15.161		长4+5!1^(2_3)
地93-91	2524.250	136.427	91.449	68.856	31.144	15.361	14.858	235.383	0.000	0.010	0.000	0.100	99.900	0.000	2.609	15.544		长4+5!1^(2_3)
地93-91	2524.375	142.445	92.064	76.422	23.578	15.818	15.321	237.112	0.000	0.010	0.000	0.100	99.900	0.000	2.618	16.048		长4+5!1^(2_3)
地93-91	2524.500	147.624	92.755	80.179	19.821	16.392	15.970	241.383	0.000	0.010	0.000	0.100	99.900	0.000	2.611	16.659		长4+5!1^(2_3)
地93-91	2524.625	146.634	93.509	76.116	23.884	17.059	16.776	244.612	0.000	0.010	0.000	0.100	99.900	0.000	2.604	17.348		长4+5!1^(2_3)
地93-91	2524.750	140.769	94.298	66.942	33.058	17.780	17.675	244.733	0.000	0.010	0.000	0.100	99.900	0.000	2.606	18.063		长4+5!1^(2_3)
地93-91	2524.875	132.047	95.092	56.407	43.593	18.487	18.551	241.442	0.000	0.010	0.000	0.100	99.900	0.000	2.613	18.736		长4+5!1^(2_3)
地93-91	2525.000	123.096	95.863	46.463	53.537	19.108	19.299	235.600	0.000	0.010	0.000	0.100	99.900	0.000	2.620	19.297		长4+5!1^(2_3)
地93-91	2525.125	113.156	96.568	38.115	61.885	19.579	19.818	228.433	0.000	0.010	0.000	0.100	99.900	0.000	2.627	19.670		长4+5!1^(2_3)
地93-91	2525.250	106.338	97.206	31.947	68.053	19.807	19.982	221.417	0.000	0.010	0.000	0.100	99.900	0.000	2.634	19.803		长4+5!1^(2_3)
地93-91	2525.375	98.607	97.740	27.462	72.538	19.798	19.812	215.825	0.000	0.010	0.000	0.100	99.900	0.000	2.641	19.699		长4+5!1^(2_3)
地93-91	2525.500	96.283	98.124	28.381	71.619	19.552	19.330	213.667	0.000	0.010	0.000	0.100	99.900	0.000	2.647	19.368		长4+5!1^(2_3)
地93-91	2525.625	102.606	98.278	35.077	64.923	19.092	18.599	218.758	0.000	0.010	0.000	0.100	99.900	0.000	2.646	18.832		长4+5!1^(2_3)
地93-91	2525.750	113.270	98.200	47.135	52.865	18.443	17.704	231.167	0.000	0.010	0.000	0.100	99.900	0.000	2.632	18.149		长4+5!1^(2_3)
地93-91	2525.875	128.962	97.868	65.626	34.374	17.708	16.793	248.800	0.000	0.010	0.000	0.100	99.900	0.000	2.601	17.410		长4+5!1^(2_3)
地93-91	2526.000	146.253	97.273	84.442	15.558	16.964	15.969	266.800	0.000	0.010	0.000	0.100	99.900	0.000	2.562	16.690		长4+5!1^(2_3)
地93-91	2526.125	155.661	96.368	94.656	5.344	16.279	15.316	278.962	0.000	0.010	0.000	0.100	99.900	0.000	2.525	16.064		长4+5!1^(2_3)
地93-91	2526.250	158.365	95.196	97.406	2.594	15.743	14.917	284.658	0.000	0.010	0.000	0.100	99.900	0.000	2.500	15.597		长4+5!1^(2_3)
地93-91	2526.375	158.555	93.770	96.721	3.279	15.378	14.733	286.829	0.000	0.010	0.000	0.100	99.900	0.000	2.493	15.305		长4+5!1^(2_3)
地93-91	2526.500	157.222	92.121	94.433	5.567	15.197	14.740	289.783	0.000	0.010	0.000	0.100	99.900	0.000	2.497	15.198		长4+5!1^(2_3)
地93-91	2526.625	155.699	90.276	93.013	6.987	15.200	14.893	296.404	0.000	0.010	0.000	0.100	99.900	0.000	2.499	15.281		长4+5!1^(2_3)
地93-91	2526.750	155.775	88.325	93.427	6.573	15.401	15.155	303.992	0.000	0.010	0.000	0.100	99.900	0.000	2.489	15.540		长4+5!1^(2_3)
地93-91	2526.875	156.308	86.338	93.938	6.062	15.747	15.466	308.354	0.000	0.010	0.000	0.100	99.900	0.000	2.466	15.930		长4+5!1^(2_3)
地93-91	2527.000	156.308	84.391	89.008	10.992	16.204	15.804	305.900	0.000	0.010	0.000	0.100	99.900	0.000	2.444	16.413		长4+5!1^(2_3)
地93-91	2527.125	148.234	82.570	74.320	25.680	16.726	16.152	294.583	0.000	0.010	0.000	0.100	99.900	0.000	2.437	16.943		长4+5!1^(2_3)
地93-91	2527.250	134.522	80.903	56.266	43.734	17.267	16.513	278.442	0.000	0.010	0.000	0.100	99.900	0.000	2.449	17.471		长4+5!1^(2_3)
地93-91	2527.375	118.412	79.420	40.226	59.774	17.775	16.885	261.437	0.000	0.010	0.000	0.100	99.900	0.000	2.469	17.957		长4+5!1^(2_3)
地93-91	2527.500	103.596	78.142	24.855	75.145	18.229	17.257	247.283	0.240	3.202	9.437	5.688	77.421	0.400	2.486	18.385		长4+5!1^(2_3)
地93-91	2527.625	90.989	77.117	13.109	86.891	18.620	17.627	238.862	0.297	7.822	9.871	13.991	43.760	0.393	2.497	18.746	干层	长4+5!1^(2_3)
地93-91	2527.750	86.152	76.302	11.872	88.128	18.934	17.984	234.708	0.308	7.269	9.941	13.780	43.920	0.389	2.507	19.031	干层	长4+5!2^(1_1)
地93-91	2527.875	86.343	75.696	12.036	87.964	19.176	18.316	232.642	0.274	6.329	9.706	13.428	44.518	0.386	2.520	19.245	干层	长4+5!2^(1_1)
地93-91	2528.000	88.514	75.289	12.166	87.834	19.348	18.613	230.467	0.219	5.257	9.253	12.993	45.420	0.384	2.533	19.391	干层	长4+5!2^(1_1)
地93-91	2528.125	87.828	75.093	11.469	88.531	19.457	18.861	226.925	0.190	4.417	8.956	12.601	46.313	0.383	2.539	19.478	干层	长4+5!2^(1_1)
地93-91	2528.250	85.771	75.061	10.411	89.589	19.511	19.025	222.867	0.171	3.848	8.747	12.303	47.031	0.383	2.538	19.524	干层	长4+5!2^(1_1)
地93-91	2528.375	82.801	75.183	9.315	90.685	19.545	19.102	219.608	0.169	3.701	8.716	12.219	47.222	0.382	2.533	19.550	干层	长4+5!2^(1_1)
地93-91	2528.500	79.830	75.454	8.596	91.404	19.557	19.096	218.417	0.185	4.026	8.901	12.395	46.771	0.382	2.531	19.542	干层	长4+5!2^(1_1)
地93-91	2528.625	78.344	75.891	8.543	91.457	19.518	19.007	220.000	0.216	4.647	9.221	12.715	46.040	0.383	2.533	19.461	干层	长4+5!2^(1_1)
地93-91	2528.750	78.916	76.459	8.963	91.037	19.375	18.834	222.767	0.242	5.212	9.450	12.994	45.568	0.386	2.538	19.264	干层	长4+5!2^(1_1)
地93-91	2528.875	80.058	77.139	9.400	90.600	19.098	18.589	225.171	0.258	5.496	9.581	13.155	45.579	0.391	2.548	18.923	干层	长4+5!2^(1_1)
地93-91	2529.000	80.896	77.906	9.811	90.189	18.662	18.241	226.192	0.260	5.286	9.601	13.126	46.284	0.399	2.563	18.424	干层	长4+5!2^(1_1)
地93-91	2529.125	82.686	78.742	10.227	89.773	18.068	17.751	225.935	0.234	4.785	9.388	12.988	47.512	0.410	2.582	17.761	干层	长4+5!2^(1_1)
地93-91	2529.250	83.486	79.616	10.752	89.248	17.302	17.059	225.762	0.223	4.341	9.286	12.874	48.958	0.425	2.601	16.945	干层	长4+5!2^(1_1)
地93-91	2529.375	86.343	80.522	11.996	88.004	16.410	16.195	226.283	0.198	3.772	9.043	12.685	50.876	0.443	2.613	16.018	干层	长4+5!2^(1_1)
地93-91	2529.500	91.104	81.463	14.332	85.668	15.431	15.191	227.308	0.164	2.997	8.655	12.302	53.622	0.465	2.619	15.024	干层	长4+5!2^(1_1)
地93-91	2529.625	100.054	82.461	17.634	82.366	14.416	14.111	228.102	0.108	2.106	7.807	11.696	57.291	0.491	2.619	14.024	干层	长4+5!2^(1_1)
地93-91	2529.750	108.166	83.521	21.862	78.138	13.437	13.044	228.246	0.072	1.413	6.978	11.008	61.474	0.518	2.618	13.085	干层	长4+5!2^(1_1)
地93-91	2529.875	120.392	84.653	29.695	70.305	12.558	12.069	229.496	0.000	0.627	0.000	10.224	66.136	0.000	2.615	12.262	干层	长4+5!2^(1_1)
地93-91	2530.000	139.398	85.863	61.246	38.754	11.819	11.257	235.033	0.000	0.010	0.000	5.894	81.336	0.000	2.605	11.589		长4+5!2^(1_1)
地93-91	2530.125	159.127	87.204	99.085	0.915	11.246	10.662	248.446	0.000	0.010	0.000	0.100	99.900	0.000	2.578	11.102		长4+5!2^(1_1)
地93-91	2530.250	179.008	88.646	99.900	0.100	10.887	10.422	266.975	0.000	0.010	0.000	0.100	99.900	0.000	2.533	10.815		长4+5!2^(1_1)
地93-91	2530.375	190.091	90.139	99.900	0.100	10.707	10.433	284.954	0.000	0.010	0.000	0.100	99.900	0.000	2.483	10.702		长4+5!2^(1_1)
地93-91	2530.500	192.262	91.628	99.900	0.100	10.694	10.667	296.083	0.000	0.010	0.000	0.100	99.900	0.000	2.449	10.748		长4+5!2^(1_1)
地93-91	2530.625	180.112	93.075	99.900	0.100	10.827	11.065	295.821	0.000	0.010	0.000	0.100	99.900	0.000	2.441	10.932		长4+5!2^(1_1)
地93-91	2530.750	165.144	94.452	92.450	7.550	11.089	11.539	288.367	0.000	0.010	0.000	0.100	99.900	0.000	2.456	11.224		长4+5!2^(1_1)
地93-91	2530.875	148.005	95.742	76.026	23.974	11.426	11.985	278.025	0.000	0.010	0.000	0.100	99.900	0.000	2.480	11.580		长4+5!2^(1_1)
地93-91	2531.000	138.331	96.934	64.259	35.741	11.810	12.349	267.617	0.000	0.010	0.000	0.100	99.900	0.000	2.503	11.966		长4+5!2^(1_1)
地93-91	2531.125	130.371	98.019	56.847	43.153	12.201	12.613	257.037	0.000	0.010	0.000	0.100	99.900	0.000	2.522	12.336		长4+5!2^(1_1)
地93-91	2531.250	126.829	99.006	53.300	46.700	12.540	12.713	246.525	0.000	0.010	0.000	0.100	99.900	0.000	2.544	12.638		长4+5!2^(1_1)
地93-91	2531.375	124.201	99.879	52.899	47.101	12.786	12.744	238.600	0.000	0.010	0.000	0.100	99.900	0.000	2.572	12.833		长4+5!2^(1_1)
地93-91	2531.500	127.210	100.648	58.462	41.538	12.904	12.705	236.933	0.000	0.010	0.000	0.100	99.900	0.000	2.602	12.894		长4+5!2^(1_1)
地93-91	2531.625	134.903	101.345	69.960	30.040	12.879	12.594	245.296	0.000	0.010	0.000	0.100	99.900	0.000	2.623	12.804		长4+5!2^(1_1)
地93-91	2531.750	146.482	101.980	85.814	14.186	12.691	12.400	260.208	0.000	0.010	0.000	0.100	99.900	0.000	2.611	12.568		长4+5!2^(1_1)
地93-91	2531.875	157.489	102.546	97.469	2.531	12.384	12.150	277.446	0.000	0.010	0.000	0.100	99.900	0.000	2.561	12.225		长4+5!2^(1_1)
地93-91	2532.000	169.258	103.039	99.900	0.100	11.988	11.862	293.183	0.000	0.010	0.000	0.100	99.900	0.000	2.494	11.808		长4+5!2^(1_1)
地93-91	2532.125	178.208	103.444	99.900	0.100	11.539	11.546	304.929	0.000	0.010	0.000	0.100	99.900	0.000	2.437	11.356		长4+5!2^(1_1)
地93-91	2532.250	183.197	103.770	99.900	0.100	11.082	11.205	313.250	0.000	0.010	0.000	0.100	99.900	0.000	2.406	10.913		长4+5!2^(1_1)
地93-91	2532.375	184.645	104.012	99.900	0.100	10.660	10.858	318.508	0.000	0.010	0.000	0.100	99.900	0.000	2.397	10.519		长4+5!2^(1_1)
地93-91	2532.500	183.426	104.174	99.900	0.100	10.306	10.530	320.283	0.000	0.010	0.000	0.100	99.900	0.000	2.385	10.201		长4+5!2^(1_1)
地93-91	2532.625	175.770	104.250	99.900	0.100	10.044	10.262	316.771	0.000	0.010	0.000	0.100	99.900	0.000	2.361	9.991		长4+5!2^(1_1)
地93-91	2532.750	165.906	104.267	96.043	3.957	9.911	10.131	308.100	0.000	0.010	0.000	0.100	99.900	0.000	2.339	9.909		长4+5!2^(1_1)
地93-91	2532.875	153.985	104.240	83.567	16.433	9.905	10.171	295.167	0.000	0.010	0.000	0.100	99.900	0.000	2.345	9.954		长4+5!2^(1_1)
地93-91	2533.000	142.445	104.185	70.032	29.968	10.029	10.407	280.667	0.000	0.010	0.000	0.100	99.900	0.000	2.390	10.133		长4+5!2^(1_1)
地93-91	2533.125	135.665	104.108	63.963	36.037	10.290	10.855	269.446	0.000	0.010	0.000	0.100	99.900	0.000	2.468	10.459		长4+5!2^(1_1)
地93-91	2533.250	133.989	104.004	64.048	35.952	10.712	11.540	265.258	0.000	0.010	0.000	0.100	99.900	0.000	2.551	10.934		长4+5!2^(1_1)
地93-91	2533.375	136.655	103.862	69.523	30.477	11.266	12.387	269.121	0.000	0.010	0.000	0.100	99.900	0.000	2.611	11.533		长4+5!2^(1_1)
地93-91	2533.500	143.359	103.671	77.451	22.549	11.935	13.345	278.733	0.000	0.010	0.000	0.100	99.900	0.000	2.635	12.237		长4+5!2^(1_1)
地93-91	2533.625	148.119	103.411	82.779	17.221	12.689	14.345	288.725	0.000	0.010	0.000	0.100	99.900	0.000	2.621	13.008		长4+5!2^(1_1)
地93-91	2533.750	150.367	103.086	81.960	18.040	13.485	15.286	293.358	0.000	0.010	0.000	0.100	99.900	0.000	2.579	13.795		长4+5!2^(1_1)
地93-91	2533.875	145.530	102.695	71.347	28.653	14.260	16.090	289.554	0.000	0.010	0.000	0.100	99.900	0.000	2.523	14.539		长4+5!2^(1_1)
地93-91	2534.000	133.151	102.247	55.994	44.006	14.957	16.700	277.067	0.000	0.010	0.000	0.100	99.900	0.000	2.473	15.184		长4+5!2^(1_1)
地93-91	2534.125	120.202	101.739	42.808	57.192	15.524	17.075	258.200	0.000	0.010	0.000	0.100	99.900	0.000	2.447	15.664		长4+5!2^(1_1)
地93-91	2534.250	108.014	101.188	33.088	66.912	15.873	17.144	239.533	0.000	0.010	0.000	0.100	99.900	0.000	2.460	15.925		长4+5!2^(1_1)
地93-91	2534.375	99.483	100.603	29.095	70.905	16.002	16.959	225.942	0.000	0.010	0.000	0.100	99.900	0.000	2.508	15.962		长4+5!2^(1_1)
地93-91	2534.500	100.244	100.000	31.358	68.642	15.902	16.545	220.600	0.000	0.010	0.000	0.100	99.900	0.000	2.569	15.773		长4+5!2^(1_1)
地93-91	2534.625	106.034	99.392	37.743	62.257	15.580	15.947	225.283	0.000	0.010	0.000	0.100	99.900	0.000	2.622	15.363		长4+5!2^(1_1)
地93-91	2534.750	115.784	98.793	48.824	51.176	15.037	15.208	235.825	0.000	0.010	0.000	0.100	99.900	0.000	2.649	14.760		长4+5!2^(1_1)
地93-91	2534.875	129.533	98.210	63.913	36.087	14.345	14.395	248.692	0.000	0.010	0.000	0.100	99.900	0.000	2.645	14.026		长4+5!2^(1_1)
地93-91	2535.000	142.445	97.649	78.760	21.240	13.549	13.539	260.483	0.000	0.010	0.000	0.100	99.900	0.000	2.615	13.210		长4+5!2^(1_1)
地93-91	2535.125	151.585	97.121	88.994	11.006	12.701	12.663	268.104	0.000	0.010	0.000	0.100	99.900	0.000	2.567	12.367		长4+5!2^(1_1)
地93-91	2535.250	155.470	96.626	91.170	8.830	11.866	11.799	271.125	0.000	0.010	0.000	0.100	99.900	0.000	2.511	11.556		长4+5!2^(1_1)
地93-91	2535.375	153.185	96.163	85.187	14.813	11.091	10.984	270.121	0.000	0.010	0.000	0.100	99.900	0.000	2.465	10.817		长4+5!2^(1_1)
地93-91	2535.500	146.710	95.731	76.891	23.109	10.405	10.255	266.783	0.000	0.010	0.000	0.100	99.900	0.000	2.445	10.175		长4+5!2^(1_1)
地93-91	2535.625	142.102	95.335	71.608	28.392	9.830	9.648	264.496	0.000	0.010	0.000	0.100	99.900	0.000	2.458	9.655		长4+5!2^(1_1)
地93-91	2535.750	139.321	94.962	71.145	28.855	9.393	9.212	266.042	0.000	0.010	0.000	0.100	99.900	0.000	2.498	9.265		长4+5!2^(1_1)
地93-91	2535.875	142.597	94.598	75.505	24.495	9.075	8.931	272.412	0.000	0.010	0.000	0.100	99.900	0.000	2.543	8.995		长4+5!2^(1_1)
地93-91	2536.000	145.796	94.225	79.827	20.173	8.875	8.796	281.350	0.000	0.010	0.000	0.100	99.900	0.000	2.566	8.841		长4+5!2^(1_1)
地93-91	2536.125	148.729	93.814	80.621	19.379	8.789	8.796	286.600	0.000	0.010	0.000	0.100	99.900	0.000	2.549	8.802		长4+5!2^(1_1)
地93-91	2536.250	145.720	93.348	75.102	24.898	8.823	8.931	283.683	0.000	0.010	0.000	0.100	99.900	0.000	2.501	8.875		长4+5!2^(1_1)
地93-91	2536.375	140.312	92.813	66.671	33.329	8.954	9.164	272.242	0.000	0.010	0.000	0.100	99.900	0.000	2.458	9.043		长4+5!2^(1_1)
地93-91	2536.500	132.237	92.205	57.307	42.693	9.178	9.477	256.250	0.000	0.010	0.000	0.100	99.900	0.000	2.456	9.302		长4+5!2^(1_1)
地93-91	2536.625	124.887	91.515	49.528	50.472	9.487	9.853	242.383	0.000	0.010	0.000	0.100	99.900	0.000	2.501	9.648		长4+5!2^(1_1)
地93-91	2536.750	118.145	90.760	36.117	63.883	9.889	10.282	234.442	0.059	0.640	6.585	4.631	84.777	0.631	2.574	10.076		长4+5!2^(1_2)
地93-91	2536.875	113.461	89.956	21.834	78.166	10.355	10.750	232.112	0.067	1.744	6.830	11.563	61.094	0.609	2.640	10.561	干层	长4+5!2^(1_2)
地93-91	2537.000	110.604	89.126	21.224	78.776	10.869	11.260	233.217	0.082	2.110	7.242	11.868	58.736	0.586	2.675	11.085	干层	长4+5!2^(1_2)
地93-91	2537.125	110.680	88.295	21.585	78.415	11.410	11.812	234.892	0.089	2.350	7.409	12.003	56.989	0.565	2.681	11.629	干层	长4+5!2^(1_2)
地93-91	2537.250	111.823	87.473	21.997	78.003	11.958	12.407	235.717	0.087	2.415	7.376	11.968	55.848	0.546	2.675	12.175	干层	长4+5!2^(1_2)
地93-91	2537.375	112.280	86.669	22.081	77.919	12.499	13.023	235.117	0.083	2.305	7.266	11.783	55.259	0.529	2.669	12.706	干层	长4+5!2^(1_2)
地93-91	2537.500	112.737	85.891	21.728	78.272	13.016	13.634	233.150	0.073	2.079	7.013	11.495	55.095	0.515	2.669	13.208	干层	长4+5!2^(1_2)
地93-91	2537.625	111.442	85.140	20.905	79.095	13.496	14.212	230.208	0.067	1.855	6.841	11.199	55.089	0.502	2.672	13.666	干层	长4+5!2^(1_2)
地93-91	2537.750	110.452	84.403	20.249	79.751	13.922	14.724	227.183	0.060	1.635	6.629	10.896	55.243	0.491	2.671	14.072	干层	长4+5!2^(1_2)
地93-91	2537.875	109.804	83.687	19.758	80.242	14.298	15.165	224.633	0.055	1.469	6.431	10.645	55.357	0.482	2.663	14.430	干层	长4+5!2^(1_2)
地93-91	2538.000	109.233	83.000	19.249	80.751	14.629	15.526	222.717	0.051	1.400	6.291	10.516	55.185	0.475	2.648	14.746	干层	长4+5!2^(1_2)
地93-91	2538.125	107.938	82.357	18.271	81.729	14.922	15.806	221.817	0.052	1.513	6.332	10.623	54.360	0.468	2.632	15.022	干层	长4+5!2^(1_2)
地93-91	2538.250	104.205	81.755	16.715	83.285	15.171	15.991	221.808	0.063	1.857	6.719	10.980	52.867	0.462	2.616	15.254	干层	长4+5!2^(1_2)
地93-91	2538.375	99.787	81.212	15.466	84.534	15.378	16.105	222.650	0.083	2.304	7.266	11.387	51.337	0.458	2.603	15.446	干层	长4+5!2^(1_2)
地93-91	2538.500	97.654	80.751	15.125	84.875	15.548	16.164	223.933	0.098	2.621	7.622	11.633	50.373	0.454	2.588	15.603	干层	长4+5!2^(1_2)
地93-91	2538.625	97.883	80.405	15.084	84.916	15.686	16.192	224.933	0.102	2.805	7.702	11.756	49.826	0.451	2.574	15.730	干层	长4+5!2^(1_2)
地93-91	2538.750	96.817	80.170	14.598	85.402	15.795	16.214	225.350	0.111	3.021	7.857	11.894	49.270	0.448	2.565	15.838	干层	长4+5!2^(1_2)
地93-91	2538.875	94.950	80.046	13.614	86.386	15.901	16.255	225.304	0.121	3.331	8.046	12.081	48.588	0.446	2.568	15.948	干层	长4+5!2^(1_2)
地93-91	2539.000	90.951	80.022	11.843	88.157	16.019	16.345	224.867	0.145	3.895	8.416	12.391	47.560	0.443	2.579	16.079	差油层	长4+5!2^(1_2)
地93-91	2539.125	84.286	80.078	9.555	90.445	16.169	16.514	223.854	0.194	4.692	9.004	12.772	46.309	0.439	2.590	16.254	差油层	长4+5!2^(1_2)
地93-91	2539.250	77.011	80.170	7.473	92.527	16.382	16.798	222.292	0.260	5.467	9.598	13.083	45.186	0.433	2.593	16.489	差油层	长4+5!2^(1_2)
地93-91	2539.375	71.222	80.285	6.073	93.927	16.649	17.181	220.554	0.320	5.996	10.020	13.254	44.373	0.427	2.585	16.769	差油层	长4+5!2^(1_2)
地93-91	2539.500	68.099	80.429	5.264	94.736	16.949	17.636	219.350	0.353	6.463	10.219	13.381	43.664	0.422	2.572	17.067	差油层	长4+5!2^(1_2)
地93-91	2539.625	65.509	80.642	4.670	95.330	17.243	18.114	219.225	0.400	7.424	10.475	13.587	42.825	0.416	2.559	17.334	差油层	长4+5!2^(1_2)
地93-91	2539.750	63.453	80.957	4.304	95.696	17.471	18.524	219.783	0.457	8.635	10.748	13.784	42.129	0.413	2.549	17.518	差油层	长4+5!2^(1_2)
地93-91	2539.875	62.538	81.419	4.174	95.826	17.589	18.783	220.317	0.492	9.151	10.898	13.857	41.884	0.412	2.542	17.579	差油层	长4+5!2^(1_2)
地93-91	2540.000	62.462	82.068	4.058	95.942	17.563	18.817	220.050	0.488	9.007	10.878	13.755	42.238	0.413	2.538	17.485	差油层	长4+5!2^(1_2)
地93-91	2540.125	61.929	82.981	3.724	96.276	17.368	18.581	218.112	0.454	8.646	10.732	13.474	43.267	0.418	2.538	17.205	差油层	长4+5!2^(1_2)
地93-91	2540.250	60.786	84.137	3.321	96.679	16.960	18.022	214.450	0.399	7.758	10.469	12.992	45.091	0.428	2.546	16.730	差油层	长4+5!2^(1_2)
地93-91	2540.375	60.672	85.536	3.289	96.711	16.384	17.220	209.612	0.313	5.856	9.977	12.311	47.769	0.441	2.556	16.099	差油层	长4+5!2^(1_2)
地93-91	2540.500	63.224	87.156	4.334	95.666	15.673	16.240	205.233	0.000	3.447	0.000	11.532	51.104	0.000	2.567	15.354	差油层	长4+5!2^(1_2)
地93-91	2540.625	71.794	88.976	10.411	89.589	14.877	15.158	204.321	0.000	1.220	0.000	6.671	71.943	0.000	2.580	14.550		长4+5!2^(1_2)
地93-91	2540.750	83.715	90.898	21.685	78.315	14.060	14.085	208.325	0.000	0.010	0.000	0.100	99.900	0.000	2.597	13.749		长4+5!2^(1_2)
地93-91	2540.875	98.035	92.857	32.935	67.065	13.283	13.120	217.454	0.000	0.010	0.000	0.100	99.900	0.000	2.620	13.002		长4+5!2^(1_2)
地93-91	2541.000	113.346	94.789	46.119	53.881	12.581	12.322	230.200	0.000	0.010	0.000	0.100	99.900	0.000	2.638	12.340		长4+5!2^(1_2)
地93-91	2541.125	126.600	96.609	57.871	42.129	11.979	11.713	243.917	0.000	0.010	0.000	0.100	99.900	0.000	2.645	11.791		长4+5!2^(1_2)
地93-91	2541.250	134.522	98.279	66.053	33.947	11.510	11.303	255.167	0.000	0.010	0.000	0.100	99.900	0.000	2.633	11.368		长4+5!2^(1_2)
地93-91	2541.375	139.817	99.769	69.600	30.400	11.156	11.027	261.679	0.000	0.010	0.000	0.100	99.900	0.000	2.605	11.057		长4+5!2^(1_2)
地93-91	2541.500	138.941	101.063	67.132	32.868	10.910	10.846	262.500	0.000	0.010	0.000	0.100	99.900	0.000	2.576	10.847		长4+5!2^(1_2)
地93-91	2541.625	135.398	102.121	62.281	37.719	10.753	10.727	257.925	0.000	0.010	0.000	0.100	99.900	0.000	2.561	10.716		长4+5!2^(1_2)
地93-91	2541.750	130.866	102.979	57.582	42.418	10.661	10.633	251.650	0.000	0.010	0.000	0.100	99.900	0.000	2.571	10.630		长4+5!2^(1_2)
地93-91	2541.875	127.705	103.650	54.460	45.540	10.584	10.523	246.487	0.000	0.010	0.000	0.100	99.900	0.000	2.600	10.545		长4+5!2^(1_2)
地93-91	2542.000	125.534	104.145	53.880	46.120	10.487	10.371	244.217	0.000	0.010	0.000	0.100	99.900	0.000	2.633	10.429		长4+5!2^(1_2)
地93-91	2542.125	127.476	104.453	56.462	43.538	10.341	10.160	245.708	0.000	0.010	0.000	0.100	99.900	0.000	2.659	10.252		长4+5!2^(1_2)
地93-91	2542.250	130.333	104.622	60.362	39.638	10.117	9.878	250.125	0.000	0.010	0.000	0.100	99.900	0.000	2.672	10.000		长4+5!2^(1_2)
地93-91	2542.375	134.446	104.677	65.386	34.614	9.825	9.543	257.254	0.000	0.010	0.000	0.100	99.900	0.000	2.674	9.685		长4+5!2^(1_2)
地93-91	2542.500	138.636	104.649	71.509	28.491	9.476	9.172	267.233	0.000	0.010	0.000	0.100	99.900	0.000	2.670	9.322		长4+5!2^(1_2)
地93-91	2542.625	144.235	104.576	80.361	19.639	9.092	8.786	279.746	0.000	0.010	0.000	0.100	99.900	0.000	2.654	8.939		长4+5!2^(1_2)
地93-91	2542.750	151.814	104.506	91.680	8.320	8.709	8.426	292.292	0.000	0.010	0.000	0.100	99.900	0.000	2.617	8.572		长4+5!2^(1_2)
地93-91	2542.875	159.279	104.472	99.237	0.763	8.367	8.134	302.012	0.000	0.010	0.000	0.100	99.900	0.000	2.557	8.259		长4+5!2^(1_3)
地93-91	2543.000	165.144	104.496	99.900	0.100	8.097	7.952	306.533	0.000	0.010	0.000	0.100	99.900	0.000	2.495	8.028		长4+5!2^(1_3)
地93-91	2543.125	168.572	104.605	99.900	0.100	7.925	7.908	304.808	0.000	0.010	0.000	0.100	99.900	0.000	2.455	7.908		长4+5!2^(1_3)
地93-91	2543.250	169.715	104.784	99.900	0.100	7.883	8.039	300.192	0.000	0.010	0.000	0.100	99.900	0.000	2.451	7.911		长4+5!2^(1_3)
地93-91	2543.375	168.344	105.020	99.900	0.100	7.954	8.306	295.575	0.000	0.010	0.000	0.100	99.900	0.000	2.475	8.027		长4+5!2^(1_3)
地93-91	2543.500	166.515	105.269	99.900	0.100	8.136	8.683	292.450	0.000	0.010	0.000	0.100	99.900	0.000	2.500	8.252		长4+5!2^(1_3)
地93-91	2543.625	163.468	105.488	98.751	1.249	8.424	9.137	289.883	0.000	0.010	0.000	0.100	99.900	0.000	2.507	8.586		长4+5!2^(1_3)
地93-91	2543.750	158.212	105.635	92.572	7.428	8.828	9.634	285.358	0.000	0.010	0.000	0.100	99.900	0.000	2.497	9.022		长4+5!2^(1_3)
地93-91	2543.875	151.128	105.681	80.457	19.543	9.314	10.136	277.558	0.000	0.010	0.000	0.100	99.900	0.000	2.492	9.535		长4+5!2^(1_3)
地93-91	2544.000	141.530	105.610	66.904	33.096	9.864	10.630	267.100	0.000	0.010	0.000	0.100	99.900	0.000	2.505	10.100		长4+5!2^(1_3)
地93-91	2544.125	130.676	105.393	55.638	44.362	10.452	11.125	256.775	0.000	0.010	0.000	0.100	99.900	0.000	2.534	10.693		长4+5!2^(1_3)
地93-91	2544.250	123.553	105.073	50.206	49.794	11.053	11.653	249.858	0.000	0.010	0.000	0.100	99.900	0.000	2.570	11.290		长4+5!2^(1_3)
地93-91	2544.375	121.916	104.655	49.863	50.137	11.644	12.237	247.817	0.000	0.010	0.000	0.100	99.900	0.000	2.598	11.869		长4+5!2^(1_3)
地93-91	2544.500	123.553	104.161	53.170	46.830	12.207	12.888	250.067	0.000	0.010	0.000	0.100	99.900	0.000	2.610	12.418		长4+5!2^(1_3)
地93-91	2544.625	128.733	103.604	59.450	40.550	12.734	13.599	254.112	0.000	0.010	0.000	0.100	99.900	0.000	2.610	12.924		长4+5!2^(1_3)
地93-91	2544.750	134.827	103.022	65.431	34.569	13.210	14.338	256.325	0.000	0.010	0.000	0.100	99.900	0.000	2.604	13.381		长4+5!2^(1_3)
地93-91	2544.875	138.179	102.414	67.555	32.445	13.638	15.051	254.787	0.000	0.010	0.000	0.100	99.900	0.000	2.600	13.791		长4+5!2^(1_3)
地93-91	2545.000	137.417	101.781	62.985	37.015	14.019	15.685	249.067	0.000	0.010	0.000	0.100	99.900	0.000	2.606	14.154		长4+5!2^(1_3)
地93-91	2545.125	129.114	101.169	52.857	47.143	14.355	16.183	239.771	0.000	0.010	0.000	0.100	99.900	0.000	2.626	14.466		长4+5!2^(1_3)
地93-91	2545.250	119.440	100.568	42.359	57.641	14.631	16.465	229.592	0.000	0.010	0.000	0.100	99.900	0.000	2.654	14.715		长4+5!2^(1_3)
地93-91	2545.375	108.052	99.990	32.355	67.645	14.841	16.533	220.712	0.000	0.010	0.000	0.100	99.900	0.000	2.676	14.893		长4+5!2^(1_3)
地93-91	2545.500	97.045	99.438	25.394	74.606	14.970	16.394	214.867	0.000	0.010	0.000	0.100	99.900	0.000	2.684	14.984		长4+5!2^(1_3)
地93-91	2545.625	91.675	98.891	23.082	76.918	15.004	16.084	213.567	0.000	0.010	0.000	0.100	99.900	0.000	2.677	14.967		长4+5!2^(1_3)
地93-91	2545.750	91.865	98.344	24.910	75.090	14.912	15.642	215.958	0.000	0.010	0.000	0.100	99.900	0.000	2.663	14.832		长4+5!2^(1_3)
地93-91	2545.875	97.769	97.805	30.358	69.642	14.713	15.141	222.162	0.000	0.010	0.000	0.100	99.900	0.000	2.649	14.594		长4+5!2^(1_3)
地93-91	2546.000	106.491	97.302	37.641	62.359	14.416	14.619	232.517	0.000	0.010	0.000	0.100	99.900	0.000	2.643	14.264		长4+5!2^(1_3)
地93-91	2546.125	114.908	96.870	44.913	55.087	14.035	14.092	246.637	0.000	0.010	0.000	0.100	99.900	0.000	2.642	13.855		长4+5!2^(1_3)
地93-91	2546.250	121.725	96.500	50.813	49.187	13.585	13.575	260.167	0.000	0.010	0.000	0.100	99.900	0.000	2.636	13.393		长4+5!2^(1_3)
地93-91	2546.375	126.029	96.193	53.614	46.386	13.106	13.072	268.108	0.000	0.010	0.000	0.100	99.900	0.000	2.621	12.913		长4+5!2^(1_3)
地93-91	2546.500	126.143	95.938	52.798	47.202	12.625	12.584	267.233	0.000	0.010	0.000	0.100	99.900	0.000	2.601	12.440		长4+5!2^(1_3)
地93-91	2546.625	124.087	95.721	50.785	49.215	12.163	12.108	258.037	0.000	0.010	0.000	0.100	99.900	0.000	2.590	11.993		长4+5!2^(1_3)
地93-91	2546.750	122.487	95.542	49.059	50.941	11.738	11.647	247.633	0.000	0.010	0.000	0.100	99.900	0.000	2.594	11.584		长4+5!2^(1_3)
地93-91	2546.875	120.773	95.409	47.391	52.609	11.354	11.208	241.167	0.000	0.010	0.000	0.100	99.900	0.000	2.613	11.217		长4+5!2^(1_3)
地93-91	2547.000	119.288	95.323	45.713	54.287	11.013	10.810	240.600	0.000	0.010	0.000	0.100	99.900	0.000	2.634	10.894		长4+5!2^(1_3)
地93-91	2547.125	117.345	95.276	44.392	55.608	10.717	10.474	244.550	0.000	0.010	0.000	0.100	99.900	0.000	2.647	10.621		长4+5!2^(1_3)
地93-91	2547.250	116.926	95.255	44.656	55.344	10.478	10.234	249.333	0.000	0.010	0.000	0.100	99.900	0.000	2.647	10.401		长4+5!2^(1_3)
地93-91	2547.375	118.221	95.250	46.530	53.470	10.287	10.074	253.317	0.000	0.010	0.000	0.100	99.900	0.000	2.639	10.227		长4+5!2^(1_3)
地93-91	2547.500	120.964	95.250	48.727	51.273	10.138	9.984	256.083	0.000	0.010	0.000	0.100	99.900	0.000	2.630	10.096		长4+5!2^(1_3)
地93-91	2547.625	122.259	95.250	49.151	50.849	10.032	9.947	257.425	0.000	0.010	0.000	0.100	99.900	0.000	2.625	10.011		长4+5!2^(1_3)
地93-91	2547.750	121.344	95.255	47.286	52.714	9.979	9.956	257.250	0.000	0.010	0.000	0.100	99.900	0.000	2.629	9.979		长4+5!2^(1_3)
地93-91	2547.875	118.145	95.276	43.610	56.390	9.977	9.996	255.512	0.000	0.010	0.000	0.100	99.900	0.000	2.642	9.999		长4+5!2^(2_1)
地93-91	2548.000	113.651	95.313	40.307	59.693	10.031	10.064	252.683	0.000	0.010	0.000	0.100	99.900	0.000	2.656	10.074		长4+5!2^(2_1)
地93-91	2548.125	111.747	95.352	40.156	59.844	10.138	10.163	249.662	0.000	0.010	0.000	0.100	99.900	0.000	2.667	10.203		长4+5!2^(2_1)
地93-91	2548.250	114.184	95.401	43.813	56.187	10.301	10.307	247.308	0.000	0.010	0.000	0.100	99.900	0.000	2.671	10.386		长4+5!2^(2_1)
地93-91	2548.375	120.049	95.482	50.713	49.287	10.512	10.502	245.967	0.000	0.010	0.000	0.100	99.900	0.000	2.668	10.615		长4+5!2^(2_1)
地93-91	2548.500	128.124	95.604	59.300	40.700	10.769	10.759	245.600	0.000	0.010	0.000	0.100	99.900	0.000	2.662	10.892		长4+5!2^(2_1)
地93-91	2548.625	135.360	95.771	65.823	34.177	11.076	11.088	246.037	0.000	0.010	0.000	0.100	99.900	0.000	2.658	11.226		长4+5!2^(2_1)
地93-91	2548.750	138.179	95.995	67.057	32.943	11.450	11.516	246.558	0.000	0.010	0.000	0.100	99.900	0.000	2.656	11.621		长4+5!2^(2_1)
地93-91	2548.875	136.427	96.258	62.834	37.166	11.879	12.033	246.104	0.000	0.010	0.000	0.100	99.900	0.000	2.657	12.071		长4+5!2^(2_1)
地93-91	2549.000	130.409	96.542	55.002	44.998	12.358	12.633	243.700	0.000	0.010	0.000	0.100	99.900	0.000	2.657	12.569		长4+5!2^(2_1)
地93-91	2549.125	122.487	96.846	47.222	52.778	12.884	13.301	238.992	0.000	0.010	0.000	0.100	99.900	0.000	2.654	13.110		长4+5!2^(2_1)
地93-91	2549.250	116.165	97.177	41.756	58.244	13.450	13.999	233.792	0.000	0.010	0.000	0.100	99.900	0.000	2.649	13.682		长4+5!2^(2_1)
地93-91	2549.375	111.785	97.523	38.364	61.636	14.029	14.668	229.679	0.000	0.010	0.000	0.100	99.900	0.000	2.643	14.260		长4+5!2^(2_1)
地93-91	2549.500	109.233	97.854	36.986	63.014	14.606	15.270	227.183	0.000	0.010	0.000	0.100	99.900	0.000	2.638	14.828		长4+5!2^(2_1)
地93-91	2549.625	109.233	98.146	36.825	63.175	15.162	15.778	225.129	0.000	0.010	0.000	0.100	99.900	0.000	2.637	15.365		长4+5!2^(2_1)
地93-91	2549.750	108.776	98.396	36.704	63.296	15.669	16.167	221.617	0.000	0.010	0.000	0.100	99.900	0.000	2.641	15.850		长4+5!2^(2_1)
地93-91	2549.875	109.119	98.599	37.972	62.028	16.121	16.469	216.567	0.000	0.010	0.000	0.100	99.900	0.000	2.648	16.278		长4+5!2^(2_1)
地93-91	2550.000	112.127	98.750	41.569	58.431	16.514	16.695	211.917	0.000	0.010	0.000	0.100	99.900	0.000	2.655	16.645		长4+5!2^(2_1)
地93-91	2550.125	117.307	98.862	47.364	52.636	16.842	16.855	211.500	0.000	0.010	0.000	0.100	99.900	0.000	2.658	16.942		长4+5!2^(2_1)
地93-91	2550.250	124.239	98.943	54.359	45.641	17.091	16.962	216.167	0.000	0.010	0.000	0.100	99.900	0.000	2.657	17.169		长4+5!2^(2_1)
地93-91	2550.375	130.371	98.977	60.129	39.871	17.284	17.055	224.396	0.000	0.010	0.000	0.100	99.900	0.000	2.651	17.345		长4+5!2^(2_1)
地93-91	2550.500	133.913	98.958	62.568	37.432	17.435	17.152	233.133	0.000	0.010	0.000	0.100	99.900	0.000	2.641	17.481		长4+5!2^(2_1)
地93-91	2550.625	133.761	98.888	61.656	38.344	17.548	17.251	239.379	0.000	0.010	0.000	0.100	99.900	0.000	2.629	17.570		长4+5!2^(2_1)
地93-91	2550.750	132.085	98.786	58.937	41.063	17.603	17.317	243.142	0.000	0.010	0.000	0.100	99.900	0.000	2.617	17.593		长4+5!2^(2_1)
地93-91	2550.875	128.809	98.654	55.741	44.259	17.578	17.294	245.654	0.000	0.010	0.000	0.100	99.900	0.000	2.605	17.525		长4+5!2^(2_1)
地93-91	2551.000	126.753	98.490	53.792	46.208	17.446	17.126	248.083	0.000	0.010	0.000	0.100	99.900	0.000	2.588	17.343		长4+5!2^(2_1)
地93-91	2551.125	125.458	98.271	51.864	48.136	17.189	16.789	250.596	0.000	0.010	0.000	0.100	99.900	0.000	2.566	17.031		长4+5!2^(2_1)
地93-91	2551.250	122.944	97.990	49.394	50.606	16.795	16.253	252.558	0.000	0.010	0.000	0.100	99.900	0.000	2.542	16.595		长4+5!2^(2_1)
地93-91	2551.375	120.887	97.654	47.400	52.600	16.295	15.572	253.608	0.000	0.010	0.000	0.100	99.900	0.000	2.521	16.057		长4+5!2^(2_1)
地93-91	2551.500	119.135	97.260	45.983	54.017	15.700	14.792	253.733	0.000	0.010	0.000	0.100	99.900	0.000	2.503	15.432		长4+5!2^(2_1)
地93-91	2551.625	118.259	96.794	45.901	54.099	15.030	13.963	252.987	0.000	0.010	0.000	0.100	99.900	0.000	2.485	14.745		长4+5!2^(2_1)
地93-91	2551.750	119.364	96.271	47.911	52.089	14.319	13.146	251.683	0.000	0.010	0.000	0.100	99.900	0.000	2.469	14.041		长4+5!2^(2_1)
地93-91	2551.875	122.639	95.666	52.247	47.753	13.626	12.399	250.429	0.000	0.010	0.000	0.100	99.900	0.000	2.461	13.375		长4+5!2^(2_1)
地93-91	2552.000	127.972	94.935	59.329	40.671	12.999	11.771	250.083	0.000	0.010	0.000	0.100	99.900	0.000	2.472	12.791		长4+5!2^(2_1)
地93-91	2552.125	135.627	94.024	68.055	31.945	12.479	11.292	251.187	0.000	0.010	0.000	0.100	99.900	0.000	2.503	12.334		长4+5!2^(2_1)
地93-91	2552.250	142.064	93.007	74.479	25.521	12.117	11.007	252.375	0.000	0.010	0.000	0.100	99.900	0.000	2.548	12.034		长4+5!2^(2_1)
地93-91	2552.375	144.730	91.901	76.490	23.510	11.910	10.892	251.750	0.000	0.010	0.000	0.100	99.900	0.000	2.591	11.896		长4+5!2^(2_1)
地93-91	2552.500	144.425	90.712	72.741	27.259	11.873	10.941	248.050	0.000	0.010	0.000	0.100	99.900	0.000	2.619	11.930		长4+5!2^(2_1)
地93-91	2552.625	137.836	89.411	64.111	35.889	12.014	11.145	241.500	0.000	0.010	0.000	0.100	99.900	0.000	2.627	12.157		长4+5!2^(2_1)
地93-91	2552.750	130.866	88.020	55.625	44.375	12.372	11.529	234.892	0.000	0.010	0.000	0.100	99.900	0.000	2.620	12.596		长4+5!2^(2_1)
地93-91	2552.875	123.211	86.546	49.097	50.903	12.930	12.076	230.171	0.000	0.010	0.000	0.100	99.900	0.000	2.608	13.238		长4+5!2^(2_1)
地93-91	2553.000	119.745	84.971	47.257	52.743	13.699	12.805	228.050	0.000	0.010	0.000	0.100	99.900	0.000	2.596	14.102		长4+5!2^(2_1)
地93-91	2553.125	120.507	83.336	49.252	50.748	14.706	13.748	228.183	0.000	0.010	0.000	0.100	99.900	0.000	2.589	15.235		长4+5!2^(2_1)
地93-91	2553.250	124.163	81.687	53.198	46.802	16.027	14.998	229.058	0.000	0.010	0.000	0.100	99.900	0.000	2.585	16.625		长4+5!2^(2_1)
地93-91	2553.375	127.933	80.028	56.734	43.266	17.519	16.562	229.908	0.000	0.010	0.000	0.100	99.900	0.000	2.582	18.172		长4+5!2^(2_1)
地93-91	2553.500	130.257	78.340	46.211	53.789	19.151	18.458	230.250	0.026	0.636	4.888	4.099	78.924	0.381	2.577	19.892		长4+5!2^(2_1)
地93-91	2553.625	126.029	76.632	26.739	73.261	21.001	20.645	229.483	0.031	1.713	5.248	10.169	46.457	0.356	2.571	21.772	干层	长4+5!2^(2_1)
地93-91	2553.750	119.821	74.913	22.620	77.380	22.926	23.015	227.308	0.038	2.177	5.668	10.438	43.751	0.334	2.564	23.704	干层	长4+5!2^(2_1)
地93-91	2553.875	108.928	73.184	17.247	82.753	24.870	25.379	223.571	0.054	2.875	6.411	10.806	41.072	0.314	2.554	25.611	干层	长4+5!2^(2_2)
地93-91	2554.000	95.826	71.454	12.468	87.532	26.721	27.589	218.550	0.082	3.489	7.251	11.052	39.021	0.298	2.544	27.393	干层	长4+5!2^(2_2)
地93-91	2554.125	86.114	69.749	9.457	90.543	28.399	29.526	213.150	0.102	3.626	7.699	11.015	37.976	0.286	2.536	28.929	干层	长4+5!2^(2_2)
地93-91	2554.250	80.515	68.097	7.739	92.261	29.723	31.047	208.417	0.107	3.425	7.788	10.823	37.592	0.277	2.536	30.145	干层	长4+5!2^(2_2)
地93-91	2554.375	76.973	66.515	6.818	93.182	30.777	32.132	204.646	0.106	3.071	7.764	10.554	37.602	0.271	2.549	31.097	干层	长4+5!2^(2_2)
地93-91	2554.500	76.174	65.015	6.482	93.518	31.577	32.749	201.467	0.093	1.667	7.516	10.174	38.107	0.267	2.572	31.742	干层	长4+5!2^(2_2)
地93-91	2554.625	76.174	63.625	6.183	93.817	31.990	32.935	198.225	0.079	0.010	7.178	9.803	38.824	0.265	2.600	32.061	干层	长4+5!2^(2_2)
地93-91	2554.750	75.183	62.336	5.933	94.067	32.167	32.788	195.383	0.072	0.010	6.985	9.562	39.372	0.265	2.623	32.165	干层	长4+5!2^(2_2)
地93-91	2554.875	75.564	61.136	6.094	93.906	32.161	32.548	194.354	0.067	0.010	6.838	9.559	39.409	0.265	2.636	32.119	干层	长4+5!2^(2_2)
地93-91	2555.000	76.326	60.045	6.871	93.129	32.057	32.382	196.650	0.072	1.072	6.998	9.920	38.562	0.266	2.633	32.017	油层	长4+5!2^(2_2)
地93-91	2555.125	79.982	59.117	8.427	91.573	31.959	32.427	203.008	0.083	3.164	7.280	10.527	37.090	0.265	2.612	32.012	油层	长4+5!2^(2_2)
地93-91	2555.250	84.096	58.314	10.123	89.877	32.091	32.799	210.875	0.101	4.522	7.672	11.191	35.417	0.264	2.576	32.235	油层	长4+5!2^(2_2)
地93-91	2555.375	87.638	57.588	11.265	88.735	32.451	33.452	217.654	0.119	6.085	8.010	11.750	33.921	0.261	2.535	32.699	油层	长4+5!2^(2_2)
地93-91	2555.500	88.057	56.927	11.442	88.558	33.071	34.341	221.650	0.143	7.460	8.382	12.125	32.730	0.256	2.500	33.417	油层	长4+5!2^(2_2)
地93-91	2555.625	87.143	56.299	10.875	89.125	33.935	35.385	222.679	0.158	8.660	8.585	12.362	31.726	0.251	2.479	34.406	油层	长4+5!2^(2_2)
地93-91	2555.750	83.715	55.709	9.826	90.174	35.110	36.465	222.792	0.189	10.416	8.953	12.656	30.480	0.243	2.472	35.746	油层	长4+5!2^(2_2)
地93-91	2555.875	80.401	55.162	8.793	91.207	36.697	37.485	223.179	0.229	13.068	9.338	13.015	28.993	0.235	2.472	37.505	油层	长4+5!2^(2_2)
地93-91	2556.000	76.478	54.664	7.622	92.378	38.715	38.435	224.133	0.294	17.281	9.846	13.476	27.258	0.225	2.471	39.669	油层	长4+5!2^(2_2)
地93-91	2556.125	71.679	54.230	6.323	93.677	41.097	39.322	225.133	0.395	22.997	10.449	13.960	25.510	0.215	2.467	42.120	油层	长4+5!2^(2_2)
地93-91	2556.250	66.652	53.825	4.961	95.039	43.651	40.158	225.558	0.522	29.675	11.016	14.386	23.968	0.205	2.459	44.641	油层	长4+5!2^(2_2)
地93-91	2556.375	61.053	53.440	3.520	96.480	46.123	40.959	225.196	0.682	36.674	11.561	14.739	22.705	0.197	2.450	46.983	油层	长4+5!2^(2_2)
地93-91	2556.500	55.150	53.104	2.239	97.761	48.270	41.652	223.900	0.863	41.513	12.040	14.917	21.872	0.191	2.444	48.959		长4+5!2^(2_2)
地93-91	2556.625	50.732	52.857	1.572	98.428	49.992	42.129	221.517	0.957	40.587	12.251	14.775	21.672	0.187	2.446	50.397		长4+5!2^(2_2)
地93-91	2556.750	50.122	52.698	1.446	98.554	51.004	42.291	218.708	0.855	35.834	12.022	14.445	21.944	0.185	2.455	51.103		长4+5!2^(2_2)
地93-91	2556.875	49.627	52.633	1.429	98.571	51.250	42.162	216.600	0.787	33.013	11.854	14.263	22.220	0.185	2.469	51.044		长4+5!2^(2_2)
地93-91	2557.000	51.646	52.625	1.691	98.309	50.736	41.746	216.600	0.710	33.687	11.644	14.354	22.312	0.187	2.483	50.241		长4+5!2^(2_2)
地93-91	2557.125	53.131	52.643	2.224	97.776	49.501	41.057	219.712	0.772	38.154	11.814	14.726	22.201	0.192	2.493	48.748		长4+5!2^(2_2)
地93-91	2557.250	54.769	52.698	2.855	97.145	47.620	40.026	224.517	0.908	44.446	12.144	15.216	22.096	0.198	2.494	46.745	油层	长4+5!2^(2_2)
地93-91	2557.375	56.521	52.792	3.618	96.382	45.435	38.709	229.233	1.057	47.868	12.453	15.549	22.312	0.205	2.484	44.523	油层	长4+5!2^(2_2)
地93-91	2557.500	59.720	52.917	4.436	95.564	43.157	37.195	232.050	1.036	44.439	12.414	15.517	23.095	0.213	2.468	42.267	油层	长4+5!2^(2_2)
地93-91	2557.625	62.462	53.081	5.152	94.848	40.934	35.636	231.754	0.887	35.768	12.098	15.128	24.436	0.222	2.454	40.109	油层	长4+5!2^(2_2)
地93-91	2557.750	66.119	53.292	5.842	94.158	38.875	34.192	229.400	0.653	26.138	11.472	14.525	26.149	0.231	2.449	38.122	油层	长4+5!2^(2_2)
地93-91	2557.875	68.861	53.534	6.344	93.656	36.994	32.938	226.308	0.484	19.208	10.865	13.951	27.873	0.239	2.453	36.316	油层	长4+5!2^(2_2)
地93-91	2558.000	71.146	53.792	6.725	93.275	35.301	31.879	223.800	0.379	15.251	10.366	13.564	29.309	0.248	2.462	34.692	油层	长4+5!2^(2_2)
地93-91	2558.125	72.327	54.070	6.923	93.077	33.781	30.980	222.908	0.341	13.751	10.150	13.449	30.255	0.256	2.468	33.230	油层	长4+5!2^(2_2)
地93-91	2558.250	72.593	54.380	6.858	93.142	32.405	30.243	223.258	0.342	13.758	10.159	13.554	30.768	0.264	2.466	31.909	油层	长4+5!2^(2_2)
地93-91	2558.375	71.260	54.714	6.434	93.566	31.166	29.618	224.183	0.384	14.714	10.394	13.803	30.971	0.272	2.460	30.725	油层	长4+5!2^(2_2)
地93-91	2558.500	68.861	55.052	6.004	93.996	30.065	29.103	224.917	0.451	15.401	10.720	13.999	31.218	0.278	2.452	29.683	油层	长4+5!2^(2_2)
地93-91	2558.625	68.175	55.391	6.049	93.951	29.111	28.702	225.004	0.469	14.818	10.800	13.984	31.768	0.285	2.445	28.826	油层	长4+5!2^(2_2)
地93-91	2558.750	69.623	55.734	6.567	93.433	28.398	28.444	224.850	0.432	13.447	10.634	13.817	32.485	0.289	2.443	28.200	油层	长4+5!2^(2_2)
地93-91	2558.875	72.327	56.086	7.500	92.500	27.902	28.329	224.796	0.375	11.834	10.347	13.560	33.245	0.293	2.447	27.804	油层	长4+5!2^(2_2)
地93-91	2559.000	76.631	56.438	8.766	91.234	27.656	28.374	224.983	0.304	10.247	9.918	13.252	33.958	0.294	2.457	27.657	油层	长4+5!2^(2_2)
地93-91	2559.125	80.972	56.805	9.732	90.268	27.658	28.608	225.287	0.248	9.327	9.498	13.042	34.330	0.294	2.470	27.736	油层	长4+5!2^(2_2)
地93-91	2559.250	82.344	57.188	9.930	90.070	27.853	29.066	225.542	0.234	9.343	9.382	13.025	34.203	0.292	2.480	27.974	油层	长4+5!2^(2_2)
地93-91	2559.375	81.772	57.586	9.745	90.255	28.156	29.668	225.721	0.243	9.758	9.460	13.092	33.847	0.289	2.483	28.301	油层	长4+5!2^(2_2)
地93-91	2559.500	81.049	58.000	9.318	90.682	28.520	30.350	225.783	0.253	10.238	9.542	13.176	33.514	0.287	2.478	28.550	油层	长4+5!2^(2_2)
地93-91	2559.625	78.725	58.414	8.387	91.613	28.594	30.488	225.250	0.277	10.775	9.728	13.270	33.183	0.286	2.470	28.772	油层	长4+5!2^(2_2)
地93-91	2559.750	74.955	58.807	7.069	92.931	29.037	31.148	223.492	0.307	11.034	9.937	13.283	32.858	0.282	2.466	29.240	油层	长4+5!2^(2_2)
地93-91	2559.875	70.384	59.169	5.660	94.340	29.544	31.705	220.233	0.328	10.626	10.073	13.156	32.794	0.278	2.472	29.743	油层	长4+5!2^(2_2)
地93-91	2560.000	66.271	59.490	4.514	95.486	30.042	32.132	216.100	0.328	9.835	10.071	12.950	32.925	0.275	2.486	30.195	油层	长4+5!2^(2_2)
地93-91	2560.125	63.414	59.737	3.942	96.058	30.424	32.389	212.929	0.323	9.267	10.037	12.797	33.034	0.273	2.503	30.519	油层	长4+5!2^(2_2)
地93-91	2560.250	63.224	59.906	4.127	95.873	30.663	32.388	212.050	0.311	9.160	9.966	12.755	32.989	0.272	2.515	30.733	油层	长4+5!2^(2_2)
地93-91	2560.375	65.319	59.990	5.053	94.947	30.839	32.179	213.658	0.304	9.412	9.915	12.801	32.799	0.271	2.517	30.899	油层	长4+5!2^(2_2)
地93-91	2560.500	70.080	59.990	6.678	93.322	30.989	31.848	216.867	0.281	9.465	9.754	12.800	32.703	0.270	2.510	31.063	油层	长4+5!2^(2_2)
地93-91	2560.625	76.402	59.883	8.712	91.288	31.174	31.525	220.137	0.240	8.977	9.437	12.669	32.843	0.269	2.498	31.271	油层	长4+5!2^(2_2)
地93-91	2560.750	83.105	59.682	10.670	89.330	31.417	31.424	222.450	0.192	8.154	8.981	12.446	33.140	0.267	2.488	31.537	油层	长4+5!2^(2_2)
地93-91	2560.875	87.980	59.388	12.015	87.985	31.716	31.637	223.675	0.159	7.556	8.601	12.263	33.309	0.265	2.485	31.888	油层	长4+5!2^(2_2)
地93-91	2561.000	90.494	59.021	12.390	87.610	32.145	32.158	224.233	0.144	7.649	8.398	12.251	33.051	0.262	2.487	32.378	油层	长4+5!2^(2_2)
地93-91	2561.125	89.237	58.602	11.777	88.223	32.727	32.929	224.683	0.157	8.793	8.576	12.488	32.208	0.258	2.488	33.034	油层	长4+5!2^(2_2)
地93-91	2561.250	86.152	58.177	10.616	89.384	33.494	33.867	225.558	0.193	11.249	8.988	12.939	30.885	0.253	2.482	33.873	油层	长4+5!2^(2_2)
地93-91	2561.375	81.125	57.776	9.156	90.844	34.442	34.850	227.083	0.269	15.489	9.670	13.562	29.227	0.247	2.468	34.880	油层	长4+5!2^(2_2)
地93-91	2561.500	75.869	57.406	7.922	92.078	35.535	35.868	229.067	0.390	20.674	10.423	14.146	27.666	0.241	2.454	36.029	油层	长4+5!2^(2_2)
地93-91	2561.625	72.289	57.086	7.040	92.960	36.769	36.934	230.396	0.501	24.834	10.934	14.487	26.533	0.235	2.445	37.316	油层	长4+5!2^(2_2)
地93-91	2561.750	69.470	56.802	6.105	93.895	38.135	38.033	230.017	0.568	26.640	11.188	14.556	25.863	0.228	2.442	38.668	油层	长4+5!2^(2_2)
地93-91	2561.875	65.852	56.573	4.884	95.116	39.467	39.106	227.187	0.591	25.503	11.269	14.360	25.674	0.223	2.444	39.940	油层	长4+5!2^(2_2)
地93-91	2562.000	61.701	56.417	3.619	96.381	40.647	40.036	221.917	0.000	21.581	0.000	13.892	26.013	0.000	2.452	41.035	油层	长4+5!2^(2_2)
地93-91	2562.125	58.463	56.365	2.761	97.239	41.615	40.730	215.158	0.000	11.059	0.000	8.144	55.834	0.000	2.469	41.870		长4+5!2^(2_2)
地93-91	2562.250	54.693	56.385	2.500	97.500	42.251	41.087	208.892	0.000	0.010	0.000	0.100	99.900	0.000	2.495	42.376		长4+5!2^(2_2)
地93-91	2562.375	53.093	56.453	2.500	97.500	42.563	41.131	205.012	0.000	0.010	0.000	0.100	99.900	0.000	2.523	42.572		长4+5!2^(2_2)
地93-91	2562.500	54.236	56.542	2.909	97.091	42.586	40.868	204.867	0.000	0.010	0.000	0.100	99.900	0.000	2.545	42.475		长4+5!2^(2_2)
地93-91	2562.625	57.968	56.664	3.635	96.365	42.308	40.310	209.242	0.353	6.802	10.220	5.397	70.592	0.215	2.555	42.052		长4+5!2^(2_2)
地93-91	2562.750	62.005	56.813	4.219	95.781	41.667	39.467	215.867	0.403	19.004	10.490	13.586	26.408	0.218	2.551	41.324	油层	长4+5!2^(2_2)
地93-91	2562.875	64.671	56.977	4.995	95.005	40.811	38.443	222.367	0.490	24.017	10.890	14.182	25.780	0.221	2.534	40.406	油层	长4+5!2^(2_2)
地93-91	2563.000	65.205	57.156	5.253	94.747	39.800	37.348	226.783	0.598	27.507	11.295	14.582	25.557	0.225	2.506	39.331	油层	长4+5!2^(2_2)
地93-91	2563.125	65.052	57.352	5.303	94.697	38.630	36.273	228.221	0.649	27.819	11.460	14.691	25.835	0.230	2.472	38.202	油层	长4+5!2^(2_2)
地93-91	2563.250	65.281	57.547	5.400	94.600	37.560	35.324	228.158	0.639	26.357	11.430	14.640	26.342	0.235	2.441	37.176	油层	长4+5!2^(2_2)
地93-91	2563.375	65.966	57.735	5.615	94.385	36.602	34.589	227.883	0.609	24.818	11.330	14.567	26.844	0.239	2.420	36.286	油层	长4+5!2^(2_2)
地93-91	2563.500	67.033	57.915	5.893	94.107	35.812	34.090	228.150	0.584	23.999	11.247	14.549	27.221	0.243	2.411	35.506	油层	长4+5!2^(2_2)
地93-91	2563.625	67.833	58.095	6.169	93.831	35.047	33.796	228.850	0.581	23.548	11.237	14.561	27.533	0.247	2.410	34.784	油层	长4+5!2^(2_2)
地93-91	2563.750	68.861	58.269	6.343	93.657	34.389	33.640	229.375	0.567	23.045	11.184	14.561	27.829	0.250	2.413	34.159	油层	长4+5!2^(2_2)
地93-91	2563.875	68.747	58.420	6.479	93.521	33.813	33.489	229.437	0.572	22.132	11.203	14.506	28.174	0.253	2.415	33.639	油层	长4+5!2^(2_2)
地93-91	2564.000	70.232	58.565	6.732	93.268	33.377	33.272	229.083	0.520	20.654	11.011	14.374	28.574	0.255	2.419	33.286	油层	长4+5!2^(2_2)
地93-91	2564.125	70.575	58.727	6.767	93.233	33.150	32.993	228.621	0.499	19.899	10.927	14.303	28.796	0.257	2.426	33.085	油层	长4+5!2^(2_2)
地93-91	2564.250	70.613	58.918	6.649	93.351	32.987	32.704	228.300	0.490	19.790	10.890	14.301	28.863	0.257	2.438	32.962	油层	长4+5!2^(2_2)
地93-91	2564.375	69.623	59.151	6.418	93.582	32.925	32.462	228.167	0.512	20.243	10.979	14.358	28.788	0.258	2.453	32.915	油层	长4+5!2^(2_2)
地93-91	2564.500	69.013	59.443	6.219	93.781	32.900	32.312	228.200	0.529	20.814	11.046	14.419	28.660	0.257	2.463	32.960	油层	长4+5!2^(2_2)
地93-91	2564.625	68.061	59.832	6.108	93.892	33.050	32.287	228.204	0.556	21.169	11.145	14.444	28.524	0.256	2.465	33.145	油层	长4+5!2^(2_2)
地93-91	2564.750	68.480	60.311	6.390	93.610	33.287	32.388	228.067	0.540	20.379	11.088	14.325	28.559	0.254	2.456	33.483	油层	长4+5!2^(2_2)
地93-91	2564.875	70.613	60.892	7.102	92.898	33.775	32.659	227.667	0.475	18.423	10.824	14.047	28.787	0.251	2.442	34.000	油层	长4+5!2^(2_2)
地93-91	2565.000	74.193	61.604	7.974	92.026	34.337	33.137	227.000	0.382	16.091	10.382	13.698	29.137	0.249	2.429	34.543	油层	长4+5!2^(2_2)
地93-91	2565.125	76.973	62.517	8.426	91.574	34.850	33.657	226.204	0.318	14.812	10.010	13.481	29.301	0.247	2.426	35.000	油层	长4+5!2^(2_2)
地93-91	2565.250	77.088	63.631	8.395	91.605	35.225	34.156	225.825	0.310	15.044	9.959	13.496	29.151	0.245	2.434	35.255	油层	长4+5!2^(2_2)
地93-91	2565.375	76.631	64.958	8.133	91.867	35.300	34.523	226.508	0.329	16.873	10.077	13.746	28.709	0.245	2.448	35.255	油层	长4+5!2^(2_2)
地93-91	2565.500	74.345	66.513	7.524	92.476	35.188	34.578	228.483	0.409	20.957	10.521	14.252	27.932	0.246	2.458	35.052	油层	长4+5!2^(2_2)
地93-91	2565.625	71.108	68.342	6.836	93.164	34.850	34.143	231.208	0.555	25.822	11.141	14.799	27.282	0.249	2.456	34.482	油层	长4+5!2^(2_2)
地93-91	2565.750	68.404	70.401	6.153	93.847	33.930	33.008	233.083	0.701	28.417	11.618	15.138	27.299	0.255	2.440	33.289	油层	长4+5!2^(2_2)
地93-91	2565.875	65.585	72.666	5.450	94.550	32.330	31.229	232.633	0.791	26.270	11.864	15.092	28.295	0.266	2.421	31.492	油层	长4+5!2^(2_2)
地93-91	2566.000	64.138	75.105	5.075	94.925	30.237	28.892	229.017	0.000	19.402	0.000	14.522	30.542	0.000	2.410	29.286	油层	长4+5!2^(2_2)
地93-91	2566.125	65.357	77.675	6.524	93.476	27.861	26.291	222.950	0.000	8.571	0.000	8.429	59.408	0.000	2.414	26.850		长4+5!2^(2_2)
地93-91	2566.250	68.480	80.263	10.537	89.463	25.336	23.580	218.158	0.000	0.010	0.000	0.100	99.900	0.000	2.435	24.348		长4+5!2^(2_2)
地93-91	2566.375	76.516	82.784	16.817	83.183	22.867	20.911	218.479	0.000	0.010	0.000	0.100	99.900	0.000	2.467	21.871		长4+5!2^(2_2)
地93-91	2566.500	90.494	85.166	26.212	73.788	20.378	18.416	226.100	0.000	0.010	0.000	0.100	99.900	0.000	2.502	19.399		长4+5!2^(2_2)
地93-91	2566.625	103.672	87.315	36.762	63.238	17.933	16.228	240.296	0.000	0.010	0.000	0.100	99.900	0.000	2.536	17.128		长4+5!2^(2_2)
地93-91	2566.750	116.317	89.214	47.345	52.655	15.924	14.522	254.892	0.000	0.010	0.000	0.100	99.900	0.000	2.563	15.290		长4+5!2^(2_2)
地93-91	2566.875	125.534	90.850	53.762	46.238	14.340	13.247	264.650	0.000	0.010	0.000	0.100	99.900	0.000	2.585	13.859		长4+5!2^(2_2)
地93-91	2567.000	127.210	92.228	53.293	46.707	13.138	12.346	266.650	0.000	0.010	0.000	0.100	99.900	0.000	2.605	12.785		长4+5!2^(2_3)
地93-91	2567.125	123.592	93.333	48.940	51.060	12.256	11.735	260.187	0.000	0.010	0.000	0.100	99.900	0.000	2.624	12.015		长4+5!2^(2_3)
地93-91	2567.250	118.755	94.230	44.204	55.796	11.653	11.348	250.017	0.000	0.010	0.000	0.100	99.900	0.000	2.639	11.484		长4+5!2^(2_3)
地93-91	2567.375	114.260	94.953	40.734	59.266	11.231	11.092	240.283	0.000	0.010	0.000	0.100	99.900	0.000	2.646	11.121		长4+5!2^(2_3)
地93-91	2567.500	111.975	95.541	40.863	59.137	10.957	10.934	234.400	0.000	0.010	0.000	0.100	99.900	0.000	2.642	10.894		长4+5!2^(2_3)
地93-91	2567.625	115.708	96.009	44.559	55.441	10.801	10.854	234.383	0.000	0.010	0.000	0.100	99.900	0.000	2.629	10.781		长4+5!2^(2_3)
地93-91	2567.750	119.745	96.388	48.870	51.130	10.751	10.847	237.292	0.000	0.010	0.000	0.100	99.900	0.000	2.616	10.758		长4+5!2^(2_3)
地93-91	2567.875	124.353	96.685	52.325	47.675	10.769	10.897	239.750	0.000	0.010	0.000	0.100	99.900	0.000	2.614	10.798		长4+5!2^(2_3)
地93-91	2568.000	125.686	96.899	53.040	46.960	10.840	11.000	239.550	0.000	0.010	0.000	0.100	99.900	0.000	2.625	10.885		长4+5!2^(2_3)
地93-91	2568.125	125.344	97.008	52.274	47.726	10.952	11.144	236.717	0.000	0.010	0.000	0.100	99.900	0.000	2.644	11.010		长4+5!2^(2_3)
地93-91	2568.250	124.087	97.015	51.074	48.926	11.097	11.323	233.800	0.000	0.010	0.000	0.100	99.900	0.000	2.661	11.164		长4+5!2^(2_3)
地93-91	2568.375	123.173	96.918	50.395	49.605	11.265	11.520	232.171	0.000	0.010	0.000	0.100	99.900	0.000	2.668	11.343		长4+5!2^(2_3)
地93-91	2568.500	122.944	96.720	50.492	49.508	11.460	11.734	231.700	0.000	0.010	0.000	0.100	99.900	0.000	2.664	11.551		长4+5!2^(2_3)
地93-91	2568.625	123.515	96.426	51.131	48.869	11.688	11.979	231.525	0.000	0.010	0.000	0.100	99.900	0.000	2.655	11.802		长4+5!2^(2_3)
地93-91	2568.750	124.163	96.069	51.187	48.813	11.971	12.287	231.258	0.000	0.010	0.000	0.100	99.900	0.000	2.649	12.109		长4+5!2^(2_3)
地93-91	2568.875	123.325	95.663	50.492	49.508	12.316	12.675	231.279	0.000	0.010	0.000	0.100	99.900	0.000	2.648	12.485		长4+5!2^(2_3)
地93-91	2569.000	122.944	95.215	49.488	50.512	12.738	13.170	231.850	0.000	0.010	0.000	0.100	99.900	0.000	2.652	12.945		长4+5!2^(2_3)
地93-91	2569.125	121.116	94.720	48.284	51.716	13.255	13.808	232.933	0.000	0.010	0.000	0.100	99.900	0.000	2.656	13.510		长4+5!2^(2_3)
地93-91	2569.250	120.964	94.182	48.695	51.305	13.893	14.641	234.283	0.000	0.010	0.000	0.100	99.900	0.000	2.659	14.191		长4+5!2^(2_3)
地93-91	2569.375	122.182	93.599	50.552	49.448	14.637	15.613	235.708	0.000	0.010	0.000	0.100	99.900	0.000	2.656	14.970		长4+5!2^(2_3)
地93-91	2569.500	124.772	92.975	51.083	48.917	15.470	16.665	236.350	0.000	0.010	0.000	0.100	99.900	0.000	2.648	15.832		长4+5!2^(2_3)
地93-91	2569.625	122.144	92.319	47.066	52.934	16.375	17.707	234.225	0.000	0.010	0.000	0.100	99.900	0.000	2.635	16.760		长4+5!2^(2_3)
地93-91	2569.750	116.317	91.649	40.362	59.638	17.337	18.639	228.583	0.000	0.010	0.000	0.100	99.900	0.000	2.622	17.729		长4+5!2^(2_3)
地93-91	2569.875	107.633	90.971	31.997	68.003	18.317	19.442	220.142	0.000	0.010	0.000	0.100	99.900	0.000	2.619	18.701		长4+5!2^(2_3)
地93-91	2570.000	96.588	90.287	24.159	75.841	19.275	20.113	211.400	0.000	0.010	0.000	0.100	99.900	0.000	2.631	19.629		长4+5!2^(2_3)
地93-91	2570.125	87.980	89.589	19.812	80.188	20.159	20.643	206.392	0.000	0.010	0.000	0.100	99.900	0.000	2.651	20.451		长4+5!2^(2_3)
地93-91	2570.250	85.543	88.865	19.810	80.190	20.887	20.987	206.625	0.000	0.010	0.000	0.100	99.900	0.000	2.663	21.107		长4+5!2^(2_3)
地93-91	2570.375	89.161	88.104	23.740	76.260	21.436	21.164	211.496	0.000	0.010	0.000	0.100	99.900	0.000	2.655	21.579		长4+5!2^(2_3)
地93-91	2570.500	97.654	87.289	30.162	69.838	21.793	21.194	218.600	0.000	0.010	0.000	0.100	99.900	0.000	2.630	21.863		长4+5!2^(2_3)
地93-91	2570.625	106.072	86.389	36.498	63.502	21.967	21.134	224.771	0.000	0.010	0.000	0.100	99.900	0.000	2.601	21.966		长4+5!2^(2_3)
地93-91	2570.750	112.432	85.404	40.852	59.148	21.964	21.056	228.342	0.000	0.010	0.000	0.100	99.900	0.000	2.582	21.915		长4+5!2^(2_3)
地93-91	2570.875	115.022	84.325	41.224	58.776	21.842	20.995	229.450	0.000	0.010	0.000	0.100	99.900	0.000	2.578	21.756		长4+5!2^(2_3)
地93-91	2571.000	112.127	83.135	37.806	62.194	21.628	20.940	229.333	0.000	0.010	0.000	0.100	99.900	0.000	2.578	21.516		长4+5!2^(2_3)
地93-91	2571.125	107.100	81.779	27.946	72.054	21.349	20.858	229.575	0.081	1.842	7.227	4.928	76.701	0.361	2.570	21.228		长4+5!2^(2_3)
地93-91	2571.250	101.692	80.333	16.570	83.430	21.045	20.711	230.742	0.114	5.117	7.911	12.388	41.532	0.364	2.548	20.928	油层	长4+5!2^(2_3)
地93-91	2571.375	97.197	78.870	15.337	84.663	20.754	20.519	232.433	0.156	6.309	8.555	12.879	40.654	0.367	2.519	20.652	油层	长4+5!2^(2_3)
地93-91	2571.500	94.912	77.431	15.005	84.995	20.499	20.309	233.883	0.188	6.921	8.944	13.116	40.350	0.370	2.495	20.416	油层	长4+5!2^(2_3)
地93-91	2571.625	95.445	76.061	15.382	84.618	20.293	20.112	234.508	0.189	6.783	8.953	13.092	40.603	0.372	2.483	20.229	油层	长4+5!2^(2_3)
地93-91	2571.750	96.969	74.787	16.018	83.982	20.133	19.952	234.508	0.175	6.311	8.795	12.948	41.093	0.375	2.484	20.083	油层	长4+5!2^(2_3)
地93-91	2571.875	98.949	73.634	16.641	83.359	20.008	19.824	234.321	0.157	5.889	8.569	12.811	41.536	0.376	2.494	19.973	油层	长4+5!2^(2_3)
地93-91	2572.000	100.092	72.619	16.668	83.332	19.921	19.729	234.433	0.149	5.977	8.462	12.849	41.522	0.377	2.501	19.903	油层	长4+5!2^(2_3)
地93-91	2572.125	98.378	71.791	15.998	84.002	19.876	19.674	235.004	0.167	6.632	8.700	13.080	41.006	0.378	2.499	19.880	油层	长4+5!2^(2_3)
地93-91	2572.250	96.207	71.129	15.167	84.833	19.885	19.680	235.725	0.194	7.449	9.001	13.337	40.379	0.377	2.487	19.912	油层	长4+5!2^(2_3)
地93-91	2572.375	93.579	70.631	14.532	85.468	19.952	19.752	236.033	0.225	7.914	9.307	13.466	39.983	0.375	2.472	20.008	油层	长4+5!2^(2_3)
地93-91	2572.500	93.236	70.250	14.121	85.879	20.091	19.904	235.467	0.223	7.798	9.283	13.412	39.926	0.373	2.460	20.178	油层	长4+5!2^(2_3)
地93-91	2572.625	91.446	69.935	13.298	86.702	20.309	20.137	233.896	0.225	7.685	9.306	13.348	39.796	0.369	2.455	20.442	油层	长4+5!2^(2_3)
地93-91	2572.750	89.275	69.682	12.211	87.789	20.641	20.454	232.100	0.229	7.868	9.344	13.357	39.401	0.364	2.458	20.810	油层	长4+5!2^(2_3)
地93-91	2572.875	85.505	69.492	10.783	89.217	21.063	20.833	230.742	0.260	8.721	9.595	13.534	38.563	0.358	2.466	21.261	油层	长4+5!2^(2_3)
地93-91	2573.000	80.896	69.354	8.880	91.120	21.557	21.249	230.017	0.317	10.657	9.999	13.923	37.244	0.352	2.473	21.776	油层	长4+5!2^(2_3)
地93-91	2573.125	72.631	69.247	6.772	93.228	22.104	21.679	229.433	0.469	13.200	10.798	14.377	35.801	0.344	2.475	22.330	油层	长4+5!2^(2_3)
地93-91	2573.250	67.185	69.120	5.588	94.412	22.670	22.093	228.283	0.584	14.349	11.245	14.518	35.036	0.338	2.471	22.888	油层	长4+5!2^(2_3)
地93-91	2573.375	65.166	68.969	5.269	94.731	23.214	22.475	226.583	0.593	13.787	11.278	14.360	34.915	0.332	2.465	23.410	油层	长4+5!2^(2_3)
地93-91	2573.500	66.119	68.792	5.703	94.297	23.703	22.823	224.867	0.517	12.112	11.000	14.001	35.268	0.328	2.462	23.861	油层	长4+5!2^(2_3)
地93-91	2573.625	69.737	68.563	6.657	93.343	24.099	23.129	223.587	0.403	9.975	10.490	13.515	36.001	0.325	2.467	24.189	油层	长4+5!2^(2_3)
地93-91	2573.750	74.041	68.297	7.622	92.378	24.324	23.351	222.050	0.299	7.816	9.882	12.952	37.079	0.324	2.476	24.343	油层	长4+5!2^(2_3)
地93-91	2573.875	77.430	68.023	8.099	91.901	24.372	23.455	219.462	0.220	5.958	9.260	12.372	38.394	0.324	2.486	24.312	油层	长4+5!2^(2_3)
地93-91	2574.000	78.306	67.750	7.949	92.051	24.221	23.392	215.817	0.175	4.724	8.789	11.920	39.640	0.327	2.496	24.079	油层	长4+5!2^(2_3)
地93-91	2574.125	77.621	67.477	7.775	92.225	23.865	23.135	212.992	0.157	4.204	8.566	11.728	40.486	0.332	2.509	23.643	油层	长4+5!2^(2_3)
地93-91	2574.250	78.078	67.208	8.083	91.917	23.309	22.661	213.200	0.155	4.435	8.540	11.888	40.660	0.338	2.526	23.037	油层	长4+5!2^(2_3)
地93-91	2574.375	79.106	66.964	8.986	91.014	22.628	22.043	216.971	0.178	5.366	8.826	12.349	40.231	0.346	2.542	22.328	油层	长4+5!2^(2_3)
地93-91	2574.500	82.420	66.760	10.939	89.061	21.877	21.331	223.083	0.205	6.195	9.118	12.744	40.041	0.355	2.550	21.569	油层	长4+5!2^(2_3)
地93-91	2574.625	89.542	66.615	13.769	86.231	21.107	20.594	228.771	0.191	6.165	8.970	12.815	40.642	0.365	2.546	20.812	油层	长4+5!2^(2_3)
地93-91	2574.750	96.969	66.536	17.362	82.638	20.371	19.911	232.475	0.158	5.252	8.583	12.528	42.085	0.375	2.534	20.104	油层	长4+5!2^(2_3)
地93-91	2574.875	107.824	66.544	22.236	77.764	19.705	19.252	234.642	0.101	3.846	7.680	11.937	44.266	0.384	2.525	19.477	油层	长4+5!2^(2_3)
地93-91	2575.000	119.135	66.635	27.400	72.600	19.136	18.690	236.650	0.063	2.911	6.712	11.444	46.176	0.393	2.524	18.955	油层	长4+5!2^(2_3)
地93-91	2575.125	127.857	66.799	30.981	69.019	18.684	18.273	239.633	0.047	2.719	6.116	11.356	46.909	0.400	2.535	18.560	油层	长4+5!2^(2_3)
地93-91	2575.250	130.181	67.010	31.032	68.968	18.375	18.052	242.717	0.049	3.243	6.195	11.725	46.256	0.404	2.553	18.298	油层	长4+5!2^(2_3)
地93-91	2575.375	125.420	67.260	27.323	72.677	18.183	17.976	244.412	0.068	4.459	6.867	12.396	44.717	0.406	2.572	18.143	油层	长4+5!2^(2_3)
地93-91	2575.500	114.260	67.546	21.733	78.267	18.082	17.989	243.733	0.116	6.034	7.957	13.083	43.107	0.406	2.584	18.067	油层	长4+5!2^(2_3)
地93-91	2575.625	102.492	67.888	16.561	83.439	18.044	18.070	240.779	0.182	7.538	8.874	13.593	41.922	0.406	2.584	18.046	油层	长4+5!2^(2_3)
地93-91	2575.750	90.799	68.297	12.637	87.363	18.050	18.112	237.358	0.278	8.823	9.734	13.965	41.048	0.405	2.571	18.061	油层	长4+5!2^(2_3)
地93-91	2575.875	83.448	68.779	10.538	89.462	18.078	18.200	234.662	0.352	9.467	10.218	14.129	40.637	0.403	2.548	18.097	油层	长4+5!2^(2_3)
地93-91	2576.000	79.982	69.344	9.744	90.256	18.125	18.325	233.133	0.389	9.588	10.419	14.151	40.518	0.402	2.523	18.155	油层	长4+5!2^(2_3)
地93-91	2576.125	79.563	70.001	9.716	90.284	18.200	18.450	232.475	0.384	9.335	10.394	14.075	40.584	0.401	2.500	18.244	油层	长4+5!2^(2_3)
地93-91	2576.250	80.287	70.744	9.972	90.028	18.309	18.575	232.067	0.363	8.948	10.276	13.959	40.705	0.399	2.486	18.361	油层	长4+5!2^(2_3)
地93-91	2576.375	81.468	71.599	10.357	89.643	18.440	18.700	231.821	0.337	8.562	10.128	13.838	40.819	0.397	2.482	18.499	油层	长4+5!2^(2_3)
地93-91	2576.500	82.877	72.592	10.774	89.226	18.589	18.825	231.767	0.313	8.253	9.975	13.733	40.883	0.395	2.482	18.649	油层	长4+5!2^(2_3)
地93-91	2576.625	84.058	73.797	10.948	89.052	18.740	18.950	231.812	0.295	8.106	9.857	13.673	40.856	0.393	2.483	18.790	油层	长4+5!2^(2_3)
地93-91	2576.750	83.715	75.200	10.632	89.368	18.866	19.075	231.458	0.295	8.000	9.856	13.628	40.833	0.391	2.482	18.900	油层	长4+5!2^(2_3)
地93-91	2576.875	82.229	76.793	9.956	90.044	18.950	19.175	229.929	0.294	7.434	9.851	13.448	41.177	0.390	2.483	18.962	油层	长4+5!2^(2_3)
地93-91	2577.000	80.439	78.558	9.057	90.943	18.980	19.237	226.350	0.269	6.084	9.665	12.980	42.277	0.390	2.493	18.966	油层	长4+5!2^(2_3)
地93-91	2577.125	78.497	80.503	8.357	91.643	18.946	19.300	219.975	0.000	4.190	0.000	12.149	44.422	0.000	2.518	18.900	油层	长4+5!2^(2_3)
地93-91	2577.250	79.525	82.570	11.747	88.253	18.832	19.362	212.467	0.000	1.793	0.000	6.944	67.663	0.000	2.556	18.757		长4+5!2^(2_3)
地93-91	2577.375	82.724	84.715	18.500	81.500	18.644	19.375	206.446	0.000	0.010	0.000	0.100	99.900	0.000	2.599	18.539		长4+5!2^(2_3)
地93-91	2577.500	88.361	86.884	23.646	76.354	18.382	19.313	204.850	0.000	0.010	0.000	0.100	99.900	0.000	2.636	18.250		长4+5!2^(2_3)
地93-91	2577.625	98.416	89.018	32.021	67.979	18.052	19.150	210.146	0.000	0.010	0.000	0.100	99.900	0.000	2.655	17.896		长4+5!2^(2_3)
地93-91	2577.750	110.375	91.077	41.710	58.290	17.662	18.887	219.542	0.000	0.010	0.000	0.100	99.900	0.000	2.652	17.485		长4+5!2^(2_3)
地93-91	2577.875	120.050	93.033	50.644	49.356	17.220	18.575	229.450	0.000	0.010	0.000	0.100	99.900	0.000	2.630	17.027		长4+5!2^(2_3)
地93-91	2578.000	127.972	94.869	56.619	43.381	16.737	18.187	236.500	0.000	0.010	0.000	0.100	99.900	0.000	2.606	16.529		长4+5!2^(2_3)
地93-91	2578.125	129.952	96.548	56.726	43.274	16.216	17.700	238.300	0.000	0.010	0.000	0.100	99.900	0.000	2.590	15.990		长4+5!2^(2_3)
地93-91	2578.250	127.210	98.086	52.699	47.301	15.652	17.102	236.325	0.000	0.010	0.000	0.100	99.900	0.000	2.588	15.412		长4+5!2^(2_3)
地93-91	2578.375	122.182	99.479	46.476	53.524	15.054	16.407	232.212	0.000	0.010	0.000	0.100	99.900	0.000	2.597	14.803		长4+5!2^(2_3)
地93-91	2578.500	114.717	100.727	40.715	59.285	14.425	15.664	228.000	0.000	0.010	0.000	0.100	99.900	0.000	2.603	14.162		长4+5!2^(2_3)
地93-91	2578.625	111.213	101.816	38.847	61.153	13.769	14.869	226.471	0.000	0.010	0.000	0.100	99.900	0.000	2.603	13.502		长4+5!2^(2_3)
地93-91	2578.750	111.442	102.780	40.468	59.532	13.102	14.072	229.142	0.000	0.010	0.000	0.100	99.900	0.000	2.599	12.842		长4+5!2^(2_3)
地93-91	2578.875	115.441	103.626	44.904	55.096	12.454	13.271	236.237	0.000	0.010	0.000	0.100	99.900	0.000	2.597	12.208		长4+5!2^(2_3)
地93-91	2579.000	120.964	104.357	52.299	47.701	11.840	12.511	246.100	0.000	0.010	0.000	0.100	99.900	0.000	2.599	11.612		长4+5!2^(2_3)
地93-91	2579.125	130.371	104.950	62.096	37.904	11.270	11.829	256.200	0.000	0.010	0.000	0.100	99.900	0.000	2.605	11.065		长4+5!2^(2_3)
地93-91	2579.250	137.874	105.419	70.424	29.576	10.756	11.238	264.542	0.000	0.010	0.000	0.100	99.900	0.000	2.611	10.569		长4+5!2^(2_3)
地93-91	2579.375	143.321	105.764	76.265	23.735	10.288	10.772	270.996	0.000	0.010	0.000	0.100	99.900	0.000	2.613	10.121		长4+5!2^(2_3)
地93-91	2579.500	146.101	105.989	79.620	20.380	9.870	10.399	275.783	0.000	0.010	0.000	0.100	99.900	0.000	2.614	9.724		
地93-91	2579.625	147.929	106.096	81.493	18.507	9.505	10.089	278.537	0.000	0.010	0.000	0.100	99.900	0.000	2.612	9.380		
地93-91	2579.750	148.462	106.127	83.009	16.991	9.192	9.819	279.225	0.000	0.010	0.000	0.100	99.900	0.000	2.606	9.081		
地93-91	2579.875	150.252	106.102	86.600	13.400	8.915	9.562	278.250	0.000	0.010	0.000	0.100	99.900	0.000	2.596	8.813		
地93-91	2580.000	153.566	106.036	91.493	8.507	8.662	9.303	277.067	0.000	0.010	0.000	0.100	99.900	0.000	2.588	8.565		
地93-91	2580.125	156.537	105.937	94.551	5.449	8.420	9.033	277.562	0.000	0.010	0.000	0.100	99.900	0.000	2.584	8.326		
地93-91	2580.250	156.918	105.818	92.631	7.369	8.186	8.757	279.633	0.000	0.010	0.000	0.100	99.900	0.000	2.583	8.094		
地93-91	2580.375	153.299	105.680	85.904	14.096	7.958	8.485	281.742	0.000	0.010	0.000	0.100	99.900	0.000	2.582	7.869		
地93-91	2580.500	147.777	105.529	79.198	20.802	7.735	8.229	282.583	0.000	0.010	0.000	0.100	99.900	0.000	2.575	7.650		
地93-91	2580.625	144.654	105.373	74.855	25.145	7.523	8.002	282.012	0.000	0.010	0.000	0.100	99.900	0.000	2.564	7.446		
地93-91	2580.750	141.530	105.221	72.109	27.891	7.330	7.817	282.067	0.000	0.010	0.000	0.100	99.900	0.000	2.556	7.262		
地93-91	2580.875	141.150	105.082	72.663	27.337	7.160	7.676	283.871	0.000	0.010	0.000	0.100	99.900	0.000	2.554	7.104		
地93-91	2581.000	142.749	104.966	75.330	24.670	7.021	7.583	287.067	0.000	0.010	0.000	0.100	99.900	0.000	2.558	6.982		
地93-91	2581.125	145.263	104.882	77.699	22.301	6.924	7.540	289.367	0.000	0.010	0.000	0.100	99.900	0.000	2.567	6.908		
地93-91	2581.250	145.796	104.815	78.125	21.875	6.884	7.557	288.917	0.000	0.010	0.000	0.100	99.900	0.000	2.582	6.889		
地93-91	2581.375	145.758	104.762	77.182	22.818	6.897	7.630	285.942	0.000	0.010	0.000	0.100	99.900	0.000	2.603	6.923		
地93-91	2581.500	144.120	104.724	75.462	24.538	6.963	7.757	282.150	0.000	0.010	0.000	0.100	99.900	0.000	2.628	7.009		
地93-91	2581.625	143.473	104.698	75.076	24.924	7.079	7.939	279.487	0.000	0.010	0.000	0.100	99.900	0.000	2.652	7.148		
地93-91	2581.750	143.740	104.680	76.137	23.863	7.250	8.182	277.758	0.000	0.010	0.000	0.100	99.900	0.000	2.668	7.336		
地93-91	2581.875	145.263	104.674	77.528	22.472	7.464	8.467	276.950	0.000	0.010	0.000	0.100	99.900	0.000	2.670	7.562		
地93-91	2582.000	145.491	104.685	78.495	21.505	7.708	8.780	276.142	0.000	0.010	0.000	0.100	99.900	0.000	2.661	7.813		
地93-91	2582.125	146.863	104.711	79.699	20.301	7.970	9.100	274.200	0.000	0.010	0.000	0.100	99.900	0.000	2.643	8.076		
地93-91	2582.250	146.939	104.747	78.839	21.161	8.236	9.398	272.454	0.000	0.010	0.000	0.100	99.900	0.000	2.622	8.339		
地93-91	2582.375	145.301	104.797	76.464	23.536	8.494	9.655	271.525	0.000	0.010	0.000	0.100	99.900	0.000	2.609	8.591		
地93-91	2582.500	143.511	104.869	75.527	24.473	8.735	9.863	271.071	0.000	0.010	0.000	0.100	99.900	0.000	2.608	8.822		
地93-91	2582.625	144.501	104.963	77.323	22.677	8.952	10.025	269.967	0.000	0.010	0.000	0.100	99.900	0.000	2.619	9.024		
地93-91	2582.750	146.253	105.069	79.202	20.798	9.132	10.137	267.733	0.000	0.010	0.000	0.100	99.900	0.000	2.633	9.190		
地93-91	2582.875	146.977	105.179	80.630	19.370	9.276	10.213	265.708	0.000	0.010	0.000	0.100	99.900	0.000	2.639	9.320		
地93-91	2583.000	148.386	105.281	83.376	16.624	9.384	10.259	265.321	0.000	0.010	0.000	0.100	99.900	0.000	2.633	9.417		
地93-91	2583.125	150.976	105.339	86.871	13.129	9.465	10.290	266.600	0.000	0.010	0.000	0.100	99.900	0.000	2.623	9.491		
地93-91	2583.250	152.956	105.334	88.768	11.232	9.529	10.328	267.421	0.000	0.010	0.000	0.100	99.900	0.000	2.621	9.555		
地93-91	2583.375	153.109	105.247	88.628	11.372	9.595	10.398	265.725	0.000	0.010	0.000	0.100	99.900	0.000	2.630	9.628		
地93-91	2583.500	152.652	105.068	87.236	12.764	9.678	10.515	261.529	0.000	0.010	0.000	0.100	99.900	0.000	2.642	9.723		
地93-91	2583.625	151.052	104.760	84.338	15.662	9.791	10.689	256.733	0.000	0.010	0.000	0.100	99.900	0.000	2.650	9.853		
地93-91	2583.750	148.615	104.329	80.650	19.350	9.947	10.931	254.554	0.000	0.010	0.000	0.100	99.900	0.000	2.648	10.026		
地93-91	2583.875	145.949	103.769	77.342	22.658	10.146	11.225	256.125	0.000	0.010	0.000	0.100	99.900	0.000	2.636	10.243		
地93-91	2584.000	144.120	103.084	75.358	24.642	10.389	11.562	260.758	0.000	0.010	0.000	0.100	99.900	0.000	2.620	10.501		
地93-91	2584.125	143.282	102.274	73.161	26.839	10.669	11.927	266.617	0.000	0.010	0.000	0.100	99.900	0.000	2.604	10.792		
地93-91	2584.250	140.464	101.390	67.465	32.535	10.978	12.304	270.546	0.000	0.010	0.000	0.100	99.900	0.000	2.593	11.108		
地93-91	2584.375	133.646	100.473	50.373	49.627	11.302	12.673	270.417	0.169	3.087	8.721	5.958	79.682	0.571	2.592	11.433		
地93-91	2584.500	125.839	99.569	29.875	70.125	11.628	13.015	264.987	0.191	7.113	8.967	14.499	49.733	0.559	2.599	11.753	干层	
地93-91	2584.625	115.974	98.738	23.588	76.412	11.941	13.315	254.617	0.186	5.479	8.913	13.788	50.958	0.548	2.608	12.056	干层	
地93-91	2584.750	106.034	98.014	18.523	81.477	12.229	13.550	241.658	0.159	3.753	8.597	12.861	52.922	0.540	2.610	12.330	干层	
地93-91	2584.875	99.406	97.430	15.747	84.253	12.481	13.722	230.367	0.125	2.536	8.110	11.982	54.971	0.533	2.602	12.563	干层	
地93-91	2585.000	97.502	97.011	14.759	85.241	12.687	13.836	223.325	0.096	1.951	7.574	11.435	56.221	0.528	2.590	12.751	干层	
地93-91	2585.125	96.702	96.804	14.710	85.290	12.848	13.902	221.200	0.090	1.903	7.436	11.364	56.146	0.524	2.579	12.891	干层	
地93-91	2585.250	97.883	96.779	15.255	84.745	12.954	13.923	223.012	0.093	2.142	7.502	11.586	55.287	0.521	2.571	12.978	干层	
地93-91	2585.375	98.492	96.919	15.519	84.481	13.013	13.915	225.975	0.105	2.583	7.747	11.962	54.070	0.519	2.569	13.022	干层	
地93-91	2585.500	97.654	97.166	15.651	84.349	13.035	13.884	228.800	0.126	3.052	8.129	12.322	52.993	0.518	2.573	13.035	干层	
地93-91	2585.625	98.264	97.440	16.289	83.711	13.035	13.843	231.067	0.138	3.311	8.302	12.501	52.487	0.518	2.583	13.032	干层	
地93-91	2585.750	100.321	97.673	17.486	82.514	13.028	13.803	232.887	0.136	3.341	8.277	12.521	52.433	0.518	2.596	13.031	干层	
地93-91	2585.875	103.863	97.830	19.122	80.878	13.035	13.788	234.525	0.123	3.221	8.080	12.438	52.632	0.518	2.610	13.049	干层	
地93-91	2586.000	107.709	97.882	20.826	79.174	13.070	13.813	235.987	0.109	3.071	7.832	12.327	52.850	0.517	2.621	13.099	干层	
地93-91	2586.125	111.175	97.777	22.018	77.982	13.143	13.887	237.217	0.097	3.042	7.599	12.279	52.650	0.512	2.627	13.272	干层	
地93-91	2586.250	112.127	97.499	22.322	77.678	13.466	14.248	238.154	0.097	3.202	7.598	12.342	51.903	0.504	2.628	13.569	干层	
地93-91	2586.375	111.937	97.037	22.070	77.930	13.722	14.537	238.692	0.101	3.420	7.674	12.440	51.111	0.496	2.627	13.847	干层	
地93-91	2586.500	110.604	96.396	21.744	78.256	14.033	14.897	238.804	0.109	3.588	7.824	12.495	50.368	0.487	2.625	14.176	干层	
地93-91	2586.625	110.794	95.579	21.882	78.118	14.388	15.321	238.600	0.107	3.570	7.783	12.430	49.918	0.478	2.621	14.537	干层	
地93-91	2586.750	111.442	94.682	22.126	77.874	14.759	15.765	238.217	0.101	3.480	7.676	12.321	49.597	0.469	2.617	14.904	干层	
地93-91	2586.875	112.089	93.742	22.080	77.920	15.120	16.185	237.683	0.095	3.427	7.553	12.240	49.254	0.462	2.611	15.249	干层	
地93-91	2587.000	111.213	92.792	21.469	78.531	15.442	16.529	236.975	0.096	3.467	7.570	12.224	48.833	0.455	2.604	15.539	干层	
地93-91	2587.125	109.576	91.833	20.228	79.772	15.683	16.728	235.967	0.099	3.546	7.635	12.245	48.462	0.451	2.597	15.740	干层	
地93-91	2587.250	105.653	90.911	17.903	82.097	15.826	16.771	234.037	0.110	3.678	7.843	12.309	48.140	0.448	2.592	15.837	干层	
地93-91	2587.375	98.873	90.052	14.720	85.280	15.853	16.649	230.558	0.130	3.704	8.185	12.327	48.125	0.448	2.592	15.816	干层	
地93-91	2587.500	90.647	89.260	11.731	88.269	15.761	16.373	225.054	0.149	3.307	8.468	12.094	48.987	0.451	2.598	15.671	干层	
地93-91	2587.625	85.162	88.573	9.629	90.371	15.537	15.952	218.133	0.000	2.592	0.000	11.624	50.719	0.000	2.611	15.411	干层	
地93-91	2587.750	80.820	87.979	10.724	89.276	15.224	15.454	211.938	0.000	1.332	0.000	6.842	71.077	0.000	2.622	15.076		
地93-91	2587.875	77.735	87.471	13.721	86.279	14.854	14.929	208.708	0.000	0.010	0.000	0.100	99.900	0.000	2.624	14.696		
地93-91	2588.000	76.783	87.042	11.131	88.869	14.460	14.433	209.267	0.135	0.980	8.265	4.740	81.052	0.483	2.615	14.308		
地93-91	2588.125	77.811	86.695	7.922	92.078	14.080	14.025	212.783	0.153	2.714	8.524	11.922	52.411	0.492	2.597	13.942	干层	
地93-91	2588.250	78.154	86.380	8.412	91.588	13.736	13.716	217.446	0.191	3.371	8.975	12.439	51.533	0.501	2.578	13.620	干层	
地93-91	2588.375	79.297	86.081	9.249	90.751	13.446	13.508	221.367	0.221	3.767	9.264	12.730	51.219	0.508	2.565	13.356	干层	
地93-91	2588.500	82.572	85.792	10.566	89.434	13.220	13.392	224.063	0.214	3.718	9.204	12.731	51.577	0.513	2.559	13.167	干层	
地93-91	2588.625	86.952	85.523	12.370	87.630	13.086	13.365	225.633	0.186	3.299	8.912	12.479	52.493	0.516	2.558	13.063	干层	
地93-91	2588.750	93.389	85.281	14.625	85.375	13.028	13.389	226.254	0.138	2.675	8.307	12.033	53.841	0.518	2.562	13.032	干层	
地93-91	2588.875	99.597	85.047	16.774	83.226	13.039	13.440	226.317	0.101	2.148	7.668	11.575	55.140	0.518	2.568	13.065	干层	
地93-91	2589.000	104.662	84.813	18.178	81.822	13.105	13.506	226.079	0.077	1.840	7.116	11.258	55.935	0.516	2.575	13.150	干层	
地93-91	2589.125	106.148	84.578	18.490	81.510	13.217	13.585	225.817	0.070	1.776	6.935	11.171	55.955	0.513	2.580	13.273	干层	
地93-91	2589.250	105.957	84.349	17.996	82.004	13.358	13.681	225.758	0.071	1.895	6.948	11.274	55.338	0.509	2.581	13.422	干层	
地93-91	2589.375	103.139	84.151	16.802	83.198	13.518	13.796	225.958	0.083	2.207	7.262	11.555	54.165	0.504	2.580	13.585	干层	
地93-91	2589.500	99.635	84.000	15.744	84.256	13.686	13.926	226.396	0.101	2.573	7.672	11.850	52.975	0.499	2.580	13.750	干层	
地93-91	2589.625	97.693	83.898	15.252	84.748	13.845	14.062	227.067	0.115	2.876	7.944	12.061	52.077	0.494	2.581	13.902	干层	
地93-91	2589.750	96.893	83.813	15.145	84.855	13.988	14.203	227.887	0.125	3.107	8.113	12.206	51.420	0.490	2.582	14.037	干层	
地93-91	2589.875	96.893	83.742	15.144	84.856	14.110	14.350	228.708	0.131	3.304	8.199	12.320	50.890	0.487	2.582	14.154	干层	
地93-91	2590.000	96.436	83.688	15.045	84.955	14.220	14.500	229.379	0.138	3.491	8.316	12.422	50.416	0.484	2.583	14.261	干层	
地93-91	2590.125	96.131	83.651	15.178	84.822	14.322	14.648	229.750	0.143	3.524	8.386	12.428	50.230	0.482	2.584	14.358	干层	
地93-91	2590.250	97.350	83.625	15.710	84.290	14.412	14.781	229.762	0.135	3.344	8.261	12.302	50.431	0.480	2.585	14.443	干层	
地93-91	2590.375	99.140	83.599	16.443	83.557	14.490	14.893	229.500	0.121	3.059	8.047	12.101	50.867	0.478	2.586	14.516	干层	
地93-91	2590.500	101.463	83.563	17.542	82.458	14.555	14.981	229.050	0.105	2.673	7.759	11.807	51.597	0.477	2.585	14.578	干层	
地93-91	2590.625	105.272	83.521	18.982	81.018	14.611	15.041	228.467	0.084	2.248	7.302	11.446	52.546	0.476	2.584	14.635	干层	
地93-91	2590.750	108.776	83.458	20.064	79.936	14.670	15.083	227.962	0.069	1.977	6.885	11.186	53.207	0.475	2.584	14.697	干层	
地93-91	2590.875	110.223	83.365	20.448	79.552	14.737	15.116	227.767	0.063	1.916	6.714	11.116	53.290	0.474	2.584	14.768	干层	
地93-91	2591.000	110.299	83.240	20.193	79.807	14.815	15.151	228.071	0.064	2.055	6.738	11.239	52.768	0.472	2.584	14.858	干层	
地93-91	2591.125	108.395	83.076	19.540	80.460	14.922	15.210	228.883	0.073	2.353	7.020	11.493	51.807	0.468	2.584	14.981	干层	
地93-91	2591.250	106.871	82.865	19.055	80.945	15.070	15.315	229.912	0.083	2.667	7.286	11.727	50.847	0.464	2.581	15.151	干层	
地93-91	2591.375	105.691	82.615	18.634	81.366	15.273	15.477	230.767	0.093	2.955	7.498	11.908	49.954	0.459	2.577	15.383	干层	
地93-91	2591.500	104.510	82.344	17.918	82.082	15.547	15.701	231.196	0.101	3.285	7.665	12.086	48.974	0.452	2.569	15.691	干层	
地93-91	2591.625	101.692	82.055	16.715	83.285	15.907	15.999	231.200	0.116	3.744	7.959	12.311	47.779	0.443	2.561	16.075	干层	
地93-91	2591.750	98.340	81.750	15.155	84.845	16.327	16.352	230.950	0.136	4.405	8.282	12.597	46.389	0.434	2.552	16.514	干层	
地93-91	2591.875	93.160	81.445	13.237	86.763	16.793	16.743	230.675	0.175	5.364	8.792	12.967	44.793	0.425	2.544	16.987	干层	
地93-91	2592.000	87.752	81.167	11.726	88.274	17.277	17.148	230.250	0.226	6.186	9.310	13.230	43.515	0.415	2.539	17.462	干层	
地93-91	2592.125	85.124	80.924	11.118	88.882	17.738	17.528	229.483	0.248	6.350	9.504	13.231	42.948	0.407	2.536	17.904	干层	
地93-91	2592.250	85.010	80.714	11.247	88.753	18.153	17.851	228.225	0.234	5.866	9.384	13.000	43.025	0.401	2.537	18.292	干层	
地93-91	2592.375	86.952	80.542	11.820	88.180	18.501	18.098	226.750	0.197	5.069	9.029	12.640	43.524	0.396	2.538	18.605	干层	
地93-91	2592.500	89.275	80.417	12.232	87.768	18.761	18.261	225.200	0.161	4.372	8.626	12.301	44.115	0.393	2.540	18.815	干层	
地93-91	2592.625	89.847	80.331	12.020	87.980	18.897	18.328	223.450	0.143	3.929	8.384	12.067	44.594	0.392	2.544	18.909	干层	
地93-91	2592.750	88.514	80.276	11.597	88.403	18.928	18.321	221.308	0.137	3.552	8.299	11.856	45.149	0.392	2.550	18.901	干层	
地93-91	2592.875	88.552	80.253	11.680	88.320	18.862	18.255	219.300	0.124	3.119	8.086	11.602	45.931	0.394	2.556	18.810	干层	
地93-91	2593.000	90.037	80.250	12.213	87.787	18.732	18.155	218.367	0.109	2.868	7.834	11.451	46.504	0.397	2.558	18.674	干层	
地93-91	2593.125	91.903	80.253	12.802	87.198	18.588	18.055	219.333	0.104	3.049	7.741	11.583	46.322	0.399	2.553	18.540	干层	
地93-91	2593.250	92.399	80.271	13.142	86.858	18.470	17.994	222.387	0.119	3.715	8.008	11.993	45.364	0.400	2.544	18.443	干层	
地93-91	2593.375	92.208	80.305	13.076	86.924	18.404	18.008	226.008	0.145	4.744	8.405	12.510	44.089	0.400	2.532	18.410	干层	
地93-91	2593.500	90.037	80.344	12.634	87.366	18.419	18.120	229.017	0.189	5.881	8.944	12.981	42.846	0.398	2.522	18.480	干层	
地93-91	2593.625	88.628	80.398	12.441	87.559	18.571	18.378	230.717	0.221	6.525	9.268	13.191	42.085	0.395	2.517	18.694	干层	
地93-91	2593.750	88.666	80.469	12.854	87.146	18.880	18.785	230.962	0.223	6.350	9.289	13.080	41.899	0.389	2.520	19.082	干层	
地93-91	2593.875	91.675	80.547	14.159	85.841	19.385	19.358	230.308	0.185	5.445	8.908	12.666	42.225	0.380	2.531	19.670	干层	
地93-91	2594.000	96.893	80.635	16.419	83.581	20.097	20.106	229.192	0.134	4.241	8.249	12.038	42.887	0.370	2.545	20.467	干层	
地93-91	2594.125	104.777	80.742	18.681	81.319	21.021	21.057	228.283	0.085	3.237	7.334	11.404	43.448	0.358	2.552	21.442	干层	
地93-91	2594.250	108.090	80.865	19.302	80.698	22.073	22.135	226.575	0.066	2.628	6.811	10.897	43.664	0.346	2.544	22.519	干层	
地93-91	2594.375	108.433	80.995	18.247	81.753	23.189	23.253	222.604	0.000	2.062	0.000	10.350	44.032	0.000	2.522	23.631	干层	
地93-91	2594.500	104.358	81.125	20.365	79.635	24.294	24.299	215.933	0.000	1.057	0.000	6.048	66.558	0.000	2.495	24.679		
地93-91	2594.625	95.179	81.242	22.380	77.620	25.255	25.092	208.133	0.000	0.010	0.000	0.100	99.900	0.000	2.474	25.541		
地93-91	2594.750	83.639	81.354	15.643	84.357	25.969	25.547	202.879	0.000	0.010	0.000	0.100	99.900	0.000	2.472	26.118		
地93-91	2594.875	75.640	81.451	11.336	88.664	26.342	25.606	201.583	0.000	0.010	0.000	0.100	99.900	0.000	2.493	26.328		
地93-91	2595.000	69.470	81.521	9.083	90.917	26.307	25.250	202.787	0.000	0.010	0.000	0.100	99.900	0.000	2.531	26.095		
地93-91	2595.125	68.594	81.568	9.254	90.746	25.778	24.429	203.783	0.000	0.010	0.000	0.100	99.900	0.000	2.577	25.416		
地93-91	2595.250	70.689	81.578	11.098	88.902	24.875	23.276	203.067	0.000	0.010	0.000	0.100	99.900	0.000	2.617	24.397		
地93-91	2595.375	75.869	81.542	15.386	84.614	23.681	21.894	202.079	0.000	0.010	0.000	0.100	99.900	0.000	2.638	23.124		
地93-91	2595.500	86.076	81.458	22.491	77.509	22.289	20.403	203.242	0.000	0.010	0.000	0.100	99.900	0.000	2.636	21.702		
地93-91	2595.625	97.654	81.349	23.722	76.278	20.822	18.965	207.267	0.042	0.010	5.885	3.797	80.625	0.375	2.618	20.253		
地93-91	2595.750	108.243	81.203	19.609	80.391	19.402	17.697	213.004	0.033	0.010	5.382	9.389	52.297	0.396	2.599	18.882	干层	
地93-91	2595.875	115.517	81.003	22.286	77.714	18.103	16.650	218.442	0.030	0.010	5.191	9.633	53.252	0.416	2.591	17.656	干层	
地93-91	2596.000	117.307	80.740	22.193	77.807	16.986	15.832	222.604	0.034	0.661	5.439	10.183	53.061	0.435	2.592	16.642	干层	
地93-91	2596.125	111.975	80.438	20.106	79.894	16.125	15.255	225.300	0.051	1.830	6.274	10.877	52.157	0.450	2.597	15.870	干层	
地93-91	2596.250	106.795	80.120	18.263	81.737	15.487	14.845	226.654	0.071	2.281	6.954	11.386	51.562	0.461	2.597	15.313	干层	
地93-91	2596.375	102.872	79.779	17.218	82.782	15.051	14.570	227.358	0.090	2.562	7.436	11.675	51.346	0.469	2.592	14.941	干层	
地93-91	2596.500	101.920	79.427	17.127	82.873	14.776	14.401	227.737	0.096	2.612	7.574	11.746	51.525	0.474	2.586	14.718	干层	
地93-91	2596.625	102.568	79.078	17.387	82.613	14.632	14.319	228.050	0.095	2.585	7.540	11.740	51.740	0.477	2.583	14.603	干层	
地93-91	2596.750	103.063	78.734	17.356	82.644	14.561	14.284	228.362	0.094	2.638	7.521	11.788	51.690	0.478	2.583	14.553	干层	
地93-91	2596.875	101.958	78.391	16.557	83.443	14.541	14.280	228.592	0.100	2.870	7.659	11.961	51.205	0.478	2.585	14.548	干层	
地93-91	2597.000	98.416	78.083	15.086	84.914	14.558	14.301	228.446	0.119	3.232	8.013	12.209	50.461	0.477	2.587	14.576	干层	
地93-91	2597.125	94.189	77.849	13.645	86.355	14.603	14.343	227.667	0.142	3.489	8.371	12.367	49.936	0.475	2.584	14.627	干层	
地93-91	2597.250	91.180	77.682	12.874	87.126	14.663	14.411	226.250	0.154	3.439	8.537	12.325	49.938	0.473	2.574	14.693	干层	
地93-91	2597.375	91.027	77.563	12.922	87.078	14.739	14.516	224.775	0.144	3.159	8.399	12.131	50.324	0.471	2.559	14.783	干层	
地93-91	2597.500	92.322	77.490	13.618	86.382	14.847	14.675	223.912	0.129	2.869	8.174	11.911	50.723	0.469	2.550	14.912	干层	
地93-91	2597.625	95.598	77.487	14.803	85.197	15.009	14.911	224.117	0.110	2.679	7.855	11.746	50.882	0.465	2.553	15.096	干层	
地93-91	2597.750	98.569	77.542	16.031	83.969	15.225	15.219	225.387	0.101	2.652	7.678	11.694	50.644	0.460	2.566	15.330	干层	
地93-91	2597.875	101.539	77.635	16.993	83.007	15.488	15.586	226.942	0.094	2.719	7.531	11.708	50.161	0.454	2.582	15.604	干层	
地93-91	2598.000	102.530	77.750	17.516	82.484	15.777	15.984	228.158	0.095	2.826	7.555	11.751	49.583	0.448	2.594	15.893	干层	
地93-91	2598.125	103.786	77.883	18.310	81.690	16.067	16.370	228.800	0.092	2.756	7.491	11.663	49.399	0.442	2.603	16.173	干层	
地93-91	2598.250	106.567	78.031	19.474	80.526	16.331	16.701	228.954	0.081	2.507	7.218	11.439	49.657	0.437	2.611	16.417	干层	
地93-91	2598.375	109.461	78.188	20.419	79.581	16.545	16.935	228.683	0.069	2.219	6.888	11.174	50.135	0.434	2.619	16.602	干层	
地93-91	2598.500	111.061	78.344	20.752	79.248	16.687	17.048	227.575	0.060	1.911	6.607	10.869	50.875	0.432	2.625	16.701	干层	
地93-91	2598.625	111.556	78.500	20.532	79.468	16.723	16.999	225.133	0.051	1.548	6.301	10.464	52.097	0.433	2.630	16.697	干层	
地93-91	2598.750	111.290	78.656	19.826	80.174	16.658	16.812	221.317	0.043	0.791	5.931	10.030	53.601	0.435	2.633	16.594	干层	
地93-91	2598.875	109.766	78.805	18.551	81.449	16.499	16.513	217.558	0.038	0.010	5.698	9.804	54.626	0.439	2.633	16.403	干层	
地93-91	2599.000	106.186	78.948	16.948	83.052	16.259	16.136	215.325	0.041	0.497	5.837	9.931	54.655	0.444	2.631	16.134	干层	
地93-91	2599.125	102.263	79.094	15.714	84.286	15.948	15.720	215.533	0.051	1.394	6.267	10.367	53.821	0.451	2.627	15.806	干层	
地93-91	2599.250	99.406	79.250	15.163	84.837	15.594	15.314	218.321	0.068	1.859	6.855	10.956	52.618	0.458	2.624	15.445	干层	
地93-91	2599.375	98.150	79.414	15.475	84.525	15.221	14.946	222.100	0.087	2.306	7.379	11.441	51.804	0.466	2.621	15.073	干层	
地93-91	2599.500	99.940	79.594	16.950	83.050	14.850	14.630	225.679	0.096	2.448	7.566	11.613	51.918	0.474	2.618	14.714	干层	
地93-91	2599.625	104.967	79.773	19.148	80.852	14.510	14.382	228.250	0.085	2.249	7.311	11.482	52.877	0.482	2.614	14.391	干层	
地93-91	2599.750	109.918	79.938	21.218	78.782	14.212	14.187	229.387	0.070	1.934	6.914	11.216	54.179	0.490	2.609	14.115	干层	
地93-91	2599.875	114.184	80.102	22.785	77.215	13.970	14.035	229.617	0.057	1.661	6.494	10.949	55.410	0.496	2.603	13.898	干层	
地93-91	2600.000	116.546	80.281	23.354	76.646	13.790	13.926	229.427	0.050	1.535	6.229	10.820	56.107	0.500	2.597	13.747	干层	
地93-91	2600.125	116.241	80.490	22.992	77.008	13.684	13.872	229.175	0.050	1.547	6.234	10.846	56.184	0.503	2.593	13.667	干层	
地93-91	2600.250	114.870	80.698	22.137	77.863	13.641	13.869	228.952	0.053	1.637	6.354	10.957	55.873	0.503	2.590	13.647	干层	
地93-91	2600.375	112.356	80.906	21.147	78.853	13.656	13.913	228.667	0.059	1.748	6.586	11.082	55.417	0.502	2.592	13.681	干层	
地93-91	2600.500	110.756	81.125	20.503	79.497	13.718	13.993	228.262	0.063	1.809	6.710	11.138	55.086	0.499	2.594	13.762	干层	
地93-91	2600.625	109.690	81.346	20.499	79.501	13.827	14.099	227.858	0.065	1.783	6.779	11.092	54.995	0.496	2.595	13.882	干层	
地93-91	2600.750	111.442	81.568	21.230	78.770	13.965	14.218	227.681	0.059	1.670	6.578	10.945	55.175	0.493	2.590	14.027	干层	
地93-91	2600.875	113.080	81.797	21.708	78.292	14.119	14.345	227.683	0.054	1.613	6.408	10.857	55.151	0.489	2.580	14.184	干层	
地93-91	2601.000	113.346	82.031	21.569	78.431	14.279	14.473	227.635	0.053	1.634	6.375	10.861	54.843	0.485	2.572	14.341	干层	
地93-91	2601.125	112.242	82.234	21.050	78.950	14.433	14.586	227.367	0.056	1.689	6.462	10.907	54.436	0.481	2.570	14.486	干层	
地93-91	2601.250	111.137	82.401	20.574	79.426	14.566	14.670	226.975	0.058	1.732	6.536	10.940	54.117	0.478	2.578	14.605	干层	
地93-91	2601.375	110.261	82.544	20.545	79.455	14.663	14.716	226.683	0.060	1.720	6.597	10.916	54.047	0.476	2.592	14.685	干层	
地93-91	2601.500	111.518	82.688	21.530	78.470	14.717	14.715	226.629	0.056	1.578	6.461	10.743	54.532	0.475	2.607	14.713	干层	
地93-91	2601.625	115.212	82.828	22.728	77.272	14.708	14.662	226.750	0.046	1.419	6.089	10.549	55.188	0.477	2.617	14.685	干层	
地93-91	2601.750	116.317	82.953	22.672	77.328	14.652	14.576	226.842	0.044	1.423	5.983	10.561	55.275	0.478	2.619	14.616	干层	
地93-91	2601.875	114.337	83.063	21.327	78.673	14.564	14.464	226.742	0.048	1.584	6.179	10.774	54.785	0.480	2.611	14.521	干层	
地93-91	2602.000	109.842	83.167	19.569	80.431	14.457	14.340	226.479	0.060	1.811	6.619	11.050	54.136	0.483	2.596	14.409	干层	
地93-91	2602.125	106.567	83.292	18.325	81.675	14.339	14.212	226.150	0.070	1.983	6.926	11.246	53.759	0.485	2.580	14.291	干层	
地93-91	2602.250	104.129	83.464	17.700	82.300	14.220	14.090	225.975	0.079	2.073	7.161	11.352	53.658	0.488	2.573	14.173	干层	
地93-91	2602.375	103.977	83.674	18.023	81.977	14.103	13.984	225.975	0.079	2.000	7.177	11.294	54.045	0.491	2.578	14.059	干层	
地93-91	2602.500	106.186	83.917	19.186	80.814	13.992	13.904	226.062	0.071	1.791	6.956	11.088	54.872	0.494	2.587	13.954	干层	
地93-91	2602.625	109.880	84.164	20.677	79.323	13.897	13.861	226.200	0.059	1.564	6.586	10.837	55.824	0.497	2.596	13.865	干层	
地93-91	2602.750	113.042	84.406	22.061	77.939	13.817	13.847	226.417	0.051	1.400	6.280	10.636	56.606	0.499	2.599	13.791	干层	
地93-91	2602.875	115.974	84.633	23.270	76.730	13.753	13.852	226.850	0.045	1.301	6.020	10.507	57.139	0.501	2.601	13.733	干层	
地93-91	2603.000	117.917	84.833	24.071	75.929	13.703	13.866	227.521	0.042	1.273	5.888	10.472	57.343	0.503	2.605	13.687	干层	
地93-91	2603.125	118.907	84.997	24.118	75.882	13.664	13.878	228.200	0.041	1.315	5.856	10.537	57.208	0.504	2.612	13.650	干层	
地93-91	2603.250	117.383	85.130	23.300	76.700	13.629	13.885	228.404	0.045	1.411	6.035	10.675	56.830	0.504	2.616	13.616	干层	
地93-91	2603.375	115.289	85.216	22.329	77.671	13.598	13.890	228.108	0.050	1.490	6.222	10.784	56.538	0.505	2.617	13.588	干层	
地93-91	2603.500	113.346	85.240	22.145	77.855	13.573	13.896	227.587	0.053	1.466	6.370	10.754	56.675	0.505	2.616	13.567	干层	
地93-91	2603.625	115.479	85.190	23.276	76.724	13.558	13.901	227.333	0.047	1.325	6.122	10.564	57.321	0.506	2.614	13.552	干层	
地93-91	2603.750	118.450	85.083	25.144	74.856	13.542	13.903	227.762	0.041	1.174	5.857	10.338	58.110	0.507	2.614	13.528	干层	
地93-91	2603.875	123.477	84.930	27.290	72.710	13.509	13.898	228.492	0.033	0.640	5.410	10.090	59.028	0.509	2.615	13.485	干层	
地93-91	2604.000	126.448	84.740	27.972	72.028	13.448	13.877	228.958	0.029	0.398	5.150	10.006	59.464	0.511	2.618	13.411	干层	
地93-91	2604.125	125.267	84.516	26.617	73.383	13.356	13.831	228.617	0.031	1.018	5.237	10.108	59.330	0.514	2.623	13.311	干层	
地93-91	2604.250	120.735	84.276	23.794	76.206	13.244	13.757	227.300	0.036	1.159	5.572	10.357	58.734	0.517	2.625	13.198	干层	
地93-91	2604.375	113.689	84.013	20.414	79.586	13.131	13.654	225.725	0.048	1.423	6.140	10.753	57.660	0.519	2.617	13.092	干层	
地93-91	2604.500	106.186	83.719	17.772	82.228	13.035	13.535	224.825	0.067	1.773	6.827	11.198	56.409	0.521	2.594	13.014	干层	
地93-91	2604.625	101.844	83.404	16.525	83.475	12.983	13.434	225.317	0.085	2.181	7.330	11.617	55.177	0.521	2.558	12.985	干层	
地93-91	2604.750	99.787	83.073	16.175	83.825	12.988	13.396	227.479	0.106	2.677	7.769	12.039	53.844	0.519	2.517	13.022	干层	
地93-91	2604.875	99.216	82.734	16.219	83.781	13.072	13.474	230.125	0.125	3.149	8.105	12.370	52.641	0.515	2.482	13.143	干层	
地93-91	2605.000	99.026	82.396	16.064	83.936	13.250	13.713	231.883	0.138	3.448	8.308	12.534	51.738	0.508	2.464	13.370	干层	
地93-91	2605.125	97.769	82.068	14.896	85.104	13.550	14.182	231.450	0.144	3.504	8.393	12.515	51.155	0.499	2.465	13.709	干层	
地93-91	2605.250	92.779	81.729	12.510	87.490	13.946	14.850	227.617	0.153	3.320	8.513	12.332	50.892	0.487	2.483	14.136	干层	
地93-91	2605.375	86.076	81.391	9.772	90.228	14.420	15.681	221.317	0.000	2.921	0.000	11.985	51.001	0.000	2.513	14.630	干层	
地93-91	2605.500	78.916	81.073	9.227	90.773	14.945	16.600	213.767	0.000	1.583	0.000	7.074	70.686	0.000	2.547	15.158		
地93-91	2605.625	72.365	80.789	9.545	90.455	15.478	17.499	206.500	0.000	0.010	0.000	0.100	99.900	0.000	2.579	15.677		
地93-91	2605.750	66.271	80.521	7.045	92.955	15.974	18.262	201.387	0.000	0.010	0.000	0.100	99.900	0.000	2.604	16.141		
地93-91	2605.875	63.605	80.276	6.128	93.872	16.392	18.810	199.250	0.000	0.010	0.000	0.100	99.900	0.000	2.617	16.513		
地93-91	2606.000	63.072	80.063	6.329	93.671	16.694	19.095	200.437	0.000	0.010	0.000	0.100	99.900	0.000	2.618	16.746		
地93-91	2606.125	64.862	79.870	6.214	93.786	16.826	19.066	204.733	0.197	1.516	9.033	4.959	78.680	0.427	2.606	16.821		
地93-91	2606.250	68.785	79.693	5.990	94.010	16.814	18.810	211.537	0.228	4.203	9.334	12.459	46.402	0.428	2.580	16.755	差油层	
地93-91	2606.375	74.079	79.547	7.860	92.140	16.667	18.390	219.025	0.256	5.306	9.563	13.000	45.294	0.432	2.543	16.561	差油层	
地93-91	2606.500	78.916	79.438	9.782	90.218	16.403	17.876	225.837	0.283	6.197	9.770	13.401	44.722	0.438	2.510	16.259	差油层	
地93-91	2606.625	84.248	79.359	11.500	88.500	16.044	17.324	230.883	0.279	6.498	9.741	13.566	44.854	0.445	2.495	15.884	差油层	
地93-91	2606.750	87.523	79.286	12.566	87.434	15.644	16.782	233.271	0.266	6.319	9.649	13.562	45.462	0.454	2.503	15.481	差油层	
地93-91	2606.875	89.656	79.229	13.390	86.610	15.238	16.270	233.833	0.246	5.751	9.485	13.401	46.467	0.463	2.525	15.088	差油层	
地93-91	2607.000	92.322	79.188	14.399	85.601	14.863	15.795	233.446	0.210	4.968	9.168	13.121	47.734	0.472	2.544	14.743	差油层	
地93-91	2607.125	95.636	79.151	15.600	84.400	14.562	15.361	233.050	0.174	4.318	8.782	12.853	48.888	0.479	2.547	14.471	差油层	
地93-91	2607.250	98.873	79.130	16.899	83.101	14.335	14.951	233.429	0.150	3.948	8.484	12.688	49.669	0.484	2.533	14.273	差油层	
地93-91	2607.375	102.111	79.117	18.227	81.773	14.181	14.578	234.558	0.135	3.813	8.265	12.631	50.040	0.487	2.507	14.149	差油层	
地93-91	2607.500	104.815	79.094	19.723	80.277	14.101	14.240	236.325	0.129	3.819	8.168	12.641	50.081	0.488	2.481	14.111	差油层	
地93-91	2607.625	108.623	79.036	21.056	78.944	14.126	13.944	238.583	0.119	4.015	8.007	12.737	49.711	0.487	2.459	14.173	差油层	
地93-91	2607.750	109.385	78.948	21.206	78.794	14.245	13.711	240.937	0.129	4.629	8.173	13.026	48.677	0.483	2.443	14.327	差油层	
地93-91	2607.875	107.862	78.836	20.571	79.429	14.450	13.589	242.717	0.153	5.384	8.517	13.334	47.484	0.477	2.433	14.559	差油层	
地93-91	2608.000	105.729	78.708	19.726	80.274	14.723	13.619	243.308	0.176	5.892	8.801	13.499	46.597	0.469	2.429	14.847	差油层	
地93-91	2608.125	103.939	78.563	18.821	81.179	15.034	13.733	242.583	0.186	6.028	8.911	13.503	46.093	0.462	2.432	15.161	差油层	
地93-91	2608.250	101.844	78.406	18.029	81.971	15.352	13.881	240.875	0.189	5.830	8.951	13.376	45.923	0.455	2.443	15.480	差油层	
地93-91	2608.375	101.235	78.250	17.354	82.646	15.670	14.020	238.750	0.175	5.377	8.793	13.147	46.030	0.448	2.464	15.793	差油层	
地93-91	2608.500	99.330	78.094	16.037	83.963	15.976	14.194	235.837	0.166	4.877	8.688	12.886	46.267	0.442	2.492	16.081	差油层	
地93-91	2608.625	95.712	77.953	13.745	86.255	16.238	14.395	231.317	0.159	4.292	8.593	12.572	46.725	0.438	2.527	16.322	差油层	
地93-91	2608.750	88.514	77.839	10.725	89.275	16.448	14.644	224.483	0.162	3.687	8.630	12.219	47.380	0.434	2.563	16.511	差油层	
地93-91	2608.875	80.972	77.779	8.087	91.913	16.604	14.877	216.942	0.000	3.163	0.000	11.885	48.077	0.000	2.596	16.649	差油层	
地93-91	2609.000	74.650	77.781	8.950	91.050	16.715	15.035	211.237	0.000	1.773	0.000	7.077	69.012	0.000	2.620	16.744		
地93-91	2609.125	74.764	77.841	10.667	89.333	16.787	15.143	209.883	0.155	1.237	8.539	4.787	79.129	0.428	2.628	16.806		
地93-91	2609.250	79.449	77.953	9.317	90.683	16.834	15.235	214.654	0.155	3.483	8.549	12.045	47.368	0.427	2.614	16.847	水层	
地93-91	2609.375	85.391	78.128	11.845	88.155	16.865	15.325	222.817	0.174	4.625	8.781	12.647	45.758	0.427	2.584	16.872	水层	
地93-91	2609.500	91.561	78.354	14.184	85.816	16.882	15.417	231.192	0.195	5.901	9.012	13.195	44.375	0.426	2.557	16.877	水层	
地93-91	2609.625	95.141	78.651	15.372	84.628	16.869	15.430	236.850	0.217	6.728	9.229	13.505	43.645	0.427	2.547	16.857	水层	
地93-91	2609.750	95.750	79.010	15.381	84.619	16.839	15.448	237.904	0.222	6.640	9.276	13.478	43.760	0.427	2.560	16.820	水层	
地93-91	2609.875	94.988	79.424	14.984	85.016	16.790	15.469	235.908	0.208	5.850	9.147	13.192	44.532	0.428	2.590	16.767	水层	
地93-91	2610.000	94.912	79.875	14.762	85.238	16.732	15.528	232.675	0.177	4.837	8.818	12.777	45.650	0.430	2.620	16.708	水层	
地93-91	2610.125	95.331	80.359	14.854	85.146	16.673	15.620	229.750	0.149	4.043	8.470	12.399	46.711	0.431	2.642	16.646	水层	
地93-91	2610.250	96.740	80.854	15.530	84.470	16.607	15.723	228.112	0.128	3.461	8.152	12.078	47.660	0.433	2.652	16.577	水层	
地93-91	2610.375	99.864	81.333	16.746	83.254	16.530	15.829	227.575	0.106	2.995	7.771	11.791	48.566	0.435	2.654	16.490	水层	
地93-91	2610.500	103.291	81.771	18.186	81.814	16.429	15.934	227.750	0.090	2.642	7.433	11.549	49.409	0.438	2.650	16.376	水层	
地93-91	2610.625	107.062	82.154	19.664	80.336	16.297	16.036	228.200	0.076	2.343	7.088	11.326	50.250	0.441	2.645	16.240	水层	
地93-91	2610.750	110.147	82.484	20.886	79.114	16.154	16.143	228.500	0.066	2.105	6.798	11.132	51.033	0.444	2.638	16.096	水层	
地93-91	2610.875	112.546	82.745	21.707	78.293	16.010	16.258	228.567	0.058	1.931	6.555	10.981	51.696	0.447	2.627	15.958	水层	
地93-91	2611.000	113.651	82.917	21.998	78.002	15.880	16.377	228.396	0.055	1.833	6.423	10.895	52.139	0.450	2.618	15.841	水层	
地93-91	2611.125	113.765	82.995	22.034	77.966	15.782	16.486	228.067	0.053	1.761	6.377	10.829	52.481	0.452	2.612	15.754	水层	
地93-91	2611.250	114.032	82.995	22.056	77.944	15.711	16.569	227.550	0.051	1.679	6.295	10.745	52.832	0.453	2.613	15.695	水层	
地93-91	2611.375	114.070	82.924	21.694	78.306	15.671	16.614	226.975	0.050	1.665	6.231	10.731	52.915	0.454	2.620	15.670	水层	
地93-91	2611.500	112.280	82.812	20.614	79.386	15.667	16.609	226.537	0.053	1.801	6.372	10.877	52.448	0.453	2.626	15.686	水层	
地93-91	2611.625	108.966	82.695	19.344	80.656	15.714	16.546	226.383	0.063	2.038	6.700	11.109	51.648	0.452	2.625	15.753	水层	
地93-91	2611.750	106.491	82.574	18.328	81.673	15.811	16.449	226.587	0.072	2.302	6.979	11.336	50.801	0.449	2.616	15.870	水层	
地93-91	2611.875	103.901	82.447	17.448	82.552	15.958	16.346	226.833	0.083	2.560	7.274	11.530	49.988	0.445	2.604	16.032	水层	
地93-91	2612.000	102.225	82.312	16.943	83.057	16.144	16.273	226.854	0.091	2.693	7.451	11.609	49.457	0.441	2.596	16.232	水层	
地93-91	2612.125	101.616	82.182	16.666	83.334	16.363	16.275	226.467	0.092	2.691	7.474	11.580	49.200	0.436	2.594	16.456	水层	
地93-91	2612.250	101.082	82.062	16.223	83.777	16.597	16.357	225.617	0.090	2.671	7.441	11.536	48.970	0.432	2.598	16.695	水层	
地93-91	2612.375	99.521	81.941	15.507	84.493	16.842	16.515	224.625	0.093	2.731	7.500	11.550	48.566	0.427	2.603	16.946	水层	
地93-91	2612.500	97.654	81.798	14.954	85.046	17.102	16.735	223.846	0.098	2.826	7.613	11.588	48.084	0.422	2.602	17.211	水层	
地93-91	2612.625	97.045	81.615	14.810	85.190	17.374	17.001	223.700	0.100	2.976	7.661	11.659	47.511	0.417	2.592	17.483	水层	
地93-91	2612.750	96.817	81.389	14.730	85.270	17.647	17.283	224.600	0.106	3.335	7.778	11.857	46.615	0.412	2.572	17.754	水层	
地93-91	2612.875	95.903	81.139	14.559	85.441	17.915	17.565	226.275	0.121	3.913	8.048	12.157	45.483	0.407	2.550	18.016	水层	
地93-91	2613.000	95.065	80.890	14.342	85.658	18.166	17.820	228.200	0.140	4.571	8.336	12.461	44.406	0.403	2.533	18.253	水层	
地93-91	2613.125	93.808	80.676	14.042	85.958	18.384	17.998	229.617	0.160	5.015	8.614	12.640	43.699	0.399	2.528	18.461	水层	
地93-91	2613.250	93.160	80.505	13.764	86.236	18.575	18.074	229.404	0.164	4.878	8.659	12.556	43.692	0.396	2.534	18.636	水层	
地93-91	2613.375	92.741	80.388	13.585	86.415	18.728	18.040	227.292	0.150	4.162	8.483	12.191	44.451	0.394	2.544	18.770	水层	
地93-91	2613.500	93.693	80.337	13.425	86.575	18.835	17.912	223.654	0.119	3.234	8.005	11.661	45.723	0.393	2.553	18.854	水层	
地93-91	2613.625	93.351	80.354	12.869	87.132	18.883	17.720	219.600	0.098	2.630	7.618	11.254	46.779	0.393	2.559	18.882	水层	
地93-91	2613.750	91.941	80.427	12.335	87.665	18.880	17.522	216.712	0.091	2.360	7.464	11.048	47.376	0.394	2.565	18.858	水层	
地93-91	2613.875	91.446	80.548	12.225	87.775	18.826	17.347	215.517	0.088	2.278	7.391	10.987	47.629	0.395	2.571	18.792	水层	
地93-91	2614.000	91.713	80.706	13.185	86.815	18.741	17.220	215.858	0.088	2.159	7.399	10.887	48.025	0.396	2.578	18.703	水层	
地93-91	2614.125	97.731	80.866	15.826	84.174	18.646	17.176	217.300	0.070	1.827	6.923	10.578	49.029	0.398	2.583	18.613	水层	
地93-91	2614.250	105.805	80.983	19.362	80.638	18.563	17.219	219.487	0.052	0.977	6.311	10.221	50.169	0.400	2.584	18.546	水层	
地93-91	2614.375	114.565	81.044	23.030	76.970	18.520	17.353	221.908	0.037	0.010	5.652	9.905	51.152	0.401	2.584	18.525	水层	
地93-91	2614.500	121.116	81.042	25.937	74.063	18.533	17.576	224.054	0.030	0.010	5.194	9.696	51.734	0.401	2.585	18.572	水层	
地93-91	2614.625	125.572	80.966	27.249	72.751	18.630	17.898	225.417	0.026	0.010	4.872	9.622	51.781	0.399	2.590	18.708	水层	
地93-91	2614.750	125.001	80.838	26.567	73.433	18.825	18.316	225.617	0.027	0.010	4.952	9.721	51.150	0.395	2.599	18.948	水层	
地93-91	2614.875	122.487	80.687	25.289	74.711	19.134	18.842	225.183	0.030	0.010	5.169	9.854	50.271	0.389	2.607	19.306	水层	
地93-91	2615.000	120.050	80.531	23.842	76.158	19.564	19.470	224.662	0.033	0.640	5.368	10.028	49.140	0.382	2.611	19.789	水层	
地93-91	2615.125	116.355	80.375	22.005	77.995	20.128	20.193	224.350	0.039	1.739	5.720	10.314	47.581	0.373	2.604	20.389	水层	
地93-91	2615.250	111.975	80.224	20.286	79.714	20.781	20.950	224.350	0.048	2.126	6.176	10.628	45.919	0.364	2.587	21.068	水层	
地93-91	2615.375	108.738	80.096	18.781	81.219	21.498	21.699	224.475	0.057	2.593	6.525	10.934	44.300	0.354	2.566	21.804	水层	
地93-91	2615.500	104.510	80.000	16.955	83.045	22.262	22.412	224.687	0.072	3.298	6.987	11.326	42.499	0.345	2.553	22.575	水层	
地93-91	2615.625	99.292	79.953	15.175	84.825	23.044	23.057	224.950	0.095	4.174	7.557	11.732	40.754	0.336	2.553	23.348	水层	
地93-91	2615.750	95.293	79.943	13.901	86.099	23.803	23.622	225.217	0.119	4.982	8.001	12.031	39.377	0.328	2.566	24.083	水层	
地93-91	2615.875	92.437	79.964	12.699	87.301	24.503	24.077	225.233	0.137	5.734	8.300	12.264	38.285	0.321	2.582	24.731	水层	
地93-91	2616.000	88.209	80.010	11.408	88.592	25.074	24.384	224.562	0.165	6.205	8.670	12.391	37.601	0.316	2.588	25.213	水层	
地93-91	2616.125	85.619	80.078	10.448	89.552	25.421	24.459	222.633	0.170	5.842	8.738	12.237	37.743	0.314	2.583	25.470	水层	
地93-91	2616.250	83.562	80.162	9.637	90.363	25.544	24.311	219.000	0.157	4.896	8.574	11.863	38.580	0.314	2.574	25.498	水层	
地93-91	2616.375	82.420	80.268	9.046	90.954	25.428	23.960	214.750	0.134	3.936	8.250	11.447	39.738	0.316	2.568	25.287	水层	
地93-91	2616.500	81.506	80.417	8.982	91.018	25.076	23.439	211.562	0.119	3.316	8.013	11.151	40.842	0.320	2.570	24.840	水层	
地93-91	2616.625	83.562	80.620	9.764	90.236	24.487	22.779	211.083	0.105	3.131	7.749	11.099	41.556	0.327	2.575	24.180	水层	
地93-91	2616.750	86.305	80.865	10.992	89.008	23.721	22.024	214.292	0.107	3.487	7.798	11.377	41.620	0.336	2.579	23.353	水层	
地93-91	2616.875	89.618	81.133	12.295	87.705	22.803	21.182	219.275	0.117	4.105	7.973	11.791	41.506	0.346	2.575	22.399	水层	
地93-91	2617.000	91.713	81.406	13.437	86.563	21.795	20.275	223.983	0.134	4.589	8.245	12.126	41.695	0.358	2.564	21.387	水层	
地93-91	2617.125	94.531	81.693	14.576	85.424	20.778	19.366	226.933	0.135	4.480	8.259	12.176	42.618	0.371	2.551	20.397	水层	
地93-91	2617.250	97.121	81.985	15.865	84.135	19.828	18.539	227.579	0.122	3.828	8.057	11.936	44.246	0.384	2.542	19.496	水层	
地93-91	2617.375	101.768	82.292	17.552	82.448	18.998	17.855	227.125	0.094	2.979	7.526	11.508	46.299	0.396	2.545	18.725	水层	
地93-91	2617.500	106.034	82.615	19.166	80.834	18.315	17.340	226.371	0.073	2.328	7.004	11.090	48.239	0.406	2.562	18.113	水层	
地93-91	2617.625	109.995	82.925	20.651	79.349	17.811	17.004	225.700	0.057	1.872	6.522	10.721	49.902	0.415	2.589	17.668	水层	
地93-91	2617.750	113.194	83.219	22.070	77.930	17.454	16.790	225.137	0.047	1.545	6.131	10.394	51.304	0.420	2.617	17.366	水层	
地93-91	2617.875	116.736	83.513	23.496	76.504	17.236	16.673	224.717	0.039	0.825	5.718	10.099	52.447	0.424	2.635	17.202	水层	
地93-91	2618.000	119.440	83.813	24.379	75.621	17.151	16.639	224.508	0.033	0.010	5.415	9.935	53.005	0.425	2.639	17.170	水层	
地93-91	2618.125	120.164	84.125	24.513	75.487	17.198	16.696	224.550	0.032	0.010	5.344	9.923	52.914	0.423	2.628	17.255	水层	
地93-91	2618.250	119.745	84.433	23.895	76.105	17.339	16.834	224.662	0.033	0.556	5.400	10.037	52.302	0.420	2.612	17.428	水层	
地93-91	2618.375	117.041	84.716	22.357	77.643	17.562	17.056	224.675	0.038	1.490	5.682	10.295	51.154	0.415	2.601	17.677	水层	
地93-91	2618.500	112.737	84.959	20.445	79.555	17.849	17.363	224.575	0.047	1.801	6.120	10.616	49.770	0.410	2.602	17.984	水层	
地93-91	2618.625	108.433	85.133	18.918	81.082	18.186	17.745	224.400	0.058	2.101	6.549	10.876	48.538	0.403	2.613	18.337	水层	
地93-91	2618.750	105.957	85.255	18.066	81.934	18.564	18.159	224.287	0.066	2.320	6.795	11.027	47.595	0.397	2.628	18.733	水层	
地93-91	2618.875	104.510	85.315	17.618	82.382	18.986	18.572	224.250	0.071	2.480	6.942	11.111	46.809	0.390	2.637	19.172	水层	
地93-91	2619.000	103.901	85.292	17.251	82.749	19.449	18.973	224.250	0.073	2.640	7.005	11.184	46.035	0.383	2.636	19.645	水层	
地93-91	2619.125	102.492	85.146	16.561	83.439	19.938	19.373	224.250	0.078	2.908	7.152	11.324	45.092	0.375	2.621	20.131	水层	
地93-91	2619.250	100.168	84.906	15.698	84.302	20.419	19.785	224.258	0.088	3.268	7.394	11.509	44.085	0.369	2.595	20.592	水层	
地93-91	2619.375	97.959	84.596	14.821	85.179	20.851	20.212	224.383	0.099	3.722	7.637	11.730	43.091	0.364	2.564	20.988	水层	
地93-91	2619.500	95.217	84.239	13.989	86.011	21.192	20.612	224.783	0.116	4.276	7.964	11.987	42.152	0.360	2.542	21.268	水层	
地93-91	2619.625	93.275	83.856	13.555	86.445	21.380	20.879	225.483	0.133	4.743	8.239	12.193	41.524	0.358	2.542	21.388	水层	
地93-91	2619.750	92.703	83.453	13.554	86.446	21.399	20.946	226.283	0.143	4.958	8.382	12.293	41.340	0.358	2.568	21.332	水层	
地93-91	2619.875	93.160	83.049	13.525	86.475	21.231	20.775	226.758	0.143	4.969	8.384	12.323	41.516	0.362	2.613	21.090	水层	
地93-91	2620.000	92.170	82.677	13.193	86.807	20.877	20.369	226.446	0.148	4.766	8.454	12.278	42.079	0.367	2.658	20.662	水层	
地93-91	2620.125	91.751	82.349	12.645	87.355	20.339	19.752	224.900	0.140	4.175	8.337	12.059	43.262	0.375	2.690	20.076	水层	
地93-91	2620.250	89.732	82.083	11.532	88.468	19.683	19.018	221.429	0.130	3.416	8.185	11.714	44.943	0.385	2.704	19.388	水层	
地93-91	2620.375	86.800	81.880	10.100	89.900	18.946	18.204	216.442	0.000	2.660	0.000	11.292	46.996	0.000	2.705	18.639	水层	
地93-91	2620.500	83.029	81.750	12.705	87.295	18.179	17.357	210.917	0.000	1.360	0.000	6.658	68.953	0.000	2.698	17.883		
地93-91	2620.625	84.286	81.701	19.246	80.754	17.440	16.559	206.483	0.000	0.010	0.000	0.100	99.900	0.000	2.684	17.175		
地93-91	2620.750	88.895	81.729	23.099	76.901	16.778	15.884	205.425	0.000	0.010	0.000	0.100	99.900	0.000	2.663	16.555		
地93-91	2620.875	95.902	81.817	22.067	77.933	16.222	15.395	207.667	0.047	0.010	6.109	3.912	82.427	0.446	2.642	16.046		
地93-91	2621.000	102.987	81.972	17.231	82.769	15.783	15.115	212.046	0.041	0.010	5.829	9.658	56.342	0.454	2.627	15.662	水层	
地93-91	2621.125	109.576	82.227	19.599	80.401	15.482	15.037	216.733	0.037	0.010	5.632	9.817	56.260	0.460	2.621	15.408	水层	
地93-91	2621.250	111.975	82.553	20.232	79.768	15.298	15.077	220.133	0.039	0.532	5.736	10.119	55.520	0.463	2.621	15.271	水层	
地93-91	2621.375	110.490	82.938	19.517	80.483	15.229	15.189	222.083	0.046	1.429	6.094	10.486	54.400	0.463	2.622	15.242	水层	
地93-91	2621.500	107.557	83.351	18.393	81.607	15.261	15.336	223.108	0.057	1.713	6.506	10.824	53.241	0.462	2.618	15.308	水层	
地93-91	2621.625	104.662	83.777	17.396	82.604	15.380	15.496	223.667	0.068	1.976	6.865	11.087	52.221	0.458	2.610	15.443	水层	
地93-91	2621.750	102.530	84.201	16.676	83.324	15.537	15.656	223.983	0.077	2.193	7.120	11.274	51.407	0.454	2.599	15.604	水层	
地93-91	2621.875	100.968	84.621	16.317	83.683	15.704	15.809	224.217	0.084	2.335	7.307	11.380	50.838	0.451	2.589	15.764	水层	
地93-91	2622.000	100.854	85.053	16.397	83.603	15.855	15.944	224.437	0.086	2.383	7.342	11.404	50.551	0.448	2.582	15.901	水层	
地93-91	2622.125	101.387	85.500	16.733	83.267	15.970	16.048	224.783	0.085	2.386	7.322	11.395	50.424	0.446	2.581	16.000	水层	
地93-91	2622.250	102.530	85.927	17.317	82.683	16.045	16.109	225.246	0.082	2.346	7.251	11.353	50.451	0.444	2.588	16.059	水层	
地93-91	2622.375	104.244	86.292	17.968	82.032	16.079	16.113	225.817	0.077	2.302	7.133	11.312	50.535	0.444	2.599	16.080	水层	
地93-91	2622.500	105.424	86.592	18.402	81.598	16.081	16.056	226.437	0.075	2.315	7.074	11.325	50.516	0.444	2.605	16.068	水层	
地93-91	2622.625	105.957	86.834	18.469	81.531	16.050	15.942	227.133	0.076	2.407	7.092	11.408	50.340	0.445	2.604	16.029	水层	
地93-91	2622.750	105.196	87.041	18.018	81.982	15.999	15.802	227.696	0.081	2.588	7.229	11.559	49.993	0.446	2.599	15.976	水层	
地93-91	2622.875	103.291	87.213	17.183	82.817	15.941	15.659	227.925	0.091	2.808	7.451	11.734	49.594	0.447	2.595	15.917	水层	
地93-91	2623.000	100.854	87.352	16.338	83.662	15.882	15.534	227.742	0.102	2.987	7.686	11.869	49.304	0.448	2.594	15.861	水层	
地93-91	2623.125	99.216	87.451	15.926	84.074	15.828	15.452	227.433	0.109	3.082	7.824	11.941	49.187	0.449	2.591	15.808	水层	
地93-91	2623.250	99.026	87.513	16.168	83.832	15.777	15.418	227.687	0.111	3.127	7.870	11.978	49.167	0.450	2.580	15.755	水层	
地93-91	2623.375	100.549	87.537	17.020	82.980	15.723	15.438	228.758	0.109	3.152	7.823	12.003	49.190	0.451	2.558	15.696	水层	
地93-91	2623.500	102.987	87.533	18.219	81.781	15.657	15.514	230.467	0.105	3.156	7.748	12.014	49.265	0.453	2.530	15.629	水层	
地93-91	2623.625	105.881	87.516	19.326	80.674	15.586	15.639	232.067	0.098	3.106	7.613	11.991	49.443	0.455	2.506	15.558	水层	
地93-91	2623.750	107.557	87.494	19.915	80.085	15.516	15.779	232.825	0.000	3.021	0.000	11.941	49.688	0.000	2.490	15.490	水层	
地93-91	2623.875	108.319	87.467	26.011	73.989	15.451	15.915	232.708	0.000	1.772	0.000	7.173	69.905	0.000	2.484	15.433		
地93-91	2624.000	106.795	87.441	34.250	65.750	15.405	16.043	231.979	0.000	0.010	0.000	0.100	99.900	0.000	2.487	15.408		
地93-91	2624.125	105.005	87.423	32.893	67.107	15.413	16.191	230.950	0.000	0.010	0.000	0.100	99.900	0.000	2.500	15.448		
地93-91	2624.250	103.672	87.406	32.126	67.874	15.501	16.413	229.575	0.000	0.010	0.000	0.100	99.900	0.000	2.519	15.578		
地93-91	2624.375	103.368	87.388	31.851	68.149	15.694	16.773	227.992	0.000	0.010	0.000	0.100	99.900	0.000	2.541	15.815		
地93-91	2624.500	102.987	87.369	31.813	68.187	15.997	17.316	226.533	0.000	0.010	0.000	0.100	99.900	0.000	2.566	16.163		
地93-91	2624.625	103.444	87.356	31.988	68.012	16.411	18.071	225.567	0.000	0.010	0.000	0.100	99.900	0.000	2.594	16.597		
地93-91	2624.750	103.291	87.347	31.601	68.399	16.877	18.944	225.171	0.000	0.010	0.000	0.100	99.900	0.000	2.623	17.067		
地93-91	2624.875	102.339	87.340	30.318	69.682	17.352	19.832	224.608	0.000	0.010	0.000	0.100	99.900	0.000	2.649	17.530		
地93-91	2625.000	99.787	87.334	28.269	71.731	17.797	20.622	222.958	0.000	0.010	0.000	0.100	99.900	0.000	2.667	17.940		
地93-91	2625.125	97.121	87.332	26.459	73.541	18.155	21.184	219.717	0.000	0.010	0.000	0.100	99.900	0.000	2.674	18.255		
地93-91	2397.500--2625.125(平均)	111.017	81.537	37.059	62.941	14.901	14.853	233.233	0.086	2.366	3.550	5.349	78.912	0.199	2.571	14.903		
地93-91	2397.500--2625.125(最大)	461.916	106.127	99.900	98.571	51.250	42.291	320.283	1.057	47.868	12.453	15.701	99.900	1.081	2.705	51.103		
地93-91	2397.500--2625.125(最小)	49.627	39.242	1.429	0.100	4.820	5.417	185.283	0.000	0.010	0.000	0.100	21.672	0.000	2.339	4.822		
