井名	深度	GR	SP	SH	SS	IR4A	AC	PERM2024	PERM	POR2024	POR	SW	SW2024	RT	DEN	解释结论	层位
地93-88	2267.750	113.678	82.570	62.061	37.939	14.687	247.729	0.000	0.010	0.000	0.100	99.900	0.000	14.649	2.634		
地93-88	2267.875	118.978	82.285	67.321	32.679	14.475	251.368	0.000	0.010	0.000	0.100	99.900	0.000	14.414	2.637		
地93-88	2268.000	120.813	81.932	67.496	32.504	14.171	250.552	0.000	0.010	0.000	0.100	99.900	0.000	14.109	2.640		
地93-88	2268.125	118.367	81.415	63.015	36.985	13.850	246.023	0.000	0.010	0.000	0.100	99.900	0.000	13.776	2.640		
地93-88	2268.250	113.779	80.650	57.304	42.696	13.472	239.846	0.000	0.010	0.000	0.100	99.900	0.000	13.386	2.637		
地93-88	2268.375	109.658	79.608	42.929	57.071	13.040	234.703	0.093	0.869	7.495	4.885	86.932	0.522	12.948	2.630		
地93-88	2268.500	105.353	78.327	24.265	75.735	12.590	231.500	0.098	2.099	7.609	11.976	68.333	0.535	12.507	2.620	水层	
地93-88	2268.625	96.975	76.830	19.835	80.165	12.197	230.048	0.139	1.991	8.330	11.835	70.060	0.546	12.135	2.610	水层	
地93-88	2268.750	87.011	75.172	16.352	83.648	11.911	229.335	0.224	1.941	9.292	11.766	71.174	0.554	11.874	2.602	水层	
地93-88	2268.875	82.286	73.475	15.438	84.562	11.747	228.425	0.272	1.878	9.689	11.677	72.058	0.559	11.732	2.597	水层	
地93-88	2269.000	84.277	71.859	15.917	84.083	11.693	227.283	0.232	1.800	9.362	11.567	72.747	0.560	11.698	2.595	水层	
地93-88	2269.125	84.977	70.365	15.766	84.234	11.734	226.242	0.212	1.732	9.181	11.466	73.105	0.558	11.756	2.598	水层	
地93-88	2269.250	83.593	69.027	15.368	84.632	11.855	225.162	0.215	1.664	9.213	11.361	73.258	0.554	11.890	2.604	水层	
地93-88	2269.375	83.806	67.845	15.964	84.036	12.035	223.829	0.199	1.582	9.052	11.232	73.391	0.547	12.078	2.610	水层	
地93-88	2269.500	87.951	66.786	17.653	82.347	12.241	222.443	0.150	1.501	8.476	11.097	73.538	0.542	12.277	2.615	水层	
地93-88	2269.625	92.768	65.848	18.844	81.156	12.375	221.361	0.111	1.439	7.862	10.992	73.860	0.539	12.367	2.616	水层	
地93-88	2269.750	93.189	65.013	18.240	81.760	12.295	220.600	0.104	1.397	7.739	10.918	74.643	0.544	12.248	2.611	水层	
地93-88	2269.875	89.470	64.225	16.696	83.304	12.035	220.473	0.125	1.390	8.113	10.906	75.599	0.553	11.963	2.601	水层	
地93-88	2270.000	85.951	63.456	15.927	84.073	11.674	221.636	0.159	1.455	8.600	11.019	76.120	0.565	11.598	2.586	水层	
地93-88	2270.125	85.849	62.757	16.519	83.481	11.320	224.485	0.185	1.625	8.908	11.295	75.630	0.577	11.269	2.567	水层	
地93-88	2270.250	87.946	62.275	18.421	81.579	11.093	228.908	0.000	1.917	0.000	11.724	73.953	0.000	11.070	2.549	水层	
地93-88	2270.375	93.390	62.237	30.612	69.388	11.008	234.040	0.000	1.284	0.000	7.249	83.534	0.000	11.017	2.534		
地93-88	2270.500	102.793	62.798	50.811	49.189	11.082	238.791	0.000	0.010	0.000	0.100	99.900	0.000	11.121	2.525		
地93-88	2270.625	112.401	63.957	60.346	39.654	11.297	242.519	0.000	0.010	0.000	0.100	99.900	0.000	11.355	2.524		
地93-88	2270.750	117.626	65.561	65.405	34.595	11.588	244.941	0.000	0.010	0.000	0.100	99.900	0.000	11.648	2.530		
地93-88	2270.875	119.377	67.378	66.911	33.089	11.872	245.717	0.000	0.010	0.000	0.100	99.900	0.000	11.918	2.541		
地93-88	2271.000	119.494	69.186	65.468	34.532	12.084	244.724	0.000	0.010	0.000	0.100	99.900	0.000	12.113	2.555		
地93-88	2271.125	116.674	70.877	60.958	39.042	12.206	242.587	0.000	0.010	0.000	0.100	99.900	0.000	12.211	2.570		
地93-88	2271.250	112.439	72.353	54.895	45.105	12.218	240.867	0.000	0.010	0.000	0.100	99.900	0.000	12.210	2.584		
地93-88	2271.375	106.748	73.490	48.012	51.988	12.179	240.614	0.000	0.010	0.000	0.100	99.900	0.000	12.172	2.594		
地93-88	2271.500	100.616	74.176	41.638	58.362	12.161	240.697	0.000	0.010	0.000	0.100	99.900	0.000	12.173	2.599		
地93-88	2271.625	95.128	74.355	36.791	63.209	12.238	239.774	0.000	0.010	0.000	0.100	99.900	0.000	12.270	2.597		
地93-88	2271.750	91.373	74.062	33.529	66.471	12.393	237.374	0.000	0.010	0.000	0.100	99.900	0.000	12.422	2.588		
地93-88	2271.875	88.436	73.373	30.642	69.358	12.524	234.419	0.000	0.010	0.000	0.100	99.900	0.000	12.540	2.575		
地93-88	2272.000	84.866	72.332	23.275	76.725	12.593	232.662	0.296	0.872	9.862	4.889	86.969	0.529	12.600	2.561		
地93-88	2272.125	81.230	70.920	14.522	85.478	12.645	233.256	0.367	2.233	10.302	12.146	67.085	0.527	12.668	2.551	含油水层	
地93-88	2272.250	77.129	69.195	13.091	86.909	12.784	235.888	0.518	2.449	11.003	12.401	65.499	0.521	12.833	2.550	含油水层	
地93-88	2272.375	72.198	67.276	11.427	88.573	13.046	238.663	0.768	2.690	11.805	12.670	63.627	0.511	13.114	2.556	含油水层	
地93-88	2272.500	66.264	65.267	9.903	90.097	13.388	239.826	1.104	2.795	12.543	12.783	62.329	0.500	13.461	2.569	含油水层	
地93-88	2272.625	63.273	63.160	9.528	90.472	13.752	238.643	1.211	2.689	12.731	12.668	61.964	0.490	13.829	2.584	含油水层	
地93-88	2272.750	65.600	60.889	10.363	89.637	14.127	234.682	0.878	2.355	12.076	12.284	62.785	0.481	14.196	2.594	含油水层	
地93-88	2272.875	70.732	58.505	11.558	88.442	14.449	228.433	0.491	1.889	10.891	11.678	64.850	0.475	14.499	2.596	含油水层	
地93-88	2273.000	75.478	56.255	12.052	87.948	14.685	222.092	0.278	1.486	9.737	11.063	67.357	0.471	14.720	2.588	含油水层	
地93-88	2273.125	75.629	54.339	11.248	88.752	14.856	218.573	0.231	1.290	9.355	10.722	68.746	0.468	14.888	2.568	含油水层	
地93-88	2273.250	71.669	52.780	9.542	90.458	15.041	219.811	0.301	1.358	9.896	10.842	67.650	0.462	15.099	2.543	含油水层	
地93-88	2273.375	64.033	51.454	7.463	92.537	15.347	224.771	0.573	1.647	11.207	11.323	64.547	0.454	15.421	2.516	含油水层	
地93-88	2273.500	55.875	50.241	5.872	94.128	15.721	230.266	1.151	2.013	12.628	11.856	61.332	0.444	15.798	2.491	含油水层	
地93-88	2273.625	51.244	49.189	5.215	94.785	16.088	234.561	1.818	2.339	13.557	12.273	58.906	0.436	16.149	2.474	含油水层	
地93-88	2273.750	49.750	48.407	5.122	94.878	16.373	237.708	2.304	2.605	14.041	12.578	57.220	0.430	16.417	2.466	含油水层	
地93-88	2273.875	49.285	47.894	5.262	94.738	16.577	240.480	2.720	2.859	14.378	12.847	55.886	0.426	16.605	2.466	含油水层	
地93-88	2274.000	49.641	47.518	5.891	94.109	16.703	243.052	3.046	3.111	14.609	13.096	54.802	0.423	16.716	2.476	含油水层	
地93-88	2274.125	53.233	47.226	7.135	92.865	16.756	244.874	2.783	3.299	14.425	13.273	54.113	0.423	16.759	2.494	含油水层	
地93-88	2274.250	57.580	47.061	8.265	91.735	16.778	245.533	2.305	3.369	14.041	13.337	53.843	0.423	16.791	2.518	含油水层	
地93-88	2274.375	60.093	47.081	8.611	91.389	16.867	244.621	1.935	3.273	13.685	13.248	53.958	0.421	16.909	2.544	含油水层	
地93-88	2274.500	59.669	47.290	7.990	92.010	17.114	241.106	1.652	2.926	13.363	12.907	54.709	0.416	17.197	2.570	含油水层	
地93-88	2274.625	57.295	47.679	6.782	93.218	17.557	234.043	1.299	2.316	12.874	12.222	56.540	0.408	17.674	2.593	含油水层	
地93-88	2274.750	54.839	48.213	5.601	94.399	18.146	224.008	0.881	1.619	12.084	11.249	59.682	0.399	18.272	2.612	含油水层	
地93-88	2274.875	54.032	48.982	5.011	94.989	18.771	213.173	0.000	0.738	0.000	10.198	63.757	0.000	18.895	2.628	含油水层	
地93-88	2275.000	56.243	50.130	7.249	92.751	19.346	203.893	0.000	0.010	0.000	5.797	79.771	0.000	19.427	2.639		
地93-88	2275.125	59.995	51.455	11.047	88.953	19.676	197.562	0.000	0.010	0.000	0.100	99.900	0.000	19.684	2.643		
地93-88	2275.250	61.615	52.759	11.075	88.925	19.634	195.540	0.000	0.010	0.000	0.100	99.900	0.000	19.560	2.639		
地93-88	2275.375	59.291	53.911	7.751	92.249	19.205	198.344	0.189	0.010	8.947	3.692	88.210	0.389	19.069	2.627		
地93-88	2275.500	54.003	54.865	3.892	96.108	18.499	204.781	0.344	0.010	10.167	9.384	69.399	0.400	18.334	2.608	含油水层	
地93-88	2275.625	50.550	55.624	3.910	96.090	17.702	213.297	0.634	0.527	11.414	10.210	66.043	0.411	17.562	2.583	含油水层	
地93-88	2275.750	50.880	56.215	4.693	95.307	17.022	222.007	0.974	1.488	12.287	11.055	62.926	0.422	16.900	2.557	含油水层	
地93-88	2275.875	52.751	56.710	5.535	94.465	16.439	228.678	1.245	1.900	12.787	11.702	60.963	0.433	16.341	2.535	含油水层	
地93-88	2276.000	53.847	57.316	5.848	94.152	15.959	231.977	1.394	2.134	13.017	12.022	60.459	0.442	15.869	2.519	含油水层	
地93-88	2276.125	53.104	58.296	5.786	94.214	15.515	232.106	1.457	2.144	13.108	12.034	61.268	0.451	15.427	2.514	含油水层	
地93-88	2276.250	53.592	59.729	6.396	93.604	15.063	230.835	0.000	2.049	0.000	11.911	62.767	0.000	14.958	2.519	含油水层	
地93-88	2276.375	58.908	61.524	9.494	90.506	14.480	230.563	0.000	1.202	0.000	7.141	78.212	0.000	14.313	2.534		
地93-88	2276.500	71.143	63.644	17.888	82.112	13.593	233.022	0.000	0.010	0.000	0.100	99.900	0.000	13.366	2.556		
地93-88	2276.625	86.841	65.971	30.512	69.488	12.514	239.043	0.000	0.010	0.000	0.100	99.900	0.000	12.335	2.581		
地93-88	2276.750	99.464	68.380	40.763	59.237	11.689	247.605	0.000	0.010	0.000	0.100	99.900	0.000	11.574	2.603		
地93-88	2276.875	105.290	70.799	44.141	55.859	11.194	254.419	0.000	0.010	0.000	0.100	99.900	0.000	11.155	2.617		
地93-88	2277.000	103.943	73.055	40.333	59.667	11.050	254.883	0.000	0.010	0.000	0.100	99.900	0.000	11.061	2.621		
地93-88	2277.125	97.611	74.944	33.107	66.893	11.116	248.689	0.000	0.010	0.000	0.100	99.900	0.000	11.140	2.612		
地93-88	2277.250	90.292	76.448	26.921	73.079	11.245	239.048	0.000	0.010	0.000	0.100	99.900	0.000	11.278	2.593		
地93-88	2277.375	85.548	77.690	24.285	75.715	11.412	230.253	0.000	0.010	0.000	0.100	99.900	0.000	11.449	2.567		
地93-88	2277.500	85.504	78.698	26.019	73.981	11.559	224.311	0.000	0.010	0.000	0.100	99.900	0.000	11.560	2.539		
地93-88	2277.625	90.271	79.552	32.068	67.932	11.503	222.328	0.000	0.010	0.000	0.100	99.900	0.000	11.444	2.513		
地93-88	2277.750	98.649	80.350	43.787	56.213	11.182	227.969	0.000	0.010	0.000	0.100	99.900	0.000	11.097	2.495		
地93-88	2277.875	112.286	81.107	64.783	35.217	10.749	242.674	0.000	0.010	0.000	0.100	99.900	0.000	10.654	2.487		
地93-88	2278.000	130.259	81.807	88.821	11.179	10.294	259.305	0.000	0.010	0.000	0.100	99.900	0.000	10.215	2.490		
地93-88	2278.125	143.222	82.448	99.900	0.100	9.958	268.984	0.000	0.010	0.000	0.100	99.900	0.000	9.939	2.502		
地93-88	2278.250	145.434	83.007	99.900	0.100	9.911	267.244	0.000	0.010	0.000	0.100	99.900	0.000	9.940	2.519		
地93-88	2278.375	142.079	83.460	99.900	0.100	10.080	258.296	0.000	0.010	0.000	0.100	99.900	0.000	10.134	2.539		
地93-88	2278.500	140.230	83.823	99.629	0.371	10.311	250.214	0.000	0.010	0.000	0.100	99.900	0.000	10.328	2.558		
地93-88	2278.625	139.621	84.130	96.995	3.005	10.336	245.740	0.000	0.010	0.000	0.100	99.900	0.000	10.294	2.576		
地93-88	2278.750	136.835	84.400	91.669	8.331	10.122	245.363	0.000	0.010	0.000	0.100	99.900	0.000	10.075	2.592		
地93-88	2278.875	134.246	84.649	89.611	10.389	9.914	248.458	0.000	0.010	0.000	0.100	99.900	0.000	9.895	2.606		
地93-88	2279.000	135.457	84.908	93.868	6.132	9.882	252.431	0.000	0.010	0.000	0.100	99.900	0.000	9.924	2.617		
地93-88	2279.125	139.107	85.188	98.868	1.132	10.146	254.332	0.000	0.010	0.000	0.100	99.900	0.000	10.242	2.623		
地93-88	2279.250	141.962	85.470	99.900	0.100	10.639	253.032	0.000	0.010	0.000	0.100	99.900	0.000	10.750	2.625		
地93-88	2279.375	145.070	85.723	99.900	0.100	11.166	249.852	0.000	0.010	0.000	0.100	99.900	0.000	11.252	2.620		
地93-88	2279.500	149.400	85.955	99.900	0.100	11.564	247.241	0.000	0.010	0.000	0.100	99.900	0.000	11.620	2.610		
地93-88	2279.625	152.973	86.200	99.900	0.100	11.780	246.141	0.000	0.010	0.000	0.100	99.900	0.000	11.774	2.594		
地93-88	2279.750	154.783	86.472	99.900	0.100	11.707	247.848	0.000	0.010	0.000	0.100	99.900	0.000	11.656	2.578		
地93-88	2279.875	155.975	86.748	99.900	0.100	11.455	253.982	0.000	0.010	0.000	0.100	99.900	0.000	11.404	2.566		
地93-88	2280.000	157.477	86.985	99.900	0.100	11.277	263.735	0.000	0.010	0.000	0.100	99.900	0.000	11.302	2.564		
地93-88	2280.125	158.248	87.178	99.900	0.100	11.515	272.622	0.000	0.010	0.000	0.100	99.900	0.000	11.658	2.578		
地93-88	2280.250	157.080	87.375	99.900	0.100	12.285	274.053	0.000	0.010	0.000	0.100	99.900	0.000	12.490	2.602		
地93-88	2280.375	150.774	87.622	98.143	1.857	13.281	264.646	0.000	0.010	0.000	0.100	99.900	0.000	13.462	2.631		
地93-88	2280.500	137.776	87.908	85.506	14.494	14.144	247.855	0.000	0.010	0.000	0.100	99.900	0.000	14.287	2.655		
地93-88	2280.625	123.781	88.185	65.607	34.393	14.809	229.979	0.000	0.010	0.000	0.100	99.900	0.000	14.904	2.667		
地93-88	2280.750	115.611	88.424	56.534	43.466	15.271	217.365	0.000	0.010	0.000	0.100	99.900	0.000	15.353	2.672		
地93-88	2280.875	112.512	88.627	53.628	46.372	15.664	212.460	0.000	0.010	0.000	0.100	99.900	0.000	15.727	2.674		
地93-88	2281.000	111.864	88.806	53.910	46.090	15.955	212.735	0.000	0.010	0.000	0.100	99.900	0.000	15.992	2.672		
地93-88	2281.125	113.352	88.972	57.330	42.670	16.120	215.645	0.000	0.010	0.000	0.100	99.900	0.000	16.136	2.668		
地93-88	2281.250	117.297	89.095	62.375	37.625	16.245	219.076	0.000	0.010	0.000	0.100	99.900	0.000	16.308	2.663		
地93-88	2281.375	120.202	89.120	64.787	35.213	16.569	221.512	0.000	0.010	0.000	0.100	99.900	0.000	16.645	2.657		
地93-88	2281.500	119.927	89.033	65.842	34.158	16.852	222.239	0.000	0.010	0.000	0.100	99.900	0.000	16.836	2.648		
地93-88	2281.625	122.051	88.884	75.702	24.298	16.644	224.002	0.000	0.010	0.000	0.100	99.900	0.000	16.500	2.630		
地93-88	2281.750	133.634	88.712	92.493	7.507	15.894	235.807	0.000	0.010	0.000	0.100	99.900	0.000	15.716	2.600		
地93-88	2281.875	154.367	88.493	99.900	0.100	15.080	263.371	0.000	0.010	0.000	0.100	99.900	0.000	14.973	2.564		
地93-88	2282.000	174.731	88.222	99.900	0.100	14.696	295.228	0.000	0.010	0.000	0.100	99.900	0.000	14.735	2.536		
地93-88	2282.125	178.126	87.937	99.900	0.100	15.000	311.053	0.000	0.010	0.000	0.100	99.900	0.000	15.148	2.531		
地93-88	2282.250	162.586	87.701	97.680	2.320	15.707	297.515	0.000	0.010	0.000	0.100	99.900	0.000	15.825	2.549		
地93-88	2282.375	137.191	87.585	78.767	21.233	16.242	263.907	0.000	0.010	0.000	0.100	99.900	0.000	16.306	2.582		
地93-88	2282.500	113.580	87.623	49.703	50.297	16.517	233.749	0.000	0.010	0.000	0.100	99.900	0.000	16.537	2.620		
地93-88	2282.625	102.186	87.778	42.084	57.916	16.559	218.716	0.000	0.010	0.000	0.100	99.900	0.000	16.523	2.647		
地93-88	2282.750	104.217	87.980	49.938	50.062	16.360	219.439	0.000	0.010	0.000	0.100	99.900	0.000	16.304	2.663		
地93-88	2282.875	116.548	88.232	67.859	32.141	16.092	228.830	0.000	0.010	0.000	0.100	99.900	0.000	16.047	2.670		
地93-88	2283.000	129.601	88.564	82.759	17.241	15.885	238.084	0.000	0.010	0.000	0.100	99.900	0.000	15.859	2.674		
地93-88	2283.125	133.066	88.948	85.471	14.529	15.774	242.717	0.000	0.010	0.000	0.100	99.900	0.000	15.769	2.676		
地93-88	2283.250	131.668	89.373	83.386	16.614	15.743	241.469	0.000	0.010	0.000	0.100	99.900	0.000	15.734	2.677		
地93-88	2283.375	130.896	89.839	83.467	16.533	15.693	236.850	0.000	0.010	0.000	0.100	99.900	0.000	15.679	2.675		
地93-88	2283.500	132.160	90.254	85.016	14.984	15.618	233.886	0.000	0.010	0.000	0.100	99.900	0.000	15.600	2.670		
地93-88	2283.625	132.411	90.500	82.018	17.982	15.536	235.678	0.000	0.010	0.000	0.100	99.900	0.000	15.527	2.664		
地93-88	2283.750	127.776	90.487	70.674	29.326	15.509	240.069	0.000	0.010	0.000	0.100	99.900	0.000	15.518	2.660		
地93-88	2283.875	117.553	90.222	54.219	45.781	15.563	240.743	0.000	0.010	0.000	0.100	99.900	0.000	15.580	2.657		
地93-88	2284.000	104.658	89.773	39.449	60.551	15.637	234.262	0.000	0.010	0.000	0.100	99.900	0.000	15.645	2.656		
地93-88	2284.125	94.275	89.191	29.697	70.303	15.685	223.713	0.000	0.010	0.000	0.100	99.900	0.000	15.700	2.657		
地93-88	2284.250	86.732	88.500	23.466	76.534	15.757	214.813	0.000	0.010	0.000	0.100	99.900	0.000	15.767	2.656		
地93-88	2284.375	81.272	87.723	19.877	80.123	15.760	210.669	0.000	0.010	0.000	0.100	99.900	0.000	15.724	2.655		
地93-88	2284.500	78.980	86.994	19.664	80.336	15.534	210.347	0.000	0.010	0.000	0.100	99.900	0.000	15.453	2.652		
地93-88	2284.625	81.750	86.482	23.365	76.635	15.083	212.818	0.000	0.010	0.000	0.100	99.900	0.000	14.953	2.645		
地93-88	2284.750	88.378	86.295	30.561	69.439	14.421	218.851	0.000	0.010	0.000	0.100	99.900	0.000	14.276	2.634		
地93-88	2284.875	97.631	86.370	40.886	59.114	13.689	228.974	0.000	0.010	0.000	0.100	99.900	0.000	13.536	2.620		
地93-88	2285.000	107.964	86.581	53.715	46.285	12.973	240.783	0.000	0.010	0.000	0.100	99.900	0.000	12.865	2.605		
地93-88	2285.125	118.337	86.899	68.676	31.324	12.490	250.286	0.000	0.010	0.000	0.100	99.900	0.000	12.435	2.595		
地93-88	2285.250	128.536	87.299	84.596	15.404	12.218	254.308	0.000	0.010	0.000	0.100	99.900	0.000	12.165	2.590		
地93-88	2285.375	136.934	87.705	96.271	3.729	11.940	253.977	0.000	0.010	0.000	0.100	99.900	0.000	11.873	2.591		
地93-88	2285.500	141.173	88.038	99.900	0.100	11.607	254.021	0.000	0.010	0.000	0.100	99.900	0.000	11.540	2.596		
地93-88	2285.625	141.121	88.248	99.900	0.100	11.310	255.204	0.000	0.010	0.000	0.100	99.900	0.000	11.279	2.604		
地93-88	2285.750	139.983	88.315	97.977	2.023	11.229	254.270	0.000	0.010	0.000	0.100	99.900	0.000	11.269	2.610		
地93-88	2285.875	137.567	88.281	90.238	9.762	11.473	249.069	0.000	0.010	0.000	0.100	99.900	0.000	11.558	2.611		
地93-88	2286.000	131.124	88.178	75.681	24.319	11.905	241.339	0.000	0.010	0.000	0.100	99.900	0.000	12.002	2.601		
地93-88	2286.125	120.083	87.939	58.400	41.600	12.413	233.630	0.000	0.010	0.000	0.100	99.900	0.000	12.535	2.568		
地93-88	2286.250	108.588	87.540	44.834	55.166	13.113	226.326	0.000	0.010	0.000	0.100	99.900	0.000	13.329	2.508		
地93-88	2286.375	100.129	86.989	37.484	62.516	14.273	218.651	0.000	0.010	0.000	0.100	99.900	0.000	14.578	2.417		
地93-88	2286.500	97.070	86.301	36.187	63.813	15.795	210.582	0.000	0.010	0.000	0.100	99.900	0.000	16.104	2.304		
地93-88	2286.625	98.683	85.497	37.944	62.056	16.840	204.853	0.000	0.010	0.000	0.100	99.900	0.000	16.653	2.181		
地93-88	2286.750	100.316	84.594	39.207	60.793	15.588	210.097	0.000	0.010	0.000	0.100	99.900	0.000	15.076	2.070		
地93-88	2286.875	100.730	83.661	40.831	59.169	12.945	235.946	0.000	0.010	0.000	0.100	99.900	0.000	12.335	1.983		
地93-88	2287.000	103.660	83.012	47.672	52.328	10.136	279.089	0.000	0.010	0.000	0.100	99.900	0.000	9.751	1.929		
地93-88	2287.125	113.196	82.671	62.239	37.761	8.498	322.056	0.000	0.010	0.000	0.100	99.900	0.000	8.393	1.919		
地93-88	2287.250	125.451	82.389	80.608	19.392	8.149	344.492	0.000	0.010	0.000	0.100	99.900	0.000	8.220	1.948		
地93-88	2287.375	135.804	82.311	94.957	5.043	8.601	338.604	0.000	0.010	0.000	0.100	99.900	0.000	8.773	2.016		
地93-88	2287.500	145.059	82.403	99.900	0.100	9.502	314.458	0.000	0.010	0.000	0.100	99.900	0.000	9.719	2.116		长4+5!1^(1_1)
地93-88	2287.625	152.091	82.651	99.900	0.100	10.517	286.400	0.000	0.010	0.000	0.100	99.900	0.000	10.672	2.241		长4+5!1^(1_1)
地93-88	2287.750	153.282	83.021	99.900	0.100	11.252	264.036	0.000	0.010	0.000	0.100	99.900	0.000	11.371	2.367		长4+5!1^(1_1)
地93-88	2287.875	146.049	83.473	94.163	5.837	11.810	250.029	0.000	0.010	0.000	0.100	99.900	0.000	11.895	2.476		长4+5!1^(1_1)
地93-88	2288.000	132.564	83.954	77.502	22.498	12.198	241.842	0.000	0.010	0.000	0.100	99.900	0.000	12.249	2.555		长4+5!1^(1_1)
地93-88	2288.125	120.509	84.416	61.548	38.452	12.424	237.275	0.000	0.010	0.000	0.100	99.900	0.000	12.447	2.596		长4+5!1^(1_1)
地93-88	2288.250	113.818	84.832	54.441	45.559	12.525	235.560	0.000	0.010	0.000	0.100	99.900	0.000	12.535	2.614		长4+5!1^(1_1)
地93-88	2288.375	111.392	85.222	52.990	47.010	12.560	236.272	0.000	0.010	0.000	0.100	99.900	0.000	12.555	2.620		长4+5!1^(1_1)
地93-88	2288.500	112.346	85.600	55.357	44.643	12.504	238.020	0.000	0.010	0.000	0.100	99.900	0.000	12.467	2.623		长4+5!1^(1_1)
地93-88	2288.625	115.267	85.949	60.369	39.631	12.291	239.784	0.000	0.010	0.000	0.100	99.900	0.000	12.222	2.632		长4+5!1^(1_1)
地93-88	2288.750	119.753	86.270	67.555	32.445	11.951	241.950	0.000	0.010	0.000	0.100	99.900	0.000	11.884	2.644		长4+5!1^(1_1)
地93-88	2288.875	124.983	86.562	75.261	24.739	11.662	245.321	0.000	0.010	0.000	0.100	99.900	0.000	11.639	2.658		长4+5!1^(1_1)
地93-88	2289.000	129.132	86.807	79.863	20.137	11.599	247.913	0.000	0.010	0.000	0.100	99.900	0.000	11.628	2.670		长4+5!1^(1_1)
地93-88	2289.125	129.726	87.008	77.144	22.856	11.768	246.278	0.000	0.010	0.000	0.100	99.900	0.000	11.823	2.676		长4+5!1^(1_1)
地93-88	2289.250	124.784	87.182	67.406	32.594	12.031	239.251	0.000	0.010	0.000	0.100	99.900	0.000	12.076	2.679		长4+5!1^(1_1)
地93-88	2289.375	117.062	87.326	55.464	44.536	12.256	230.075	0.000	0.010	0.000	0.100	99.900	0.000	12.302	2.680		长4+5!1^(1_1)
地93-88	2289.500	108.070	87.456	44.558	55.442	12.494	223.249	0.000	0.010	0.000	0.100	99.900	0.000	12.552	2.679		长4+5!1^(1_1)
地93-88	2289.625	100.388	87.636	37.879	62.121	12.795	219.094	0.000	0.010	0.000	0.100	99.900	0.000	12.869	2.675		长4+5!1^(1_1)
地93-88	2289.750	97.589	87.894	37.280	62.720	13.138	215.429	0.000	0.010	0.000	0.100	99.900	0.000	13.189	2.670		长4+5!1^(1_1)
地93-88	2289.875	100.411	88.186	41.975	58.025	13.345	212.632	0.000	0.010	0.000	0.100	99.900	0.000	13.348	2.661		长4+5!1^(1_1)
地93-88	2290.000	106.488	88.502	50.643	49.357	13.309	215.933	0.000	0.010	0.000	0.100	99.900	0.000	13.263	2.648		长4+5!1^(1_1)
地93-88	2290.125	114.896	88.828	64.067	35.933	13.070	230.191	0.000	0.010	0.000	0.100	99.900	0.000	13.013	2.629		长4+5!1^(1_1)
地93-88	2290.250	126.094	89.046	83.574	16.426	12.807	253.346	0.000	0.010	0.000	0.100	99.900	0.000	12.768	2.606		长4+5!1^(1_1)
地93-88	2290.375	138.759	89.139	98.446	1.554	12.630	274.287	0.000	0.010	0.000	0.100	99.900	0.000	12.609	2.587		长4+5!1^(1_1)
地93-88	2290.500	148.464	89.273	99.900	0.100	12.538	281.294	0.000	0.010	0.000	0.100	99.900	0.000	12.532	2.574		长4+5!1^(1_1)
地93-88	2290.625	150.897	89.428	99.900	0.100	12.520	272.825	0.000	0.010	0.000	0.100	99.900	0.000	12.528	2.568		长4+5!1^(1_1)
地93-88	2290.750	147.571	89.460	99.491	0.509	12.585	256.756	0.000	0.010	0.000	0.100	99.900	0.000	12.617	2.561		长4+5!1^(1_1)
地93-88	2290.875	139.452	89.534	91.222	8.778	12.758	242.077	0.000	0.010	0.000	0.100	99.900	0.000	12.803	2.545		长4+5!1^(1_1)
地93-88	2291.000	129.309	89.853	75.165	24.835	12.953	232.768	0.000	0.010	0.000	0.100	99.900	0.000	12.968	2.513		长4+5!1^(1_1)
地93-88	2291.125	122.369	90.063	69.114	30.886	12.968	230.120	0.000	0.010	0.000	0.100	99.900	0.000	12.922	2.461		长4+5!1^(1_1)
地93-88	2291.250	123.670	90.063	77.687	22.313	12.735	236.004	0.000	0.010	0.000	0.100	99.900	0.000	12.684	2.394		长4+5!1^(1_1)
地93-88	2291.375	134.240	90.063	93.172	6.828	12.519	248.191	0.000	0.010	0.000	0.100	99.900	0.000	12.509	2.320		长4+5!1^(1_1)
地93-88	2291.500	149.452	90.063	99.900	0.100	12.483	259.927	0.000	0.010	0.000	0.100	99.900	0.000	12.488	2.249		长4+5!1^(1_1)
地93-88	2291.625	162.215	89.936	99.900	0.100	12.434	267.350	0.000	0.010	0.000	0.100	99.900	0.000	12.364	2.194		长4+5!1^(1_1)
地93-88	2291.750	171.290	89.619	99.900	0.100	12.089	272.759	0.000	0.010	0.000	0.100	99.900	0.000	12.022	2.164		长4+5!1^(1_1)
地93-88	2291.875	182.241	89.429	99.900	0.100	11.782	277.519	0.000	0.010	0.000	0.100	99.900	0.000	11.741	2.161		长4+5!1^(1_1)
地93-88	2292.000	193.545	89.429	99.900	0.100	11.617	279.101	0.000	0.010	0.000	0.100	99.900	0.000	11.613	2.187		长4+5!1^(1_1)
地93-88	2292.125	195.144	89.429	99.900	0.100	11.618	276.506	0.000	0.010	0.000	0.100	99.900	0.000	11.634	2.241		长4+5!1^(1_1)
地93-88	2292.250	184.648	89.271	99.900	0.100	11.712	272.465	0.000	0.010	0.000	0.100	99.900	0.000	11.742	2.311		长4+5!1^(1_1)
地93-88	2292.375	166.015	88.938	99.900	0.100	11.919	267.163	0.000	0.010	0.000	0.100	99.900	0.000	12.008	2.385		长4+5!1^(1_1)
地93-88	2292.500	146.464	88.795	93.698	6.302	12.443	256.825	0.000	0.010	0.000	0.100	99.900	0.000	12.613	2.455		长4+5!1^(1_1)
地93-88	2292.625	131.927	88.795	78.266	21.734	13.255	241.249	0.000	0.010	0.000	0.100	99.900	0.000	13.392	2.509		长4+5!1^(1_1)
地93-88	2292.750	122.862	88.636	65.992	34.008	13.872	227.672	0.000	0.010	0.000	0.100	99.900	0.000	13.942	2.549		长4+5!1^(1_1)
地93-88	2292.875	117.803	88.304	60.770	39.230	14.191	224.056	0.000	0.010	0.000	0.100	99.900	0.000	14.228	2.577		长4+5!1^(1_1)
地93-88	2293.000	116.735	88.161	61.215	38.785	14.380	228.380	0.000	0.010	0.000	0.100	99.900	0.000	14.419	2.599		长4+5!1^(1_1)
地93-88	2293.125	119.079	88.161	61.747	38.253	14.601	233.968	0.000	0.010	0.000	0.100	99.900	0.000	14.665	2.619		长4+5!1^(1_1)
地93-88	2293.250	116.473	88.161	54.749	45.251	14.942	233.982	0.000	0.010	0.000	0.100	99.900	0.000	15.030	2.639		长4+5!1^(1_1)
地93-88	2293.375	107.655	88.097	43.876	56.124	15.386	226.532	0.000	0.010	0.000	0.100	99.900	0.000	15.480	2.657		长4+5!1^(1_1)
地93-88	2293.500	99.552	87.939	37.150	62.850	15.868	216.542	0.000	0.010	0.000	0.100	99.900	0.000	15.975	2.670		长4+5!1^(1_1)
地93-88	2293.625	97.182	87.717	35.325	64.675	16.390	209.217	0.000	0.010	0.000	0.100	99.900	0.000	16.490	2.675		长4+5!1^(1_1)
地93-88	2293.750	96.503	87.399	33.991	66.009	16.868	204.509	0.000	0.010	0.000	0.100	99.900	0.000	16.952	2.676		长4+5!1^(1_1)
地93-88	2293.875	94.319	87.088	31.294	68.706	17.246	199.524	0.000	0.010	0.000	0.100	99.900	0.000	17.289	2.674		长4+5!1^(1_1)
地93-88	2294.000	90.929	86.811	28.690	71.310	17.418	194.500	0.000	0.010	0.000	0.100	99.900	0.000	17.417	2.669		长4+5!1^(1_1)
地93-88	2294.125	89.380	86.750	29.910	70.090	17.377	193.076	0.000	0.010	0.000	0.100	99.900	0.000	17.339	2.655		长4+5!1^(1_1)
地93-88	2294.250	94.735	86.965	38.567	61.433	17.143	198.601	0.000	0.010	0.000	0.100	99.900	0.000	17.059	2.630		长4+5!1^(1_1)
地93-88	2294.375	106.954	87.121	55.969	44.031	16.617	212.106	0.000	0.010	0.000	0.100	99.900	0.000	16.424	2.593		长4+5!1^(1_1)
地93-88	2294.500	123.253	87.109	81.782	18.218	15.614	232.520	0.000	0.010	0.000	0.100	99.900	0.000	15.377	2.554		长4+5!1^(1_1)
地93-88	2294.625	142.829	87.016	99.900	0.100	14.526	258.420	0.000	0.010	0.000	0.100	99.900	0.000	14.379	2.528		长4+5!1^(1_1)
地93-88	2294.750	166.876	86.883	99.900	0.100	13.897	285.609	0.000	0.010	0.000	0.100	99.900	0.000	13.851	2.520		长4+5!1^(1_1)
地93-88	2294.875	189.898	86.729	99.900	0.100	13.731	306.511	0.000	0.010	0.000	0.100	99.900	0.000	13.746	2.530		长4+5!1^(1_1)
地93-88	2295.000	202.899	86.674	99.900	0.100	13.825	313.833	0.000	0.010	0.000	0.100	99.900	0.000	13.859	2.552		长4+5!1^(1_1)
地93-88	2295.125	195.897	86.720	99.900	0.100	13.982	304.817	0.000	0.010	0.000	0.100	99.900	0.000	14.006	2.581		长4+5!1^(1_1)
地93-88	2295.250	173.282	86.653	99.900	0.100	14.089	283.142	0.000	0.010	0.000	0.100	99.900	0.000	14.102	2.609		长4+5!1^(1_1)
地93-88	2295.375	145.529	86.399	88.038	11.962	14.148	258.030	0.000	0.010	0.000	0.100	99.900	0.000	14.156	2.633		长4+5!1^(1_1)
地93-88	2295.500	123.625	86.134	65.263	34.737	14.181	238.522	0.000	0.010	0.000	0.100	99.900	0.000	14.184	2.652		长4+5!1^(1_1)
地93-88	2295.625	115.266	85.884	55.803	44.197	14.183	227.588	0.000	0.010	0.000	0.100	99.900	0.000	14.173	2.665		长4+5!1^(1_1)
地93-88	2295.750	111.690	85.563	50.840	49.160	14.134	223.779	0.000	0.010	0.000	0.100	99.900	0.000	14.122	2.673		长4+5!1^(1_1)
地93-88	2295.875	107.742	85.141	46.439	53.561	14.089	224.537	0.000	0.010	0.000	0.100	99.900	0.000	14.089	2.677		长4+5!1^(1_2)
地93-88	2296.000	104.985	84.671	43.751	56.249	14.111	227.658	0.000	0.010	0.000	0.100	99.900	0.000	14.132	2.679		长4+5!1^(1_2)
地93-88	2296.125	103.582	84.229	41.299	58.701	14.246	230.536	0.000	0.010	0.000	0.100	99.900	0.000	14.294	2.677		长4+5!1^(1_2)
地93-88	2296.250	100.402	83.943	37.538	62.462	14.450	230.239	0.000	0.010	0.000	0.100	99.900	0.000	14.460	2.673		长4+5!1^(1_2)
地93-88	2296.375	96.767	83.903	35.990	64.010	14.418	228.159	0.000	0.010	0.000	0.100	99.900	0.000	14.344	2.666		长4+5!1^(1_2)
地93-88	2296.500	98.673	84.076	41.229	58.771	13.991	230.197	0.000	0.010	0.000	0.100	99.900	0.000	13.857	2.656		长4+5!1^(1_2)
地93-88	2296.625	107.301	84.377	50.757	49.243	13.323	239.595	0.000	0.010	0.000	0.100	99.900	0.000	13.187	2.643		长4+5!1^(1_2)
地93-88	2296.750	114.015	84.725	58.183	41.817	12.729	254.064	0.000	0.010	0.000	0.100	99.900	0.000	12.676	2.626		长4+5!1^(1_2)
地93-88	2296.875	117.826	85.133	61.928	38.072	12.563	266.548	0.000	0.010	0.000	0.100	99.900	0.000	12.607	2.608		长4+5!1^(1_2)
地93-88	2297.000	118.686	85.640	59.643	40.357	12.842	269.835	0.000	0.010	0.000	0.100	99.900	0.000	12.947	2.589		长4+5!1^(1_2)
地93-88	2297.125	113.334	86.124	50.570	49.430	13.356	261.982	0.000	0.010	0.000	0.100	99.900	0.000	13.455	2.570		长4+5!1^(1_2)
地93-88	2297.250	104.472	86.362	41.576	58.424	13.815	246.821	0.000	0.010	0.000	0.100	99.900	0.000	13.880	2.552		长4+5!1^(1_2)
地93-88	2297.375	99.607	86.257	40.534	59.466	14.095	233.538	0.000	0.010	0.000	0.100	99.900	0.000	14.115	2.533		长4+5!1^(1_2)
地93-88	2297.500	104.615	85.864	49.616	50.384	14.167	229.661	0.000	0.010	0.000	0.100	99.900	0.000	14.160	2.509		长4+5!1^(1_2)
地93-88	2297.625	115.483	85.284	64.909	35.091	14.149	235.734	0.000	0.010	0.000	0.100	99.900	0.000	14.158	2.478		长4+5!1^(1_2)
地93-88	2297.750	126.615	84.679	80.747	19.253	14.220	244.967	0.000	0.010	0.000	0.100	99.900	0.000	14.253	2.438		长4+5!1^(1_2)
地93-88	2297.875	134.471	84.068	92.896	7.104	14.343	249.816	0.000	0.010	0.000	0.100	99.900	0.000	14.333	2.391		长4+5!1^(1_2)
地93-88	2298.000	139.294	83.357	99.095	0.905	14.139	250.326	0.000	0.010	0.000	0.100	99.900	0.000	13.972	2.340		长4+5!1^(1_2)
地93-88	2298.125	142.081	82.665	99.900	0.100	13.190	252.841	0.000	0.010	0.000	0.100	99.900	0.000	12.905	2.295		长4+5!1^(1_2)
地93-88	2298.250	141.821	82.261	97.400	2.600	11.788	263.603	0.000	0.010	0.000	0.100	99.900	0.000	11.519	2.265		长4+5!1^(1_2)
地93-88	2298.375	136.835	82.205	85.506	14.494	10.621	278.501	0.000	0.010	0.000	0.100	99.900	0.000	10.525	2.258		长4+5!1^(1_2)
地93-88	2298.500	125.494	82.311	64.755	35.245	10.316	283.151	0.000	0.010	0.000	0.100	99.900	0.000	10.397	2.279		长4+5!1^(1_2)
地93-88	2298.625	110.992	82.467	46.358	53.642	10.782	270.242	0.000	0.010	0.000	0.100	99.900	0.000	10.931	2.332		长4+5!1^(1_2)
地93-88	2298.750	99.370	82.656	35.263	64.737	11.490	246.899	0.000	0.010	0.000	0.100	99.900	0.000	11.609	2.405		长4+5!1^(1_2)
地93-88	2298.875	92.888	82.899	29.836	70.164	12.051	227.381	0.000	0.010	0.000	0.100	99.900	0.000	12.138	2.486		长4+5!1^(1_2)
地93-88	2299.000	89.369	83.141	26.392	73.608	12.463	217.588	0.000	0.010	0.000	0.100	99.900	0.000	12.528	2.562		长4+5!1^(1_2)
地93-88	2299.125	85.537	83.276	23.521	76.479	12.776	214.099	0.000	0.010	0.000	0.100	99.900	0.000	12.831	2.619		长4+5!1^(1_2)
地93-88	2299.250	83.333	83.269	22.090	77.910	13.047	212.617	0.000	0.010	0.000	0.100	99.900	0.000	13.102	2.653		长4+5!1^(1_2)
地93-88	2299.375	82.518	83.205	21.098	78.902	13.307	210.922	0.000	0.010	0.000	0.100	99.900	0.000	13.349	2.667		长4+5!1^(1_2)
地93-88	2299.500	80.802	83.173	19.777	80.223	13.497	209.083	0.000	0.010	0.000	0.100	99.900	0.000	13.517	2.671		长4+5!1^(1_2)
地93-88	2299.625	79.391	83.129	19.934	80.066	13.582	208.475	0.000	0.010	0.000	0.100	99.900	0.000	13.585	2.669		长4+5!1^(1_2)
地93-88	2299.750	81.963	83.037	22.708	77.292	13.596	209.603	0.000	0.010	0.000	0.100	99.900	0.000	13.599	2.663		长4+5!1^(1_2)
地93-88	2299.875	86.285	82.919	25.794	74.206	13.610	210.956	0.000	0.010	0.000	0.100	99.900	0.000	13.614	2.652		长4+5!1^(1_2)
地93-88	2300.000	88.567	82.819	28.085	71.915	13.606	211.890	0.000	0.010	0.000	0.100	99.900	0.000	13.588	2.640		长4+5!1^(1_2)
地93-88	2300.125	91.302	82.835	32.888	67.112	13.442	213.970	0.000	0.010	0.000	0.100	99.900	0.000	13.350	2.629		长4+5!1^(1_2)
地93-88	2300.250	99.164	83.033	43.258	56.742	12.976	219.496	0.000	0.010	0.000	0.100	99.900	0.000	12.874	2.620		长4+5!1^(1_2)
地93-88	2300.375	110.651	83.333	57.290	42.710	12.493	228.707	0.000	0.010	0.000	0.100	99.900	0.000	12.415	2.611		长4+5!1^(1_2)
地93-88	2300.500	120.856	83.625	70.423	29.577	12.127	238.147	0.000	0.010	0.000	0.100	99.900	0.000	12.072	2.603		长4+5!1^(1_2)
地93-88	2300.625	127.780	83.961	80.486	19.514	11.857	244.562	0.000	0.010	0.000	0.100	99.900	0.000	11.805	2.597		长4+5!1^(1_2)
地93-88	2300.750	132.538	84.395	87.119	12.881	11.590	247.880	0.000	0.010	0.000	0.100	99.900	0.000	11.530	2.594		长4+5!1^(1_2)
地93-88	2300.875	134.681	84.883	88.315	11.685	11.314	249.912	0.000	0.010	0.000	0.100	99.900	0.000	11.276	2.595		长4+5!1^(1_2)
地93-88	2301.000	133.082	85.345	84.299	15.701	11.177	250.511	0.000	0.010	0.000	0.100	99.900	0.000	11.190	2.601		长4+5!1^(1_2)
地93-88	2301.125	130.002	85.747	77.836	22.164	11.298	247.764	0.000	0.010	0.000	0.100	99.900	0.000	11.367	2.613		长4+5!1^(1_2)
地93-88	2301.250	125.398	86.097	68.305	31.695	11.646	241.036	0.000	0.010	0.000	0.100	99.900	0.000	11.720	2.629		长4+5!1^(1_2)
地93-88	2301.375	117.576	86.418	56.675	43.325	11.988	232.362	0.000	0.010	0.000	0.100	99.900	0.000	12.035	2.646		长4+5!1^(1_2)
地93-88	2301.500	109.573	86.712	49.887	50.113	12.160	225.716	0.000	0.010	0.000	0.100	99.900	0.000	12.145	2.661		长4+5!1^(1_2)
地93-88	2301.625	109.138	86.914	53.168	46.832	12.043	224.610	0.000	0.010	0.000	0.100	99.900	0.000	11.984	2.672		长4+5!1^(1_2)
地93-88	2301.750	115.851	86.983	62.923	37.077	11.772	230.094	0.000	0.010	0.000	0.100	99.900	0.000	11.735	2.677		长4+5!1^(1_2)
地93-88	2301.875	123.088	86.954	72.756	27.244	11.650	238.338	0.000	0.010	0.000	0.100	99.900	0.000	11.673	2.679		长4+5!1^(1_2)
地93-88	2302.000	128.147	86.858	78.730	21.270	11.820	243.150	0.000	0.010	0.000	0.100	99.900	0.000	11.897	2.679		长4+5!1^(1_2)
地93-88	2302.125	129.563	86.664	78.605	21.395	12.206	241.862	0.000	0.010	0.000	0.100	99.900	0.000	12.284	2.677		长4+5!1^(1_2)
地93-88	2302.250	127.245	86.388	73.335	26.665	12.550	235.638	0.000	0.010	0.000	0.100	99.900	0.000	12.581	2.674		长4+5!1^(1_2)
地93-88	2302.375	122.833	86.083	68.597	31.403	12.653	229.510	0.000	0.010	0.000	0.100	99.900	0.000	12.631	2.668		长4+5!1^(1_2)
地93-88	2302.500	122.161	85.787	74.086	25.914	12.507	229.710	0.000	0.010	0.000	0.100	99.900	0.000	12.448	2.659		长4+5!1^(1_2)
地93-88	2302.625	131.287	85.577	89.919	10.081	12.188	238.214	0.000	0.010	0.000	0.100	99.900	0.000	12.101	2.647		长4+5!1^(1_2)
地93-88	2302.750	143.275	85.477	99.900	0.100	11.776	252.248	0.000	0.010	0.000	0.100	99.900	0.000	11.710	2.637		长4+5!1^(1_2)
地93-88	2302.875	153.270	85.433	99.900	0.100	11.481	265.168	0.000	0.010	0.000	0.100	99.900	0.000	11.448	2.630		长4+5!1^(1_2)
地93-88	2303.000	157.590	85.438	99.900	0.100	11.362	271.426	0.000	0.010	0.000	0.100	99.900	0.000	11.374	2.628		长4+5!1^(1_2)
地93-88	2303.125	156.152	85.553	99.900	0.100	11.415	269.730	0.000	0.010	0.000	0.100	99.900	0.000	11.421	2.631		长4+5!1^(1_2)
地93-88	2303.250	152.534	85.749	99.900	0.100	11.412	263.178	0.000	0.010	0.000	0.100	99.900	0.000	11.386	2.638		长4+5!1^(1_2)
地93-88	2303.375	148.698	85.944	99.900	0.100	11.270	257.150	0.000	0.010	0.000	0.100	99.900	0.000	11.228	2.647		长4+5!1^(1_3)
地93-88	2303.500	146.684	86.122	99.900	0.100	11.083	254.328	0.000	0.010	0.000	0.100	99.900	0.000	11.061	2.656		长4+5!1^(1_3)
地93-88	2303.625	146.084	86.273	99.900	0.100	11.046	253.104	0.000	0.010	0.000	0.100	99.900	0.000	11.095	2.663		长4+5!1^(1_3)
地93-88	2303.750	147.034	86.402	99.900	0.100	11.311	250.229	0.000	0.010	0.000	0.100	99.900	0.000	11.379	2.668		长4+5!1^(1_3)
地93-88	2303.875	146.384	86.554	99.900	0.100	11.642	244.969	0.000	0.010	0.000	0.100	99.900	0.000	11.702	2.670		长4+5!1^(1_3)
地93-88	2304.000	142.737	86.753	97.742	2.258	11.921	239.729	0.000	0.010	0.000	0.100	99.900	0.000	11.960	2.669		长4+5!1^(1_3)
地93-88	2304.125	137.271	86.916	90.418	9.582	12.104	236.215	0.000	0.010	0.000	0.100	99.900	0.000	12.132	2.666		长4+5!1^(1_3)
地93-88	2304.250	131.861	86.961	80.954	19.046	12.244	234.662	0.000	0.010	0.000	0.100	99.900	0.000	12.271	2.663		长4+5!1^(1_3)
地93-88	2304.375	127.091	86.896	75.147	24.853	12.376	234.361	0.000	0.010	0.000	0.100	99.900	0.000	12.401	2.658		长4+5!1^(1_3)
地93-88	2304.500	125.877	86.751	75.893	24.107	12.488	234.390	0.000	0.010	0.000	0.100	99.900	0.000	12.502	2.651		长4+5!1^(1_3)
地93-88	2304.625	128.776	86.527	79.914	20.086	12.471	235.248	0.000	0.010	0.000	0.100	99.900	0.000	12.397	2.644		长4+5!1^(1_3)
地93-88	2304.750	130.324	86.179	79.898	20.102	12.058	239.203	0.000	0.010	0.000	0.100	99.900	0.000	11.937	2.645		长4+5!1^(1_3)
地93-88	2304.875	127.967	85.636	75.910	24.090	11.466	247.883	0.000	0.010	0.000	0.100	99.900	0.000	11.353	2.653		长4+5!1^(1_3)
地93-88	2305.000	125.685	84.931	74.982	25.018	10.988	257.414	0.000	0.010	0.000	0.100	99.900	0.000	10.961	2.666		长4+5!1^(1_3)
地93-88	2305.125	127.723	84.229	76.922	23.078	10.944	261.513	0.000	0.010	0.000	0.100	99.900	0.000	11.010	2.676		长4+5!1^(1_3)
地93-88	2305.250	127.570	83.682	72.351	27.649	11.285	256.091	0.000	0.010	0.000	0.100	99.900	0.000	11.366	2.681		长4+5!1^(1_3)
地93-88	2305.375	120.717	83.274	59.114	40.886	11.662	243.093	0.000	0.010	0.000	0.100	99.900	0.000	11.717	2.683		长4+5!1^(1_3)
地93-88	2305.500	108.857	82.934	44.989	55.011	11.911	228.867	0.000	0.010	0.000	0.100	99.900	0.000	11.942	2.683		长4+5!1^(1_3)
地93-88	2305.625	100.017	82.689	38.277	61.723	12.048	218.926	0.000	0.010	0.000	0.100	99.900	0.000	12.062	2.680		长4+5!1^(1_3)
地93-88	2305.750	99.081	82.582	39.972	60.028	12.113	216.490	0.000	0.010	0.000	0.100	99.900	0.000	12.121	2.676		长4+5!1^(1_3)
地93-88	2305.875	104.160	82.639	47.448	52.552	12.149	220.696	0.000	0.010	0.000	0.100	99.900	0.000	12.152	2.671		长4+5!1^(1_3)
地93-88	2306.000	112.126	82.838	57.910	42.090	12.153	227.492	0.000	0.010	0.000	0.100	99.900	0.000	12.146	2.667		长4+5!1^(1_3)
地93-88	2306.125	119.953	83.090	68.442	31.558	12.136	233.758	0.000	0.010	0.000	0.100	99.900	0.000	12.146	2.662		长4+5!1^(1_3)
地93-88	2306.250	126.056	83.263	76.951	23.049	12.206	237.863	0.000	0.010	0.000	0.100	99.900	0.000	12.239	2.656		长4+5!1^(1_3)
地93-88	2306.375	130.036	83.294	82.124	17.876	12.358	239.436	0.000	0.010	0.000	0.100	99.900	0.000	12.378	2.645		长4+5!1^(1_3)
地93-88	2306.500	131.571	83.206	85.641	14.359	12.373	241.447	0.000	0.010	0.000	0.100	99.900	0.000	12.306	2.626		长4+5!1^(1_3)
地93-88	2306.625	134.117	83.018	92.912	7.088	11.954	250.235	0.000	0.010	0.000	0.100	99.900	0.000	11.800	2.598		长4+5!1^(1_3)
地93-88	2306.750	139.804	82.776	99.718	0.282	11.150	269.135	0.000	0.010	0.000	0.100	99.900	0.000	10.958	2.569		长4+5!1^(1_3)
地93-88	2306.875	146.316	82.524	99.900	0.100	10.249	289.902	0.000	0.010	0.000	0.100	99.900	0.000	10.111	2.549		长4+5!1^(1_3)
地93-88	2307.000	147.797	82.275	99.900	0.100	9.657	299.038	0.000	0.010	0.000	0.100	99.900	0.000	9.616	2.544		长4+5!1^(1_3)
地93-88	2307.125	141.449	82.039	94.310	5.690	9.545	292.339	0.000	0.010	0.000	0.100	99.900	0.000	9.598	2.556		长4+5!1^(1_3)
地93-88	2307.250	132.764	81.960	80.842	19.158	9.838	274.393	0.000	0.010	0.000	0.100	99.900	0.000	9.921	2.575		长4+5!1^(1_3)
地93-88	2307.375	125.439	82.266	69.833	30.167	10.242	256.258	0.000	0.010	0.000	0.100	99.900	0.000	10.317	2.592		长4+5!1^(1_3)
地93-88	2307.500	120.083	82.937	63.650	36.350	10.594	247.137	0.000	0.010	0.000	0.100	99.900	0.000	10.646	2.600		长4+5!1^(1_3)
地93-88	2307.625	118.197	83.795	64.437	35.563	10.845	248.859	0.000	0.010	0.000	0.100	99.900	0.000	10.890	2.594		长4+5!1^(1_3)
地93-88	2307.750	122.272	84.718	75.148	24.852	11.060	259.263	0.000	0.010	0.000	0.100	99.900	0.000	11.097	2.579		长4+5!1^(1_3)
地93-88	2307.875	132.605	85.637	91.353	8.647	11.224	273.408	0.000	0.010	0.000	0.100	99.900	0.000	11.243	2.561		长4+5!1^(1_3)
地93-88	2308.000	145.967	86.530	99.900	0.100	11.305	285.663	0.000	0.010	0.000	0.100	99.900	0.000	11.312	2.543		长4+5!1^(1_3)
地93-88	2308.125	156.498	87.394	99.900	0.100	11.348	293.329	0.000	0.010	0.000	0.100	99.900	0.000	11.364	2.529		长4+5!1^(1_3)
地93-88	2308.250	161.537	88.107	99.900	0.100	11.446	295.413	0.000	0.010	0.000	0.100	99.900	0.000	11.483	2.520		长4+5!1^(1_3)
地93-88	2308.375	161.211	88.448	99.900	0.100	11.633	291.022	0.000	0.010	0.000	0.100	99.900	0.000	11.674	2.512		长4+5!1^(1_3)
地93-88	2308.500	156.413	88.428	99.900	0.100	11.836	278.977	0.000	0.010	0.000	0.100	99.900	0.000	11.877	2.502		长4+5!1^(1_3)
地93-88	2308.625	146.237	88.210	96.302	3.698	12.038	261.142	0.000	0.010	0.000	0.100	99.900	0.000	12.077	2.482		长4+5!1^(1_3)
地93-88	2308.750	135.417	87.861	84.482	15.518	12.231	243.509	0.000	0.010	0.000	0.100	99.900	0.000	12.271	2.451		长4+5!1^(1_3)
地93-88	2308.875	126.432	87.362	70.437	29.563	12.442	231.110	0.000	0.010	0.000	0.100	99.900	0.000	12.494	2.413		长4+5!1^(1_3)
地93-88	2309.000	119.452	86.727	60.212	39.788	12.745	224.510	0.000	0.010	0.000	0.100	99.900	0.000	12.843	2.374		长4+5!1^(1_3)
地93-88	2309.125	113.123	86.013	53.217	46.783	13.320	221.404	0.000	0.010	0.000	0.100	99.900	0.000	13.505	2.350		长4+5!1^(1_3)
地93-88	2309.250	110.141	85.303	51.599	48.401	14.251	219.449	0.000	0.010	0.000	0.100	99.900	0.000	14.448	2.347		长4+5!1^(1_3)
地93-88	2309.375	111.578	84.648	53.865	46.135	14.983	219.174	0.000	0.010	0.000	0.100	99.900	0.000	14.933	2.365		长4+5!1^(1_3)
地93-88	2309.500	113.686	84.036	55.428	44.572	14.395	225.673	0.000	0.010	0.000	0.100	99.900	0.000	14.002	2.398		长4+5!1^(1_3)
地93-88	2309.625	113.430	83.465	54.291	45.709	12.381	244.503	0.000	0.010	0.000	0.100	99.900	0.000	11.928	2.437		长4+5!1^(1_3)
地93-88	2309.750	111.709	83.022	52.114	47.886	10.385	271.440	0.000	0.010	0.000	0.100	99.900	0.000	10.192	2.476		长4+5!1^(1_3)
地93-88	2309.875	110.209	82.813	50.215	49.785	9.642	290.796	0.000	0.010	0.000	0.100	99.900	0.000	9.667	2.509		长4+5!1^(1_3)
地93-88	2310.000	108.814	82.820	48.630	51.370	9.877	290.803	0.000	0.010	0.000	0.100	99.900	0.000	10.013	2.539		长4+5!1^(1_3)
地93-88	2310.125	107.802	82.929	47.208	52.792	10.608	273.142	0.000	0.010	0.000	0.100	99.900	0.000	10.800	2.567		长4+5!1^(1_3)
地93-88	2310.250	106.475	83.008	45.002	54.998	11.533	251.568	0.000	0.010	0.000	0.100	99.900	0.000	11.696	2.595		长4+5!1^(1_3)
地93-88	2310.375	103.939	83.010	42.208	57.792	12.319	238.510	0.000	0.010	0.000	0.100	99.900	0.000	12.459	2.622		长4+5!1^(1_3)
地93-88	2310.500	101.857	82.971	40.874	59.126	13.015	233.064	0.000	0.010	0.000	0.100	99.900	0.000	13.156	2.646		长4+5!1^(1_3)
地93-88	2310.625	102.105	82.873	41.734	58.266	13.690	229.115	0.000	0.010	0.000	0.100	99.900	0.000	13.806	2.663		长4+5!1^(1_3)
地93-88	2310.750	103.592	82.640	42.134	57.866	14.253	223.236	0.000	0.010	0.000	0.100	99.900	0.000	14.356	2.673		长4+5!1^(1_3)
地93-88	2310.875	102.229	82.221	38.082	61.918	14.750	216.883	0.000	0.010	0.000	0.100	99.900	0.000	14.838	2.677		长4+5!1^(1_3)
地93-88	2311.000	95.099	81.664	29.765	70.235	15.180	212.658	0.000	0.010	0.000	0.100	99.900	0.000	15.260	2.676		长4+5!1^(1_3)
地93-88	2311.125	85.513	81.070	21.796	78.204	15.578	210.635	0.000	0.010	0.000	0.100	99.900	0.000	15.656	2.670		长4+5!1^(1_3)
地93-88	2311.250	78.147	80.538	16.581	83.419	15.954	208.737	0.000	0.010	0.000	0.100	99.900	0.000	16.017	2.661		长4+5!1^(1_3)
地93-88	2311.375	73.200	80.111	13.233	86.767	16.252	205.297	0.000	0.010	0.000	0.100	99.900	0.000	16.298	2.649		长4+5!1^(1_3)
地93-88	2311.500	69.399	79.807	11.527	88.473	16.439	201.894	0.000	0.010	0.000	0.100	99.900	0.000	16.445	2.632		长4+5!1^(1_3)
地93-88	2311.625	69.104	79.650	13.519	86.481	16.344	202.105	0.000	0.010	0.000	0.100	99.900	0.000	16.223	2.607		长4+5!1^(1_3)
地93-88	2311.750	76.348	79.647	22.802	77.198	15.668	210.467	0.000	0.010	0.000	0.100	99.900	0.000	15.472	2.580		长4+5!1^(2_1)
地93-88	2311.875	93.650	79.741	44.025	55.975	14.730	229.017	0.000	0.010	0.000	0.100	99.900	0.000	14.571	2.558		长4+5!1^(2_1)
地93-88	2312.000	118.282	79.820	75.119	24.881	14.018	252.316	0.000	0.010	0.000	0.100	99.900	0.000	13.937	2.549		长4+5!1^(2_1)
地93-88	2312.125	137.333	79.783	96.328	3.672	13.707	270.024	0.000	0.010	0.000	0.100	99.900	0.000	13.719	2.554		长4+5!1^(2_1)
地93-88	2312.250	139.445	79.605	88.709	11.291	13.770	271.169	0.000	0.010	0.000	0.100	99.900	0.000	13.786	2.570		长4+5!1^(2_1)
地93-88	2312.375	125.614	79.364	62.073	37.927	13.847	256.038	0.000	0.010	0.000	0.100	99.900	0.000	13.860	2.592		长4+5!1^(2_1)
地93-88	2312.500	105.438	79.171	38.486	61.514	13.902	236.865	0.000	0.010	0.000	0.100	99.900	0.000	13.904	2.617		长4+5!1^(2_1)
地93-88	2312.625	90.414	79.094	26.230	73.770	13.894	222.786	0.000	0.010	0.000	0.100	99.900	0.000	13.878	2.641		长4+5!1^(2_1)
地93-88	2312.750	83.372	79.171	22.670	77.330	13.798	216.714	0.000	0.010	0.000	0.100	99.900	0.000	13.769	2.659		长4+5!1^(2_1)
地93-88	2312.875	84.150	79.418	25.745	74.255	13.643	217.032	0.000	0.010	0.000	0.100	99.900	0.000	13.604	2.672		长4+5!1^(2_1)
地93-88	2313.000	91.410	79.892	35.020	64.980	13.442	220.928	0.000	0.010	0.000	0.100	99.900	0.000	13.396	2.677		长4+5!1^(2_1)
地93-88	2313.125	103.719	80.666	49.799	50.201	13.203	226.381	0.000	0.010	0.000	0.100	99.900	0.000	13.148	2.677		长4+5!1^(2_1)
地93-88	2313.250	116.918	81.655	65.078	34.922	12.933	231.126	0.000	0.010	0.000	0.100	99.900	0.000	12.880	2.675		长4+5!1^(2_1)
地93-88	2313.375	125.019	82.662	73.233	26.767	12.680	233.374	0.000	0.010	0.000	0.100	99.900	0.000	12.637	2.668		长4+5!1^(2_1)
地93-88	2313.500	126.096	83.566	73.983	26.017	12.484	233.614	0.000	0.010	0.000	0.100	99.900	0.000	12.460	2.655		长4+5!1^(2_1)
地93-88	2313.625	125.624	84.333	75.719	24.281	12.358	233.240	0.000	0.010	0.000	0.100	99.900	0.000	12.327	2.628		长4+5!1^(2_1)
地93-88	2313.750	128.885	84.914	82.819	17.181	12.160	233.032	0.000	0.010	0.000	0.100	99.900	0.000	12.083	2.592		长4+5!1^(2_1)
地93-88	2313.875	134.149	85.289	91.487	8.513	11.757	234.299	0.000	0.010	0.000	0.100	99.900	0.000	11.659	2.553		长4+5!1^(2_1)
地93-88	2314.000	137.996	85.492	97.530	2.470	11.296	240.097	0.000	0.010	0.000	0.100	99.900	0.000	11.221	2.523		长4+5!1^(2_1)
地93-88	2314.125	141.732	85.527	99.900	0.100	10.965	249.500	0.000	0.010	0.000	0.100	99.900	0.000	10.931	2.508		长4+5!1^(2_1)
地93-88	2314.250	146.307	85.453	99.900	0.100	10.792	256.177	0.000	0.010	0.000	0.100	99.900	0.000	10.753	2.507		长4+5!1^(2_1)
地93-88	2314.375	151.899	85.371	99.900	0.100	10.571	255.306	0.000	0.010	0.000	0.100	99.900	0.000	10.506	2.513		长4+5!1^(2_1)
地93-88	2314.500	155.484	85.324	99.900	0.100	10.258	250.385	0.000	0.010	0.000	0.100	99.900	0.000	10.203	2.521		长4+5!1^(2_1)
地93-88	2314.625	152.688	85.299	99.900	0.100	10.031	246.655	0.000	0.010	0.000	0.100	99.900	0.000	10.023	2.525		长4+5!1^(2_1)
地93-88	2314.750	144.907	85.293	99.183	0.817	9.997	244.955	0.000	0.010	0.000	0.100	99.900	0.000	9.994	2.523		长4+5!1^(2_1)
地93-88	2314.875	139.072	85.333	98.826	1.174	9.969	244.188	0.000	0.010	0.000	0.100	99.900	0.000	9.953	2.517		长4+5!1^(2_1)
地93-88	2315.000	140.372	85.420	99.900	0.100	9.888	245.747	0.000	0.010	0.000	0.100	99.900	0.000	9.872	2.509		长4+5!1^(2_1)
地93-88	2315.125	145.326	85.551	99.900	0.100	9.850	252.127	0.000	0.010	0.000	0.100	99.900	0.000	9.877	2.504		长4+5!1^(2_1)
地93-88	2315.250	146.284	85.716	99.900	0.100	10.012	261.618	0.000	0.010	0.000	0.100	99.900	0.000	10.066	2.505		长4+5!1^(2_1)
地93-88	2315.375	140.924	85.880	95.663	4.337	10.253	268.845	0.000	0.010	0.000	0.100	99.900	0.000	10.278	2.511		长4+5!1^(2_1)
地93-88	2315.500	134.578	85.991	88.554	11.446	10.343	271.352	0.000	0.010	0.000	0.100	99.900	0.000	10.331	2.520		长4+5!1^(2_1)
地93-88	2315.625	133.561	86.038	90.345	9.655	10.277	272.531	0.000	0.010	0.000	0.100	99.900	0.000	10.260	2.528		长4+5!1^(2_1)
地93-88	2315.750	137.387	86.049	96.806	3.194	10.206	276.761	0.000	0.010	0.000	0.100	99.900	0.000	10.204	2.532		长4+5!1^(2_1)
地93-88	2315.875	142.952	86.034	99.900	0.100	10.194	283.457	0.000	0.010	0.000	0.100	99.900	0.000	10.192	2.532		长4+5!1^(2_1)
地93-88	2316.000	147.301	85.971	99.900	0.100	10.156	288.094	0.000	0.010	0.000	0.100	99.900	0.000	10.125	2.528		长4+5!1^(2_1)
地93-88	2316.125	147.506	85.847	99.900	0.100	9.955	288.706	0.000	0.010	0.000	0.100	99.900	0.000	9.874	2.524		长4+5!1^(2_1)
地93-88	2316.250	143.622	85.701	96.628	3.372	9.551	287.065	0.000	0.010	0.000	0.100	99.900	0.000	9.468	2.520		长4+5!1^(2_1)
地93-88	2316.375	135.842	85.581	84.584	15.416	9.162	285.050	0.000	0.010	0.000	0.100	99.900	0.000	9.102	2.521		长4+5!1^(2_1)
地93-88	2316.500	125.848	85.504	69.073	30.927	8.902	281.909	0.000	0.010	0.000	0.100	99.900	0.000	8.879	2.527		长4+5!1^(2_1)
地93-88	2316.625	118.129	85.447	60.418	39.582	8.819	276.068	0.000	0.010	0.000	0.100	99.900	0.000	8.828	2.541		长4+5!1^(2_1)
地93-88	2316.750	115.616	85.383	58.979	41.021	8.875	268.466	0.000	0.010	0.000	0.100	99.900	0.000	8.896	2.558		长4+5!1^(2_1)
地93-88	2316.875	116.893	85.313	61.497	38.503	8.963	261.901	0.000	0.010	0.000	0.100	99.900	0.000	8.970	2.579		长4+5!1^(2_1)
地93-88	2317.000	119.324	85.265	63.822	36.178	8.976	257.778	0.000	0.010	0.000	0.100	99.900	0.000	8.963	2.599		长4+5!1^(2_1)
地93-88	2317.125	119.638	85.258	63.860	36.140	8.892	256.603	0.000	0.010	0.000	0.100	99.900	0.000	8.860	2.616		长4+5!1^(2_1)
地93-88	2317.250	119.230	85.294	64.098	35.902	8.752	257.758	0.000	0.010	0.000	0.100	99.900	0.000	8.739	2.630		长4+5!1^(2_1)
地93-88	2317.375	120.234	85.342	65.532	34.468	8.721	259.628	0.000	0.010	0.000	0.100	99.900	0.000	8.742	2.641		长4+5!1^(2_1)
地93-88	2317.500	121.102	85.374	64.976	35.024	8.867	260.111	0.000	0.010	0.000	0.100	99.900	0.000	8.932	2.647		长4+5!1^(2_1)
地93-88	2317.625	118.867	85.395	60.642	39.358	9.198	257.230	0.000	0.010	0.000	0.100	99.900	0.000	9.273	2.645		长4+5!1^(2_1)
地93-88	2317.750	114.853	85.414	55.438	44.562	9.571	249.673	0.000	0.010	0.000	0.100	99.900	0.000	9.644	2.637		长4+5!1^(2_1)
地93-88	2317.875	111.653	85.409	51.554	48.446	9.921	239.168	0.000	0.010	0.000	0.100	99.900	0.000	9.979	2.623		长4+5!1^(2_1)
地93-88	2318.000	109.211	85.355	48.538	51.462	10.186	230.519	0.000	0.010	0.000	0.100	99.900	0.000	10.224	2.607		长4+5!1^(2_1)
地93-88	2318.125	107.006	85.251	46.712	53.288	10.330	226.786	0.000	0.010	0.000	0.100	99.900	0.000	10.326	2.594		长4+5!1^(2_1)
地93-88	2318.250	106.673	85.089	46.798	53.202	10.297	229.128	0.000	0.010	0.000	0.100	99.900	0.000	10.281	2.589		长4+5!1^(2_1)
地93-88	2318.375	107.344	84.905	47.225	52.775	10.250	235.289	0.000	0.010	0.000	0.100	99.900	0.000	10.267	2.594		长4+5!1^(2_1)
地93-88	2318.500	107.204	84.750	45.321	54.679	10.389	239.757	0.000	0.010	0.000	0.100	99.900	0.000	10.458	2.609		长4+5!1^(2_1)
地93-88	2318.625	103.471	84.604	38.078	61.922	10.763	238.090	0.000	0.010	0.000	0.100	99.900	0.000	10.864	2.630		长4+5!1^(2_1)
地93-88	2318.750	92.958	84.451	26.037	73.963	11.210	228.850	0.000	0.010	0.000	0.100	99.900	0.000	11.256	2.650		长4+5!1^(2_1)
地93-88	2318.875	78.285	84.308	15.315	84.685	11.374	218.088	0.000	0.010	0.000	0.100	99.900	0.000	11.353	2.664		长4+5!1^(2_1)
地93-88	2319.000	68.505	84.168	12.340	87.660	11.238	215.528	0.000	0.010	0.000	0.100	99.900	0.000	11.185	2.671		长4+5!1^(2_1)
地93-88	2319.125	73.253	83.998	18.612	81.388	11.035	223.202	0.000	0.010	0.000	0.100	99.900	0.000	11.044	2.672		长4+5!1^(2_1)
地93-88	2319.250	86.315	83.810	30.810	69.190	11.110	233.725	0.000	0.010	0.000	0.100	99.900	0.000	11.152	2.667		长4+5!1^(2_1)
地93-88	2319.375	100.772	83.640	45.497	54.503	11.275	239.172	0.000	0.010	0.000	0.100	99.900	0.000	11.275	2.657		长4+5!1^(2_1)
地93-88	2319.500	112.849	83.508	58.079	41.921	11.198	240.236	0.000	0.010	0.000	0.100	99.900	0.000	11.120	2.644		长4+5!1^(2_1)
地93-88	2319.625	119.264	83.440	64.366	35.634	10.787	242.599	0.000	0.010	0.000	0.100	99.900	0.000	10.684	2.634		长4+5!1^(2_1)
地93-88	2319.750	120.624	83.441	65.115	34.885	10.348	248.512	0.000	0.010	0.000	0.100	99.900	0.000	10.319	2.633		长4+5!1^(2_2)
地93-88	2319.875	119.832	83.476	65.144	34.856	10.288	253.380	0.000	0.010	0.000	0.100	99.900	0.000	10.346	2.642		长4+5!1^(2_2)
地93-88	2320.000	121.061	83.530	64.650	35.350	10.646	251.110	0.000	0.010	0.000	0.100	99.900	0.000	10.775	2.658		长4+5!1^(2_2)
地93-88	2320.125	118.379	83.642	56.671	43.329	11.301	241.339	0.000	0.010	0.000	0.100	99.900	0.000	11.446	2.671		长4+5!1^(2_2)
地93-88	2320.250	108.180	83.837	42.210	57.790	12.025	227.217	0.000	0.010	0.000	0.100	99.900	0.000	12.171	2.677		长4+5!1^(2_2)
地93-88	2320.375	94.704	84.040	29.251	70.749	12.716	212.802	0.000	0.010	0.000	0.100	99.900	0.000	12.826	2.677		长4+5!1^(2_2)
地93-88	2320.500	84.745	84.154	21.652	78.348	13.217	201.627	0.000	0.010	0.000	0.100	99.900	0.000	13.283	2.674		长4+5!1^(2_2)
地93-88	2320.625	78.968	84.171	17.574	82.426	13.470	195.622	0.000	0.010	0.000	0.100	99.900	0.000	13.461	2.671		长4+5!1^(2_2)
地93-88	2320.750	75.215	84.146	16.481	83.519	13.400	196.651	0.000	0.010	0.000	0.100	99.900	0.000	13.366	2.669		长4+5!1^(2_2)
地93-88	2320.875	77.359	84.145	20.152	79.848	13.232	204.288	0.000	0.010	0.000	0.100	99.900	0.000	13.198	2.669		长4+5!1^(2_2)
地93-88	2321.000	85.397	84.192	26.933	73.067	13.063	214.133	0.000	0.010	0.000	0.100	99.900	0.000	13.029	2.671		长4+5!1^(2_2)
地93-88	2321.125	92.763	84.258	33.140	66.860	12.878	222.180	0.000	0.010	0.000	0.100	99.900	0.000	12.825	2.674		长4+5!1^(2_2)
地93-88	2321.250	97.764	84.306	38.707	61.293	12.595	226.993	0.000	0.010	0.000	0.100	99.900	0.000	12.518	2.678		长4+5!1^(2_2)
地93-88	2321.375	103.288	84.364	45.410	54.590	12.197	231.435	0.000	0.010	0.000	0.100	99.900	0.000	12.101	2.681		长4+5!1^(2_2)
地93-88	2321.500	109.409	84.547	51.572	48.428	11.749	239.001	0.000	0.010	0.000	0.100	99.900	0.000	11.680	2.683		长4+5!1^(2_2)
地93-88	2321.625	112.587	84.755	54.481	45.519	11.454	247.668	0.000	0.010	0.000	0.100	99.900	0.000	11.434	2.684		长4+5!1^(2_2)
地93-88	2321.750	113.334	84.643	55.006	44.994	11.378	252.516	0.000	0.010	0.000	0.100	99.900	0.000	11.383	2.682		长4+5!1^(2_2)
地93-88	2321.875	113.184	84.320	55.415	44.585	11.402	251.896	0.000	0.010	0.000	0.100	99.900	0.000	11.406	2.677		长4+5!1^(2_2)
地93-88	2322.000	114.154	83.996	57.621	42.379	11.429	249.806	0.000	0.010	0.000	0.100	99.900	0.000	11.437	2.668		长4+5!1^(2_2)
地93-88	2322.125	116.656	83.667	61.125	38.875	11.502	249.547	0.000	0.010	0.000	0.100	99.900	0.000	11.541	2.653		长4+5!1^(2_2)
地93-88	2322.250	119.041	83.327	64.419	35.581	11.724	250.093	0.000	0.010	0.000	0.100	99.900	0.000	11.789	2.636		长4+5!1^(2_2)
地93-88	2322.375	121.037	82.813	67.171	32.829	12.040	248.109	0.000	0.010	0.000	0.100	99.900	0.000	12.097	2.624		长4+5!1^(2_2)
地93-88	2322.500	122.558	82.202	69.262	30.738	12.278	243.688	0.000	0.010	0.000	0.100	99.900	0.000	12.290	2.623		长4+5!1^(2_2)
地93-88	2322.625	123.625	81.614	70.728	29.272	12.248	240.821	0.000	0.010	0.000	0.100	99.900	0.000	12.172	2.636		长4+5!1^(2_2)
地93-88	2322.750	124.330	81.146	71.231	28.769	11.851	244.146	0.000	0.010	0.000	0.100	99.900	0.000	11.757	2.653		长4+5!1^(2_2)
地93-88	2322.875	124.058	80.823	70.382	29.618	11.456	253.396	0.000	0.010	0.000	0.100	99.900	0.000	11.435	2.669		长4+5!1^(2_2)
地93-88	2323.000	123.139	80.367	69.346	30.654	11.459	261.412	0.000	0.010	0.000	0.100	99.900	0.000	11.548	2.678		长4+5!1^(2_2)
地93-88	2323.125	122.891	78.865	68.236	31.764	11.974	261.262	0.000	0.010	0.000	0.100	99.900	0.000	12.138	2.680		长4+5!1^(2_2)
地93-88	2323.250	121.491	76.335	63.785	36.215	12.766	251.975	0.000	0.010	0.000	0.100	99.900	0.000	12.906	2.677		长4+5!1^(2_2)
地93-88	2323.375	116.202	74.340	45.124	54.876	13.435	239.078	0.083	0.861	7.270	4.874	85.774	0.505	13.549	2.672		长4+5!1^(2_2)
地93-88	2323.500	105.722	72.757	21.559	78.441	13.981	229.152	0.085	1.940	7.326	11.748	65.488	0.490	14.075	2.662	干层	长4+5!1^(2_2)
地93-88	2323.625	94.219	71.203	15.884	84.116	14.460	223.783	0.116	1.581	7.964	11.227	66.865	0.477	14.564	2.647	干层	长4+5!1^(2_2)
地93-88	2323.750	85.234	69.795	12.408	87.592	14.978	221.760	0.166	1.461	8.688	11.031	66.683	0.464	15.084	2.632	干层	长4+5!1^(2_2)
地93-88	2323.875	79.397	68.702	10.571	89.429	15.505	220.990	0.215	1.418	9.215	10.956	65.923	0.452	15.612	2.618	干层	长4+5!1^(2_2)
地93-88	2324.000	76.781	67.932	9.888	90.112	16.029	220.475	0.240	1.390	9.433	10.906	65.110	0.441	16.128	2.609	干层	长4+5!1^(2_2)
地93-88	2324.125	76.384	67.337	9.918	90.082	16.495	220.423	0.244	1.387	9.469	10.901	64.264	0.432	16.568	2.606	干层	长4+5!1^(2_2)
地93-88	2324.250	77.210	66.712	10.229	89.771	16.844	220.740	0.238	1.404	9.416	10.932	63.465	0.425	16.906	2.609	干层	长4+5!1^(2_2)
地93-88	2324.375	77.919	65.956	10.524	89.476	17.160	220.107	0.222	1.371	9.276	10.871	63.167	0.420	17.230	2.615	干层	长4+5!1^(2_2)
地93-88	2324.500	79.171	65.167	11.191	88.809	17.518	217.352	0.181	1.231	8.859	10.603	63.837	0.413	17.599	2.624	干层	长4+5!1^(2_2)
地93-88	2324.625	83.124	64.488	12.113	87.887	17.932	213.297	0.120	0.674	8.025	10.210	65.129	0.407	18.024	2.632	干层	长4+5!1^(2_2)
地93-88	2324.750	85.305	63.925	11.631	88.369	18.381	209.299	0.088	0.010	7.382	9.822	66.481	0.400	18.464	2.638	干层	长4+5!1^(2_2)
地93-88	2324.875	80.981	63.498	9.045	90.955	18.777	206.091	0.093	0.010	7.497	9.511	67.613	0.394	18.846	2.641	干层	长4+5!1^(2_2)
地93-88	2325.000	71.413	63.287	6.254	93.746	19.100	203.864	0.135	0.010	8.261	9.295	68.379	0.389	19.151	2.641	干层	长4+5!1^(2_2)
地93-88	2325.125	66.360	63.220	5.456	94.544	19.334	202.881	0.166	0.010	8.684	9.200	68.594	0.385	19.364	2.640	干层	长4+5!1^(2_2)
地93-88	2325.250	68.129	63.298	6.148	93.852	19.452	202.967	0.152	0.010	8.509	9.208	68.388	0.384	19.451	2.638	干层	长4+5!1^(2_2)
地93-88	2325.375	70.989	63.588	6.628	93.372	19.419	204.283	0.141	0.010	8.349	9.336	67.711	0.385	19.389	2.636	干层	长4+5!1^(2_2)
地93-88	2325.500	69.822	64.103	6.223	93.777	19.239	207.063	0.172	0.010	8.760	9.605	66.478	0.388	19.176	2.633	干层	长4+5!1^(2_2)
地93-88	2325.625	66.910	64.800	6.180	93.820	18.923	211.005	0.244	0.428	9.473	9.988	64.873	0.392	18.855	2.627	干层	长4+5!1^(2_2)
地93-88	2325.750	68.828	65.654	7.841	92.159	18.579	215.491	0.279	1.142	9.741	10.423	63.168	0.397	18.506	2.620	干层	长4+5!1^(2_2)
地93-88	2325.875	76.074	66.664	11.075	88.925	18.208	220.141	0.244	1.376	9.472	10.874	61.579	0.404	18.128	2.615	干层	长4+5!1^(2_2)
地93-88	2326.000	85.156	67.813	14.697	85.303	17.826	224.809	0.195	1.646	9.013	11.327	60.108	0.410	17.760	2.612	干层	长4+5!1^(2_2)
地93-88	2326.125	91.629	69.088	17.750	82.250	17.511	229.274	0.000	1.940	0.000	11.760	58.732	0.000	17.457	2.617	干层	长4+5!1^(2_2)
地93-88	2326.250	96.618	70.510	27.414	72.586	17.266	232.213	0.000	1.272	0.000	7.234	74.779	0.000	17.235	2.629		长4+5!1^(2_2)
地93-88	2326.375	100.648	72.114	40.872	59.128	17.120	232.396	0.000	0.010	0.000	0.100	99.900	0.000	17.098	2.645		长4+5!1^(2_2)
地93-88	2326.500	103.864	73.894	43.889	56.111	17.015	230.374	0.000	0.010	0.000	0.100	99.900	0.000	16.995	2.662		长4+5!1^(2_2)
地93-88	2326.625	105.545	75.720	45.484	54.516	16.904	227.384	0.000	0.010	0.000	0.100	99.900	0.000	16.873	2.674		长4+5!1^(2_2)
地93-88	2326.750	106.353	77.424	46.800	53.200	16.737	225.462	0.000	0.010	0.000	0.100	99.900	0.000	16.692	2.679		长4+5!1^(2_2)
地93-88	2326.875	107.821	78.908	49.383	50.617	16.502	226.398	0.000	0.010	0.000	0.100	99.900	0.000	16.443	2.680		长4+5!1^(2_2)
地93-88	2327.000	110.736	80.176	54.353	45.647	16.226	229.923	0.000	0.010	0.000	0.100	99.900	0.000	16.184	2.678		长4+5!1^(2_2)
地93-88	2327.125	115.755	81.249	59.594	40.406	16.061	233.814	0.000	0.010	0.000	0.100	99.900	0.000	16.060	2.671		长4+5!1^(2_2)
地93-88	2327.250	117.750	82.103	60.518	39.482	16.077	235.053	0.000	0.010	0.000	0.100	99.900	0.000	16.098	2.660		长4+5!1^(2_2)
地93-88	2327.375	116.377	82.719	58.895	41.105	16.165	232.712	0.000	0.010	0.000	0.100	99.900	0.000	16.171	2.645		长4+5!1^(2_2)
地93-88	2327.500	115.609	83.110	59.591	40.409	16.162	229.366	0.000	0.010	0.000	0.100	99.900	0.000	16.135	2.627		长4+5!1^(2_2)
地93-88	2327.625	117.956	83.317	63.392	36.608	16.028	228.981	0.000	0.010	0.000	0.100	99.900	0.000	16.002	2.606		长4+5!1^(2_2)
地93-88	2327.750	120.927	83.440	68.055	31.945	15.916	234.807	0.000	0.010	0.000	0.100	99.900	0.000	15.909	2.585		长4+5!1^(2_2)
地93-88	2327.875	124.107	83.564	73.871	26.129	15.913	246.001	0.000	0.010	0.000	0.100	99.900	0.000	15.941	2.564		长4+5!1^(2_2)
地93-88	2328.000	128.352	83.668	79.481	20.519	16.083	257.502	0.000	0.010	0.000	0.100	99.900	0.000	16.144	2.547		长4+5!1^(2_3)
地93-88	2328.125	130.331	83.708	80.230	19.770	16.377	264.587	0.000	0.010	0.000	0.100	99.900	0.000	16.429	2.539		长4+5!1^(2_3)
地93-88	2328.250	128.441	83.674	76.777	23.223	16.615	263.589	0.000	0.010	0.000	0.100	99.900	0.000	16.646	2.542		长4+5!1^(2_3)
地93-88	2328.375	126.258	83.531	73.659	26.341	16.751	255.135	0.000	0.010	0.000	0.100	99.900	0.000	16.763	2.557		长4+5!1^(2_3)
地93-88	2328.500	124.884	83.259	70.141	29.859	16.806	243.992	0.000	0.010	0.000	0.100	99.900	0.000	16.813	2.580		长4+5!1^(2_3)
地93-88	2328.625	121.475	82.861	52.013	47.987	16.837	234.425	0.050	0.800	6.237	4.795	83.719	0.430	16.840	2.609		长4+5!1^(2_3)
地93-88	2328.750	115.397	82.313	27.904	72.096	16.852	228.449	0.050	1.882	6.247	11.680	60.121	0.430	16.853	2.636	干层	长4+5!1^(2_3)
地93-88	2328.875	108.656	81.567	23.557	76.443	16.858	225.186	0.060	1.666	6.608	11.363	61.510	0.429	16.862	2.657	干层	长4+5!1^(2_3)
地93-88	2329.000	101.687	80.647	19.404	80.596	16.873	222.911	0.076	1.528	7.096	11.142	62.512	0.428	16.874	2.671	干层	长4+5!1^(2_3)
地93-88	2329.125	93.316	79.614	15.420	84.580	16.862	221.128	0.106	1.426	7.781	10.970	63.392	0.428	16.848	2.677	干层	长4+5!1^(2_3)
地93-88	2329.250	85.470	78.540	12.359	87.641	16.775	219.507	0.146	1.339	8.428	10.812	64.368	0.430	16.744	2.678	干层	长4+5!1^(2_3)
地93-88	2329.375	79.935	77.505	10.497	89.503	16.605	218.047	0.180	1.263	8.852	10.671	65.451	0.433	16.559	2.674	干层	长4+5!1^(2_3)
地93-88	2329.500	77.022	76.562	9.947	90.053	16.376	217.261	0.201	1.223	9.073	10.594	66.305	0.437	16.330	2.666	干层	长4+5!1^(2_3)
地93-88	2329.625	78.119	75.778	10.761	89.239	16.152	217.570	0.193	1.239	8.991	10.624	66.598	0.441	16.110	2.657	干层	长4+5!1^(2_3)
地93-88	2329.750	81.735	75.239	12.053	87.947	15.953	218.605	0.169	1.291	8.723	10.725	66.458	0.446	15.923	2.646	干层	长4+5!1^(2_3)
地93-88	2329.875	84.179	75.007	12.508	87.492	15.821	219.680	0.158	1.347	8.581	10.829	66.154	0.448	15.809	2.635	干层	长4+5!1^(2_3)
地93-88	2330.000	82.839	75.072	11.960	88.040	15.775	220.380	0.175	1.385	8.793	10.897	65.877	0.449	15.775	2.624	干层	长4+5!1^(2_3)
地93-88	2330.125	81.020	75.397	12.125	87.875	15.757	221.189	0.000	1.430	0.000	10.975	65.555	0.000	15.739	2.613	干层	长4+5!1^(2_3)
地93-88	2330.250	84.318	75.917	20.373	79.627	15.648	225.416	0.000	0.889	0.000	6.670	79.128	0.000	15.611	2.601		长4+5!1^(2_3)
地93-88	2330.375	93.135	76.561	37.403	62.597	15.462	236.872	0.000	0.010	0.000	0.100	99.900	0.000	15.427	2.592		长4+5!1^(2_3)
地93-88	2330.500	106.559	77.250	54.223	45.777	15.324	253.096	0.000	0.010	0.000	0.100	99.900	0.000	15.326	2.587		长4+5!1^(2_3)
地93-88	2330.625	120.921	77.921	71.244	28.756	15.388	265.685	0.000	0.010	0.000	0.100	99.900	0.000	15.444	2.592		长4+5!1^(2_3)
地93-88	2330.750	128.887	78.527	78.480	21.520	15.657	265.054	0.000	0.010	0.000	0.100	99.900	0.000	15.702	2.606		长4+5!1^(2_3)
地93-88	2330.875	128.098	79.068	73.937	26.063	15.842	250.365	0.000	0.010	0.000	0.100	99.900	0.000	15.848	2.627		长4+5!1^(2_3)
地93-88	2331.000	122.409	79.570	66.579	33.421	15.839	231.522	0.000	0.010	0.000	0.100	99.900	0.000	15.811	2.648		长4+5!1^(2_3)
地93-88	2331.125	119.517	80.013	64.522	35.478	15.682	217.824	0.000	0.010	0.000	0.100	99.900	0.000	15.635	2.663		长4+5!1^(2_3)
地93-88	2331.250	120.508	80.425	66.670	33.330	15.437	213.842	0.000	0.010	0.000	0.100	99.900	0.000	15.377	2.670		长4+5!1^(2_3)
地93-88	2331.375	122.531	80.839	69.990	30.010	15.136	217.670	0.000	0.010	0.000	0.100	99.900	0.000	15.071	2.672		长4+5!1^(2_3)
地93-88	2331.500	124.792	81.244	74.437	25.563	14.808	224.627	0.000	0.010	0.000	0.100	99.900	0.000	14.737	2.671		长4+5!1^(2_3)
地93-88	2331.625	128.209	81.621	81.164	18.836	14.480	233.119	0.000	0.010	0.000	0.100	99.900	0.000	14.436	2.664		长4+5!1^(2_3)
地93-88	2331.750	132.861	81.951	89.779	10.221	14.305	243.232	0.000	0.010	0.000	0.100	99.900	0.000	14.306	2.652		长4+5!1^(2_3)
地93-88	2331.875	137.652	82.173	96.618	3.382	14.337	254.304	0.000	0.010	0.000	0.100	99.900	0.000	14.365	2.634		长4+5!1^(2_3)
地93-88	2332.000	139.337	82.239	96.975	3.025	14.459	264.542	0.000	0.010	0.000	0.100	99.900	0.000	14.470	2.611		长4+5!1^(2_3)
地93-88	2332.125	137.252	82.183	94.855	5.145	14.482	274.002	0.000	0.010	0.000	0.100	99.900	0.000	14.460	2.585		长4+5!1^(2_3)
地93-88	2332.250	137.733	81.983	97.217	2.783	14.390	283.775	0.000	0.010	0.000	0.100	99.900	0.000	14.382	2.561		长4+5!1^(2_3)
地93-88	2332.375	143.258	81.616	99.900	0.100	14.400	292.323	0.000	0.010	0.000	0.100	99.900	0.000	14.441	2.544		长4+5!1^(2_3)
地93-88	2332.500	149.754	81.144	99.900	0.100	14.643	294.153	0.000	0.010	0.000	0.100	99.900	0.000	14.725	2.538		长4+5!1^(2_3)
地93-88	2332.625	142.733	80.603	87.416	12.584	15.050	284.158	0.000	0.010	0.000	0.100	99.900	0.000	15.133	2.547		长4+5!1^(2_3)
地93-88	2332.750	122.642	79.991	57.378	42.622	15.442	263.762	0.000	0.010	0.000	0.100	99.900	0.000	15.502	2.568		长4+5!1^(2_3)
地93-88	2332.875	101.536	79.340	30.985	69.015	15.724	241.697	0.200	0.811	9.069	4.809	84.361	0.449	15.768	2.595		长4+5!1^(2_3)
地93-88	2333.000	91.617	78.685	16.756	83.244	15.936	226.377	0.152	1.762	8.505	11.479	62.731	0.445	15.974	2.621	干层	长4+5!1^(2_3)
地93-88	2333.125	92.952	78.017	16.077	83.923	16.125	219.120	0.098	1.320	7.610	10.775	65.716	0.442	16.162	2.640	干层	长4+5!1^(2_3)
地93-88	2333.250	91.014	77.348	14.223	85.777	16.311	216.640	0.095	1.193	7.553	10.534	66.586	0.438	16.350	2.649	干层	长4+5!1^(2_3)
地93-88	2333.375	84.433	76.653	11.714	88.286	16.502	215.730	0.127	1.150	8.143	10.446	66.672	0.434	16.540	2.650	干层	长4+5!1^(2_3)
地93-88	2333.500	79.419	75.914	10.557	89.443	16.692	215.413	0.162	1.135	8.631	10.415	66.454	0.430	16.732	2.643	干层	长4+5!1^(2_3)
地93-88	2333.625	79.629	75.157	11.098	88.902	16.895	215.639	0.162	1.146	8.633	10.437	65.931	0.426	16.939	2.629	干层	长4+5!1^(2_3)
地93-88	2333.750	82.736	74.390	12.698	87.302	17.114	216.280	0.143	1.176	8.376	10.499	65.176	0.422	17.161	2.611	干层	长4+5!1^(2_3)
地93-88	2333.875	87.873	73.573	15.084	84.916	17.318	217.210	0.115	1.221	7.939	10.589	64.382	0.419	17.334	2.588	干层	长4+5!1^(2_3)
地93-88	2334.000	93.879	72.653	17.618	82.382	17.328	219.664	0.000	1.350	0.000	10.827	63.312	0.000	17.273	2.563	干层	长4+5!1^(2_3)
地93-88	2334.125	97.668	71.586	28.100	71.900	16.966	227.352	0.000	0.901	0.000	6.689	77.372	0.000	16.823	2.537		长4+5!1^(2_3)
地93-88	2334.250	102.751	70.365	47.000	53.000	16.289	243.382	0.000	0.010	0.000	0.100	99.900	0.000	16.182	2.515		长4+5!1^(2_3)
地93-88	2334.375	113.126	69.052	60.278	39.722	15.839	263.496	0.000	0.010	0.000	0.100	99.900	0.000	15.813	2.499		长4+5!1^(2_3)
地93-88	2334.500	122.485	67.684	66.298	33.702	15.796	276.645	0.000	0.010	0.000	0.100	99.900	0.000	15.854	2.491		长4+5!1^(2_3)
地93-88	2334.625	118.926	66.270	49.073	50.927	16.093	276.264	0.483	2.834	10.861	6.378	78.848	0.438	16.161	2.490		长4+5!1^(2_3)
地93-88	2334.750	104.261	64.857	24.121	75.879	16.414	263.884	0.543	5.970	11.097	15.117	49.020	0.432	16.466	2.493	差油层	长4+5!1^(2_3)
地93-88	2334.875	89.229	63.513	16.138	83.862	16.655	248.849	0.542	3.789	11.094	13.658	52.997	0.428	16.690	2.497	差油层	长4+5!1^(2_3)
地93-88	2335.000	80.774	62.319	12.404	87.596	16.820	239.942	0.529	2.812	11.046	12.794	55.682	0.425	16.845	2.500	差油层	长4+5!1^(2_3)
地93-88	2335.125	76.489	61.338	10.518	89.482	16.944	237.456	0.580	2.581	11.233	12.553	56.366	0.422	16.969	2.502	差油层	长4+5!1^(2_3)
地93-88	2335.250	72.037	60.586	8.933	91.067	17.071	238.075	0.752	2.636	11.760	12.613	55.926	0.419	17.100	2.503	差油层	长4+5!1^(2_3)
地93-88	2335.375	67.457	60.031	7.736	92.264	17.209	238.855	0.989	2.706	12.318	12.689	55.424	0.416	17.235	2.506	差油层	长4+5!1^(2_3)
地93-88	2335.500	65.271	59.660	7.448	92.552	17.336	238.907	1.109	2.711	12.551	12.694	55.207	0.414	17.360	2.511	差油层	长4+5!1^(2_3)
地93-88	2335.625	66.375	59.529	7.862	92.138	17.443	238.490	1.026	2.673	12.392	12.654	55.203	0.412	17.456	2.517	差油层	长4+5!1^(2_3)
地93-88	2335.750	68.028	59.677	8.223	91.777	17.508	237.097	0.878	2.551	12.075	12.519	55.603	0.411	17.522	2.526	差油层	长4+5!1^(2_3)
地93-88	2335.875	68.950	60.112	8.123	91.877	17.583	233.972	0.714	2.293	11.654	12.215	56.640	0.410	17.604	2.536	差油层	长4+5!1^(2_3)
地93-88	2336.000	68.477	60.811	7.443	92.557	17.689	229.600	0.584	1.965	11.248	11.791	58.181	0.409	17.712	2.547	差油层	长4+5!1^(2_3)
地93-88	2336.125	66.420	61.811	6.471	93.529	17.781	224.734	0.506	1.642	10.955	11.319	60.110	0.408	17.781	2.556	差油层	长4+5!1^(2_3)
地93-88	2336.250	64.611	63.138	5.951	94.049	17.751	220.269	0.442	1.382	10.678	10.886	62.218	0.409	17.723	2.561	差油层	长4+5!1^(2_3)
地93-88	2336.375	65.591	64.741	6.640	93.360	17.595	217.166	0.358	1.220	10.252	10.585	64.010	0.413	17.551	2.558	差油层	长4+5!1^(2_3)
地93-88	2336.500	71.094	66.492	9.007	90.993	17.350	216.042	0.255	1.164	9.563	10.476	65.071	0.418	17.280	2.545	差油层	长4+5!1^(2_3)
地93-88	2336.625	80.729	68.291	13.674	86.326	16.893	217.466	0.000	1.236	0.000	10.614	65.453	0.000	16.713	2.518	差油层	长4+5!1^(2_3)
地93-88	2336.750	95.359	70.076	33.429	66.571	15.902	223.571	0.000	0.803	0.000	6.517	79.296	0.000	15.626	2.484		长4+5!1^(2_3)
地93-88	2336.875	114.865	71.787	71.049	28.951	14.528	236.851	0.000	0.010	0.000	0.100	99.900	0.000	14.251	2.449		长4+5!1^(2_3)
地93-88	2337.000	135.876	73.323	95.039	4.961	13.203	255.622	0.000	0.010	0.000	0.100	99.900	0.000	12.978	2.430		长4+5!1^(2_3)
地93-88	2337.125	147.710	74.601	99.900	0.100	12.198	274.420	0.000	0.010	0.000	0.100	99.900	0.000	12.089	2.413		长4+5!2^(1_1)
地93-88	2337.250	147.928	75.638	99.900	0.100	11.711	287.315	0.000	0.010	0.000	0.100	99.900	0.000	11.658	2.414		长4+5!2^(1_1)
地93-88	2337.375	141.503	76.529	96.409	3.591	11.499	292.862	0.000	0.010	0.000	0.100	99.900	0.000	11.498	2.433		长4+5!2^(1_1)
地93-88	2337.500	135.557	77.335	88.611	11.389	11.562	293.005	0.000	0.010	0.000	0.100	99.900	0.000	11.628	2.466		长4+5!2^(1_1)
地93-88	2337.625	132.123	78.025	81.178	18.822	11.937	287.982	0.000	0.010	0.000	0.100	99.900	0.000	12.048	2.507		长4+5!2^(1_1)
地93-88	2337.750	127.001	78.589	70.902	29.098	12.458	274.754	0.000	0.010	0.000	0.100	99.900	0.000	12.536	2.549		长4+5!2^(1_1)
地93-88	2337.875	119.273	79.069	58.478	41.522	12.799	254.763	0.000	0.010	0.000	0.100	99.900	0.000	12.828	2.586		长4+5!2^(1_1)
地93-88	2338.000	110.162	79.541	47.885	52.115	12.888	237.305	0.000	0.010	0.000	0.100	99.900	0.000	12.862	2.616		长4+5!2^(1_1)
地93-88	2338.125	104.142	80.017	43.617	56.383	12.715	229.116	0.000	0.010	0.000	0.100	99.900	0.000	12.649	2.638		长4+5!2^(1_1)
地93-88	2338.250	104.568	80.429	46.827	53.173	12.388	230.904	0.000	0.010	0.000	0.100	99.900	0.000	12.325	2.653		长4+5!2^(1_1)
地93-88	2338.375	110.401	80.716	53.483	46.517	12.103	237.134	0.000	0.010	0.000	0.100	99.900	0.000	12.067	2.660		长4+5!2^(1_1)
地93-88	2338.500	114.672	80.901	56.090	43.910	11.971	241.867	0.000	0.010	0.000	0.100	99.900	0.000	11.983	2.658		长4+5!2^(1_1)
地93-88	2338.625	113.147	81.005	53.289	46.711	12.056	243.586	0.000	0.010	0.000	0.100	99.900	0.000	12.094	2.643		长4+5!2^(1_1)
地93-88	2338.750	110.243	81.053	50.349	49.651	12.204	241.934	0.000	0.010	0.000	0.100	99.900	0.000	12.204	2.620		长4+5!2^(1_1)
地93-88	2338.875	109.025	81.081	50.747	49.253	12.161	239.004	0.000	0.010	0.000	0.100	99.900	0.000	12.120	2.592		长4+5!2^(1_1)
地93-88	2339.000	111.594	81.094	57.479	42.521	11.952	241.317	0.000	0.010	0.000	0.100	99.900	0.000	11.905	2.565		长4+5!2^(1_1)
地93-88	2339.125	119.942	81.085	74.435	25.565	11.730	253.123	0.000	0.010	0.000	0.100	99.900	0.000	11.696	2.543		长4+5!2^(1_1)
地93-88	2339.250	134.527	81.109	93.497	6.503	11.598	271.297	0.000	0.010	0.000	0.100	99.900	0.000	11.603	2.527		长4+5!2^(1_1)
地93-88	2339.375	152.718	81.197	99.900	0.100	11.643	288.104	0.000	0.010	0.000	0.100	99.900	0.000	11.667	2.514		长4+5!2^(1_1)
地93-88	2339.500	168.275	81.320	99.900	0.100	11.792	299.572	0.000	0.010	0.000	0.100	99.900	0.000	11.847	2.500		长4+5!2^(1_1)
地93-88	2339.625	173.708	81.478	99.900	0.100	12.098	307.135	0.000	0.010	0.000	0.100	99.900	0.000	12.185	2.482		长4+5!2^(1_1)
地93-88	2339.750	170.877	81.635	99.900	0.100	12.515	312.011	0.000	0.010	0.000	0.100	99.900	0.000	12.586	2.461		长4+5!2^(1_1)
地93-88	2339.875	163.955	81.727	99.900	0.100	12.790	313.692	0.000	0.010	0.000	0.100	99.900	0.000	12.783	2.439		长4+5!2^(1_1)
地93-88	2340.000	156.768	81.772	99.900	0.100	12.672	311.841	0.000	0.010	0.000	0.100	99.900	0.000	12.580	2.420		长4+5!2^(1_1)
地93-88	2340.125	150.045	81.794	99.900	0.100	12.194	307.129	0.000	0.010	0.000	0.100	99.900	0.000	12.079	2.409		长4+5!2^(1_1)
地93-88	2340.250	141.521	81.744	92.845	7.155	11.647	300.726	0.000	0.010	0.000	0.100	99.900	0.000	11.557	2.407		长4+5!2^(1_1)
地93-88	2340.375	130.742	81.613	75.365	24.635	11.248	293.549	0.000	0.010	0.000	0.100	99.900	0.000	11.209	2.415		长4+5!2^(1_1)
地93-88	2340.500	120.239	81.461	62.806	37.194	11.103	285.301	0.000	0.010	0.000	0.100	99.900	0.000	11.115	2.434		长4+5!2^(1_1)
地93-88	2340.625	116.499	81.286	60.820	39.180	11.200	277.048	0.000	0.010	0.000	0.100	99.900	0.000	11.251	2.464		长4+5!2^(1_1)
地93-88	2340.750	118.756	81.036	65.753	34.247	11.451	272.481	0.000	0.010	0.000	0.100	99.900	0.000	11.500	2.499		长4+5!2^(1_1)
地93-88	2340.875	123.572	80.682	72.503	27.497	11.717	275.055	0.000	0.010	0.000	0.100	99.900	0.000	11.785	2.535		长4+5!2^(1_1)
地93-88	2341.000	127.096	80.230	74.917	25.083	12.089	281.071	0.000	0.010	0.000	0.100	99.900	0.000	12.190	2.569		长4+5!2^(1_1)
地93-88	2341.125	125.521	79.707	69.426	30.574	12.614	282.506	0.000	0.010	0.000	0.100	99.900	0.000	12.737	2.596		长4+5!2^(1_1)
地93-88	2341.250	119.272	79.162	50.548	49.452	13.195	274.247	0.428	2.462	10.615	6.179	81.289	0.508	13.286	2.618		长4+5!2^(1_1)
地93-88	2341.375	109.968	78.604	28.336	71.664	13.612	259.808	0.329	5.286	10.079	14.721	54.986	0.498	13.669	2.634	干层	长4+5!2^(1_1)
地93-88	2341.500	101.710	77.995	22.795	77.205	13.870	247.288	0.264	3.592	9.633	13.507	58.597	0.492	13.899	2.648	干层	长4+5!2^(1_1)
地93-88	2341.625	96.963	77.310	19.609	80.391	14.017	239.175	0.223	2.745	9.282	12.720	61.289	0.489	14.046	2.661	干层	长4+5!2^(1_1)
地93-88	2341.750	93.041	76.556	16.744	83.256	14.169	232.822	0.196	2.211	9.028	12.104	63.565	0.485	14.206	2.672	干层	长4+5!2^(1_1)
地93-88	2341.875	87.129	75.740	13.091	86.909	14.347	224.824	0.176	1.661	8.810	11.328	66.850	0.481	14.380	2.680	干层	长4+5!2^(1_1)
地93-88	2342.000	78.899	74.866	9.362	90.638	14.497	215.695	0.168	0.797	8.715	10.443	71.279	0.478	14.514	2.683	干层	长4+5!2^(1_1)
地93-88	2342.125	71.775	73.962	6.759	93.241	14.552	208.197	0.165	0.010	8.675	9.715	75.651	0.477	14.537	2.679	干层	长4+5!2^(1_1)
地93-88	2342.250	67.483	73.096	5.358	94.642	14.455	204.198	0.168	0.010	8.704	9.327	78.584	0.480	14.417	2.671	干层	长4+5!2^(1_1)
地93-88	2342.375	64.932	72.367	4.487	95.513	14.269	203.637	0.186	0.010	8.911	9.273	79.474	0.484	14.234	2.658	干层	长4+5!2^(1_1)
地93-88	2342.500	61.737	71.891	3.720	96.280	14.100	205.378	0.239	0.010	9.425	9.442	78.733	0.488	14.070	2.643	干层	长4+5!2^(1_1)
地93-88	2342.625	58.944	71.762	3.568	96.432	13.971	208.342	0.321	0.010	10.025	9.729	77.075	0.490	13.960	2.625	干层	长4+5!2^(1_1)
地93-88	2342.750	60.211	72.002	4.976	95.024	13.912	212.699	0.000	0.474	0.000	10.152	74.552	0.000	13.896	2.607	干层	长4+5!2^(1_1)
地93-88	2342.875	67.872	72.583	12.689	87.311	13.832	220.156	0.000	0.705	0.000	6.326	83.554	0.000	13.814	2.588		长4+5!2^(1_1)
地93-88	2343.000	82.712	73.417	29.696	70.304	13.749	232.220	0.000	0.010	0.000	0.100	99.900	0.000	13.734	2.569		长4+5!2^(1_1)
地93-88	2343.125	102.472	74.400	50.631	49.369	13.692	247.365	0.000	0.010	0.000	0.100	99.900	0.000	13.692	2.551		长4+5!2^(1_1)
地93-88	2343.250	119.806	75.441	69.380	30.620	13.726	259.373	0.000	0.010	0.000	0.100	99.900	0.000	13.757	2.536		长4+5!2^(1_1)
地93-88	2343.375	127.649	76.476	75.218	24.782	13.882	262.352	0.000	0.010	0.000	0.100	99.900	0.000	13.915	2.521		长4+5!2^(1_1)
地93-88	2343.500	125.124	77.400	67.345	32.655	14.032	257.024	0.000	0.010	0.000	0.100	99.900	0.000	14.050	2.506		长4+5!2^(1_1)
地93-88	2343.625	116.377	78.137	55.440	44.560	14.100	248.596	0.000	0.010	0.000	0.100	99.900	0.000	14.096	2.490		长4+5!2^(1_1)
地93-88	2343.750	109.185	78.697	49.151	50.849	14.048	242.585	0.000	0.010	0.000	0.100	99.900	0.000	14.012	2.476		长4+5!2^(1_1)
地93-88	2343.875	108.274	79.112	51.573	48.427	13.789	243.106	0.000	0.010	0.000	0.100	99.900	0.000	13.671	2.470		长4+5!2^(1_1)
地93-88	2344.000	114.173	79.438	62.624	37.376	13.115	252.226	0.000	0.010	0.000	0.100	99.900	0.000	12.907	2.477		长4+5!2^(1_1)
地93-88	2344.125	124.812	79.745	78.782	21.218	12.046	269.275	0.000	0.010	0.000	0.100	99.900	0.000	11.800	2.503		长4+5!2^(1_1)
地93-88	2344.250	134.229	80.070	91.901	8.099	10.941	286.768	0.000	0.010	0.000	0.100	99.900	0.000	10.812	2.543		长4+5!2^(1_1)
地93-88	2344.375	138.402	80.384	93.682	6.318	10.448	293.162	0.000	0.010	0.000	0.100	99.900	0.000	10.465	2.589		长4+5!2^(1_2)
地93-88	2344.500	134.451	80.681	80.707	19.293	10.647	283.283	0.000	0.010	0.000	0.100	99.900	0.000	10.778	2.632		长4+5!2^(1_2)
地93-88	2344.625	122.294	80.963	61.035	38.965	11.312	261.667	0.000	0.010	0.000	0.100	99.900	0.000	11.457	2.663		长4+5!2^(1_2)
地93-88	2344.750	109.755	81.220	46.632	53.368	12.021	239.643	0.000	0.010	0.000	0.100	99.900	0.000	12.154	2.679		长4+5!2^(1_2)
地93-88	2344.875	102.129	81.452	39.627	60.373	12.658	226.500	0.000	0.010	0.000	0.100	99.900	0.000	12.769	2.684		长4+5!2^(1_2)
地93-88	2345.000	98.903	81.665	36.479	63.521	13.195	222.216	0.000	0.010	0.000	0.100	99.900	0.000	13.294	2.683		长4+5!2^(1_2)
地93-88	2345.125	96.607	81.810	34.232	65.768	13.653	222.177	0.000	0.010	0.000	0.100	99.900	0.000	13.718	2.678		长4+5!2^(1_2)
地93-88	2345.250	94.748	81.836	33.001	66.999	13.954	223.035	0.000	0.010	0.000	0.100	99.900	0.000	13.995	2.671		长4+5!2^(1_2)
地93-88	2345.375	94.567	81.753	33.350	66.650	14.156	224.858	0.000	0.010	0.000	0.100	99.900	0.000	14.195	2.661		长4+5!2^(1_2)
地93-88	2345.500	95.683	81.559	34.681	65.319	14.343	228.034	0.000	0.010	0.000	0.100	99.900	0.000	14.372	2.651		长4+5!2^(1_2)
地93-88	2345.625	97.210	81.248	36.590	63.410	14.433	231.830	0.000	0.010	0.000	0.100	99.900	0.000	14.406	2.644		长4+5!2^(1_2)
地93-88	2345.750	99.402	80.833	39.944	60.056	14.249	235.212	0.000	0.010	0.000	0.100	99.900	0.000	14.173	2.642		长4+5!2^(1_2)
地93-88	2345.875	103.653	80.310	46.771	53.229	13.889	238.635	0.000	0.010	0.000	0.100	99.900	0.000	13.830	2.644		长4+5!2^(1_2)
地93-88	2346.000	111.527	79.634	58.823	41.177	13.661	243.274	0.000	0.010	0.000	0.100	99.900	0.000	13.665	2.649		长4+5!2^(1_2)
地93-88	2346.125	122.215	78.795	71.655	28.345	13.738	248.067	0.000	0.010	0.000	0.100	99.900	0.000	13.801	2.654		长4+5!2^(1_2)
地93-88	2346.250	127.739	77.815	60.562	39.438	14.052	248.880	0.076	1.413	7.091	5.451	83.058	0.490	14.119	2.658		长4+5!2^(1_2)
地93-88	2346.375	120.964	76.710	30.962	69.038	14.389	243.685	0.082	3.193	7.255	13.158	58.719	0.481	14.460	2.657	干层	长4+5!2^(1_2)
地93-88	2346.500	103.162	75.529	19.833	80.167	14.748	235.380	0.133	2.424	8.241	12.352	61.180	0.471	14.826	2.653	干层	长4+5!2^(1_2)
地93-88	2346.625	85.480	74.293	12.429	87.571	15.149	227.090	0.216	1.800	9.217	11.548	63.856	0.460	15.242	2.645	干层	长4+5!2^(1_2)
地93-88	2346.750	76.000	73.041	9.400	90.600	15.587	220.787	0.253	1.411	9.547	10.936	65.942	0.450	15.656	2.635	干层	长4+5!2^(1_2)
地93-88	2346.875	73.982	71.869	8.898	91.102	15.885	217.147	0.233	1.219	9.377	10.583	67.240	0.445	15.909	2.626	干层	长4+5!2^(1_2)
地93-88	2347.000	75.426	70.874	9.325	90.675	15.978	216.022	0.205	1.164	9.110	10.474	67.681	0.444	15.977	2.617	干层	长4+5!2^(1_2)
地93-88	2347.125	76.858	70.079	9.790	90.210	15.965	217.150	0.201	1.219	9.079	10.584	67.138	0.445	15.957	2.610	干层	长4+5!2^(1_2)
地93-88	2347.250	77.344	69.451	9.778	90.222	15.928	219.287	0.219	1.327	9.251	10.791	66.115	0.445	15.924	2.604	干层	长4+5!2^(1_2)
地93-88	2347.375	75.402	68.995	8.924	91.076	15.904	220.644	0.259	1.399	9.594	10.923	65.493	0.445	15.897	2.599	干层	长4+5!2^(1_2)
地93-88	2347.500	71.585	68.762	7.544	92.456	15.865	220.428	0.312	1.388	9.969	10.902	65.696	0.446	15.851	2.597	干层	长4+5!2^(1_2)
地93-88	2347.625	67.323	68.833	6.349	93.651	15.773	219.089	0.362	1.317	10.272	10.772	66.612	0.448	15.735	2.599	干层	长4+5!2^(1_2)
地93-88	2347.750	65.289	69.272	6.145	93.855	15.559	217.923	0.378	1.256	10.363	10.659	67.720	0.453	15.497	2.603	干层	长4+5!2^(1_2)
地93-88	2347.875	67.346	70.057	7.556	92.444	15.226	218.142	0.345	1.268	10.171	10.680	68.402	0.461	15.139	2.608	干层	长4+5!2^(1_2)
地93-88	2348.000	74.809	71.067	11.253	88.747	14.783	219.889	0.000	1.360	0.000	10.849	68.536	0.000	14.686	2.614	干层	长4+5!2^(1_2)
地93-88	2348.125	87.998	72.220	24.812	75.188	14.299	222.736	0.000	0.868	0.000	6.633	81.034	0.000	14.200	2.618		长4+5!2^(1_2)
地93-88	2348.250	101.472	73.460	46.190	53.810	13.815	226.636	0.000	0.010	0.000	0.100	99.900	0.000	13.726	2.621		长4+5!2^(1_2)
地93-88	2348.375	113.254	74.689	60.956	39.044	13.379	231.938	0.000	0.010	0.000	0.100	99.900	0.000	13.296	2.624		长4+5!2^(1_2)
地93-88	2348.500	123.394	75.773	74.785	25.215	12.970	238.780	0.000	0.010	0.000	0.100	99.900	0.000	12.890	2.629		长4+5!2^(1_2)
地93-88	2348.625	130.636	76.607	82.536	17.464	12.608	246.857	0.000	0.010	0.000	0.100	99.900	0.000	12.564	2.637		长4+5!2^(1_2)
地93-88	2348.750	131.259	77.081	79.123	20.877	12.462	253.791	0.000	0.010	0.000	0.100	99.900	0.000	12.491	2.648		长4+5!2^(1_2)
地93-88	2348.875	125.317	77.073	66.738	33.262	12.673	254.733	0.000	0.010	0.000	0.100	99.900	0.000	12.768	2.660		长4+5!2^(1_2)
地93-88	2349.000	114.969	76.586	50.195	49.805	13.145	246.281	0.000	0.010	0.000	0.100	99.900	0.000	13.240	2.671		长4+5!2^(1_2)
地93-88	2349.125	100.734	75.693	33.199	66.801	13.568	230.137	0.000	0.010	0.000	0.100	99.900	0.000	13.613	2.677		长4+5!2^(1_2)
地93-88	2349.250	84.958	74.476	17.190	82.810	13.736	213.443	0.110	0.010	7.850	3.842	91.843	0.499	13.725	2.675		长4+5!2^(1_2)
地93-88	2349.375	72.415	73.028	6.430	93.570	13.635	203.940	0.129	0.010	8.164	9.302	81.179	0.503	13.579	2.666	水层	长4+5!2^(1_2)
地93-88	2349.500	66.120	71.482	4.982	95.018	13.333	203.301	0.172	0.010	8.753	9.240	82.631	0.511	13.252	2.651	水层	长4+5!2^(1_2)
地93-88	2349.625	64.358	69.896	4.890	95.110	12.938	208.490	0.245	0.412	9.477	9.744	80.231	0.522	12.865	2.633	水层	长4+5!2^(1_2)
地93-88	2349.750	63.488	68.333	5.064	94.936	12.587	214.753	0.353	1.109	10.220	10.351	77.242	0.531	12.523	2.617	水层	长4+5!2^(1_2)
地93-88	2349.875	62.941	66.925	5.253	94.747	12.283	218.688	0.444	1.296	10.687	10.733	75.776	0.540	12.233	2.602	水层	长4+5!2^(1_2)
地93-88	2350.000	63.249	65.816	5.428	94.572	12.055	220.239	0.473	1.377	10.816	10.883	75.534	0.547	12.025	2.590	水层	长4+5!2^(1_2)
地93-88	2350.125	63.406	65.069	5.432	94.568	11.942	220.780	0.482	1.407	10.856	10.936	75.464	0.549	11.949	2.580	水层	长4+5!2^(1_2)
地93-88	2350.250	62.918	64.722	5.370	94.630	12.004	221.108	0.503	1.425	10.941	10.968	75.008	0.546	12.036	2.571	水层	长4+5!2^(1_2)
地93-88	2350.375	62.971	64.810	5.843	94.157	12.163	221.232	0.000	1.432	0.000	10.980	74.456	0.000	12.193	2.564	水层	长4+5!2^(1_2)
地93-88	2350.500	66.614	65.304	11.038	88.962	12.291	222.219	0.000	0.865	0.000	6.629	84.450	0.000	12.300	2.561		长4+5!2^(1_2)
地93-88	2350.625	77.764	66.183	23.659	76.341	12.347	226.369	0.000	0.010	0.000	0.100	99.900	0.000	12.369	2.562		长4+5!2^(1_2)
地93-88	2350.750	94.134	67.322	39.703	60.297	12.489	235.333	0.000	0.010	0.000	0.100	99.900	0.000	12.543	2.565		长4+5!2^(1_2)
地93-88	2350.875	109.926	68.561	55.875	44.125	12.787	246.923	0.000	0.010	0.000	0.100	99.900	0.000	12.870	2.570		长4+5!2^(1_2)
地93-88	2351.000	119.452	69.734	63.723	36.277	13.216	255.203	0.000	0.010	0.000	0.100	99.900	0.000	13.315	2.576		长4+5!2^(1_2)
地93-88	2351.125	119.280	70.765	59.103	40.897	13.707	255.028	0.000	0.010	0.000	0.100	99.900	0.000	13.806	2.583		长4+5!2^(1_2)
地93-88	2351.250	111.343	71.622	46.265	53.735	14.176	244.892	0.000	0.010	0.000	0.100	99.900	0.000	14.254	2.592		长4+5!2^(1_2)
地93-88	2351.375	98.524	72.250	32.678	67.322	14.533	229.130	0.000	0.010	0.000	0.100	99.900	0.000	14.579	2.605		长4+5!2^(1_2)
地93-88	2351.500	87.575	72.631	25.971	74.029	14.728	215.551	0.000	0.010	0.000	0.100	99.900	0.000	14.740	2.621		长4+5!2^(1_3)
地93-88	2351.625	87.144	72.814	27.598	72.402	14.777	208.476	0.000	0.010	0.000	0.100	99.900	0.000	14.776	2.636		长4+5!2^(1_3)
地93-88	2351.750	92.067	72.934	31.892	68.108	14.791	207.469	0.000	0.010	0.000	0.100	99.900	0.000	14.806	2.647		长4+5!2^(1_3)
地93-88	2351.875	95.784	73.116	34.237	65.763	14.893	209.479	0.000	0.010	0.000	0.100	99.900	0.000	14.936	2.650		长4+5!2^(1_3)
地93-88	2352.000	96.010	73.443	33.777	66.223	15.122	212.763	0.000	0.010	0.000	0.100	99.900	0.000	15.180	2.644		长4+5!2^(1_3)
地93-88	2352.125	94.555	73.939	33.078	66.922	15.396	217.900	0.000	0.010	0.000	0.100	99.900	0.000	15.437	2.631		长4+5!2^(1_3)
地93-88	2352.250	95.043	74.564	36.076	63.924	15.576	225.072	0.000	0.010	0.000	0.100	99.900	0.000	15.591	2.615		长4+5!2^(1_3)
地93-88	2352.375	101.290	75.273	46.473	53.527	15.633	234.083	0.000	0.010	0.000	0.100	99.900	0.000	15.631	2.600		长4+5!2^(1_3)
地93-88	2352.500	113.995	76.012	62.920	37.080	15.614	244.283	0.000	0.010	0.000	0.100	99.900	0.000	15.600	2.588		长4+5!2^(1_3)
地93-88	2352.625	125.489	76.717	75.942	24.058	15.502	254.142	0.000	0.010	0.000	0.100	99.900	0.000	15.443	2.578		长4+5!2^(1_3)
地93-88	2352.750	129.396	77.337	79.935	20.065	15.178	264.331	0.000	0.010	0.000	0.100	99.900	0.000	15.087	2.566		长4+5!2^(1_3)
地93-88	2352.875	129.436	77.872	80.615	19.385	14.724	279.392	0.000	0.010	0.000	0.100	99.900	0.000	14.633	2.547		长4+5!2^(1_3)
地93-88	2353.000	130.342	78.332	84.320	15.680	14.319	301.174	0.000	0.010	0.000	0.100	99.900	0.000	14.272	2.520		长4+5!2^(1_3)
地93-88	2353.125	134.111	78.721	92.233	7.767	14.125	323.310	0.000	0.010	0.000	0.100	99.900	0.000	14.116	2.489		长4+5!2^(1_3)
地93-88	2353.250	138.977	79.063	98.710	1.290	14.075	333.681	0.000	0.010	0.000	0.100	99.900	0.000	14.063	2.464		长4+5!2^(1_3)
地93-88	2353.375	145.701	79.345	99.900	0.100	14.012	326.667	0.000	0.010	0.000	0.100	99.900	0.000	13.997	2.455		长4+5!2^(1_3)
地93-88	2353.500	152.595	79.517	99.900	0.100	13.954	308.828	0.000	0.010	0.000	0.100	99.900	0.000	13.954	2.467		长4+5!2^(1_3)
地93-88	2353.625	153.119	79.579	99.900	0.100	13.974	287.646	0.000	0.010	0.000	0.100	99.900	0.000	13.993	2.500		长4+5!2^(1_3)
地93-88	2353.750	145.215	79.568	93.097	6.903	14.068	266.759	0.000	0.010	0.000	0.100	99.900	0.000	14.089	2.543		长4+5!2^(1_3)
地93-88	2353.875	131.095	79.476	73.025	26.975	14.170	247.870	0.000	0.010	0.000	0.100	99.900	0.000	14.187	2.586		长4+5!2^(1_3)
地93-88	2354.000	115.595	79.309	52.325	47.675	14.251	233.413	0.000	0.010	0.000	0.100	99.900	0.000	14.263	2.620		长4+5!2^(1_3)
地93-88	2354.125	104.211	79.121	40.181	59.819	14.311	225.223	0.000	0.010	0.000	0.100	99.900	0.000	14.321	2.641		长4+5!2^(1_3)
地93-88	2354.250	96.807	78.973	32.786	67.214	14.356	222.086	0.000	0.010	0.000	0.100	99.900	0.000	14.360	2.652		长4+5!2^(1_3)
地93-88	2354.375	90.790	78.900	27.527	72.473	14.368	220.768	0.000	0.010	0.000	0.100	99.900	0.000	14.363	2.657		长4+5!2^(1_3)
地93-88	2354.500	86.442	78.932	25.173	74.827	14.339	219.296	0.000	0.010	0.000	0.100	99.900	0.000	14.328	2.659		长4+5!2^(1_3)
地93-88	2354.625	86.647	79.098	25.959	74.041	14.276	217.654	0.000	0.010	0.000	0.100	99.900	0.000	14.257	2.663		长4+5!2^(1_3)
地93-88	2354.750	88.487	79.411	27.114	72.886	14.164	215.670	0.000	0.010	0.000	0.100	99.900	0.000	14.129	2.668		长4+5!2^(1_3)
地93-88	2354.875	88.875	79.884	27.654	72.346	13.955	213.353	0.000	0.010	0.000	0.100	99.900	0.000	13.887	2.674		长4+5!2^(1_3)
地93-88	2355.000	89.732	80.465	30.478	69.522	13.584	212.354	0.000	0.010	0.000	0.100	99.900	0.000	13.481	2.679		长4+5!2^(1_3)
地93-88	2355.125	95.630	81.058	38.464	61.536	13.083	215.173	0.000	0.010	0.000	0.100	99.900	0.000	12.990	2.680		长4+5!2^(1_3)
地93-88	2355.250	105.615	81.598	51.034	48.966	12.647	223.062	0.000	0.010	0.000	0.100	99.900	0.000	12.580	2.680		长4+5!2^(1_3)
地93-88	2355.375	116.710	82.089	65.654	34.346	12.326	233.856	0.000	0.010	0.000	0.100	99.900	0.000	12.270	2.678		长4+5!2^(1_3)
地93-88	2355.500	126.165	82.568	77.769	22.231	12.042	243.972	0.000	0.010	0.000	0.100	99.900	0.000	11.977	2.674		长4+5!2^(1_3)
地93-88	2355.625	131.034	83.025	84.415	15.585	11.724	253.367	0.000	0.010	0.000	0.100	99.900	0.000	11.663	2.668		长4+5!2^(1_3)
地93-88	2355.750	133.250	83.398	87.435	12.565	11.439	264.053	0.000	0.010	0.000	0.100	99.900	0.000	11.397	2.660		长4+5!2^(1_3)
地93-88	2355.875	134.058	83.650	87.224	12.776	11.263	274.397	0.000	0.010	0.000	0.100	99.900	0.000	11.254	2.651		长4+5!2^(1_3)
地93-88	2356.000	132.556	83.827	81.531	18.469	11.242	277.622	0.000	0.010	0.000	0.100	99.900	0.000	11.255	2.645		长4+5!2^(1_3)
地93-88	2356.125	126.822	83.950	70.612	29.388	11.294	269.479	0.000	0.010	0.000	0.100	99.900	0.000	11.295	2.645		长4+5!2^(1_3)
地93-88	2356.250	119.089	84.022	60.090	39.910	11.290	254.470	0.000	0.010	0.000	0.100	99.900	0.000	11.279	2.650		长4+5!2^(1_3)
地93-88	2356.375	113.495	84.047	53.939	46.061	11.224	242.435	0.000	0.010	0.000	0.100	99.900	0.000	11.204	2.659		长4+5!2^(1_3)
地93-88	2356.500	110.942	84.006	51.232	48.768	11.113	238.534	0.000	0.010	0.000	0.100	99.900	0.000	11.083	2.669		长4+5!2^(1_3)
地93-88	2356.625	109.679	83.901	50.301	49.699	10.947	240.432	0.000	0.010	0.000	0.100	99.900	0.000	10.899	2.674		长4+5!2^(1_3)
地93-88	2356.750	109.783	83.747	52.355	47.645	10.697	244.422	0.000	0.010	0.000	0.100	99.900	0.000	10.638	2.675		长4+5!2^(1_3)
地93-88	2356.875	113.498	83.570	59.230	40.770	10.406	248.746	0.000	0.010	0.000	0.100	99.900	0.000	10.348	2.672		长4+5!2^(1_3)
地93-88	2357.000	120.298	83.410	66.877	33.123	10.133	253.240	0.000	0.010	0.000	0.100	99.900	0.000	10.092	2.670		长4+5!2^(2_1)
地93-88	2357.125	123.161	83.303	67.511	32.489	9.957	257.468	0.000	0.010	0.000	0.100	99.900	0.000	9.948	2.671		长4+5!2^(2_1)
地93-88	2357.250	119.885	83.259	61.599	38.401	9.932	259.653	0.000	0.010	0.000	0.100	99.900	0.000	9.946	2.675		长4+5!2^(2_1)
地93-88	2357.375	114.932	83.275	56.036	43.964	10.013	258.299	0.000	0.010	0.000	0.100	99.900	0.000	10.041	2.680		长4+5!2^(2_1)
地93-88	2357.500	112.646	83.353	55.418	44.582	10.155	254.685	0.000	0.010	0.000	0.100	99.900	0.000	10.187	2.685		长4+5!2^(2_1)
地93-88	2357.625	114.946	83.486	60.603	39.397	10.303	251.419	0.000	0.010	0.000	0.100	99.900	0.000	10.324	2.686		长4+5!2^(2_1)
地93-88	2357.750	120.585	83.681	69.929	30.071	10.396	250.409	0.000	0.010	0.000	0.100	99.900	0.000	10.407	2.687		长4+5!2^(2_1)
地93-88	2357.875	127.418	83.917	80.677	19.323	10.449	251.139	0.000	0.010	0.000	0.100	99.900	0.000	10.457	2.686		长4+5!2^(2_1)
地93-88	2358.000	133.296	84.125	88.292	11.708	10.499	252.060	0.000	0.010	0.000	0.100	99.900	0.000	10.515	2.684		长4+5!2^(2_1)
地93-88	2358.125	135.123	84.271	88.455	11.545	10.595	252.717	0.000	0.010	0.000	0.100	99.900	0.000	10.626	2.682		长4+5!2^(2_1)
地93-88	2358.250	132.589	84.354	81.886	18.114	10.753	253.228	0.000	0.010	0.000	0.100	99.900	0.000	10.789	2.678		长4+5!2^(2_1)
地93-88	2358.375	127.295	84.374	72.622	27.378	10.918	253.964	0.000	0.010	0.000	0.100	99.900	0.000	10.941	2.675		长4+5!2^(2_1)
地93-88	2358.500	121.612	84.338	66.469	33.531	11.018	256.053	0.000	0.010	0.000	0.100	99.900	0.000	11.027	2.672		长4+5!2^(2_1)
地93-88	2358.625	120.565	84.258	66.970	33.030	11.075	260.935	0.000	0.010	0.000	0.100	99.900	0.000	11.098	2.668		长4+5!2^(2_1)
地93-88	2358.750	122.924	84.123	70.499	29.501	11.215	267.260	0.000	0.010	0.000	0.100	99.900	0.000	11.267	2.660		长4+5!2^(2_1)
地93-88	2358.875	125.004	83.931	71.401	28.599	11.499	269.785	0.000	0.010	0.000	0.100	99.900	0.000	11.579	2.650		长4+5!2^(2_1)
地93-88	2359.000	123.298	83.706	65.886	34.114	11.891	264.756	0.000	0.010	0.000	0.100	99.900	0.000	11.968	2.637		长4+5!2^(2_1)
地93-88	2359.125	116.908	83.474	56.353	43.647	12.261	254.044	0.000	0.010	0.000	0.100	99.900	0.000	12.324	2.627		长4+5!2^(2_1)
地93-88	2359.250	110.072	83.237	48.167	51.833	12.571	243.562	0.000	0.010	0.000	0.100	99.900	0.000	12.629	2.618		长4+5!2^(2_1)
地93-88	2359.375	104.880	82.985	43.097	56.903	12.873	237.893	0.000	0.010	0.000	0.100	99.900	0.000	12.944	2.610		长4+5!2^(2_1)
地93-88	2359.500	102.335	82.724	41.870	58.130	13.244	236.537	0.000	0.010	0.000	0.100	99.900	0.000	13.333	2.602		长4+5!2^(2_1)
地93-88	2359.625	103.545	82.468	44.985	55.015	13.686	237.731	0.000	0.010	0.000	0.100	99.900	0.000	13.777	2.593		长4+5!2^(2_1)
地93-88	2359.750	108.220	82.229	51.425	48.575	14.114	240.993	0.000	0.010	0.000	0.100	99.900	0.000	14.183	2.583		长4+5!2^(2_1)
地93-88	2359.875	113.979	82.003	57.496	42.504	14.428	246.514	0.000	0.010	0.000	0.100	99.900	0.000	14.468	2.577		长4+5!2^(2_1)
地93-88	2360.000	116.691	81.780	57.793	42.207	14.615	253.062	0.000	0.010	0.000	0.100	99.900	0.000	14.645	2.576		长4+5!2^(2_1)
地93-88	2360.125	113.134	81.555	51.536	48.464	14.780	257.677	0.000	0.010	0.000	0.100	99.900	0.000	14.827	2.586		长4+5!2^(2_1)
地93-88	2360.250	106.803	81.319	44.711	55.289	15.027	256.802	0.000	0.010	0.000	0.100	99.900	0.000	15.089	2.603		长4+5!2^(2_1)
地93-88	2360.375	102.800	81.063	41.578	58.422	15.344	250.101	0.000	0.010	0.000	0.100	99.900	0.000	15.415	2.624		长4+5!2^(2_1)
地93-88	2360.500	102.223	80.768	41.567	58.433	15.688	241.627	0.000	0.010	0.000	0.100	99.900	0.000	15.751	2.643		长4+5!2^(2_1)
地93-88	2360.625	103.062	80.397	42.690	57.310	15.944	235.086	0.000	0.010	0.000	0.100	99.900	0.000	15.949	2.654		长4+5!2^(2_1)
地93-88	2360.750	104.216	79.922	44.846	55.154	15.904	232.556	0.000	0.010	0.000	0.100	99.900	0.000	15.843	2.656		长4+5!2^(2_1)
地93-88	2360.875	106.992	79.360	49.287	50.713	15.579	234.707	0.000	0.010	0.000	0.100	99.900	0.000	15.495	2.651		长4+5!2^(2_1)
地93-88	2361.000	111.725	78.768	54.706	45.294	15.182	241.027	0.000	0.010	0.000	0.100	99.900	0.000	15.121	2.642		长4+5!2^(2_1)
地93-88	2361.125	114.993	78.196	57.120	42.880	14.988	248.972	0.000	0.010	0.000	0.100	99.900	0.000	15.036	2.636		长4+5!2^(2_1)
地93-88	2361.250	114.533	77.637	54.580	45.420	15.353	252.873	0.000	0.010	0.000	0.100	99.900	0.000	15.526	2.634		长4+5!2^(2_1)
地93-88	2361.375	110.530	77.018	49.159	50.841	16.303	249.451	0.000	0.010	0.000	0.100	99.900	0.000	16.566	2.636		长4+5!2^(2_1)
地93-88	2361.500	106.194	76.264	45.608	54.392	17.678	242.178	0.000	0.010	0.000	0.100	99.900	0.000	18.009	2.639		长4+5!2^(2_1)
地93-88	2361.625	105.639	75.369	45.766	54.234	19.410	235.469	0.000	0.010	0.000	0.100	99.900	0.000	19.825	2.639		长4+5!2^(2_1)
地93-88	2361.750	106.788	74.398	37.259	62.741	21.498	230.699	0.087	0.753	7.377	4.729	80.421	0.352	21.936	2.634		长4+5!2^(2_1)
地93-88	2361.875	104.760	73.402	21.577	78.423	23.689	226.177	0.077	1.734	7.116	11.459	51.077	0.328	24.138	2.621	油层	长4+5!2^(2_2)
地93-88	2362.000	97.726	72.370	17.083	82.917	25.902	220.963	0.084	1.422	7.305	10.953	50.799	0.307	26.330	2.592	油层	长4+5!2^(2_2)
地93-88	2362.125	87.970	71.285	12.696	87.304	27.964	216.814	0.112	1.203	7.887	10.551	50.533	0.290	28.327	2.565	油层	长4+5!2^(2_2)
地93-88	2362.250	79.529	70.207	9.690	90.310	29.717	216.256	0.168	1.176	8.708	10.497	49.300	0.277	30.029	2.541	油层	长4+5!2^(2_2)
地93-88	2362.375	72.992	69.263	7.723	92.277	31.230	219.766	0.281	1.357	9.753	10.837	46.868	0.267	31.503	2.522	油层	长4+5!2^(2_2)
地93-88	2362.500	66.880	68.548	6.214	93.786	32.584	224.426	0.487	1.621	10.875	11.289	44.328	0.258	32.854	2.514	油层	长4+5!2^(2_2)
地93-88	2362.625	62.029	68.070	5.205	94.795	33.911	226.592	0.697	1.755	11.605	11.500	42.779	0.250	34.167	2.519	油层	长4+5!2^(2_2)
地93-88	2362.750	60.024	67.770	4.782	95.218	35.161	223.657	0.664	1.580	11.508	11.215	42.947	0.244	35.394	2.534	油层	长4+5!2^(2_2)
地93-88	2362.875	61.055	67.580	4.668	95.332	36.269	216.085	0.428	0.815	10.612	10.480	44.841	0.239	36.451	2.558	油层	长4+5!2^(2_2)
地93-88	2363.000	62.548	67.454	4.317	95.683	37.094	206.974	0.000	0.010	0.000	9.597	47.828	0.000	37.195	2.587	油层	长4+5!2^(2_2)
地93-88	2363.125	62.101	67.355	5.173	94.827	37.516	199.247	0.000	0.010	0.000	5.482	69.896	0.000	37.536	2.612		长4+5!2^(2_2)
地93-88	2363.250	62.475	67.234	7.706	92.294	37.567	195.304	0.000	0.010	0.000	0.100	99.900	0.000	37.541	2.630		长4+5!2^(2_2)
地93-88	2363.375	65.009	67.045	9.698	90.302	37.410	195.273	0.000	0.010	0.000	0.100	99.900	0.000	37.356	2.637		长4+5!2^(2_2)
地93-88	2363.500	68.861	66.780	11.648	88.352	37.123	197.072	0.000	0.010	0.000	0.100	99.900	0.000	37.053	2.632		长4+5!2^(2_2)
地93-88	2363.625	70.339	66.426	9.854	90.146	36.785	199.489	0.114	0.010	7.917	3.673	80.219	0.239	36.727	2.619		长4+5!2^(2_2)
地93-88	2363.750	70.000	65.957	6.522	93.478	36.493	202.461	0.135	0.010	8.262	9.159	50.208	0.240	36.431	2.602	油层	长4+5!2^(2_2)
地93-88	2363.875	71.422	65.395	7.636	92.364	36.178	206.161	0.152	0.010	8.499	9.518	48.824	0.242	36.108	2.585	油层	长4+5!2^(2_2)
地93-88	2364.000	75.762	64.801	9.468	90.532	35.853	210.144	0.149	0.409	8.463	9.904	47.411	0.243	35.804	2.569	油层	长4+5!2^(2_2)
地93-88	2364.125	80.345	64.212	11.041	88.959	35.647	213.919	0.143	1.069	8.379	10.270	46.086	0.244	35.636	2.554	油层	长4+5!2^(2_2)
地93-88	2364.250	82.212	63.662	11.568	88.432	35.610	217.279	0.154	1.226	8.535	10.596	44.896	0.244	35.617	2.543	油层	长4+5!2^(2_2)
地93-88	2364.375	81.097	63.184	11.059	88.941	35.643	220.345	0.191	1.385	8.970	10.894	43.840	0.244	35.647	2.535	油层	长4+5!2^(2_2)
地93-88	2364.500	77.805	62.799	10.089	89.911	35.651	223.288	0.263	1.551	9.620	11.179	42.895	0.244	35.644	2.530	油层	长4+5!2^(2_2)
地93-88	2364.625	74.714	62.529	9.508	90.492	35.606	226.137	0.356	1.727	10.238	11.455	42.051	0.243	35.589	2.531	油层	长4+5!2^(2_2)
地93-88	2364.750	73.866	62.381	9.628	90.372	35.535	228.511	0.420	1.884	10.574	11.686	41.384	0.244	35.528	2.535	油层	长4+5!2^(2_2)
地93-88	2364.875	74.710	62.341	10.181	89.819	35.500	229.581	0.425	1.958	10.597	11.789	41.096	0.244	35.491	2.541	油层	长4+5!2^(2_2)
地93-88	2365.000	76.658	62.375	11.148	88.852	35.426	229.040	0.374	1.920	10.338	11.737	41.313	0.244	35.387	2.548	油层	长4+5!2^(2_2)
地93-88	2365.125	80.427	62.463	12.720	87.280	35.202	227.417	0.284	1.810	9.777	11.580	41.938	0.246	35.134	2.553	油层	长4+5!2^(2_2)
地93-88	2365.250	85.606	62.586	14.627	85.373	34.879	225.842	0.201	1.707	9.074	11.427	42.598	0.248	34.824	2.557	油层	长4+5!2^(2_2)
地93-88	2365.375	90.153	62.710	16.207	83.793	34.639	225.245	0.154	1.669	8.539	11.369	42.906	0.250	34.619	2.558	油层	长4+5!2^(2_2)
地93-88	2365.500	92.697	62.804	17.354	82.646	34.551	225.578	0.138	1.690	8.309	11.401	42.850	0.250	34.543	2.556	油层	长4+5!2^(2_2)
地93-88	2365.625	94.973	62.875	18.778	81.222	34.514	226.321	0.128	1.737	8.150	11.473	42.647	0.250	34.506	2.553	油层	长4+5!2^(2_2)
地93-88	2365.750	98.626	62.956	20.413	79.587	34.469	226.993	0.110	1.781	7.840	11.538	42.474	0.251	34.456	2.550	油层	长4+5!2^(2_2)
地93-88	2365.875	101.069	63.059	20.607	79.393	34.409	227.346	0.098	1.804	7.622	11.573	42.401	0.251	34.400	2.549	油层	长4+5!2^(2_2)
地93-88	2366.000	98.171	63.168	18.433	81.567	34.324	227.476	0.115	1.813	7.937	11.585	42.441	0.252	34.273	2.549	油层	长4+5!2^(2_2)
地93-88	2366.125	91.309	63.228	15.834	84.166	34.068	227.529	0.164	1.817	8.657	11.590	42.586	0.253	34.014	2.551	油层	长4+5!2^(2_2)
地93-88	2366.250	87.646	63.176	14.910	85.090	33.778	227.631	0.198	1.823	9.048	11.600	42.754	0.254	33.700	2.556	油层	长4+5!2^(2_2)
地93-88	2366.375	87.872	63.021	15.613	84.387	33.379	227.843	0.198	1.838	9.047	11.621	42.952	0.257	33.290	2.561	油层	长4+5!2^(2_2)
地93-88	2366.500	91.389	62.809	17.219	82.781	32.997	228.023	0.167	1.850	8.700	11.638	43.106	0.259	32.969	2.566	油层	长4+5!2^(2_2)
地93-88	2366.625	94.886	62.529	18.628	81.372	32.980	228.012	0.140	1.849	8.335	11.637	43.041	0.258	33.075	2.570	油层	长4+5!2^(2_2)
地93-88	2366.750	97.124	62.190	19.714	80.286	33.530	227.656	0.122	1.825	8.065	11.603	42.744	0.255	33.706	2.574	油层	长4+5!2^(2_2)
地93-88	2366.875	99.499	61.826	20.651	79.349	34.442	227.116	0.105	1.789	7.762	11.550	42.317	0.250	34.656	2.577	油层	长4+5!2^(2_2)
地93-88	2367.000	100.885	61.451	20.625	79.375	35.503	226.946	0.097	1.778	7.600	11.534	41.736	0.244	35.715	2.582	油层	长4+5!2^(2_2)
地93-88	2367.125	98.763	61.094	19.326	80.674	36.583	227.415	0.111	1.809	7.869	11.579	40.968	0.239	36.822	2.590	油层	长4+5!2^(2_2)
地93-88	2367.250	95.184	60.816	17.865	82.135	37.829	228.033	0.138	1.851	8.306	11.639	40.087	0.232	38.126	2.601	油层	长4+5!2^(2_2)
地93-88	2367.375	92.671	60.620	16.640	83.360	39.417	227.665	0.154	1.826	8.529	11.604	39.327	0.225	39.825	2.614	油层	长4+5!2^(2_2)
地93-88	2367.500	90.025	60.452	14.612	85.388	41.592	225.314	0.156	1.676	8.559	11.376	38.880	0.215	42.149	2.627	油层	长4+5!2^(2_2)
地93-88	2367.625	83.593	60.307	11.218	88.782	44.400	220.407	0.169	1.395	8.717	10.900	39.022	0.205	44.997	2.635	油层	长4+5!2^(2_2)
地93-88	2367.750	74.677	60.178	7.548	92.452	47.236	213.135	0.000	0.714	0.000	10.194	40.116	0.000	47.700	2.636	油层	长4+5!2^(2_2)
地93-88	2367.875	66.237	60.024	5.734	94.266	49.333	205.659	0.000	0.010	0.000	5.864	64.676	0.000	49.585	2.629		长4+5!2^(2_2)
地93-88	2368.000	60.782	59.830	5.872	94.128	50.415	201.536	0.000	0.010	0.000	0.100	99.900	0.000	50.495	2.613		长4+5!2^(2_2)
地93-88	2368.125	60.161	59.592	5.129	94.871	50.667	203.081	0.230	0.010	9.350	3.873	76.436	0.188	50.600	2.591		长4+5!2^(2_2)
地93-88	2368.250	62.666	59.273	4.923	95.077	50.352	209.460	0.281	0.441	9.754	9.838	40.262	0.188	50.302	2.569	油层	长4+5!2^(2_2)
地93-88	2368.375	65.698	58.869	6.246	93.754	50.077	217.056	0.354	1.222	10.230	10.574	37.979	0.189	49.999	2.551	油层	长4+5!2^(2_2)
地93-88	2368.500	67.949	58.456	7.208	92.792	49.662	222.722	0.422	1.520	10.586	11.124	36.532	0.190	49.560	2.539	油层	长4+5!2^(2_2)
地93-88	2368.625	69.087	58.062	7.977	92.023	49.154	225.720	0.465	1.699	10.780	11.415	35.923	0.191	49.052	2.534	油层	长4+5!2^(2_2)
地93-88	2368.750	71.534	57.642	9.145	90.855	48.643	226.599	0.429	1.755	10.617	11.500	35.887	0.193	48.537	2.532	油层	长4+5!2^(2_2)
地93-88	2368.875	75.775	57.172	10.655	89.345	48.090	226.321	0.340	1.737	10.147	11.473	36.175	0.195	47.958	2.532	油层	长4+5!2^(2_2)
地93-88	2369.000	79.916	56.667	11.691	88.309	47.449	225.985	0.271	1.716	9.681	11.441	36.500	0.197	47.332	2.532	油层	长4+5!2^(2_2)
地93-88	2369.125	80.728	56.165	11.556	88.444	46.906	226.020	0.260	1.718	9.600	11.444	36.687	0.199	46.827	2.532	油层	长4+5!2^(2_2)
地93-88	2369.250	78.607	55.731	10.784	89.216	46.525	226.471	0.297	1.747	9.868	11.488	36.715	0.200	46.457	2.533	油层	长4+5!2^(2_2)
地93-88	2369.375	76.499	55.348	10.415	89.585	46.174	226.702	0.334	1.762	10.111	11.510	36.799	0.201	46.092	2.535	油层	长4+5!2^(2_2)
地93-88	2369.500	77.091	54.929	10.901	89.099	45.780	226.047	0.314	1.720	9.981	11.447	37.126	0.202	45.711	2.538	油层	长4+5!2^(2_2)
地93-88	2369.625	79.762	54.466	11.956	88.044	45.457	224.476	0.253	1.622	9.540	11.294	37.675	0.203	45.407	2.540	油层	长4+5!2^(2_2)
地93-88	2369.750	83.408	54.004	13.129	86.871	45.241	222.435	0.189	1.501	8.948	11.096	38.320	0.204	45.222	2.538	油层	长4+5!2^(2_2)
地93-88	2369.875	86.355	53.568	13.871	86.129	45.167	220.456	0.147	1.390	8.435	10.904	38.911	0.205	45.167	2.531	油层	长4+5!2^(2_2)
地93-88	2370.000	87.493	53.139	13.700	86.300	45.155	218.983	0.128	1.311	8.163	10.761	39.357	0.205	45.141	2.518	油层	长4+5!2^(2_2)
地93-88	2370.125	85.527	52.676	12.759	87.241	45.034	218.745	0.140	1.298	8.343	10.738	39.504	0.205	44.967	2.501	油层	长4+5!2^(2_2)
地93-88	2370.250	82.857	52.157	12.032	87.968	44.689	220.561	0.176	1.397	8.810	10.915	39.127	0.206	44.608	2.484	油层	长4+5!2^(2_2)
地93-88	2370.375	81.363	51.670	11.695	88.305	44.304	224.220	0.230	1.609	9.347	11.269	38.245	0.207	44.241	2.471	油层	长4+5!2^(2_2)
地93-88	2370.500	79.519	51.324	11.032	88.968	43.973	228.141	0.309	1.861	9.947	11.650	37.333	0.208	43.893	2.463	油层	长4+5!2^(2_2)
地93-88	2370.625	75.869	51.114	9.763	90.237	43.525	230.843	0.427	2.050	10.608	11.912	36.843	0.210	43.397	2.462	油层	长4+5!2^(2_2)
地93-88	2370.750	71.344	51.023	8.430	91.570	42.853	231.672	0.561	2.111	11.165	11.992	36.937	0.212	42.689	2.465	油层	长4+5!2^(2_2)
地93-88	2370.875	68.313	51.083	7.675	92.325	42.035	231.310	0.643	2.084	11.443	11.957	37.391	0.215	41.868	2.470	油层	长4+5!2^(2_2)
地93-88	2371.000	67.531	51.324	7.474	92.526	41.200	231.018	0.660	2.062	11.494	11.929	37.846	0.218	41.029	2.475	油层	长4+5!2^(2_2)
地93-88	2371.125	67.360	51.759	7.175	92.825	40.356	231.282	0.674	2.082	11.539	11.954	38.170	0.222	40.190	2.477	油层	长4+5!2^(2_2)
地93-88	2371.250	65.195	52.357	6.347	93.653	39.509	231.709	0.770	2.113	11.809	11.996	38.478	0.225	39.320	2.477	油层	长4+5!2^(2_2)
地93-88	2371.375	61.771	53.027	5.477	94.523	38.535	231.461	0.906	2.095	12.139	11.972	39.050	0.229	38.311	2.476	油层	长4+5!2^(2_2)
地93-88	2371.500	60.079	53.674	5.272	94.728	37.327	229.827	0.908	1.977	12.145	11.813	40.190	0.235	37.008	2.475	油层	长4+5!2^(2_2)
地93-88	2371.625	61.804	54.277	5.772	94.228	35.676	226.960	0.718	1.781	11.667	11.535	42.002	0.244	35.290	2.475	油层	长4+5!2^(2_2)
地93-88	2371.750	64.803	54.872	6.456	93.544	33.726	224.686	0.548	1.634	11.118	11.315	43.935	0.255	33.310	2.477	油层	长4+5!2^(2_2)
地93-88	2371.875	66.956	55.480	6.934	93.066	31.689	225.159	0.503	1.665	10.943	11.361	45.161	0.267	31.304	2.480	油层	长4+5!2^(2_2)
地93-88	2372.000	67.206	56.099	6.862	93.138	29.861	227.945	0.573	1.847	11.207	11.631	45.557	0.279	29.562	2.485	油层	长4+5!2^(2_2)
地93-88	2372.125	64.796	56.735	6.409	93.591	28.436	230.912	0.754	2.055	11.767	11.919	45.689	0.289	28.199	2.492	油层	长4+5!2^(2_2)
地93-88	2372.250	63.320	57.414	6.770	93.230	27.308	232.248	0.871	2.154	12.060	12.048	46.161	0.297	27.123	2.500	油层	长4+5!2^(2_2)
地93-88	2372.375	67.572	58.151	8.930	91.070	26.418	231.751	0.683	2.117	11.566	12.000	47.073	0.304	26.262	2.509	油层	长4+5!2^(2_2)
地93-88	2372.500	77.185	58.962	12.262	87.738	25.670	230.161	0.385	2.000	10.400	11.846	48.255	0.312	25.543	2.520	油层	长4+5!2^(2_2)
地93-88	2372.625	85.959	59.917	14.855	85.145	25.067	227.891	0.219	1.843	9.251	11.626	49.587	0.318	24.968	2.533	油层	长4+5!2^(2_2)
地93-88	2372.750	89.898	61.070	15.474	84.526	24.584	224.833	0.153	1.646	8.522	11.329	51.175	0.323	24.494	2.548	油层	长4+5!2^(2_2)
地93-88	2372.875	89.198	62.410	14.157	85.843	24.149	220.642	0.128	1.404	8.159	10.922	53.246	0.328	24.073	2.565	油层	长4+5!2^(2_2)
地93-88	2373.000	84.713	63.878	11.646	88.354	23.790	215.649	0.125	1.151	8.105	10.438	55.720	0.331	23.735	2.582	油层	长4+5!2^(2_2)
地93-88	2373.125	78.501	65.432	9.106	90.894	23.520	210.651	0.000	0.608	0.000	9.953	58.325	0.000	23.471	2.597	油层	长4+5!2^(2_2)
地93-88	2373.250	73.415	67.040	9.356	90.644	23.251	205.901	0.000	0.010	0.000	5.842	75.909	0.000	23.177	2.608		长4+5!2^(2_2)
地93-88	2373.375	69.462	68.652	11.029	88.971	22.806	201.362	0.000	0.010	0.000	0.100	99.900	0.000	22.652	2.613		长4+5!2^(2_2)
地93-88	2373.500	67.179	70.203	10.613	89.387	21.900	198.315	0.000	0.010	0.000	0.100	99.900	0.000	21.601	2.612		长4+5!2^(2_2)
地93-88	2373.625	69.077	71.620	13.789	86.211	20.309	199.848	0.000	0.010	0.000	0.100	99.900	0.000	19.904	2.606		长4+5!2^(2_2)
地93-88	2373.750	77.254	72.822	22.273	77.727	18.297	210.119	0.000	0.010	0.000	0.100	99.900	0.000	17.892	2.600		长4+5!2^(2_2)
地93-88	2373.875	91.245	73.736	35.990	64.010	16.391	229.364	0.000	0.010	0.000	0.100	99.900	0.000	16.096	2.594		长4+5!2^(2_2)
地93-88	2374.000	105.949	74.365	50.396	49.604	15.023	250.848	0.000	0.010	0.000	0.100	99.900	0.000	14.827	2.593		长4+5!2^(2_2)
地93-88	2374.125	115.159	74.719	59.599	40.401	14.136	267.303	0.000	0.010	0.000	0.100	99.900	0.000	14.028	2.597		长4+5!2^(2_2)
地93-88	2374.250	118.615	74.807	62.940	37.060	13.653	274.228	0.000	0.010	0.000	0.100	99.900	0.000	13.601	2.606		长4+5!2^(2_2)
地93-88	2374.375	119.220	74.662	61.856	38.144	13.440	271.351	0.000	0.010	0.000	0.100	99.900	0.000	13.437	2.618		长4+5!2^(2_2)
地93-88	2374.500	116.444	74.333	55.346	44.654	13.477	261.136	0.000	0.010	0.000	0.100	99.900	0.000	13.526	2.629		长4+5!2^(2_2)
地93-88	2374.625	108.889	73.835	45.009	54.991	13.784	246.480	0.000	0.010	0.000	0.100	99.900	0.000	13.895	2.637		长4+5!2^(2_2)
地93-88	2374.750	100.006	73.268	35.735	64.265	14.357	232.252	0.000	0.010	0.000	0.100	99.900	0.000	14.487	2.640		长4+5!2^(2_2)
地93-88	2374.875	93.018	72.700	30.156	69.844	15.012	222.880	0.000	0.010	0.000	0.100	99.900	0.000	15.150	2.637		长4+5!2^(2_2)
地93-88	2375.000	90.009	72.101	27.461	72.539	15.687	218.616	0.000	0.010	0.000	0.100	99.900	0.000	15.813	2.628		长4+5!2^(2_2)
地93-88	2375.125	87.493	71.631	24.428	75.572	16.292	217.181	0.000	0.010	0.000	0.100	99.900	0.000	16.395	2.615		长4+5!2^(2_2)
地93-88	2375.250	82.896	71.391	20.377	79.623	16.791	216.834	0.000	0.010	0.000	0.100	99.900	0.000	16.881	2.603		长4+5!2^(2_2)
地93-88	2375.375	77.976	71.370	18.434	81.566	17.198	217.506	0.000	0.010	0.000	0.100	99.900	0.000	17.247	2.595		长4+5!2^(2_2)
地93-88	2375.500	79.470	71.489	23.062	76.938	17.349	219.764	0.000	0.010	0.000	0.100	99.900	0.000	17.307	2.594		长4+5!2^(2_2)
地93-88	2375.625	90.555	71.741	35.004	64.996	17.008	224.543	0.000	0.010	0.000	0.100	99.900	0.000	16.833	2.603		长4+5!2^(2_3)
地93-88	2375.750	104.730	72.081	50.260	49.740	16.151	232.705	0.000	0.010	0.000	0.100	99.900	0.000	15.988	2.618		长4+5!2^(2_3)
地93-88	2375.875	116.472	72.423	64.560	35.440	15.454	243.021	0.000	0.010	0.000	0.100	99.900	0.000	15.403	2.633		长4+5!2^(2_3)
地93-88	2376.000	124.813	72.727	74.643	25.357	15.340	251.160	0.000	0.010	0.000	0.100	99.900	0.000	15.430	2.645		长4+5!2^(2_3)
地93-88	2376.125	128.479	72.931	76.074	23.926	15.866	253.001	0.000	0.010	0.000	0.100	99.900	0.000	16.034	2.648		长4+5!2^(2_3)
地93-88	2376.250	125.133	72.941	67.300	32.700	16.725	247.702	0.000	0.010	0.000	0.100	99.900	0.000	16.915	2.643		长4+5!2^(2_3)
地93-88	2376.375	116.282	72.772	54.487	45.513	17.678	239.025	0.000	0.010	0.000	0.100	99.900	0.000	17.877	2.629		长4+5!2^(2_3)
地93-88	2376.500	107.457	72.504	45.868	54.132	18.699	232.209	0.000	0.010	0.000	0.100	99.900	0.000	18.932	2.611		长4+5!2^(2_3)
地93-88	2376.625	104.234	72.164	42.077	57.923	19.852	228.604	0.000	0.010	0.000	0.100	99.900	0.000	20.081	2.590		长4+5!2^(2_3)
地93-88	2376.750	101.111	71.782	37.163	62.837	20.967	226.851	0.000	0.010	0.000	0.100	99.900	0.000	21.174	2.571		长4+5!2^(2_3)
地93-88	2376.875	94.717	71.369	29.847	70.153	21.981	225.533	0.000	0.010	0.000	0.100	99.900	0.000	22.173	2.558		长4+5!2^(2_3)
地93-88	2377.000	86.397	70.924	22.703	77.297	22.918	224.789	0.000	0.010	0.000	0.100	99.900	0.000	23.091	2.553		长4+5!2^(2_3)
地93-88	2377.125	79.498	70.481	17.879	82.121	23.782	224.869	0.000	0.010	0.000	0.100	99.900	0.000	23.960	2.557		长4+5!2^(2_3)
地93-88	2377.250	75.374	70.106	15.421	84.579	24.645	224.074	0.000	0.010	0.000	0.100	99.900	0.000	24.802	2.566		长4+5!2^(2_3)
地93-88	2377.375	73.641	69.833	14.741	85.259	25.381	220.726	0.000	0.010	0.000	0.100	99.900	0.000	25.494	2.575		长4+5!2^(2_3)
地93-88	2377.500	73.972	69.653	15.724	84.276	25.891	216.633	0.000	0.010	0.000	0.100	99.900	0.000	25.952	2.581		长4+5!2^(2_3)
地93-88	2377.625	76.722	69.554	18.281	81.719	26.139	215.284	0.000	0.010	0.000	0.100	99.900	0.000	26.147	2.581		长4+5!2^(2_3)
地93-88	2377.750	80.801	69.508	22.070	77.930	26.132	218.016	0.000	0.010	0.000	0.100	99.900	0.000	26.095	2.576		长4+5!2^(2_3)
地93-88	2377.875	86.124	69.529	27.312	72.688	25.920	222.632	0.000	0.010	0.000	0.100	99.900	0.000	25.857	2.570		长4+5!2^(2_3)
地93-88	2378.000	92.741	69.605	34.054	65.946	25.596	226.197	0.000	0.010	0.000	0.100	99.900	0.000	25.524	2.566		长4+5!2^(2_3)
地93-88	2378.125	99.888	69.682	41.076	58.924	25.230	227.840	0.000	0.010	0.000	0.100	99.900	0.000	25.150	2.567		长4+5!2^(2_3)
地93-88	2378.250	105.356	69.689	45.494	54.506	24.833	228.188	0.000	0.010	0.000	0.100	99.900	0.000	24.754	2.571		长4+5!2^(2_3)
地93-88	2378.375	106.650	69.595	45.489	54.511	24.424	228.202	0.000	0.010	0.000	0.100	99.900	0.000	24.330	2.579		长4+5!2^(2_3)
地93-88	2378.500	104.693	69.435	43.311	56.689	23.952	228.402	0.000	0.010	0.000	0.100	99.900	0.000	23.857	2.586		长4+5!2^(2_3)
地93-88	2378.625	103.088	69.217	43.068	56.932	23.493	228.506	0.000	0.010	0.000	0.100	99.900	0.000	23.412	2.590		长4+5!2^(2_3)
地93-88	2378.750	104.971	68.907	46.518	53.482	23.128	228.466	0.000	0.010	0.000	0.100	99.900	0.000	23.084	2.588		长4+5!2^(2_3)
地93-88	2378.875	109.243	68.471	50.351	49.649	22.950	228.676	0.000	0.010	0.000	0.100	99.900	0.000	22.948	2.581		长4+5!2^(2_3)
地93-88	2379.000	110.526	67.942	39.861	60.139	22.977	229.066	0.066	0.779	6.818	4.765	76.592	0.340	23.014	2.571		长4+5!2^(2_3)
地93-88	2379.125	103.468	67.378	20.372	79.628	23.193	228.571	0.093	1.888	7.500	11.691	41.739	0.337	23.265	2.560	油层	长4+5!2^(2_3)
地93-88	2379.250	92.280	66.811	15.092	84.908	23.566	226.084	0.145	1.725	8.405	11.450	42.132	0.332	23.657	2.550	油层	长4+5!2^(2_3)
地93-88	2379.375	82.332	66.255	11.301	88.699	24.015	221.913	0.194	1.474	9.005	11.046	43.029	0.327	24.105	2.542	油层	长4+5!2^(2_3)
地93-88	2379.500	76.561	65.732	9.437	90.563	24.418	217.609	0.209	1.244	9.157	10.628	44.121	0.323	24.465	2.534	油层	长4+5!2^(2_3)
地93-88	2379.625	75.088	65.254	9.188	90.812	24.575	214.388	0.191	1.089	8.975	10.316	45.164	0.322	24.548	2.527	油层	长4+5!2^(2_3)
地93-88	2379.750	77.264	64.837	10.358	89.642	24.373	213.422	0.163	1.045	8.648	10.222	45.762	0.325	24.279	2.519	油层	长4+5!2^(2_3)
地93-88	2379.875	82.461	64.492	12.598	87.402	23.872	215.337	0.138	1.134	8.307	10.408	45.582	0.331	23.745	2.512	油层	长4+5!2^(2_3)
地93-88	2380.000	88.109	64.198	14.858	85.142	23.240	219.400	0.127	1.337	8.143	10.802	44.782	0.338	23.111	2.508	油层	长4+5!2^(2_3)
地93-88	2380.125	91.159	63.919	15.978	84.022	22.609	224.070	0.138	1.600	8.312	11.255	43.844	0.345	22.492	2.509	油层	长4+5!2^(2_3)
地93-88	2380.250	90.559	63.616	15.672	84.328	22.043	227.758	0.172	1.834	8.758	11.613	43.226	0.351	21.943	2.515	油层	长4+5!2^(2_3)
地93-88	2380.375	87.775	63.278	14.723	85.277	21.582	229.860	0.221	1.978	9.267	11.816	43.012	0.355	21.517	2.524	油层	长4+5!2^(2_3)
地93-88	2380.500	85.405	62.922	14.149	85.851	21.288	230.643	0.260	2.034	9.595	11.892	43.047	0.358	21.251	2.534	油层	长4+5!2^(2_3)
地93-88	2380.625	85.192	62.562	14.282	85.718	21.121	230.394	0.259	2.016	9.591	11.868	43.273	0.360	21.101	2.542	油层	长4+5!2^(2_3)
地93-88	2380.750	86.421	62.151	15.195	84.805	21.020	229.675	0.235	1.965	9.389	11.799	43.597	0.362	20.997	2.545	油层	长4+5!2^(2_3)
地93-88	2380.875	90.215	61.643	17.191	82.809	20.876	229.278	0.189	1.937	8.953	11.760	43.899	0.364	20.824	2.543	油层	长4+5!2^(2_3)
地93-88	2381.000	95.757	61.082	18.855	81.145	20.606	229.666	0.145	1.964	8.417	11.798	44.080	0.369	20.543	2.535	油层	长4+5!2^(2_3)
地93-88	2381.125	96.137	60.519	17.896	82.104	20.287	230.687	0.150	2.038	8.483	11.897	44.120	0.373	20.218	2.524	油层	长4+5!2^(2_3)
地93-88	2381.250	89.885	60.007	14.946	85.054	19.952	231.733	0.218	2.115	9.243	11.998	44.162	0.377	19.892	2.515	油层	长4+5!2^(2_3)
地93-88	2381.375	82.340	59.683	12.636	87.364	19.675	232.326	0.331	2.160	10.089	12.056	44.266	0.380	19.639	2.511	油层	长4+5!2^(2_3)
地93-88	2381.500	79.695	59.495	12.268	87.732	19.537	232.402	0.380	2.166	10.373	12.063	44.352	0.381	19.542	2.515	油层	长4+5!2^(2_3)
地93-88	2381.625	81.327	59.248	12.722	87.278	19.621	231.588	0.336	2.105	10.118	11.984	44.439	0.379	19.684	2.528	油层	长4+5!2^(2_3)
地93-88	2381.750	82.158	59.078	12.455	87.545	19.973	228.866	0.280	1.912	9.748	11.720	44.851	0.374	20.073	2.545	油层	长4+5!2^(2_3)
地93-88	2381.875	80.669	59.052	10.932	89.068	20.483	223.170	0.226	1.555	9.309	11.168	46.139	0.367	20.598	2.563	油层	长4+5!2^(2_3)
地93-88	2382.000	75.991	59.131	8.323	91.677	21.028	214.840	0.000	0.779	0.000	10.360	48.578	0.000	21.120	2.579	油层	长4+5!2^(2_3)
地93-88	2382.125	69.196	59.265	7.593	92.407	21.377	206.175	0.000	0.010	0.000	5.922	70.265	0.000	21.363	2.587		长4+5!2^(2_3)
地93-88	2382.250	65.790	59.417	10.563	89.437	21.211	202.093	0.000	0.010	0.000	0.100	99.900	0.000	21.100	2.586		长4+5!2^(2_3)
地93-88	2382.375	70.867	59.533	12.174	87.826	20.616	206.152	0.156	0.389	8.556	4.072	80.434	0.370	20.461	2.576		长4+5!2^(2_3)
地93-88	2382.500	82.804	59.565	13.190	86.810	19.862	215.766	0.138	1.174	8.316	10.449	49.917	0.380	19.726	2.561	油水同层	长4+5!2^(2_3)
地93-88	2382.625	90.750	59.533	15.598	84.402	19.224	225.463	0.152	1.695	8.499	11.390	47.092	0.389	19.124	2.543	油水同层	长4+5!2^(2_3)
地93-88	2382.750	88.299	59.519	13.930	86.070	18.759	230.823	0.226	2.049	9.313	11.910	45.845	0.395	18.691	2.528	油水同层	长4+5!2^(2_3)
地93-88	2382.875	79.153	59.597	10.516	89.484	18.424	231.802	0.379	2.120	10.366	12.005	45.944	0.399	18.362	2.518	油水同层	长4+5!2^(2_3)
地93-88	2383.000	70.816	59.790	8.322	91.678	18.102	231.186	0.562	2.075	11.170	11.945	46.568	0.404	18.025	2.513	油水同层	长4+5!2^(2_3)
地93-88	2383.125	68.592	60.123	7.933	92.067	17.706	230.242	0.600	2.006	11.303	11.854	47.421	0.411	17.612	2.513	油水同层	长4+5!2^(2_3)
地93-88	2383.250	69.594	60.615	8.235	91.765	17.238	228.835	0.531	1.906	11.052	11.717	48.538	0.419	17.144	2.516	油水同层	长4+5!2^(2_3)
地93-88	2383.375	71.050	61.266	8.714	91.286	16.792	226.847	0.445	1.773	10.693	11.524	49.842	0.428	16.720	2.522	油水同层	长4+5!2^(2_3)
地93-88	2383.500	73.372	62.086	9.546	90.454	16.465	224.844	0.357	1.644	10.243	11.330	51.010	0.434	16.426	2.533	油水同层	长4+5!2^(2_3)
地93-88	2383.625	76.785	63.064	10.541	89.459	16.297	223.626	0.282	1.570	9.761	11.212	51.679	0.437	16.286	2.549	油水同层	长4+5!2^(2_3)
地93-88	2383.750	79.111	64.126	10.731	89.269	16.270	223.003	0.242	1.533	9.454	11.151	51.916	0.437	16.286	2.571	油水同层	长4+5!2^(2_3)
地93-88	2383.875	77.225	65.194	9.327	90.673	16.364	221.092	0.242	1.426	9.451	10.966	52.488	0.435	16.396	2.596	油水同层	长4+5!2^(2_3)
地93-88	2384.000	71.333	66.212	7.056	92.944	16.506	216.023	0.000	1.173	0.000	10.474	54.384	0.000	16.524	2.622	油水同层	长4+5!2^(2_3)
地93-88	2384.125	66.238	67.160	7.245	92.755	16.533	208.259	0.000	0.587	0.000	6.068	73.676	0.000	16.491	2.642		长4+5!2^(2_3)
地93-88	2384.250	66.207	68.040	11.402	88.598	16.266	201.707	0.000	0.010	0.000	0.100	99.900	0.000	16.166	2.655		长4+5!2^(2_3)
地93-88	2384.375	73.206	68.875	18.423	81.577	15.748	201.319	0.000	0.010	0.000	0.100	99.900	0.000	15.628	2.659		长4+5!2^(2_3)
地93-88	2384.500	85.842	69.710	29.777	70.223	15.163	208.014	0.000	0.010	0.000	0.100	99.900	0.000	15.057	2.656		长4+5!2^(2_3)
地93-88	2384.625	99.015	70.572	41.101	58.899	14.661	218.397	0.000	0.010	0.000	0.100	99.900	0.000	14.582	2.651		长4+5!2^(2_3)
地93-88	2384.750	106.591	71.464	47.359	52.641	14.277	226.782	0.000	0.010	0.000	0.100	99.900	0.000	14.206	2.648		长4+5!2^(2_3)
地93-88	2384.875	108.585	72.386	48.583	51.417	13.929	230.017	0.000	0.010	0.000	0.100	99.900	0.000	13.860	2.648		
地93-88	2385.000	108.056	73.340	47.617	52.383	13.594	229.857	0.000	0.010	0.000	0.100	99.900	0.000	13.532	2.652		
地93-88	2267.750--2385.000(平均)	105.620	76.353	46.833	53.167	16.401	238.352	0.105	0.477	2.654	3.354	86.996	0.104	16.400	2.583		
地93-88	2267.750--2385.000(最大)	202.899	90.500	99.900	96.432	50.667	344.492	3.046	5.970	14.609	15.117	99.900	0.577	50.600	2.687		
地93-88	2267.750--2385.000(最小)	49.285	47.061	3.568	0.100	8.149	193.076	0.000	0.010	0.000	0.100	35.887	0.000	8.220	1.919		
