井名	深度	GR	SP	SH	SS	RILD	RILM	AC	PERM2024	PERM	POR2024	POR	SW	SW2024	DEN	RT	解释结论	层位
地检89-834	2438.875	103.644	57.322	19.119	80.881	13.938	13.519	221.501	0.064	0.010	6.745	8.732	61.881	0.473	2.622	14.807	差油层	
地检89-834	2439.000	105.378	56.699	19.993	80.007	13.989	13.428	224.510	0.068	0.010	6.878	9.520	58.827	0.492	2.625	14.019	差油层	
地检89-834	2439.125	105.925	56.139	20.372	79.628	13.917	13.439	226.397	0.073	1.083	7.018	10.043	56.690	0.501	2.629	13.709	差油层	
地检89-834	2439.250	105.520	55.521	20.331	79.669	13.678	13.540	226.611	0.076	1.163	7.083	10.137	55.851	0.496	2.632	13.891	差油层	
地检89-834	2439.375	103.487	54.772	19.516	80.484	13.307	13.634	225.492	0.079	0.010	7.177	9.867	56.023	0.480	2.636	14.494	差油层	
地检89-834	2439.500	102.753	53.875	18.958	81.042	12.899	13.550	224.050	0.076	0.010	7.104	9.478	56.701	0.463	2.638	15.212	差油层	
地检89-834	2439.625	106.634	52.872	20.287	79.713	12.541	13.235	223.548	0.061	0.010	6.648	9.314	57.277	0.460	2.631	15.383	差油层	
地检89-834	2439.750	108.861	51.883	21.337	78.663	12.311	12.737	224.374	0.057	0.010	6.502	9.493	57.555	0.475	2.617	14.722	差油层	
地检89-834	2439.875	106.237	51.004	20.553	79.447	12.222	12.177	226.235	0.071	0.010	6.969	9.951	57.519	0.505	2.601	13.540	差油层	
地检89-834	2440.000	103.762	50.301	19.744	80.256	12.226	11.715	228.474	0.091	1.311	7.460	10.525	57.141	0.539	2.581	12.400	差油层	
地检89-834	2440.125	104.271	49.823	20.025	79.975	12.267	11.446	230.343	0.097	1.634	7.601	11.019	56.604	0.565	2.564	11.635	差油层	
地检89-834	2440.250	106.244	49.514	20.651	79.349	12.298	11.418	231.426	0.093	1.888	7.509	11.317	55.854	0.574	2.556	11.387	差油层	
地检89-834	2440.375	112.135	49.322	22.717	77.283	12.318	11.614	231.606	0.070	2.037	6.915	11.383	54.463	0.558	2.558	11.852	差油层	
地检89-834	2440.500	118.169	49.179	25.753	74.247	12.364	11.940	231.090	0.050	2.073	6.233	11.259	52.696	0.524	2.563	12.913	差油层	
地检89-834	2440.625	107.136	49.016	21.863	78.137	12.488	12.240	230.421	0.085	2.076	7.311	11.078	50.818	0.485	2.566	14.296	差油层	
地检89-834	2440.750	88.332	48.804	15.370	84.630	12.745	12.455	230.204	0.219	2.158	9.245	11.006	49.123	0.455	2.562	15.482	差油层	
地检89-834	2440.875	76.478	48.561	11.512	88.488	13.138	12.619	230.625	0.409	2.359	10.522	11.099	47.872	0.441	2.551	16.055	差油层	
地检89-834	2441.000	79.715	48.339	12.293	87.707	13.618	12.825	231.460	0.362	2.650	10.272	11.312	47.090	0.442	2.534	16.034	差油层	
地检89-834	2441.125	87.483	48.208	14.548	85.452	14.140	13.114	232.167	0.252	2.880	9.538	11.507	46.900	0.450	2.519	15.674	差油层	
地检89-834	2441.250	95.114	48.201	17.042	82.958	14.675	13.479	232.242	0.172	2.881	8.752	11.551	47.294	0.459	2.513	15.308	差油层	
地检89-834	2441.375	98.689	48.334	18.280	81.720	15.223	13.917	231.356	0.137	2.566	8.288	11.359	48.295	0.463	2.517	15.131	差油层	
地检89-834	2441.500	98.351	48.613	18.218	81.782	15.779	14.481	229.279	0.125	1.985	8.106	10.873	49.879	0.459	2.531	15.347	差油层	
地检89-834	2441.625	92.555	49.057	16.351	83.649	16.325	15.190	225.783	0.000	1.265	0.000	10.021	52.202	0.000	2.551	16.232	差油层	
地检89-834	2441.750	80.572	49.635	33.818	66.182	16.823	16.010	221.172	0.000	0.010	0.000	0.100	99.900	0.000	2.573	17.841		
地检89-834	2441.875	67.638	50.333	21.851	78.149	17.220	16.827	215.745	0.000	0.010	0.000	0.100	99.900	0.000	2.594	20.034		
地检89-834	2442.000	57.251	51.129	13.509	86.491	17.455	17.450	210.177	0.000	0.010	0.000	0.100	99.900	0.000	2.607	22.452		
地检89-834	2442.125	52.636	51.994	9.929	90.071	17.482	17.798	205.946	0.000	0.010	0.000	0.100	99.900	0.000	2.613	24.880		
地检89-834	2442.250	54.490	52.875	10.812	89.188	17.301	17.832	204.437	0.000	0.010	0.000	0.100	99.900	0.000	2.622	26.421		
地检89-834	2442.375	60.706	53.730	14.936	85.064	16.973	17.509	206.336	0.000	0.010	0.000	0.100	99.900	0.000	2.627	25.206		
地检89-834	2442.500	68.445	54.523	21.116	78.884	16.545	16.773	211.222	0.229	0.010	9.336	0.100	99.900	0.356	2.626	21.473	干层	
地检89-834	2442.625	73.048	55.207	13.946	86.054	16.035	15.846	217.834	0.253	0.010	9.546	7.709	63.307	0.411	2.622	17.706	干层	
地检89-834	2442.750	74.844	55.777	15.309	84.691	15.491	14.978	224.348	0.323	0.010	10.038	9.385	57.199	0.460	2.608	15.216	干层	
地检89-834	2442.875	72.775	56.230	14.842	85.158	14.992	14.324	229.704	0.472	1.713	10.811	10.788	52.768	0.490	2.592	13.909	干层	
地检89-834	2443.000	71.216	56.575	13.920	86.080	14.594	13.894	233.165	0.610	2.747	11.334	11.732	50.122	0.508	2.580	13.252	干层	
地检89-834	2443.125	79.919	56.818	17.861	82.139	14.307	13.609	234.096	0.410	3.141	10.526	12.026	49.489	0.516	2.576	13.001	干层	
地检89-834	2443.250	85.534	56.974	20.894	79.106	14.119	13.517	232.934	0.290	2.792	9.821	11.777	50.135	0.513	2.575	13.154	干层	
地检89-834	2443.375	82.638	57.035	19.762	80.238	13.998	13.681	230.200	0.292	2.060	9.837	11.109	51.322	0.491	2.574	13.947	干层	
地检89-834	2443.500	71.447	57.000	14.528	85.472	13.899	14.058	226.762	0.434	1.357	10.643	10.230	52.744	0.456	2.567	15.319	干层	
地检89-834	2443.625	60.548	56.903	9.989	90.011	13.777	14.412	223.800	0.651	0.010	11.468	9.444	53.991	0.424	2.559	16.886	干层	
地检89-834	2443.750	53.908	56.843	7.506	92.494	13.596	14.562	222.310	0.847	0.010	12.004	9.008	54.750	0.405	2.553	17.881	干层	
地检89-834	2443.875	51.410	56.920	6.576	93.424	13.377	14.385	223.063	1.001	0.010	12.342	9.124	54.062	0.404	2.552	17.921	干层	
地检89-834	2444.000	53.981	57.214	7.302	92.698	13.179	13.775	226.568	1.050	0.010	12.440	9.932	50.945	0.415	2.548	17.318	干层	
地检89-834	2444.125	63.477	57.783	10.660	89.340	13.008	12.923	232.712	0.885	2.822	12.092	11.462	46.976	0.446	2.542	15.733	干层	
地检89-834	2444.250	77.866	58.547	28.391	71.609	12.810	12.159	239.483	0.600	0.010	11.301	0.100	99.900	0.509	2.547	13.223	干层	
地检89-834	2444.375	91.294	59.421	43.023	56.977	12.557	11.828	244.879	0.000	0.010	0.000	0.100	99.900	0.000	2.562	11.059	干层	
地检89-834	2444.500	96.771	60.285	50.699	49.301	12.285	12.026	247.227	0.000	0.010	0.000	0.100	99.900	0.000	2.578	10.209		
地检89-834	2444.625	93.985	60.995	47.730	52.270	12.041	12.294	245.481	0.000	0.010	0.000	0.100	99.900	0.000	2.584	10.702		
地检89-834	2444.750	88.432	61.488	40.925	59.075	11.887	12.343	241.076	0.000	0.010	0.000	0.100	99.900	0.000	2.593	11.732		
地检89-834	2444.875	85.638	61.752	37.867	62.133	11.884	12.212	235.714	0.000	0.010	0.000	0.100	99.900	0.000	2.600	12.143		
地检89-834	2445.000	82.936	61.822	35.202	64.798	12.030	12.205	230.889	0.000	0.010	0.000	0.100	99.900	0.000	2.602	12.071		
地检89-834	2445.125	79.255	61.752	31.332	68.668	12.220	12.433	227.136	0.000	0.010	0.000	0.100	99.900	0.000	2.601	12.261		
地检89-834	2445.250	77.685	61.632	29.560	70.440	12.304	12.768	224.039	0.000	0.010	0.000	0.100	99.900	0.000	2.599	12.953		
地检89-834	2445.375	78.645	61.519	30.380	69.620	12.237	13.023	221.961	0.000	0.010	0.000	0.100	99.900	0.000	2.592	13.795		
地检89-834	2445.500	81.554	61.473	32.028	67.972	12.059	13.047	222.089	0.000	0.010	0.000	0.100	99.900	0.000	2.582	14.228		
地检89-834	2445.625	94.843	61.580	45.822	54.178	11.796	12.862	225.993	0.000	0.010	0.000	0.100	99.900	0.000	2.569	13.990		
地检89-834	2445.750	111.630	61.868	68.630	31.370	11.481	12.477	233.310	0.000	0.010	0.000	0.100	99.900	0.000	2.557	13.476		
地检89-834	2445.875	126.349	62.345	94.423	5.577	11.198	11.891	243.067	0.000	0.010	0.000	0.100	99.900	0.000	2.542	12.758		
地检89-834	2446.000	136.772	62.969	99.900	0.100	11.007	11.161	253.437	0.000	0.010	0.000	0.100	99.900	0.000	2.513	11.592		
地检89-834	2446.125	139.380	63.658	99.900	0.100	10.877	10.549	261.836	0.000	0.010	0.000	0.100	99.900	0.000	2.485	10.113		
地检89-834	2446.250	137.947	64.293	99.900	0.100	10.741	10.323	266.759	0.000	0.010	0.000	0.100	99.900	0.000	2.471	9.018		
地检89-834	2446.375	132.691	64.787	99.900	0.100	10.586	10.561	267.675	0.000	0.010	0.000	0.100	99.900	0.000	2.472	8.959		长4+5!1^(1_1)
地检89-834	2446.500	121.316	65.074	89.728	10.272	10.465	11.015	264.664	0.000	0.010	0.000	0.100	99.900	0.000	2.492	9.839		长4+5!1^(1_1)
地检89-834	2446.625	109.731	65.095	69.341	30.659	10.456	11.273	258.073	0.000	0.010	0.000	0.100	99.900	0.000	2.529	11.132		长4+5!1^(1_1)
地检89-834	2446.750	103.118	64.894	59.322	40.678	10.668	11.244	249.984	0.000	0.010	0.000	0.100	99.900	0.000	2.562	11.805		长4+5!1^(1_1)
地检89-834	2446.875	99.418	64.512	53.534	46.466	11.160	11.110	242.426	0.000	0.010	0.000	0.100	99.900	0.000	2.574	11.504		长4+5!1^(1_1)
地检89-834	2447.000	101.233	64.006	55.501	44.499	11.911	11.178	237.225	0.000	0.010	0.000	0.100	99.900	0.000	2.586	11.013		长4+5!1^(1_1)
地检89-834	2447.125	105.886	63.437	61.550	38.450	12.862	11.552	235.308	0.000	0.010	0.000	0.100	99.900	0.000	2.600	11.146		长4+5!1^(1_1)
地检89-834	2447.250	112.033	62.847	71.359	28.641	13.944	12.265	234.876	0.000	0.010	0.000	0.100	99.900	0.000	2.606	12.014		长4+5!1^(1_1)
地检89-834	2447.375	114.130	62.228	75.149	24.851	15.080	13.376	233.589	0.000	0.010	0.000	0.100	99.900	0.000	2.602	13.667		长4+5!1^(1_1)
地检89-834	2447.500	113.014	61.538	74.663	25.337	16.196	15.034	229.311	0.000	0.010	0.000	0.100	99.900	0.000	2.601	16.429		长4+5!1^(1_1)
地检89-834	2447.625	104.752	60.715	62.688	37.312	17.246	17.074	221.085	0.059	0.010	6.587	0.100	99.900	0.358	2.605	21.461		长4+5!1^(1_1)
地检89-834	2447.750	93.327	59.762	22.978	77.022	18.219	19.182	211.146	0.064	0.370	6.740	10.098	53.452	0.282	2.616	29.516	干层	长4+5!1^(1_1)
地检89-834	2447.875	82.013	58.711	16.432	83.568	19.115	20.942	202.184	0.072	0.010	6.983	9.194	51.006	0.234	2.633	37.974	干层	长4+5!1^(1_1)
地检89-834	2448.000	73.190	57.615	12.252	87.748	19.875	21.916	196.804	0.086	0.010	7.340	8.614	52.747	0.226	2.650	39.642	干层	长4+5!1^(1_1)
地检89-834	2448.125	65.350	56.535	9.176	90.824	20.375	22.142	196.920	0.129	0.010	8.168	8.580	56.919	0.252	2.657	34.273	干层	长4+5!1^(1_1)
地检89-834	2448.250	62.543	55.509	8.349	91.651	20.476	21.722	201.232	0.185	0.010	8.909	8.968	60.554	0.291	2.649	28.099	干层	长4+5!1^(1_1)
地检89-834	2448.375	64.534	54.554	9.355	90.645	20.183	20.838	208.196	0.239	0.010	9.428	9.632	62.101	0.331	2.628	23.684	干层	长4+5!1^(1_1)
地检89-834	2448.500	71.198	53.677	12.300	87.700	19.605	19.724	216.097	0.255	0.420	9.558	10.405	62.316	0.366	2.600	20.645	干层	长4+5!1^(1_1)
地检89-834	2448.625	80.841	52.900	16.875	83.125	18.861	18.662	223.203	0.000	0.431	0.000	11.114	62.176	0.000	2.569	18.556	干层	长4+5!1^(1_1)
地检89-834	2448.750	91.742	52.233	22.802	77.198	18.093	17.769	228.400	0.000	0.419	0.000	11.642	62.066	0.000	2.535	17.217		长4+5!1^(1_1)
地检89-834	2448.875	99.752	51.705	28.271	71.729	17.447	17.076	231.292	0.000	0.403	0.000	11.945	61.911	0.000	2.507	16.572		长4+5!1^(1_1)
地检89-834	2449.000	97.822	51.348	27.552	72.448	17.031	16.632	232.187	0.149	0.418	8.464	12.046	61.897	0.437	2.495	16.344		长4+5!1^(1_1)
地检89-834	2449.125	91.611	51.195	24.188	75.812	16.907	16.435	231.790	0.200	0.445	9.069	12.012	61.921	0.435	2.493	16.409	差油层	长4+5!1^(1_1)
地检89-834	2449.250	83.552	51.202	19.699	80.301	17.094	16.478	230.979	0.290	0.496	9.823	11.936	61.421	0.426	2.500	16.858	差油层	长4+5!1^(1_1)
地检89-834	2449.375	80.322	51.335	18.055	81.945	17.499	16.720	229.894	0.324	0.544	10.046	11.836	60.007	0.407	2.509	17.915	差油层	长4+5!1^(1_1)
地检89-834	2449.500	77.237	51.566	16.601	83.399	17.969	17.151	228.242	0.348	0.591	10.195	11.687	58.506	0.385	2.520	19.251	差油层	长4+5!1^(1_1)
地检89-834	2449.625	72.629	51.900	14.375	85.625	18.353	17.747	225.464	0.383	0.617	10.385	11.428	57.834	0.368	2.533	20.461	差油层	长4+5!1^(1_1)
地检89-834	2449.750	68.467	52.342	12.333	87.667	18.458	18.465	221.790	0.392	0.618	10.435	11.073	57.554	0.351	2.549	21.792	差油层	长4+5!1^(1_1)
地检89-834	2449.875	65.659	52.924	10.981	89.019	18.198	19.117	218.182	0.376	0.631	10.351	10.708	56.258	0.325	2.565	24.135	差油层	长4+5!1^(1_1)
地检89-834	2450.000	62.629	53.686	9.691	90.309	17.656	19.261	216.201	0.397	0.681	10.460	10.481	53.974	0.298	2.580	27.184	差油层	长4+5!1^(1_1)
地检89-834	2450.125	61.120	54.683	8.872	91.128	16.987	18.697	217.506	0.458	0.690	10.753	10.576	53.881	0.300	2.590	26.866	差油层	长4+5!1^(1_1)
地检89-834	2450.250	69.416	55.890	21.004	78.996	16.294	17.543	221.749	0.373	0.010	10.332	0.100	99.900	0.349	2.591	21.958	差油层	长4+5!1^(1_1)
地检89-834	2450.375	84.657	57.277	34.837	65.163	15.571	16.209	228.017	0.236	0.010	9.399	0.100	99.900	0.429	2.586	16.743	差油层	长4+5!1^(1_1)
地检89-834	2450.500	99.356	58.787	52.500	47.500	14.795	15.128	235.051	0.000	0.010	0.000	0.100	99.900	0.000	2.575	13.771	差油层	长4+5!1^(1_1)
地检89-834	2450.625	107.042	60.328	63.965	36.035	14.007	14.291	241.460	0.000	0.010	0.000	0.100	99.900	0.000	2.561	12.779		长4+5!1^(1_1)
地检89-834	2450.750	108.656	61.792	66.403	33.597	13.300	13.527	246.199	0.000	0.010	0.000	0.100	99.900	0.000	2.546	12.625		长4+5!1^(1_1)
地检89-834	2450.875	110.072	63.109	68.257	31.743	12.741	12.790	248.544	0.000	0.010	0.000	0.100	99.900	0.000	2.532	12.227		长4+5!1^(1_1)
地检89-834	2451.000	111.936	64.234	72.759	27.241	12.350	12.284	248.143	0.000	0.010	0.000	0.100	99.900	0.000	2.535	11.506		长4+5!1^(1_1)
地检89-834	2451.125	104.703	65.131	62.515	37.485	12.117	12.131	245.066	0.000	0.010	0.000	0.100	99.900	0.000	2.551	11.050		长4+5!1^(1_1)
地检89-834	2451.250	94.246	65.842	48.343	51.657	12.009	12.245	240.788	0.000	0.010	0.000	0.100	99.900	0.000	2.574	11.201		长4+5!1^(1_1)
地检89-834	2451.375	86.940	66.392	38.993	61.007	11.981	12.406	236.593	0.000	0.010	0.000	0.100	99.900	0.000	2.606	11.882		长4+5!1^(1_1)
地检89-834	2451.500	87.128	66.816	38.733	61.267	12.015	12.433	233.531	0.000	0.010	0.000	0.100	99.900	0.000	2.638	12.660		长4+5!1^(1_1)
地检89-834	2451.625	90.762	67.151	42.874	57.126	12.109	12.378	232.255	0.000	0.010	0.000	0.100	99.900	0.000	2.647	13.064		长4+5!1^(1_1)
地检89-834	2451.750	93.361	67.454	45.987	54.013	12.244	12.345	232.487	0.000	0.010	0.000	0.100	99.900	0.000	2.642	13.130		长4+5!1^(1_1)
地检89-834	2451.875	95.349	67.743	48.248	51.752	12.382	12.383	234.086	0.000	0.010	0.000	0.100	99.900	0.000	2.636	13.089		长4+5!1^(1_1)
地检89-834	2452.000	97.845	68.021	51.771	48.229	12.495	12.465	236.847	0.000	0.010	0.000	0.100	99.900	0.000	2.631	13.076		长4+5!1^(1_1)
地检89-834	2452.125	98.145	68.272	51.358	48.642	12.564	12.532	240.300	0.000	0.010	0.000	0.100	99.900	0.000	2.623	13.051		长4+5!1^(1_1)
地检89-834	2452.250	103.572	68.489	58.593	41.407	12.561	12.569	243.535	0.000	0.010	0.000	0.100	99.900	0.000	2.616	12.978		长4+5!1^(1_1)
地检89-834	2452.375	108.359	68.659	65.458	34.542	12.486	12.585	245.942	0.000	0.010	0.000	0.100	99.900	0.000	2.612	12.971		长4+5!1^(1_1)
地检89-834	2452.500	112.121	68.761	72.175	27.825	12.377	12.573	247.242	0.000	0.010	0.000	0.100	99.900	0.000	2.609	13.122		长4+5!1^(1_1)
地检89-834	2452.625	110.513	68.758	69.622	30.378	12.279	12.512	247.485	0.000	0.010	0.000	0.100	99.900	0.000	2.611	13.287		长4+5!1^(1_1)
地检89-834	2452.750	109.538	68.638	67.622	32.378	12.225	12.391	247.321	0.000	0.010	0.000	0.100	99.900	0.000	2.618	13.177		长4+5!1^(1_1)
地检89-834	2452.875	111.628	68.386	70.459	29.541	12.224	12.238	247.181	0.000	0.010	0.000	0.100	99.900	0.000	2.624	12.698		长4+5!1^(1_1)
地检89-834	2453.000	114.985	67.997	76.845	23.155	12.268	12.137	247.067	0.000	0.010	0.000	0.100	99.900	0.000	2.625	12.086		长4+5!1^(1_1)
地检89-834	2453.125	112.816	67.450	73.555	26.445	12.357	12.153	246.349	0.000	0.010	0.000	0.100	99.900	0.000	2.625	11.659		长4+5!1^(1_1)
地检89-834	2453.250	109.434	66.753	68.441	31.559	12.498	12.303	244.458	0.000	0.010	0.000	0.100	99.900	0.000	2.625	11.633		长4+5!1^(1_1)
地检89-834	2453.375	105.071	65.887	62.318	37.682	12.692	12.549	241.242	0.000	0.010	0.000	0.100	99.900	0.000	2.625	12.147		长4+5!1^(1_1)
地检89-834	2453.500	98.574	64.832	28.966	71.034	12.938	12.820	236.991	0.183	0.293	8.887	12.557	61.450	0.516	2.629	13.081		长4+5!1^(1_1)
地检89-834	2453.625	88.233	63.567	22.577	77.423	13.229	13.067	232.352	0.245	0.338	9.479	12.102	61.034	0.487	2.636	14.112	差油层	长4+5!1^(1_1)
地检89-834	2453.750	78.498	62.160	17.371	82.629	13.556	13.307	228.259	0.327	0.377	10.065	11.693	61.167	0.467	2.638	14.891	差油层	长4+5!1^(1_1)
地检89-834	2453.875	69.885	60.676	13.331	86.669	13.893	13.574	225.345	0.437	0.413	10.658	11.396	61.614	0.456	2.631	15.328	差油层	长4+5!1^(1_2)
地检89-834	2454.000	64.032	59.191	10.710	89.290	14.222	13.860	223.856	0.547	0.457	11.112	11.236	61.599	0.448	2.619	15.704	差油层	长4+5!1^(1_2)
地检89-834	2454.125	64.119	57.789	10.601	89.399	14.556	14.088	223.724	0.541	0.502	11.089	11.215	60.810	0.438	2.608	16.165	差油层	长4+5!1^(1_2)
地检89-834	2454.250	67.002	56.508	11.724	88.276	14.945	14.205	224.363	0.482	0.543	10.855	11.273	59.806	0.430	2.600	16.569	差油层	长4+5!1^(1_2)
地检89-834	2454.375	69.692	55.364	12.835	87.165	15.436	14.222	225.358	0.442	0.568	10.679	11.370	59.401	0.431	2.594	16.553	差油层	长4+5!1^(1_2)
地检89-834	2454.500	72.022	54.351	14.046	85.954	16.031	14.253	226.154	0.409	0.560	10.520	11.458	59.939	0.441	2.589	16.049	差油层	长4+5!1^(1_2)
地检89-834	2454.625	70.157	53.462	13.285	86.715	16.694	14.448	225.972	0.446	0.558	10.695	11.453	60.929	0.452	2.584	15.542	差油层	长4+5!1^(1_2)
地检89-834	2454.750	68.590	52.660	12.499	87.501	17.360	14.899	224.550	0.449	0.569	10.710	11.327	61.197	0.448	2.577	15.697	差油层	长4+5!1^(1_2)
地检89-834	2454.875	68.293	51.936	12.182	87.818	17.969	15.604	222.072	0.401	0.611	10.482	11.092	59.971	0.424	2.568	16.934	差油层	长4+5!1^(1_2)
地检89-834	2455.000	67.413	51.292	11.808	88.192	18.475	16.466	219.174	0.362	0.690	10.272	10.805	57.564	0.386	2.561	19.210	差油层	长4+5!1^(1_2)
地检89-834	2455.125	62.088	50.735	9.658	90.342	18.828	17.308	216.873	0.422	0.838	10.586	10.568	54.646	0.347	2.552	22.130	差油层	长4+5!1^(1_2)
地检89-834	2455.250	57.486	50.242	7.912	92.088	18.952	18.009	215.962	0.510	1.009	10.970	10.462	51.971	0.317	2.541	24.889	差油层	长4+5!1^(1_2)
地检89-834	2455.375	55.851	49.795	7.319	92.681	18.798	18.460	216.786	0.578	1.153	11.226	10.525	50.161	0.303	2.528	26.445	差油层	长4+5!1^(1_2)
地检89-834	2455.500	57.052	49.386	7.866	92.134	18.361	18.468	219.083	0.612	1.231	11.340	10.740	49.524	0.305	2.518	26.220	差油层	长4+5!1^(1_2)
地检89-834	2455.625	58.301	49.024	8.454	91.546	17.661	18.001	222.012	0.667	1.223	11.516	11.028	50.581	0.325	2.514	24.037	差油层	长4+5!1^(1_2)
地检89-834	2455.750	60.451	48.719	9.410	90.590	16.773	17.086	224.503	0.679	1.086	11.551	11.279	53.325	0.362	2.517	20.822	差油层	长4+5!1^(1_2)
地检89-834	2455.875	61.867	48.486	10.027	89.973	15.822	15.878	226.107	0.685	0.889	11.571	11.444	57.311	0.411	2.523	17.589	差油层	长4+5!1^(1_2)
地检89-834	2456.000	63.639	48.328	10.683	89.317	14.908	14.635	226.818	0.649	0.685	11.461	11.521	61.924	0.465	2.530	14.898	差油层	长4+5!1^(1_2)
地检89-834	2456.125	66.512	48.244	11.707	88.293	14.077	13.595	226.888	0.562	0.531	11.169	11.529	65.986	0.512	2.537	13.103	差油层	长4+5!1^(1_2)
地检89-834	2456.250	70.341	48.209	13.213	86.787	13.371	12.851	226.796	0.460	0.444	10.761	11.519	68.476	0.541	2.542	12.186	差油层	长4+5!1^(1_2)
地检89-834	2456.375	73.272	48.208	14.458	85.542	12.831	12.389	226.844	0.397	0.424	10.462	11.520	68.800	0.546	2.545	12.070	差油层	长4+5!1^(1_2)
地检89-834	2456.500	74.904	48.220	15.207	84.793	12.490	12.147	227.272	0.374	0.444	10.336	11.556	67.731	0.535	2.549	12.389	差油层	长4+5!1^(1_2)
地检89-834	2456.625	75.800	48.218	15.701	84.299	12.367	12.024	228.242	0.375	0.480	10.344	11.646	66.328	0.524	2.548	12.750	差油层	长4+5!1^(1_2)
地检89-834	2456.750	76.432	48.174	15.987	84.013	12.448	12.009	229.512	0.387	0.517	10.411	11.770	65.145	0.517	2.543	12.983	差油层	长4+5!1^(1_2)
地检89-834	2456.875	78.649	48.077	17.287	82.713	12.664	12.106	230.676	0.367	0.552	10.302	11.888	63.756	0.507	2.534	13.328	差油层	长4+5!1^(1_2)
地检89-834	2457.000	76.720	47.931	16.632	83.368	12.943	12.302	231.283	0.418	0.627	10.565	11.956	61.946	0.489	2.524	13.983	差油层	长4+5!1^(1_2)
地检89-834	2457.125	72.464	47.751	14.700	85.300	13.240	12.529	231.071	0.514	0.720	10.986	11.940	60.373	0.469	2.514	14.754	差油层	长4+5!1^(1_2)
地检89-834	2457.250	70.150	47.563	13.647	86.353	13.526	12.786	230.454	0.561	0.764	11.162	11.880	59.787	0.459	2.511	15.174	差油层	长4+5!1^(1_2)
地检89-834	2457.375	68.656	47.367	13.093	86.907	13.808	13.122	229.952	0.590	0.757	11.266	11.825	60.217	0.461	2.512	15.075	差油层	长4+5!1^(1_2)
地检89-834	2457.500	65.684	47.146	11.790	88.210	14.125	13.503	230.044	0.690	0.770	11.584	11.825	60.677	0.466	2.513	14.848	差油层	长4+5!1^(1_2)
地检89-834	2457.625	66.148	46.866	11.993	88.007	14.507	13.723	231.011	0.708	0.793	11.637	11.913	60.408	0.467	2.512	14.794	差油层	长4+5!1^(1_2)
地检89-834	2457.750	67.732	46.507	12.707	87.293	14.953	13.689	232.445	0.702	0.823	11.622	12.052	59.902	0.468	2.509	14.753	差油层	长4+5!1^(1_2)
地检89-834	2457.875	69.527	46.066	13.595	86.405	15.468	13.595	233.818	0.687	0.877	11.578	12.190	58.907	0.463	2.501	14.965	差油层	长4+5!1^(1_2)
地检89-834	2458.000	70.593	45.555	13.944	86.056	16.102	13.886	234.695	0.681	1.027	11.558	12.283	56.415	0.439	2.492	16.110	油层	长4+5!1^(1_2)
地检89-834	2458.125	74.580	45.001	15.831	84.169	16.897	14.641	234.934	0.562	1.230	11.168	12.309	52.503	0.395	2.490	18.533	油层	长4+5!1^(1_2)
地检89-834	2458.250	74.254	44.443	15.875	84.125	17.833	15.668	234.897	0.571	1.502	11.199	12.305	48.901	0.355	2.499	21.374	油层	长4+5!1^(1_2)
地检89-834	2458.375	70.260	43.895	14.209	85.791	18.824	16.715	234.883	0.699	1.772	11.613	12.303	46.970	0.334	2.522	23.177	油层	长4+5!1^(1_2)
地检89-834	2458.500	65.873	43.355	12.516	87.484	19.788	17.654	234.976	0.879	2.013	12.079	12.313	45.963	0.324	2.536	24.167	油层	长4+5!1^(1_2)
地检89-834	2458.625	61.096	42.799	10.527	89.473	20.653	18.531	234.843	1.115	2.314	12.562	12.307	45.001	0.313	2.532	25.233	油层	长4+5!1^(1_2)
地检89-834	2458.750	60.728	42.197	10.317	89.683	21.334	19.369	234.049	1.091	2.477	12.517	12.238	43.923	0.300	2.519	26.739	油层	长4+5!1^(1_2)
地检89-834	2458.875	60.690	41.529	10.249	89.751	21.828	20.127	232.506	1.010	2.568	12.360	12.094	43.093	0.287	2.513	28.342	油层	长4+5!1^(1_2)
地检89-834	2459.000	59.009	40.786	9.569	90.431	22.208	20.684	230.534	0.995	2.637	12.330	11.902	42.852	0.279	2.516	29.446	油层	长4+5!1^(1_2)
地检89-834	2459.125	55.730	39.977	8.324	91.676	22.549	21.039	228.646	1.068	2.689	12.474	11.715	43.399	0.279	2.520	29.487	油层	长4+5!1^(1_2)
地检89-834	2459.250	52.442	39.141	7.028	92.972	22.880	21.285	227.162	1.171	2.715	12.662	11.565	44.411	0.284	2.530	28.775	油层	长4+5!1^(1_2)
地检89-834	2459.375	52.490	38.310	6.897	93.103	23.160	21.580	226.231	1.113	2.641	12.560	11.468	45.350	0.290	2.542	27.994	油层	长4+5!1^(1_2)
地检89-834	2459.500	54.540	37.501	7.536	92.464	23.319	22.052	226.056	0.994	2.591	12.328	11.438	45.667	0.292	2.535	27.726	油层	长4+5!1^(1_2)
地检89-834	2459.625	56.506	36.719	8.208	91.792	23.347	22.624	227.061	0.946	2.710	12.228	11.523	45.040	0.289	2.517	28.152	油层	长4+5!1^(1_2)
地检89-834	2459.750	59.153	35.942	9.308	90.692	23.332	23.106	229.318	0.928	2.952	12.188	11.730	43.634	0.281	2.496	29.108	油层	长4+5!1^(1_2)
地检89-834	2459.875	60.429	35.151	10.081	89.919	23.363	23.321	232.650	1.031	3.356	12.403	12.048	42.041	0.275	2.473	29.969	油层	长4+5!1^(1_2)
地检89-834	2460.000	59.708	34.345	10.193	89.807	23.410	23.324	236.325	1.291	3.832	12.861	12.413	41.233	0.277	2.452	29.625	油层	长4+5!1^(1_2)
地检89-834	2460.125	57.322	33.549	9.548	90.452	23.390	23.418	239.096	1.680	4.232	13.397	12.698	41.540	0.288	2.442	28.092	油层	长4+5!1^(1_2)
地检89-834	2460.250	55.859	32.799	9.069	90.931	23.328	23.610	240.345	1.930	4.445	13.680	12.833	42.064	0.297	2.451	26.910	油层	长4+5!1^(1_2)
地检89-834	2460.375	56.284	32.127	9.214	90.786	23.326	23.521	240.305	1.885	4.562	13.631	12.835	41.897	0.296	2.469	27.118	油层	长4+5!1^(1_2)
地检89-834	2460.500	57.060	31.557	9.344	90.656	23.420	22.806	239.809	1.766	4.759	13.499	12.783	41.111	0.286	2.480	28.360	油层	长4+5!1^(1_2)
地检89-834	2460.625	60.142	31.125	10.435	89.564	23.559	21.813	239.748	1.504	4.712	13.172	12.771	40.536	0.280	2.482	29.217	油层	长4+5!1^(1_2)
地检89-834	2460.750	62.359	30.833	11.490	88.510	23.726	20.998	240.272	1.379	4.621	12.996	12.818	40.389	0.280	2.470	29.248	油层	长4+5!1^(1_2)
地检89-834	2460.875	59.464	30.699	10.692	89.308	23.962	20.525	241.093	1.668	5.079	13.383	12.898	39.524	0.273	2.449	30.224	油层	长4+5!1^(1_2)
地检89-834	2461.000	52.195	30.747	8.157	91.843	24.248	20.196	241.893	2.520	6.320	14.222	12.977	37.727	0.256	2.430	32.831	油层	长4+5!1^(1_2)
地检89-834	2461.125	47.336	31.027	6.467	93.533	24.457	19.965	242.598	3.348	7.134	14.801	13.044	37.237	0.252	2.418	33.410	油层	长4+5!1^(1_2)
地检89-834	2461.250	47.391	31.534	6.527	93.473	24.430	20.148	243.468	3.491	6.510	14.886	13.123	39.099	0.273	2.411	29.994	油层	长4+5!1^(1_2)
地检89-834	2461.375	47.957	32.284	6.730	93.270	24.133	21.028	244.808	3.632	5.962	14.967	13.246	40.594	0.293	2.410	27.389	油层	长4+5!1^(1_2)
地检89-834	2461.500	50.220	33.287	7.538	92.462	23.596	22.231	246.778	3.579	5.983	14.937	13.432	39.767	0.289	2.416	27.878	油层	长4+5!1^(1_2)
地检89-834	2461.625	53.851	34.576	8.829	91.171	22.799	22.781	249.207	3.366	6.217	14.812	13.670	37.730	0.273	2.421	30.066	油层	长4+5!1^(1_2)
地检89-834	2461.750	59.631	36.105	11.063	88.937	21.766	22.292	251.325	2.792	5.776	14.431	13.887	36.668	0.267	2.424	30.998	油层	长4+5!1^(1_2)
地检89-834	2461.875	65.140	37.870	13.212	86.788	20.671	21.033	252.245	2.209	4.803	13.954	13.996	37.581	0.280	2.430	29.122	油层	长4+5!1^(1_2)
地检89-834	2462.000	72.073	39.868	15.875	84.125	19.691	19.561	251.166	1.466	3.485	13.120	13.918	40.271	0.309	2.450	25.601	油层	长4+5!1^(1_2)
地检89-834	2462.125	81.643	42.103	40.149	59.851	18.846	18.257	247.611	0.750	0.010	11.754	0.100	99.900	0.346	2.478	22.131	油层	长4+5!1^(1_2)
地检89-834	2462.250	90.812	44.487	53.377	46.623	18.057	17.190	242.632	0.000	0.010	0.000	0.100	99.900	0.000	2.518	19.544	油层	长4+5!1^(1_2)
地检89-834	2462.375	96.548	46.933	62.839	37.161	17.267	16.364	237.452	0.000	0.010	0.000	0.100	99.900	0.000	2.568	17.939		长4+5!1^(1_2)
地检89-834	2462.500	100.217	49.323	69.269	30.731	16.484	15.763	233.288	0.000	0.010	0.000	0.100	99.900	0.000	2.618	16.900		长4+5!1^(1_2)
地检89-834	2462.625	103.415	51.503	74.990	25.010	15.754	15.299	230.966	0.000	0.010	0.000	0.100	99.900	0.000	2.650	16.048		长4+5!1^(1_2)
地检89-834	2462.750	106.587	53.405	82.262	17.738	15.137	14.910	230.028	0.000	0.010	0.000	0.100	99.900	0.000	2.664	15.257		长4+5!1^(1_2)
地检89-834	2462.875	104.062	55.008	79.049	20.951	14.657	14.554	229.975	0.000	0.010	0.000	0.100	99.900	0.000	2.668	14.657		长4+5!1^(1_2)
地检89-834	2463.000	94.742	56.338	61.181	38.819	14.301	14.226	230.467	0.000	0.010	0.000	0.100	99.900	0.000	2.667	14.301		长4+5!1^(1_2)
地检89-834	2463.125	91.799	57.453	55.255	44.745	14.053	13.950	231.397	0.000	0.010	0.000	0.100	99.900	0.000	2.667	14.210		长4+5!1^(1_2)
地检89-834	2463.250	96.142	58.470	61.060	38.940	13.903	13.756	232.552	0.000	0.010	0.000	0.100	99.900	0.000	2.667	14.337		长4+5!1^(1_3)
地检89-834	2463.375	105.967	59.443	78.896	21.104	13.825	13.646	233.636	0.000	0.010	0.000	0.100	99.900	0.000	2.669	14.578		长4+5!1^(1_3)
地检89-834	2463.500	113.362	60.378	96.647	3.353	13.794	13.605	234.173	0.000	0.010	0.000	0.100	99.900	0.000	2.672	14.771		长4+5!1^(1_3)
地检89-834	2463.625	111.167	61.226	93.167	6.833	13.807	13.591	233.543	0.000	0.010	0.000	0.100	99.900	0.000	2.672	14.835		长4+5!1^(1_3)
地检89-834	2463.750	103.652	61.936	77.905	22.095	13.876	13.583	231.811	0.000	0.010	0.000	0.100	99.900	0.000	2.665	14.843		长4+5!1^(1_3)
地检89-834	2463.875	95.674	62.473	62.992	37.008	13.990	13.579	229.487	0.000	0.010	0.000	0.100	99.900	0.000	2.653	14.814		长4+5!1^(1_3)
地检89-834	2464.000	90.690	62.848	54.617	45.383	14.122	13.592	227.481	0.000	0.010	0.000	0.100	99.900	0.000	2.636	14.755		长4+5!1^(1_3)
地检89-834	2464.125	88.413	63.124	50.486	49.514	14.254	13.639	226.751	0.000	0.010	0.000	0.100	99.900	0.000	2.623	14.726		长4+5!1^(1_3)
地检89-834	2464.250	91.044	63.416	53.234	46.766	14.383	13.727	227.170	0.000	0.010	0.000	0.100	99.900	0.000	2.620	14.783		长4+5!1^(1_3)
地检89-834	2464.375	99.866	63.796	67.893	32.107	14.502	13.863	228.026	0.000	0.010	0.000	0.100	99.900	0.000	2.626	14.911		长4+5!1^(1_3)
地检89-834	2464.500	106.280	64.279	81.166	18.834	14.601	14.053	228.402	0.000	0.010	0.000	0.100	99.900	0.000	2.637	15.118		长4+5!1^(1_3)
地检89-834	2464.625	106.430	64.811	82.435	17.565	14.674	14.260	227.698	0.000	0.010	0.000	0.100	99.900	0.000	2.647	15.555		长4+5!1^(1_3)
地检89-834	2464.750	102.023	65.285	74.893	25.107	14.731	14.419	226.450	0.000	0.010	0.000	0.100	99.900	0.000	2.649	16.276		长4+5!1^(1_3)
地检89-834	2464.875	93.087	65.648	59.700	40.300	14.787	14.461	225.569	0.000	0.010	0.000	0.100	99.900	0.000	2.640	16.990		长4+5!1^(1_3)
地检89-834	2465.000	84.194	65.959	44.014	55.986	14.848	14.362	226.394	0.000	0.010	0.000	0.100	99.900	0.000	2.631	16.552		长4+5!1^(1_3)
地检89-834	2465.125	90.337	66.064	52.130	47.870	14.903	14.226	227.810	0.000	0.010	0.000	0.100	99.900	0.000	2.625	15.709		长4+5!1^(1_3)
地检89-834	2465.250	99.320	66.213	67.145	32.855	14.931	14.141	229.134	0.000	0.010	0.000	0.100	99.900	0.000	2.629	15.102		长4+5!1^(1_3)
地检89-834	2465.375	104.004	66.427	78.188	21.812	14.911	14.131	230.099	0.000	0.010	0.000	0.100	99.900	0.000	2.640	14.844		长4+5!1^(1_3)
地检89-834	2465.500	97.774	66.707	66.485	33.515	14.838	14.147	230.744	0.000	0.010	0.000	0.100	99.900	0.000	2.656	14.834		长4+5!1^(1_3)
地检89-834	2465.625	93.523	67.018	58.469	41.531	14.726	14.128	231.405	0.000	0.010	0.000	0.100	99.900	0.000	2.668	14.936		长4+5!1^(1_3)
地检89-834	2465.750	94.381	67.340	59.369	40.631	14.606	14.066	232.272	0.000	0.010	0.000	0.100	99.900	0.000	2.671	15.135		长4+5!1^(1_3)
地检89-834	2465.875	98.215	67.648	64.836	35.164	14.505	13.977	233.285	0.000	0.010	0.000	0.100	99.900	0.000	2.667	15.384		长4+5!1^(1_3)
地检89-834	2466.000	106.167	67.908	79.855	20.145	14.432	13.887	234.127	0.000	0.010	0.000	0.100	99.900	0.000	2.659	15.555		长4+5!1^(1_3)
地检89-834	2466.125	111.330	68.100	91.757	8.243	14.389	13.819	234.515	0.000	0.010	0.000	0.100	99.900	0.000	2.654	15.522		长4+5!1^(1_3)
地检89-834	2466.250	110.784	68.213	92.015	7.985	14.375	13.794	234.315	0.000	0.010	0.000	0.100	99.900	0.000	2.656	15.283		长4+5!1^(1_3)
地检89-834	2466.375	104.532	68.266	79.499	20.501	14.376	13.826	233.487	0.000	0.010	0.000	0.100	99.900	0.000	2.661	15.011		长4+5!1^(1_3)
地检89-834	2466.500	97.161	68.302	65.300	34.700	14.377	13.908	232.046	0.000	0.010	0.000	0.100	99.900	0.000	2.663	14.900		长4+5!1^(1_3)
地检89-834	2466.625	93.369	68.358	58.491	41.509	14.382	13.995	230.382	0.000	0.010	0.000	0.100	99.900	0.000	2.658	14.962		长4+5!1^(1_3)
地检89-834	2466.750	92.552	68.441	56.920	43.080	14.417	14.052	229.056	0.000	0.010	0.000	0.100	99.900	0.000	2.650	15.149		长4+5!1^(1_3)
地检89-834	2466.875	93.540	68.548	57.956	42.044	14.507	14.068	228.720	0.000	0.010	0.000	0.100	99.900	0.000	2.640	15.399		长4+5!1^(1_3)
地检89-834	2467.000	97.371	68.677	64.056	35.944	14.659	14.064	229.719	0.000	0.010	0.000	0.100	99.900	0.000	2.638	15.655		长4+5!1^(1_3)
地检89-834	2467.125	101.990	68.829	72.211	27.789	14.872	14.092	231.130	0.000	0.010	0.000	0.100	99.900	0.000	2.641	15.834		长4+5!1^(1_3)
地检89-834	2467.250	105.674	69.002	80.657	19.343	15.128	14.213	231.769	0.000	0.010	0.000	0.100	99.900	0.000	2.644	15.890		长4+5!1^(1_3)
地检89-834	2467.375	102.579	69.167	75.601	24.399	15.385	14.495	230.758	0.000	0.010	0.000	0.100	99.900	0.000	2.645	15.997		长4+5!1^(1_3)
地检89-834	2467.500	95.372	69.263	63.062	36.938	15.596	14.985	228.096	0.000	0.010	0.000	0.100	99.900	0.000	2.644	16.459		长4+5!1^(1_3)
地检89-834	2467.625	87.188	69.264	49.922	50.078	15.743	15.531	225.191	0.000	0.010	0.000	0.100	99.900	0.000	2.641	17.458		长4+5!1^(1_3)
地检89-834	2467.750	81.994	69.183	41.808	58.192	15.843	15.931	223.123	0.000	0.010	0.000	0.100	99.900	0.000	2.641	18.773		长4+5!1^(1_3)
地检89-834	2467.875	83.080	69.065	42.880	57.120	15.935	16.044	222.315	0.000	0.010	0.000	0.100	99.900	0.000	2.647	19.627		长4+5!1^(1_3)
地检89-834	2468.000	86.600	68.968	47.401	52.599	16.035	15.888	222.520	0.000	0.010	0.000	0.100	99.900	0.000	2.649	19.180		长4+5!1^(1_3)
地检89-834	2468.125	91.657	68.924	54.906	45.094	16.129	15.699	223.011	0.000	0.010	0.000	0.100	99.900	0.000	2.650	18.007		长4+5!1^(1_3)
地检89-834	2468.250	95.820	68.929	61.998	38.002	16.177	15.614	223.542	0.000	0.010	0.000	0.100	99.900	0.000	2.645	16.914		长4+5!1^(1_3)
地检89-834	2468.375	97.119	68.963	64.813	35.187	16.149	15.651	224.176	0.000	0.010	0.000	0.100	99.900	0.000	2.639	16.310		长4+5!1^(1_3)
地检89-834	2468.500	95.809	69.001	61.703	38.297	16.044	15.717	225.054	0.000	0.010	0.000	0.100	99.900	0.000	2.637	16.204		长4+5!1^(1_3)
地检89-834	2468.625	98.791	69.037	67.196	32.804	15.888	15.697	225.991	0.000	0.010	0.000	0.100	99.900	0.000	2.642	16.409		长4+5!1^(1_3)
地检89-834	2468.750	99.769	69.073	68.626	31.374	15.729	15.564	226.662	0.000	0.010	0.000	0.100	99.900	0.000	2.649	16.742		长4+5!1^(1_3)
地检89-834	2468.875	101.819	69.104	72.839	27.161	15.604	15.358	226.846	0.000	0.010	0.000	0.100	99.900	0.000	2.655	16.913		长4+5!1^(1_3)
地检89-834	2469.000	100.936	69.103	72.220	27.780	15.524	15.163	226.532	0.000	0.010	0.000	0.100	99.900	0.000	2.656	16.720		长4+5!1^(1_3)
地检89-834	2469.125	95.387	69.043	62.775	37.225	15.485	15.034	225.937	0.000	0.010	0.000	0.100	99.900	0.000	2.651	16.349		长4+5!1^(1_3)
地检89-834	2469.250	88.929	68.919	52.217	47.783	15.477	14.985	225.175	0.000	0.010	0.000	0.100	99.900	0.000	2.643	16.121		长4+5!1^(1_3)
地检89-834	2469.375	85.552	68.757	46.059	53.941	15.483	14.999	224.443	0.000	0.010	0.000	0.100	99.900	0.000	2.637	16.025		长4+5!1^(1_3)
地检89-834	2469.500	89.729	68.603	52.321	47.679	15.485	15.039	224.129	0.000	0.010	0.000	0.100	99.900	0.000	2.635	15.917		长4+5!1^(1_3)
地检89-834	2469.625	92.146	68.497	56.088	43.912	15.474	15.052	224.433	0.000	0.010	0.000	0.100	99.900	0.000	2.636	15.957		长4+5!1^(1_3)
地检89-834	2469.750	94.009	68.448	59.013	40.987	15.450	15.017	225.291	0.000	0.010	0.000	0.100	99.900	0.000	2.641	16.230		长4+5!1^(1_3)
地检89-834	2469.875	95.770	68.442	62.123	37.877	15.414	14.934	226.410	0.000	0.010	0.000	0.100	99.900	0.000	2.645	16.482		长4+5!1^(1_3)
地检89-834	2470.000	96.244	68.455	62.978	37.022	15.365	14.829	227.429	0.000	0.010	0.000	0.100	99.900	0.000	2.650	16.523		长4+5!1^(1_3)
地检89-834	2470.125	96.513	68.459	63.195	36.805	15.303	14.750	228.211	0.000	0.010	0.000	0.100	99.900	0.000	2.652	16.485		长4+5!1^(1_3)
地检89-834	2470.250	97.633	68.438	65.609	34.391	15.228	14.716	228.881	0.000	0.010	0.000	0.100	99.900	0.000	2.651	16.497		长4+5!1^(1_3)
地检89-834	2470.375	96.715	68.382	63.219	36.781	15.148	14.711	229.683	0.000	0.010	0.000	0.100	99.900	0.000	2.648	16.428		长4+5!1^(1_3)
地检89-834	2470.500	99.730	68.291	68.681	31.319	15.076	14.685	230.771	0.000	0.010	0.000	0.100	99.900	0.000	2.643	16.164		长4+5!1^(1_3)
地检89-834	2470.625	101.275	68.175	71.698	28.302	15.028	14.604	231.859	0.000	0.010	0.000	0.100	99.900	0.000	2.639	15.849		长4+5!1^(1_3)
地检89-834	2470.750	101.330	68.038	72.444	27.556	15.014	14.483	232.470	0.000	0.010	0.000	0.100	99.900	0.000	2.644	15.754		长4+5!1^(1_3)
地检89-834	2470.875	98.505	67.869	67.293	32.707	15.025	14.367	232.171	0.000	0.010	0.000	0.100	99.900	0.000	2.655	15.954		长4+5!1^(1_3)
地检89-834	2471.000	96.079	67.641	63.260	36.740	15.055	14.305	230.752	0.000	0.010	0.000	0.100	99.900	0.000	2.657	16.206		长4+5!1^(1_3)
地检89-834	2471.125	93.423	67.352	58.402	41.598	15.109	14.298	228.685	0.000	0.010	0.000	0.100	99.900	0.000	2.654	16.187		长4+5!1^(1_3)
地检89-834	2471.250	93.493	67.009	58.439	41.561	15.195	14.356	226.463	0.000	0.010	0.000	0.100	99.900	0.000	2.647	15.962		长4+5!1^(1_3)
地检89-834	2471.375	93.736	66.637	59.178	40.822	15.305	14.507	224.643	0.000	0.010	0.000	0.100	99.900	0.000	2.638	15.905		长4+5!1^(1_3)
地检89-834	2471.500	92.219	66.268	56.666	43.334	15.421	14.788	223.716	0.000	0.010	0.000	0.100	99.900	0.000	2.630	16.251		长4+5!1^(1_3)
地检89-834	2471.625	91.540	65.932	55.243	44.757	15.537	15.122	223.466	0.000	0.010	0.000	0.100	99.900	0.000	2.630	16.865		长4+5!1^(1_3)
地检89-834	2471.750	92.505	65.644	57.297	42.703	15.646	15.411	223.488	0.000	0.010	0.000	0.100	99.900	0.000	2.634	17.409		长4+5!1^(1_3)
地检89-834	2471.875	90.257	65.407	54.199	45.801	15.739	15.597	223.529	0.000	0.010	0.000	0.100	99.900	0.000	2.635	17.673		长4+5!1^(2_1)
地检89-834	2472.000	86.342	65.217	47.972	52.028	15.814	15.699	223.725	0.000	0.010	0.000	0.100	99.900	0.000	2.630	17.700		长4+5!1^(2_1)
地检89-834	2472.125	85.895	65.052	46.501	53.499	15.864	15.789	224.280	0.000	0.010	0.000	0.100	99.900	0.000	2.623	17.667		长4+5!1^(2_1)
地检89-834	2472.250	90.760	64.903	53.111	46.889	15.876	15.874	225.102	0.000	0.010	0.000	0.100	99.900	0.000	2.618	17.599		长4+5!1^(2_1)
地检89-834	2472.375	97.661	64.765	64.508	35.492	15.842	15.912	225.791	0.000	0.010	0.000	0.100	99.900	0.000	2.616	17.350		长4+5!1^(2_1)
地检89-834	2472.500	101.860	64.629	73.105	26.895	15.769	15.843	225.788	0.000	0.010	0.000	0.100	99.900	0.000	2.618	16.805		长4+5!1^(2_1)
地检89-834	2472.625	100.203	64.467	70.733	29.267	15.673	15.689	225.059	0.000	0.010	0.000	0.100	99.900	0.000	2.628	16.198		长4+5!1^(2_1)
地检89-834	2472.750	95.603	64.249	62.740	37.260	15.564	15.499	223.942	0.000	0.010	0.000	0.100	99.900	0.000	2.641	15.798		长4+5!1^(2_1)
地检89-834	2472.875	91.394	63.952	55.519	44.481	15.449	15.320	222.965	0.000	0.010	0.000	0.100	99.900	0.000	2.655	15.715		长4+5!1^(2_1)
地检89-834	2473.000	89.873	63.564	52.919	47.081	15.339	15.185	222.488	0.000	0.010	0.000	0.100	99.900	0.000	2.667	15.882		长4+5!1^(2_1)
地检89-834	2473.125	90.028	63.123	53.052	46.948	15.257	15.090	222.214	0.000	0.010	0.000	0.100	99.900	0.000	2.673	16.073		长4+5!1^(2_1)
地检89-834	2473.250	90.566	62.654	54.115	45.885	15.230	15.014	221.692	0.000	0.010	0.000	0.100	99.900	0.000	2.671	16.064		长4+5!1^(2_1)
地检89-834	2473.375	89.296	62.179	52.817	47.183	15.257	14.928	220.675	0.000	0.010	0.000	0.100	99.900	0.000	2.660	15.935		长4+5!1^(2_1)
地检89-834	2473.500	85.097	61.717	46.144	53.856	15.304	14.815	219.365	0.000	0.010	0.000	0.100	99.900	0.000	2.642	15.944		长4+5!1^(2_1)
地检89-834	2473.625	85.164	61.289	45.549	54.451	15.329	14.719	218.403	0.000	0.010	0.000	0.100	99.900	0.000	2.624	16.290		长4+5!1^(2_1)
地检89-834	2473.750	89.327	60.918	51.556	48.444	15.302	14.677	218.372	0.000	0.010	0.000	0.100	99.900	0.000	2.610	16.964		长4+5!1^(2_1)
地检89-834	2473.875	92.177	60.636	56.963	43.037	15.244	14.679	219.720	0.000	0.010	0.000	0.100	99.900	0.000	2.603	17.661		长4+5!1^(2_1)
地检89-834	2474.000	89.343	60.477	52.266	47.734	15.216	14.659	222.704	0.000	0.010	0.000	0.100	99.900	0.000	2.604	17.763		长4+5!1^(2_1)
地检89-834	2474.125	88.904	60.423	51.135	48.865	15.269	14.566	226.563	0.000	0.010	0.000	0.100	99.900	0.000	2.612	17.091		长4+5!1^(2_1)
地检89-834	2474.250	91.559	60.440	54.561	45.439	15.425	14.430	230.298	0.000	0.010	0.000	0.100	99.900	0.000	2.620	16.069		长4+5!1^(2_1)
地检89-834	2474.375	96.429	60.470	63.606	36.394	15.636	14.357	232.711	0.000	0.010	0.000	0.100	99.900	0.000	2.626	15.376		长4+5!1^(2_1)
地检89-834	2474.500	94.639	60.428	60.897	39.103	15.825	14.494	232.653	0.000	0.010	0.000	0.100	99.900	0.000	2.628	15.399		长4+5!1^(2_1)
地检89-834	2474.625	90.990	60.263	56.018	43.982	15.935	14.819	230.487	0.000	0.010	0.000	0.100	99.900	0.000	2.624	16.099		长4+5!1^(2_1)
地检89-834	2474.750	82.934	59.966	43.812	56.188	15.944	15.225	227.089	0.000	0.010	0.000	0.100	99.900	0.000	2.615	17.256		长4+5!1^(2_1)
地检89-834	2474.875	78.762	59.570	37.944	62.056	15.894	15.582	223.713	0.000	0.010	0.000	0.100	99.900	0.000	2.605	18.384		长4+5!1^(2_1)
地检89-834	2475.000	78.162	59.149	36.838	63.162	15.861	15.798	221.610	0.000	0.010	0.000	0.100	99.900	0.000	2.600	19.009		长4+5!1^(2_1)
地检89-834	2475.125	80.326	58.782	39.198	60.802	15.897	15.892	220.998	0.000	0.010	0.000	0.100	99.900	0.000	2.602	18.848		长4+5!1^(2_1)
地检89-834	2475.250	84.973	58.505	44.784	55.216	16.023	15.896	221.606	0.000	0.010	0.000	0.100	99.900	0.000	2.609	18.025		长4+5!1^(2_1)
地检89-834	2475.375	92.332	58.313	55.916	44.084	16.211	15.846	222.891	0.000	0.010	0.000	0.100	99.900	0.000	2.622	17.087		长4+5!1^(2_1)
地检89-834	2475.500	96.337	58.171	63.367	36.633	16.415	15.786	224.225	0.000	0.010	0.000	0.100	99.900	0.000	2.637	16.517		长4+5!1^(2_1)
地检89-834	2475.625	94.887	58.023	61.437	38.563	16.599	15.757	225.063	0.000	0.010	0.000	0.100	99.900	0.000	2.644	16.377		长4+5!1^(2_1)
地检89-834	2475.750	91.047	57.834	55.339	44.661	16.745	15.778	225.076	0.000	0.010	0.000	0.100	99.900	0.000	2.641	16.667		长4+5!1^(2_1)
地检89-834	2475.875	87.228	57.587	49.606	50.394	16.864	15.867	224.100	0.000	0.010	0.000	0.100	99.900	0.000	2.634	17.349		长4+5!1^(2_1)
地检89-834	2476.000	84.046	57.271	44.731	55.269	16.984	16.058	222.159	0.000	0.010	0.000	0.100	99.900	0.000	2.625	18.347		长4+5!1^(2_1)
地检89-834	2476.125	83.372	56.895	43.955	56.045	17.119	16.339	219.900	0.000	0.010	0.000	0.100	99.900	0.000	2.618	19.387		长4+5!1^(2_1)
地检89-834	2476.250	81.592	56.459	41.986	58.014	17.273	16.685	218.058	0.000	0.010	0.000	0.100	99.900	0.000	2.612	20.105		长4+5!1^(2_1)
地检89-834	2476.375	77.187	55.965	36.703	63.297	17.444	17.052	217.359	0.000	0.010	0.000	0.100	99.900	0.000	2.607	20.442		长4+5!1^(2_1)
地检89-834	2476.500	71.635	55.427	29.641	70.359	17.635	17.368	218.313	0.000	0.010	0.000	0.100	99.900	0.000	2.599	20.472		长4+5!1^(2_1)
地检89-834	2476.625	71.571	54.893	28.859	71.141	17.848	17.579	220.444	0.000	0.010	0.000	0.100	99.900	0.000	2.591	20.259		长4+5!1^(2_1)
地检89-834	2476.750	77.182	54.408	34.955	65.045	18.073	17.662	223.202	0.000	0.010	0.000	0.100	99.900	0.000	2.584	19.786		长4+5!1^(2_1)
地检89-834	2476.875	84.885	54.001	44.303	55.697	18.294	17.662	225.962	0.000	0.010	0.000	0.100	99.900	0.000	2.582	19.228		长4+5!1^(2_1)
地检89-834	2477.000	94.550	53.667	59.297	40.703	18.485	17.701	228.101	0.000	0.010	0.000	0.100	99.900	0.000	2.586	19.009		长4+5!1^(2_1)
地检89-834	2477.125	99.403	53.341	68.214	31.786	18.618	17.860	229.428	0.119	0.010	8.012	0.100	99.900	0.387	2.590	19.284		长4+5!1^(2_1)
地检89-834	2477.250	99.475	52.960	70.171	29.829	18.663	18.105	230.050	0.123	0.010	8.070	0.100	99.900	0.378	2.588	19.877	差油层	长4+5!1^(2_1)
地检89-834	2477.375	90.673	52.477	28.903	71.097	18.651	18.321	230.365	0.196	0.685	9.018	11.860	51.607	0.370	2.575	20.423	差油层	长4+5!1^(2_1)
地检89-834	2477.500	79.091	51.872	21.586	78.414	18.648	18.368	230.935	0.364	0.849	10.283	11.910	51.066	0.365	2.552	20.711	差油层	长4+5!1^(2_1)
地检89-834	2477.625	67.754	51.207	15.105	84.895	18.683	18.267	231.998	0.686	1.068	11.573	12.009	50.686	0.363	2.525	20.730	差油层	长4+5!1^(2_1)
地检89-834	2477.750	64.267	50.557	13.472	86.528	18.726	18.131	233.390	0.880	1.187	12.080	12.145	50.435	0.365	2.499	20.545	差油层	长4+5!1^(2_1)
地检89-834	2477.875	62.715	50.005	12.742	87.258	18.746	18.072	234.691	1.018	1.275	12.377	12.277	50.258	0.368	2.483	20.314	差油层	长4+5!1^(2_1)
地检89-834	2478.000	64.219	49.649	13.220	86.780	18.726	18.052	235.381	0.977	1.277	12.293	12.352	50.402	0.373	2.482	19.992	差油层	长4+5!1^(2_1)
地检89-834	2478.125	70.798	49.502	16.381	83.619	18.655	17.928	235.293	0.695	1.127	11.599	12.351	51.082	0.381	2.492	19.465	差油层	长4+5!1^(2_1)
地检89-834	2478.250	77.766	49.563	20.069	79.931	18.533	17.686	234.475	0.467	0.963	10.789	12.277	52.009	0.389	2.508	18.969	差油层	长4+5!1^(2_1)
地检89-834	2478.375	83.544	49.799	23.793	76.207	18.410	17.448	233.212	0.326	0.839	10.057	12.155	52.544	0.391	2.524	18.900	差油层	长4+5!1^(2_1)
地检89-834	2478.500	83.356	50.161	23.405	76.595	18.341	17.309	231.923	0.308	0.823	9.942	12.028	52.513	0.385	2.536	19.263	差油层	长4+5!1^(2_1)
地检89-834	2478.625	84.357	50.563	24.154	75.846	18.310	17.204	230.912	0.278	0.788	9.732	11.926	52.513	0.381	2.546	19.542	差油层	长4+5!1^(2_1)
地检89-834	2478.750	81.864	50.954	22.634	77.366	18.257	17.124	230.256	0.305	0.793	9.923	11.858	52.630	0.380	2.546	19.642	差油层	长4+5!1^(2_1)
地检89-834	2478.875	78.218	51.302	20.389	79.611	18.156	17.132	229.956	0.362	0.832	10.271	11.826	52.397	0.376	2.540	19.910	差油层	长4+5!1^(2_1)
地检89-834	2479.000	76.143	51.603	18.908	81.092	18.022	17.254	229.998	0.403	0.882	10.491	11.828	51.725	0.368	2.531	20.424	差油层	长4+5!1^(2_1)
地检89-834	2479.125	79.099	51.899	37.638	62.362	17.854	17.358	230.182	0.350	0.010	10.203	0.100	99.900	0.365	2.526	20.678	差油层	长4+5!1^(2_1)
地检89-834	2479.250	83.838	52.241	43.451	56.549	17.630	17.339	230.303	0.276	0.010	9.723	0.100	99.900	0.374	2.523	20.061	差油层	长4+5!1^(2_1)
地检89-834	2479.375	89.888	52.677	52.405	47.595	17.358	17.174	230.230	0.000	0.010	0.000	0.100	99.900	0.000	2.528	18.931	差油层	长4+5!1^(2_1)
地检89-834	2479.500	93.459	53.238	57.662	42.338	17.078	16.885	230.037	0.000	0.010	0.000	0.100	99.900	0.000	2.544	17.857		长4+5!1^(2_1)
地检89-834	2479.625	97.845	53.871	65.396	34.604	16.820	16.534	229.972	0.000	0.010	0.000	0.100	99.900	0.000	2.564	17.178		长4+5!1^(2_1)
地检89-834	2479.750	99.541	54.513	68.379	31.621	16.633	16.158	230.153	0.000	0.010	0.000	0.100	99.900	0.000	2.582	16.909		长4+5!1^(2_1)
地检89-834	2479.875	101.200	55.085	71.089	28.911	16.598	15.808	230.428	0.000	0.010	0.000	0.100	99.900	0.000	2.593	16.770		长4+5!1^(2_1)
地检89-834	2480.000	104.043	55.499	76.343	23.657	16.797	15.577	230.135	0.000	0.010	0.000	0.100	99.900	0.000	2.601	16.490		长4+5!1^(2_1)
地检89-834	2480.125	106.188	55.721	82.056	17.944	17.260	15.540	228.426	0.000	0.010	0.000	0.100	99.900	0.000	2.608	16.346		长4+5!1^(2_1)
地检89-834	2480.250	101.394	55.713	73.609	26.391	17.942	15.808	224.732	0.000	0.010	0.000	0.100	99.900	0.000	2.615	17.050		长4+5!1^(2_1)
地检89-834	2480.375	92.694	55.447	29.078	70.922	18.741	16.488	219.375	0.000	0.605	0.000	10.858	51.790	0.000	2.623	19.258		长4+5!1^(2_2)
地检89-834	2480.500	79.581	54.889	20.147	79.853	19.614	17.639	213.975	0.000	0.779	0.000	10.314	48.967	0.000	2.633	23.497		长4+5!1^(2_2)
地检89-834	2480.625	66.864	54.117	13.024	86.976	20.614	18.992	210.697	0.000	0.010	0.000	9.961	45.283	0.000	2.641	29.139		长4+5!1^(2_2)
地检89-834	2480.750	59.596	53.199	9.543	90.457	21.769	20.257	210.759	0.351	0.010	10.208	9.931	42.361	0.255	2.644	33.465		长4+5!1^(2_2)
地检89-834	2480.875	58.926	52.215	9.362	90.638	22.895	21.227	214.128	0.431	1.613	10.629	10.234	40.846	0.250	2.634	34.215	干层	长4+5!1^(2_2)
地检89-834	2481.000	61.042	51.229	10.765	89.235	23.677	21.890	219.553	0.511	1.824	10.974	10.761	40.256	0.261	2.608	32.363	干层	长4+5!1^(2_2)
地检89-834	2481.125	60.939	50.269	11.167	88.833	23.948	22.468	224.804	0.672	2.124	11.532	11.282	39.738	0.271	2.579	30.664	干层	长4+5!1^(2_2)
地检89-834	2481.250	60.445	49.334	11.344	88.656	23.751	22.975	228.963	0.853	2.472	12.017	11.694	38.785	0.273	2.550	30.298	干层	长4+5!1^(2_2)
地检89-834	2481.375	59.472	48.428	11.023	88.977	23.198	23.180	232.438	1.071	2.875	12.480	12.025	37.948	0.274	2.521	30.192	干层	长4+5!1^(2_2)
地检89-834	2481.500	62.156	47.589	12.437	87.563	22.358	22.649	236.533	1.151	2.968	12.627	12.411	38.277	0.288	2.495	28.136	干层	长4+5!1^(2_2)
地检89-834	2481.625	66.711	46.859	14.937	85.063	21.385	21.317	241.679	1.187	2.834	12.690	12.906	39.608	0.319	2.461	24.598	干层	长4+5!1^(2_2)
地检89-834	2481.750	72.621	46.266	18.535	81.465	20.607	19.328	247.088	1.157	2.523	12.639	13.440	41.456	0.359	2.413	20.968	干层	长4+5!1^(2_2)
地检89-834	2481.875	77.844	45.809	22.105	77.895	20.089	17.269	251.421	1.106	2.197	12.547	13.885	43.426	0.401	2.373	18.086	油层	长4+5!1^(2_2)
地检89-834	2482.000	81.146	45.444	24.559	75.441	19.574	16.458	253.419	1.035	1.992	12.411	14.101	44.684	0.427	2.369	16.643	油层	长4+5!1^(2_2)
地检89-834	2482.125	81.506	45.079	25.218	74.782	18.923	17.461	253.367	1.014	2.041	12.368	14.110	44.119	0.420	2.384	17.053	油层	长4+5!1^(2_2)
地检89-834	2482.250	75.859	44.652	21.931	78.069	18.263	19.340	252.044	1.264	2.568	12.818	13.985	41.522	0.378	2.412	19.544	油层	长4+5!1^(2_2)
地检89-834	2482.375	66.013	44.134	16.090	83.910	17.754	20.139	250.470	1.929	3.535	13.678	13.828	39.267	0.342	2.446	22.274	油层	长4+5!1^(2_2)
地检89-834	2482.500	61.027	43.535	13.300	86.700	17.443	18.642	249.301	2.344	4.052	14.075	13.713	38.934	0.334	2.460	22.979	油层	长4+5!1^(2_2)
地检89-834	2482.625	61.015	42.918	13.087	86.913	17.384	16.570	248.276	2.226	3.936	13.970	13.616	39.748	0.342	2.456	22.313	油层	长4+5!1^(2_2)
地检89-834	2482.750	63.089	42.333	13.990	86.010	17.690	15.457	247.010	1.876	3.679	13.622	13.496	40.321	0.346	2.453	22.010	油层	长4+5!1^(2_2)
地检89-834	2482.875	64.158	41.815	14.458	85.542	18.253	15.398	245.501	1.644	3.552	13.354	13.349	40.531	0.344	2.457	22.190	油层	长4+5!1^(2_2)
地检89-834	2483.000	63.944	41.392	14.048	85.952	18.789	15.622	244.075	1.546	3.511	13.227	13.209	40.925	0.344	2.462	22.156	油层	长4+5!1^(2_2)
地检89-834	2483.125	66.791	41.045	15.340	84.660	19.106	15.660	242.808	1.252	3.207	12.799	13.086	41.570	0.349	2.466	21.813	油层	长4+5!1^(2_2)
地检89-834	2483.250	68.884	40.766	16.368	83.632	19.163	15.712	241.494	1.052	2.952	12.445	12.960	42.277	0.354	2.469	21.438	油层	长4+5!1^(2_2)
地检89-834	2483.375	68.619	40.550	16.440	83.560	19.014	15.919	240.093	0.993	2.811	12.326	12.821	42.932	0.357	2.471	21.170	油层	长4+5!1^(2_2)
地检89-834	2483.500	62.853	40.404	13.471	86.529	18.714	16.148	239.042	1.263	2.999	12.816	12.711	43.530	0.360	2.472	20.894	油层	长4+5!1^(2_2)
地检89-834	2483.625	58.502	40.324	11.300	88.700	18.360	16.204	238.766	1.556	3.165	13.240	12.676	44.042	0.365	2.476	20.506	油层	长4+5!1^(2_2)
地检89-834	2483.750	58.184	40.314	10.984	89.016	18.129	16.066	239.245	1.620	3.185	13.323	12.719	44.292	0.369	2.478	20.161	油层	长4+5!1^(2_2)
地检89-834	2483.875	61.825	40.376	12.750	87.250	18.086	15.865	240.030	1.400	3.039	13.026	12.796	44.077	0.370	2.481	20.150	油层	长4+5!1^(2_2)
地检89-834	2484.000	63.559	40.505	13.638	86.362	18.130	15.819	240.653	1.323	3.051	12.911	12.858	43.473	0.364	2.482	20.547	油层	长4+5!1^(2_2)
地检89-834	2484.125	65.092	40.675	14.207	85.793	18.143	15.978	241.241	1.261	3.092	12.813	12.911	42.858	0.359	2.480	20.995	油层	长4+5!1^(2_2)
地检89-834	2484.250	70.866	40.867	16.826	83.174	18.107	16.226	242.253	0.988	2.857	12.317	13.002	42.699	0.360	2.477	20.902	油层	长4+5!1^(2_2)
地检89-834	2484.375	82.091	41.065	23.360	76.640	18.076	16.385	243.921	0.607	2.310	11.323	13.160	43.128	0.372	2.475	20.074	油层	长4+5!1^(2_2)
地检89-834	2484.500	92.636	41.251	30.787	69.213	18.069	16.362	245.803	0.390	1.871	10.423	13.350	43.810	0.389	2.476	18.990	油层	长4+5!1^(2_2)
地检89-834	2484.625	100.551	41.411	38.027	61.973	18.053	16.309	246.947	0.276	1.579	9.718	13.474	44.139	0.399	2.478	18.417	油层	长4+5!1^(2_2)
地检89-834	2484.750	98.016	41.526	36.909	63.091	17.993	16.348	246.826	0.312	1.636	9.969	13.475	43.762	0.393	2.480	18.735	油层	长4+5!1^(2_2)
地检89-834	2484.875	85.152	41.577	27.507	72.493	17.904	16.466	245.579	0.565	2.090	11.178	13.359	42.961	0.377	2.475	19.724	油层	长4+5!1^(2_2)
地检89-834	2485.000	69.115	41.554	17.199	82.801	17.820	16.505	243.899	1.176	2.891	12.671	13.193	42.284	0.361	2.472	20.794	油层	长4+5!1^(2_2)
地检89-834	2485.125	61.821	41.499	13.031	86.969	17.781	16.415	242.485	1.588	3.358	13.283	13.053	42.025	0.353	2.470	21.435	油层	长4+5!1^(2_2)
地检89-834	2485.250	62.739	41.463	13.242	86.758	17.840	16.294	241.379	1.432	3.248	13.072	12.945	42.196	0.351	2.470	21.563	油层	长4+5!1^(2_2)
地检89-834	2485.375	66.033	41.495	14.554	85.446	17.997	16.293	240.337	1.147	2.971	12.621	12.844	42.622	0.354	2.474	21.415	油层	长4+5!1^(2_2)
地检89-834	2485.500	71.681	41.634	17.419	82.581	18.188	16.508	239.333	0.817	2.558	11.928	12.742	43.193	0.358	2.487	21.134	油层	长4+5!1^(2_2)
地检89-834	2485.625	74.877	41.863	19.284	80.716	18.338	16.824	238.749	0.673	2.321	11.535	12.678	43.593	0.361	2.496	20.925	油层	长4+5!1^(2_2)
地检89-834	2485.750	74.754	42.171	19.257	80.743	18.411	17.107	238.880	0.682	2.294	11.561	12.684	43.658	0.362	2.499	20.847	油层	长4+5!1^(2_2)
地检89-834	2485.875	73.763	42.552	18.980	81.020	18.432	17.257	239.602	0.744	2.310	11.740	12.753	43.632	0.364	2.497	20.681	油层	长4+5!1^(2_2)
地检89-834	2486.000	70.067	43.020	16.970	83.030	18.472	17.253	240.371	0.935	2.440	12.204	12.833	43.765	0.368	2.490	20.341	油层	长4+5!1^(2_2)
地检89-834	2486.125	68.559	43.583	16.087	83.913	18.621	17.198	240.613	1.023	2.467	12.387	12.864	43.846	0.370	2.479	20.181	油层	长4+5!1^(2_2)
地检89-834	2486.250	69.820	44.264	16.459	83.541	18.975	17.161	240.050	0.932	2.370	12.197	12.819	43.793	0.368	2.471	20.351	油层	长4+5!1^(2_2)
地检89-834	2486.375	75.082	45.092	18.923	81.077	19.518	17.200	238.578	0.660	2.077	11.496	12.687	43.868	0.365	2.472	20.640	油层	长4+5!1^(2_2)
地检89-834	2486.500	82.649	46.099	23.373	76.627	20.146	17.439	236.176	0.397	1.687	10.458	12.460	44.065	0.360	2.483	21.089	油层	长4+5!1^(2_2)
地检89-834	2486.625	84.786	47.250	24.965	75.035	20.756	17.952	233.245	0.306	1.507	9.931	12.177	43.800	0.347	2.498	22.190	油层	长4+5!1^(2_2)
地检89-834	2486.750	78.672	48.518	21.114	78.886	21.242	18.725	230.247	0.359	1.620	10.254	11.880	42.470	0.321	2.512	24.603	油层	长4+5!1^(2_2)
地检89-834	2486.875	69.982	49.883	15.898	84.102	21.524	19.612	227.947	0.497	1.885	10.919	11.637	40.625	0.292	2.523	27.845	油层	长4+5!1^(2_2)
地检89-834	2487.000	66.450	51.351	13.631	86.369	21.596	20.371	227.672	0.587	2.046	11.258	11.582	39.068	0.273	2.531	30.349	油层	长4+5!1^(2_2)
地检89-834	2487.125	72.178	52.919	16.340	83.660	21.523	20.837	230.118	0.000	1.858	0.000	11.790	38.542	0.000	2.540	30.262	油层	长4+5!1^(2_2)
地检89-834	2487.250	82.549	54.586	34.936	65.064	21.382	20.932	235.281	0.000	0.010	0.000	0.100	99.900	0.000	2.551	27.430		长4+5!1^(2_2)
地检89-834	2487.375	91.802	56.329	45.541	54.459	21.170	20.668	241.948	0.000	0.010	0.000	0.100	99.900	0.000	2.558	23.894		长4+5!1^(2_2)
地检89-834	2487.500	99.290	58.099	56.213	43.787	20.836	20.147	247.680	0.000	0.010	0.000	0.100	99.900	0.000	2.556	21.443		长4+5!1^(2_3)
地检89-834	2487.625	100.650	59.819	57.960	42.040	20.367	19.568	250.364	0.000	0.010	0.000	0.100	99.900	0.000	2.556	20.158		长4+5!1^(2_3)
地检89-834	2487.750	102.317	61.420	61.165	38.835	19.766	18.989	249.219	0.000	0.010	0.000	0.100	99.900	0.000	2.564	19.523		长4+5!1^(2_3)
地检89-834	2487.875	99.425	62.839	56.765	43.235	19.037	18.395	244.896	0.000	0.010	0.000	0.100	99.900	0.000	2.580	18.893		长4+5!1^(2_3)
地检89-834	2488.000	98.280	64.009	55.110	44.890	18.197	17.785	239.232	0.000	0.010	0.000	0.100	99.900	0.000	2.601	18.099		长4+5!1^(2_3)
地检89-834	2488.125	97.750	64.970	54.214	45.786	17.283	17.204	234.690	0.000	0.010	0.000	0.100	99.900	0.000	2.616	17.367		长4+5!1^(2_3)
地检89-834	2488.250	98.096	65.761	54.974	45.026	16.330	16.654	232.790	0.000	0.010	0.000	0.100	99.900	0.000	2.618	16.897		长4+5!1^(2_3)
地检89-834	2488.375	97.148	66.432	53.040	46.960	15.378	16.093	234.300	0.000	0.010	0.000	0.100	99.900	0.000	2.605	16.472		长4+5!1^(2_3)
地检89-834	2488.500	100.693	67.024	57.296	42.704	14.501	15.446	239.117	0.000	0.010	0.000	0.100	99.900	0.000	2.583	15.749		长4+5!1^(2_3)
地检89-834	2488.625	108.005	67.569	67.703	32.297	13.803	14.670	245.100	0.000	0.010	0.000	0.100	99.900	0.000	2.565	14.506		长4+5!1^(2_3)
地检89-834	2488.750	117.081	68.068	83.484	16.516	13.361	13.773	250.293	0.000	0.010	0.000	0.100	99.900	0.000	2.558	12.838		长4+5!1^(2_3)
地检89-834	2488.875	122.974	68.508	95.195	4.805	13.118	12.884	252.992	0.000	0.010	0.000	0.100	99.900	0.000	2.570	11.285		长4+5!1^(2_3)
地检89-834	2489.000	125.694	68.866	99.900	0.100	12.949	12.289	251.846	0.000	0.010	0.000	0.100	99.900	0.000	2.598	10.507		长4+5!1^(2_3)
地检89-834	2489.125	122.891	69.152	97.278	2.722	12.757	12.106	247.720	0.000	0.010	0.000	0.100	99.900	0.000	2.637	10.601		长4+5!1^(2_3)
地检89-834	2489.250	115.567	69.384	83.622	16.378	12.452	12.255	242.294	0.000	0.010	0.000	0.100	99.900	0.000	2.672	11.509		长4+5!1^(2_3)
地检89-834	2489.375	107.925	69.600	69.106	30.894	12.005	12.519	238.299	0.000	0.010	0.000	0.100	99.900	0.000	2.682	12.861		长4+5!1^(2_3)
地检89-834	2489.500	109.521	69.845	69.651	30.349	11.474	12.604	239.075	0.000	0.010	0.000	0.100	99.900	0.000	2.651	13.934		长4+5!1^(2_3)
地检89-834	2489.625	121.616	70.132	90.555	9.445	10.961	12.350	244.958	0.000	0.010	0.000	0.100	99.900	0.000	2.581	13.836		长4+5!1^(2_3)
地检89-834	2489.750	133.906	70.445	99.900	0.100	10.560	11.728	254.409	0.000	0.010	0.000	0.100	99.900	0.000	2.505	12.285		长4+5!1^(2_3)
地检89-834	2489.875	140.249	70.752	99.900	0.100	10.297	10.879	264.425	0.000	0.010	0.000	0.100	99.900	0.000	2.460	10.472		长4+5!1^(2_3)
地检89-834	2490.000	138.953	71.018	99.900	0.100	10.146	10.078	271.591	0.000	0.010	0.000	0.100	99.900	0.000	2.436	9.143		长4+5!1^(2_3)
地检89-834	2490.125	132.571	71.233	99.900	0.100	10.078	9.515	274.740	0.000	0.010	0.000	0.100	99.900	0.000	2.430	8.415		长4+5!1^(2_3)
地检89-834	2490.250	125.367	71.395	99.900	0.100	10.054	9.227	274.017	0.000	0.010	0.000	0.100	99.900	0.000	2.443	8.204		长4+5!1^(2_3)
地检89-834	2490.375	120.237	71.499	91.641	8.359	10.050	9.204	270.258	0.000	0.010	0.000	0.100	99.900	0.000	2.466	8.399		长4+5!1^(2_3)
地检89-834	2490.500	114.761	71.539	82.002	17.998	10.092	9.472	264.062	0.000	0.010	0.000	0.100	99.900	0.000	2.492	9.066		长4+5!1^(2_3)
地检89-834	2490.625	107.346	71.538	69.128	30.872	10.239	9.935	256.087	0.000	0.010	0.000	0.100	99.900	0.000	2.534	10.161		长4+5!1^(2_3)
地检89-834	2490.750	102.206	71.518	61.272	38.728	10.556	10.490	246.734	0.000	0.010	0.000	0.100	99.900	0.000	2.589	11.592		长4+5!1^(2_3)
地检89-834	2490.875	97.557	71.504	54.512	45.488	11.058	11.039	237.291	0.000	0.010	0.000	0.100	99.900	0.000	2.633	13.144		长4+5!1^(2_3)
地检89-834	2491.000	94.139	71.509	50.181	49.819	11.726	11.553	229.891	0.000	0.010	0.000	0.100	99.900	0.000	2.648	14.612		长4+5!1^(2_3)
地检89-834	2491.125	89.814	71.529	44.536	55.464	12.528	12.082	225.300	0.000	0.010	0.000	0.100	99.900	0.000	2.648	15.808		长4+5!1^(2_3)
地检89-834	2491.250	87.505	71.550	41.584	58.416	13.382	12.662	223.199	0.000	0.010	0.000	0.100	99.900	0.000	2.645	16.487		长4+5!1^(2_3)
地检89-834	2491.375	86.500	71.565	40.829	59.171	14.180	13.288	222.714	0.000	0.010	0.000	0.100	99.900	0.000	2.641	16.639		长4+5!1^(2_3)
地检89-834	2491.500	83.051	71.572	36.521	63.479	14.833	13.927	222.778	0.000	0.010	0.000	0.100	99.900	0.000	2.640	16.356		长4+5!1^(2_3)
地检89-834	2491.625	83.881	71.577	36.711	63.289	15.253	14.537	222.344	0.000	0.010	0.000	0.100	99.900	0.000	2.643	15.924		长4+5!1^(2_3)
地检89-834	2491.750	89.818	71.586	43.792	56.208	15.316	15.088	221.234	0.000	0.010	0.000	0.100	99.900	0.000	2.651	15.694		长4+5!1^(2_3)
地检89-834	2491.875	92.230	71.599	47.841	52.159	15.018	15.548	220.192	0.000	0.010	0.000	0.100	99.900	0.000	2.665	15.949		长4+5!1^(2_3)
地检89-834	2492.000	87.248	71.615	41.657	58.343	14.504	15.776	220.774	0.000	0.010	0.000	0.100	99.900	0.000	2.679	16.802		长4+5!1^(2_3)
地检89-834	2492.125	84.689	71.626	37.575	62.425	13.941	15.607	224.065	0.000	0.010	0.000	0.100	99.900	0.000	2.674	17.570		长4+5!1^(2_3)
地检89-834	2492.250	91.110	71.619	44.881	55.119	13.470	14.924	230.758	0.000	0.010	0.000	0.100	99.900	0.000	2.627	17.040		长4+5!1^(2_3)
地检89-834	2492.375	97.950	71.579	53.622	46.378	13.150	13.815	240.639	0.000	0.010	0.000	0.100	99.900	0.000	2.571	14.955		长4+5!1^(2_3)
地检89-834	2492.500	103.790	71.483	62.821	37.179	12.958	12.619	251.918	0.000	0.010	0.000	0.100	99.900	0.000	2.526	12.536		长4+5!1^(2_3)
地检89-834	2492.625	104.069	71.332	62.989	37.011	12.813	11.755	261.405	0.000	0.010	0.000	0.100	99.900	0.000	2.503	10.912		长4+5!1^(2_3)
地检89-834	2492.750	105.864	71.131	65.475	34.525	12.607	11.446	267.338	0.000	0.010	0.000	0.100	99.900	0.000	2.493	10.492		长4+5!1^(2_3)
地检89-834	2492.875	108.515	70.893	70.101	29.899	12.340	11.682	269.878	0.000	0.010	0.000	0.100	99.900	0.000	2.508	10.995		长4+5!1^(2_3)
地检89-834	2493.000	108.683	70.630	70.091	29.909	12.150	12.160	270.807	0.000	0.010	0.000	0.100	99.900	0.000	2.528	12.016		长4+5!1^(2_3)
地检89-834	2493.125	110.411	70.359	72.710	27.290	12.213	12.419	272.214	0.000	0.010	0.000	0.100	99.900	0.000	2.542	12.717		长4+5!1^(2_3)
地检89-834	2493.250	113.126	70.087	77.026	22.974	12.742	12.374	274.093	0.000	0.010	0.000	0.100	99.900	0.000	2.544	12.589		长4+5!1^(2_3)
地检89-834	2493.375	115.946	69.808	83.597	16.403	13.820	12.337	274.515	0.000	0.010	0.000	0.100	99.900	0.000	2.545	12.268		长4+5!2^(1_1)
地检89-834	2493.500	110.227	69.503	75.013	24.987	15.286	12.931	270.053	0.000	0.010	0.000	0.100	99.900	0.000	2.553	13.068		长4+5!2^(1_1)
地检89-834	2493.625	97.957	69.150	56.588	43.412	16.739	14.328	260.031	0.000	0.010	0.000	0.100	99.900	0.000	2.572	15.935		长4+5!2^(1_1)
地检89-834	2493.750	84.878	68.735	39.510	60.490	17.558	16.277	246.126	0.000	0.010	0.000	0.100	99.900	0.000	2.604	21.471		长4+5!2^(1_1)
地检89-834	2493.875	77.914	68.259	30.927	69.073	17.429	18.142	232.347	0.000	0.010	0.000	0.100	99.900	0.000	2.636	27.028		长4+5!2^(1_1)
地检89-834	2494.000	81.377	67.750	33.762	66.238	16.453	18.925	224.552	0.000	0.010	0.000	0.100	99.900	0.000	2.629	27.327		长4+5!2^(1_1)
地检89-834	2494.125	90.366	67.258	43.681	56.319	14.878	18.309	225.955	0.000	0.010	0.000	0.100	99.900	0.000	2.554	24.094		长4+5!2^(1_1)
地检89-834	2494.250	99.768	66.819	55.547	44.453	13.081	16.438	237.257	0.000	0.010	0.000	0.100	99.900	0.000	2.431	20.661		长4+5!2^(1_1)
地检89-834	2494.375	110.478	66.454	70.689	29.311	11.494	13.778	255.860	0.000	0.010	0.000	0.100	99.900	0.000	2.322	15.657		长4+5!2^(1_1)
地检89-834	2494.500	124.635	66.168	97.409	2.591	10.369	10.950	276.450	0.000	0.010	0.000	0.100	99.900	0.000	2.272	10.233		长4+5!2^(1_1)
地检89-834	2494.625	131.987	65.944	99.900	0.100	9.661	8.604	293.477	0.000	0.010	0.000	0.100	99.900	0.000	2.279	6.896		长4+5!2^(1_1)
地检89-834	2494.750	129.025	65.777	99.900	0.100	9.195	7.160	304.181	0.000	0.010	0.000	0.100	99.900	0.000	2.323	5.653		长4+5!2^(1_1)
地检89-834	2494.875	117.285	65.675	87.240	12.760	8.844	6.731	307.177	0.000	0.010	0.000	0.100	99.900	0.000	2.375	5.681		长4+5!2^(1_1)
地检89-834	2495.000	106.712	65.657	68.406	31.594	8.573	7.107	301.922	0.000	0.010	0.000	0.100	99.900	0.000	2.426	6.621		长4+5!2^(1_1)
地检89-834	2495.125	100.434	65.715	58.279	41.721	8.385	7.719	292.198	0.000	0.010	0.000	0.100	99.900	0.000	2.481	7.918		长4+5!2^(1_1)
地检89-834	2495.250	98.981	65.843	55.664	44.336	8.340	8.382	281.472	0.000	0.010	0.000	0.100	99.900	0.000	2.532	9.282		长4+5!2^(1_1)
地检89-834	2495.375	101.231	66.027	58.588	41.412	8.508	9.166	272.513	0.000	0.010	0.000	0.100	99.900	0.000	2.568	10.982		长4+5!2^(1_1)
地检89-834	2495.500	104.891	66.245	63.697	36.303	8.860	10.168	267.398	0.000	0.010	0.000	0.100	99.900	0.000	2.575	13.543		长4+5!2^(1_1)
地检89-834	2495.625	109.824	66.467	71.285	28.715	9.284	11.062	266.575	0.000	0.010	0.000	0.100	99.900	0.000	2.532	16.349		长4+5!2^(1_1)
地检89-834	2495.750	114.946	66.671	80.186	19.814	9.711	11.424	269.854	0.000	0.010	0.000	0.100	99.900	0.000	2.451	16.524		长4+5!2^(1_1)
地检89-834	2495.875	118.421	66.845	86.724	13.276	10.145	11.044	275.358	0.000	0.010	0.000	0.100	99.900	0.000	2.384	13.883		长4+5!2^(1_1)
地检89-834	2496.000	120.664	66.989	90.743	9.257	10.542	10.132	279.725	0.000	0.010	0.000	0.100	99.900	0.000	2.355	10.881		长4+5!2^(1_1)
地检89-834	2496.125	123.152	67.129	96.863	3.137	10.785	9.321	280.387	0.000	0.010	0.000	0.100	99.900	0.000	2.358	9.025		长4+5!2^(1_1)
地检89-834	2496.250	120.026	67.296	91.339	8.661	10.805	8.952	276.353	0.000	0.010	0.000	0.100	99.900	0.000	2.396	8.417		长4+5!2^(1_1)
地检89-834	2496.375	114.251	67.518	80.845	19.155	10.685	9.051	268.181	0.000	0.010	0.000	0.100	99.900	0.000	2.470	8.648		长4+5!2^(1_1)
地检89-834	2496.500	108.013	67.818	70.231	29.769	10.539	9.418	257.979	0.000	0.010	0.000	0.100	99.900	0.000	2.541	9.366		长4+5!2^(1_1)
地检89-834	2496.625	102.728	68.176	61.918	38.082	10.446	9.822	248.617	0.000	0.010	0.000	0.100	99.900	0.000	2.592	10.169		长4+5!2^(1_1)
地检89-834	2496.750	98.462	68.568	56.140	43.860	10.513	10.255	240.985	0.000	0.010	0.000	0.100	99.900	0.000	2.628	10.811		长4+5!2^(1_1)
地检89-834	2496.875	92.400	68.964	48.290	51.710	10.802	10.772	234.723	0.000	0.010	0.000	0.100	99.900	0.000	2.650	11.254		长4+5!2^(1_1)
地检89-834	2497.000	85.949	69.333	40.066	59.934	11.286	11.403	229.491	0.000	0.010	0.000	0.100	99.900	0.000	2.654	11.835		长4+5!2^(1_1)
地检89-834	2497.125	83.336	69.655	37.002	62.998	11.869	12.062	225.610	0.000	0.010	0.000	0.100	99.900	0.000	2.641	13.006		长4+5!2^(1_1)
地检89-834	2497.250	82.051	69.917	35.586	64.414	12.349	12.671	223.938	0.000	0.010	0.000	0.100	99.900	0.000	2.607	14.962		长4+5!2^(1_1)
地检89-834	2497.375	81.417	70.111	34.537	65.463	12.554	13.131	225.089	0.000	0.010	0.000	0.100	99.900	0.000	2.550	16.591		长4+5!2^(1_1)
地检89-834	2497.500	83.564	70.233	37.076	62.924	12.478	13.187	229.270	0.000	0.010	0.000	0.100	99.900	0.000	2.492	16.111		长4+5!2^(1_1)
地检89-834	2497.625	84.023	70.301	37.261	62.739	12.225	12.680	235.385	0.000	0.010	0.000	0.100	99.900	0.000	2.446	13.620		长4+5!2^(1_1)
地检89-834	2497.750	87.467	70.325	40.433	59.567	11.855	11.667	242.759	0.000	0.010	0.000	0.100	99.900	0.000	2.419	11.072		长4+5!2^(1_1)
地检89-834	2497.875	95.563	70.317	50.556	49.444	11.400	10.515	250.551	0.000	0.010	0.000	0.100	99.900	0.000	2.397	9.633		长4+5!2^(1_1)
地检89-834	2498.000	101.130	70.287	58.675	41.325	10.943	9.689	256.938	0.000	0.010	0.000	0.100	99.900	0.000	2.382	9.214		长4+5!2^(1_1)
地检89-834	2498.125	103.130	70.247	61.535	38.465	10.557	9.225	259.916	0.000	0.010	0.000	0.100	99.900	0.000	2.378	8.900		长4+5!2^(1_1)
地检89-834	2498.250	105.035	70.203	64.670	35.330	10.220	9.039	258.526	0.000	0.010	0.000	0.100	99.900	0.000	2.375	8.410		长4+5!2^(1_1)
地检89-834	2498.375	104.923	70.158	64.971	35.029	9.909	9.143	253.871	0.000	0.010	0.000	0.100	99.900	0.000	2.348	8.256		长4+5!2^(1_1)
地检89-834	2498.500	102.294	70.109	60.967	39.033	9.696	9.552	249.293	0.000	0.010	0.000	0.100	99.900	0.000	2.332	8.840		长4+5!2^(1_1)
地检89-834	2498.625	100.561	70.045	58.048	41.952	9.627	9.896	248.017	0.000	0.010	0.000	0.100	99.900	0.000	2.341	9.739		长4+5!2^(1_1)
地检89-834	2498.750	101.309	69.954	59.215	40.785	9.626	9.891	250.347	0.000	0.010	0.000	0.100	99.900	0.000	2.366	10.108		长4+5!2^(1_1)
地检89-834	2498.875	101.555	69.823	59.388	40.612	9.641	9.670	254.070	0.000	0.010	0.000	0.100	99.900	0.000	2.408	10.316		长4+5!2^(1_1)
地检89-834	2499.000	102.464	69.642	61.242	38.758	9.721	9.727	256.837	0.000	0.010	0.000	0.100	99.900	0.000	2.472	11.117		长4+5!2^(1_1)
地检89-834	2499.125	100.319	69.422	58.057	41.943	9.883	10.117	259.612	0.000	0.010	0.000	0.100	99.900	0.000	2.525	12.304		长4+5!2^(1_1)
地检89-834	2499.250	99.170	69.167	55.992	44.008	10.098	10.425	264.398	0.000	0.010	0.000	0.100	99.900	0.000	2.513	12.562		长4+5!2^(1_1)
地检89-834	2499.375	101.040	68.875	58.259	41.741	10.440	10.259	270.873	0.000	0.010	0.000	0.100	99.900	0.000	2.448	11.385		长4+5!2^(1_1)
地检89-834	2499.500	104.198	68.517	63.919	36.081	11.028	9.666	275.093	0.000	0.010	0.000	0.100	99.900	0.000	2.392	9.906		长4+5!2^(1_1)
地检89-834	2499.625	100.551	68.067	59.605	40.395	11.817	9.371	273.519	0.000	0.010	0.000	0.100	99.900	0.000	2.379	9.253		长4+5!2^(1_1)
地检89-834	2499.750	90.966	67.497	46.989	53.011	12.598	10.113	265.437	0.000	0.010	0.000	0.100	99.900	0.000	2.408	10.136		长4+5!2^(1_1)
地检89-834	2499.875	80.721	66.794	34.956	65.044	13.253	12.255	252.945	0.000	0.010	0.000	0.100	99.900	0.000	2.474	13.330		长4+5!2^(1_1)
地检89-834	2500.000	73.842	65.986	27.208	72.792	13.825	15.156	240.852	0.000	0.010	0.000	0.100	99.900	0.000	2.534	19.967		长4+5!2^(1_1)
地检89-834	2500.125	75.388	65.178	28.073	71.927	14.391	17.185	234.377	0.000	0.010	0.000	0.100	99.900	0.000	2.568	27.524		长4+5!2^(1_2)
地检89-834	2500.250	82.511	64.466	34.788	65.212	15.130	17.691	235.573	0.000	0.010	0.000	0.100	99.900	0.000	2.564	28.268		长4+5!2^(1_2)
地检89-834	2500.375	92.429	63.921	46.529	53.471	16.245	17.345	242.501	0.000	0.010	0.000	0.100	99.900	0.000	2.541	25.299		长4+5!2^(1_2)
地检89-834	2500.500	98.483	63.566	55.019	44.981	17.728	17.467	249.977	0.000	0.010	0.000	0.100	99.900	0.000	2.521	22.716		长4+5!2^(1_2)
地检89-834	2500.625	99.341	63.319	57.577	42.423	19.282	18.190	253.085	0.000	0.010	0.000	0.100	99.900	0.000	2.516	21.261		长4+5!2^(1_2)
地检89-834	2500.750	91.436	63.117	47.771	52.229	20.475	18.926	250.140	0.000	0.010	0.000	0.100	99.900	0.000	2.528	20.928		长4+5!2^(1_2)
地检89-834	2500.875	79.963	62.932	34.068	65.932	21.078	19.277	242.251	0.000	0.010	0.000	0.100	99.900	0.000	2.557	21.399		长4+5!2^(1_2)
地检89-834	2501.000	73.503	62.790	27.203	72.797	21.051	19.348	233.163	0.000	0.010	0.000	0.100	99.900	0.000	2.587	21.605		长4+5!2^(1_2)
地检89-834	2501.125	71.794	62.733	25.207	74.793	20.427	19.371	227.465	0.000	0.010	0.000	0.100	99.900	0.000	2.607	20.835		长4+5!2^(1_2)
地检89-834	2501.250	74.029	62.806	27.198	72.802	19.400	19.277	227.066	0.000	0.010	0.000	0.100	99.900	0.000	2.615	19.723		长4+5!2^(1_2)
地检89-834	2501.375	77.099	63.032	29.835	70.165	18.318	18.842	231.318	0.000	0.010	0.000	0.100	99.900	0.000	2.608	18.994		长4+5!2^(1_2)
地检89-834	2501.500	82.602	63.419	35.498	64.502	17.420	17.864	238.048	0.000	0.010	0.000	0.100	99.900	0.000	2.596	18.540		长4+5!2^(1_2)
地检89-834	2501.625	87.444	63.905	40.905	59.095	16.711	16.622	244.686	0.000	0.010	0.000	0.100	99.900	0.000	2.589	17.992		长4+5!2^(1_2)
地检89-834	2501.750	91.691	64.438	45.969	54.031	16.087	15.487	250.174	0.000	0.010	0.000	0.100	99.900	0.000	2.582	17.134		长4+5!2^(1_2)
地检89-834	2501.875	95.686	64.966	50.930	49.070	15.463	14.736	254.058	0.000	0.010	0.000	0.100	99.900	0.000	2.579	15.841		长4+5!2^(1_2)
地检89-834	2502.000	100.272	65.442	56.919	43.081	14.845	14.378	256.158	0.000	0.010	0.000	0.100	99.900	0.000	2.581	14.191		长4+5!2^(1_2)
地检89-834	2502.125	105.938	65.855	65.135	34.865	14.259	14.138	257.059	0.000	0.010	0.000	0.100	99.900	0.000	2.584	12.789		长4+5!2^(1_2)
地检89-834	2502.250	111.096	66.203	74.236	25.764	13.631	13.848	257.156	0.000	0.010	0.000	0.100	99.900	0.000	2.577	12.411		长4+5!2^(1_2)
地检89-834	2502.375	110.755	66.487	74.791	25.209	12.868	13.432	256.785	0.000	0.010	0.000	0.100	99.900	0.000	2.553	13.273		长4+5!2^(1_2)
地检89-834	2502.500	105.096	66.695	65.316	34.684	12.027	12.759	256.124	0.000	0.010	0.000	0.100	99.900	0.000	2.518	14.198		长4+5!2^(1_2)
地检89-834	2502.625	102.020	66.835	60.561	39.439	11.267	11.768	255.132	0.000	0.010	0.000	0.100	99.900	0.000	2.488	13.008		长4+5!2^(1_2)
地检89-834	2502.750	100.239	66.911	57.735	42.265	10.689	10.548	253.653	0.000	0.010	0.000	0.100	99.900	0.000	2.474	10.619		长4+5!2^(1_2)
地检89-834	2502.875	99.759	66.942	57.604	42.396	10.228	9.456	251.845	0.000	0.010	0.000	0.100	99.900	0.000	2.474	9.113		长4+5!2^(1_2)
地检89-834	2503.000	96.162	66.945	52.567	47.433	9.802	8.958	250.378	0.000	0.010	0.000	0.100	99.900	0.000	2.468	8.814		长4+5!2^(1_2)
地检89-834	2503.125	93.830	66.935	49.016	50.984	9.413	8.902	249.959	0.000	0.010	0.000	0.100	99.900	0.000	2.441	8.867		长4+5!2^(1_2)
地检89-834	2503.250	95.097	66.909	50.372	49.628	9.097	8.867	251.122	0.000	0.010	0.000	0.100	99.900	0.000	2.391	8.220		长4+5!2^(1_2)
地检89-834	2503.375	98.217	66.853	54.324	45.676	8.915	8.588	254.093	0.000	0.010	0.000	0.100	99.900	0.000	2.347	7.502		长4+5!2^(1_2)
地检89-834	2503.500	101.956	66.743	60.121	39.879	8.957	8.246	258.236	0.000	0.010	0.000	0.100	99.900	0.000	2.341	7.716		长4+5!2^(1_2)
地检89-834	2503.625	102.477	66.570	60.499	39.501	9.267	8.229	261.319	0.000	0.010	0.000	0.100	99.900	0.000	2.382	9.132		长4+5!2^(1_2)
地检89-834	2503.750	105.342	66.314	64.438	35.562	9.796	8.654	261.182	0.000	0.010	0.000	0.100	99.900	0.000	2.458	11.266		长4+5!2^(1_2)
地检89-834	2503.875	108.193	65.950	71.440	28.560	10.467	9.423	256.470	0.000	0.010	0.000	0.100	99.900	0.000	2.537	13.023		长4+5!2^(1_2)
地检89-834	2504.000	97.721	65.439	55.417	44.583	11.292	10.450	246.982	0.319	0.010	10.016	0.100	99.900	0.475	2.592	14.552		长4+5!2^(1_2)
地检89-834	2504.125	89.760	64.791	24.711	75.289	12.329	11.695	235.345	0.264	0.173	9.632	12.469	68.925	0.419	2.615	17.219	干层	长4+5!2^(1_2)
地检89-834	2504.250	81.691	64.021	19.217	80.783	13.617	13.192	224.111	0.225	0.195	9.301	11.352	66.320	0.352	2.616	21.789	干层	长4+5!2^(1_2)
地检89-834	2504.375	73.342	63.164	14.390	85.610	15.217	14.871	215.674	0.223	0.227	9.291	10.486	62.904	0.294	2.608	27.692	干层	长4+5!2^(1_2)
地检89-834	2504.500	68.242	62.271	11.697	88.303	17.236	16.436	211.665	0.236	0.260	9.403	10.063	59.794	0.259	2.609	32.851	干层	长4+5!2^(1_2)
地检89-834	2504.625	68.302	61.413	11.546	88.454	19.702	17.635	210.706	0.224	0.010	9.297	9.955	58.757	0.249	2.610	34.650	干层	长4+5!2^(1_2)
地检89-834	2504.750	70.151	60.643	12.293	87.707	22.391	18.506	211.100	0.208	0.010	9.146	9.992	60.560	0.262	2.606	32.411	干层	长4+5!2^(1_2)
地检89-834	2504.875	72.334	59.997	13.162	86.838	24.902	19.366	211.524	0.190	0.238	8.963	10.036	63.110	0.280	2.603	29.627	干层	长4+5!2^(1_2)
地检89-834	2505.000	75.174	59.500	14.513	85.487	26.897	20.605	211.806	0.167	0.225	8.697	10.058	64.294	0.289	2.602	28.438	干层	长4+5!2^(1_2)
地检89-834	2505.125	74.790	59.106	14.571	85.429	28.197	22.125	212.575	0.177	0.240	8.817	10.125	63.329	0.285	2.603	28.986	干层	长4+5!2^(1_2)
地检89-834	2505.250	71.044	58.779	13.235	86.765	28.766	23.600	214.077	0.232	0.278	9.363	10.265	61.384	0.276	2.608	30.146	干层	长4+5!2^(1_2)
地检89-834	2505.375	65.763	58.487	11.093	88.907	28.860	24.754	216.118	0.337	0.325	10.125	10.459	60.062	0.273	2.605	30.505	干层	长4+5!2^(1_2)
地检89-834	2505.500	65.203	58.221	11.054	88.946	28.810	25.571	218.457	0.391	0.349	10.427	10.685	59.674	0.278	2.593	29.809	干层	长4+5!2^(1_2)
地检89-834	2505.625	64.936	57.994	11.146	88.854	28.702	26.267	220.865	0.448	0.374	10.706	10.920	59.188	0.282	2.576	29.206	干层	长4+5!2^(1_2)
地检89-834	2505.750	64.384	57.843	11.238	88.762	28.339	26.840	223.082	0.516	0.413	10.994	11.140	57.883	0.279	2.558	29.527	干层	长4+5!2^(1_2)
地检89-834	2505.875	61.280	57.827	10.198	89.802	27.474	27.100	224.805	0.661	0.479	11.497	11.315	55.858	0.270	2.544	30.887	干层	长4+5!2^(1_2)
地检89-834	2506.000	59.058	58.050	9.281	90.719	26.005	26.737	225.902	0.783	0.532	11.842	11.423	54.345	0.262	2.541	32.108	干层	长4+5!2^(1_2)
地检89-834	2506.125	61.865	58.555	10.182	89.818	24.000	25.712	226.829	0.711	0.504	11.647	11.509	55.000	0.269	2.554	30.956	干层	长4+5!2^(1_2)
地检89-834	2506.250	69.314	59.371	13.016	86.984	21.675	24.000	228.284	0.524	0.396	11.023	11.636	58.628	0.301	2.574	26.742	干层	长4+5!2^(1_2)
地检89-834	2506.375	80.587	60.487	32.335	67.665	19.312	21.681	231.204	0.342	0.010	10.155	0.100	99.900	0.347	2.597	22.184	干层	长4+5!2^(1_3)
地检89-834	2506.500	94.992	61.845	48.872	51.128	17.097	18.971	236.734	0.000	0.010	0.000	0.100	99.900	0.000	2.607	18.659	干层	长4+5!2^(1_3)
地检89-834	2506.625	107.560	63.282	67.000	33.000	15.121	16.301	244.635	0.000	0.010	0.000	0.100	99.900	0.000	2.595	16.096		长4+5!2^(1_3)
地检89-834	2506.750	116.926	64.669	82.821	17.179	13.503	13.934	253.916	0.000	0.010	0.000	0.100	99.900	0.000	2.560	13.864		长4+5!2^(1_3)
地检89-834	2506.875	123.873	65.890	98.463	1.537	12.272	11.999	262.776	0.000	0.010	0.000	0.100	99.900	0.000	2.524	11.563		长4+5!2^(1_3)
地检89-834	2507.000	120.107	66.840	91.569	8.431	11.359	10.624	269.073	0.000	0.010	0.000	0.100	99.900	0.000	2.499	9.680		长4+5!2^(1_3)
地检89-834	2507.125	114.322	67.535	80.414	19.586	10.714	9.767	272.338	0.000	0.010	0.000	0.100	99.900	0.000	2.485	8.633		长4+5!2^(1_3)
地检89-834	2507.250	111.116	67.998	74.637	25.363	10.361	9.384	272.995	0.000	0.010	0.000	0.100	99.900	0.000	2.479	8.387		长4+5!2^(1_3)
地检89-834	2507.375	109.728	68.270	71.798	28.202	10.312	9.330	272.106	0.000	0.010	0.000	0.100	99.900	0.000	2.494	8.546		长4+5!2^(1_3)
地检89-834	2507.500	110.556	68.374	74.172	25.828	10.554	9.519	270.487	0.000	0.010	0.000	0.100	99.900	0.000	2.523	8.922		长4+5!2^(1_3)
地检89-834	2507.625	106.000	68.365	67.230	32.770	11.118	9.992	267.438	0.000	0.010	0.000	0.100	99.900	0.000	2.548	9.757		长4+5!2^(1_3)
地检89-834	2507.750	99.636	68.259	57.775	42.225	12.039	10.873	260.872	0.000	0.010	0.000	0.100	99.900	0.000	2.564	11.905		长4+5!2^(1_3)
地检89-834	2507.875	93.102	68.065	49.768	50.232	13.158	12.163	249.666	0.000	0.010	0.000	0.100	99.900	0.000	2.580	16.064		长4+5!2^(1_3)
地检89-834	2508.000	81.636	67.779	36.594	63.406	14.150	13.733	235.923	0.000	0.010	0.000	0.100	99.900	0.000	2.589	22.393		长4+5!2^(1_3)
地检89-834	2508.125	68.706	67.426	23.349	76.651	14.724	15.332	224.929	0.000	0.010	0.000	0.100	99.900	0.000	2.587	28.303		长4+5!2^(1_3)
地检89-834	2508.250	62.867	67.035	17.486	82.514	14.635	16.722	220.226	0.000	0.010	0.000	0.100	99.900	0.000	2.581	30.343		长4+5!2^(1_3)
地检89-834	2508.375	68.537	66.644	21.168	78.832	13.876	17.516	223.426	0.000	0.010	0.000	0.100	99.900	0.000	2.548	28.271		长4+5!2^(1_3)
地检89-834	2508.500	83.751	66.296	35.393	64.607	12.672	16.977	235.446	0.000	0.010	0.000	0.100	99.900	0.000	2.452	21.198		长4+5!2^(1_3)
地检89-834	2508.625	99.826	65.998	55.324	44.676	11.367	15.075	253.660	0.000	0.010	0.000	0.100	99.900	0.000	2.282	13.285		长4+5!2^(1_3)
地检89-834	2508.750	111.634	65.730	73.781	26.219	10.344	12.290	274.689	0.000	0.010	0.000	0.100	99.900	0.000	2.089	8.272		长4+5!2^(1_3)
地检89-834	2508.875	119.425	65.458	87.638	12.362	9.725	9.522	292.942	0.000	0.010	0.000	0.100	99.900	0.000	1.937	5.795		长4+5!2^(1_3)
地检89-834	2509.000	126.689	65.148	99.900	0.100	9.373	7.774	301.157	0.000	0.010	0.000	0.100	99.900	0.000	1.852	4.938		长4+5!2^(1_3)
地检89-834	2509.125	136.625	64.794	99.900	0.100	9.136	7.227	297.810	0.000	0.010	0.000	0.100	99.900	0.000	1.850	5.158		长4+5!2^(1_3)
地检89-834	2509.250	142.639	64.402	99.900	0.100	8.934	7.756	284.935	0.000	0.010	0.000	0.100	99.900	0.000	1.923	6.632		长4+5!2^(1_3)
地检89-834	2509.375	137.230	63.981	99.900	0.100	8.780	8.911	267.542	0.000	0.010	0.000	0.100	99.900	0.000	2.042	9.310		长4+5!2^(1_3)
地检89-834	2509.500	126.849	63.525	99.900	0.100	8.772	9.966	251.346	0.000	0.010	0.000	0.100	99.900	0.000	2.201	12.489		长4+5!2^(1_3)
地检89-834	2509.625	121.409	63.029	93.837	6.163	9.078	10.500	238.868	0.000	0.010	0.000	0.100	99.900	0.000	2.392	14.917		长4+5!2^(1_3)
地检89-834	2509.750	117.120	62.485	84.730	15.270	9.911	10.681	229.847	0.000	0.010	0.000	0.100	99.900	0.000	2.549	16.509		长4+5!2^(1_3)
地检89-834	2509.875	116.896	61.894	85.014	14.986	11.304	10.968	223.603	0.000	0.010	0.000	0.100	99.900	0.000	2.612	17.944		长4+5!2^(1_3)
地检89-834	2510.000	113.355	61.268	78.997	21.003	13.124	11.759	220.332	0.000	0.010	0.000	0.100	99.900	0.000	2.623	19.501		长4+5!2^(1_3)
地检89-834	2510.125	108.571	60.643	70.971	29.029	15.206	12.932	219.350	0.000	0.010	0.000	0.100	99.900	0.000	2.617	20.938		长4+5!2^(1_3)
地检89-834	2510.250	104.766	60.053	63.914	36.086	17.274	14.277	219.429	0.000	0.010	0.000	0.100	99.900	0.000	2.609	21.821		长4+5!2^(1_3)
地检89-834	2510.375	107.180	59.529	67.535	32.465	18.965	15.646	219.039	0.000	0.010	0.000	0.100	99.900	0.000	2.607	22.137		长4+5!2^(1_3)
地检89-834	2510.500	109.369	59.106	71.909	28.091	20.017	17.001	217.340	0.000	0.010	0.000	0.100	99.900	0.000	2.612	22.488		长4+5!2^(1_3)
地检89-834	2510.625	106.414	58.780	67.900	32.100	20.400	18.312	215.156	0.000	0.010	0.000	0.100	99.900	0.000	2.620	23.487		长4+5!2^(1_3)
地检89-834	2510.750	99.822	58.548	58.156	41.844	20.289	19.448	213.556	0.000	0.010	0.000	0.100	99.900	0.000	2.632	24.975		长4+5!2^(1_3)
地检89-834	2510.875	93.717	58.395	49.104	50.896	19.959	20.212	213.304	0.000	0.010	0.000	0.100	99.900	0.000	2.641	25.413		长4+5!2^(1_3)
地检89-834	2511.000	93.326	58.304	48.301	51.699	19.610	20.400	214.565	0.000	0.010	0.000	0.100	99.900	0.000	2.643	23.705		长4+5!2^(1_3)
地检89-834	2511.125	94.839	58.238	50.390	49.610	19.320	20.171	216.378	0.000	0.010	0.000	0.100	99.900	0.000	2.637	20.952		长4+5!2^(1_3)
地检89-834	2511.250	95.271	58.182	50.986	49.014	19.099	19.698	217.889	0.000	0.010	0.000	0.100	99.900	0.000	2.633	18.710		长4+5!2^(1_3)
地检89-834	2511.375	95.675	58.137	51.234	48.766	18.876	19.135	218.575	0.000	0.010	0.000	0.100	99.900	0.000	2.628	17.503		长4+5!2^(1_3)
地检89-834	2511.500	98.228	58.124	54.110	45.890	18.547	18.553	218.444	0.000	0.010	0.000	0.100	99.900	0.000	2.623	17.269		长4+5!2^(1_3)
地检89-834	2511.625	103.463	58.163	62.178	37.822	18.046	17.970	218.195	0.000	0.010	0.000	0.100	99.900	0.000	2.620	17.552		长4+5!2^(1_3)
地检89-834	2511.750	104.350	58.273	63.862	36.138	17.385	17.405	218.433	0.000	0.010	0.000	0.100	99.900	0.000	2.618	18.066		长4+5!2^(1_3)
地检89-834	2511.875	103.967	58.470	62.109	37.891	16.687	16.889	219.628	0.000	0.010	0.000	0.100	99.900	0.000	2.617	18.527		长4+5!2^(1_3)
地检89-834	2512.000	110.299	58.782	71.762	28.238	16.091	16.420	222.031	0.000	0.010	0.000	0.100	99.900	0.000	2.618	18.658		长4+5!2^(1_3)
地检89-834	2512.125	117.087	59.203	83.694	16.306	15.678	15.945	225.045	0.000	0.010	0.000	0.100	99.900	0.000	2.625	18.293		长4+5!2^(1_3)
地检89-834	2512.250	121.937	59.723	93.405	6.595	15.506	15.448	227.811	0.000	0.010	0.000	0.100	99.900	0.000	2.632	17.445		长4+5!2^(2_1)
地检89-834	2512.375	123.263	60.302	97.662	2.338	15.564	14.987	229.253	0.000	0.010	0.000	0.100	99.900	0.000	2.634	16.586		长4+5!2^(2_1)
地检89-834	2512.500	117.755	60.873	87.065	12.935	15.775	14.748	228.268	0.000	0.010	0.000	0.100	99.900	0.000	2.629	16.169		长4+5!2^(2_1)
地检89-834	2512.625	111.856	61.372	76.821	23.179	16.042	14.860	225.226	0.000	0.010	0.000	0.100	99.900	0.000	2.618	16.511		长4+5!2^(2_1)
地检89-834	2512.750	104.894	61.781	65.646	34.354	16.253	15.346	221.170	0.000	0.010	0.000	0.100	99.900	0.000	2.604	17.933		长4+5!2^(2_1)
地检89-834	2512.875	98.087	62.121	55.388	44.612	16.356	16.052	217.742	0.000	0.010	0.000	0.100	99.900	0.000	2.597	20.155		长4+5!2^(2_1)
地检89-834	2513.000	94.747	62.448	49.633	50.367	16.364	16.644	216.732	0.000	0.010	0.000	0.100	99.900	0.000	2.600	21.247		长4+5!2^(2_1)
地检89-834	2513.125	100.404	62.825	56.400	43.600	16.294	16.869	218.331	0.000	0.010	0.000	0.100	99.900	0.000	2.609	19.964		长4+5!2^(2_1)
地检89-834	2513.250	110.042	63.281	71.931	28.069	16.107	16.685	222.023	0.000	0.010	0.000	0.100	99.900	0.000	2.619	17.843		长4+5!2^(2_1)
地检89-834	2513.375	113.881	63.817	77.963	22.037	15.753	16.231	226.790	0.000	0.010	0.000	0.100	99.900	0.000	2.629	16.348		长4+5!2^(2_1)
地检89-834	2513.500	119.048	64.414	88.121	11.879	15.219	15.687	231.517	0.000	0.010	0.000	0.100	99.900	0.000	2.635	15.203		长4+5!2^(2_1)
地检89-834	2513.625	119.647	65.027	89.974	10.026	14.537	15.117	235.948	0.000	0.010	0.000	0.100	99.900	0.000	2.637	13.922		长4+5!2^(2_1)
地检89-834	2513.750	117.187	65.632	85.149	14.851	13.779	14.456	241.188	0.000	0.010	0.000	0.100	99.900	0.000	2.638	13.010		长4+5!2^(2_1)
地检89-834	2513.875	116.142	66.208	82.690	17.310	13.052	13.669	249.055	0.000	0.010	0.000	0.100	99.900	0.000	2.640	12.801		长4+5!2^(2_1)
地检89-834	2514.000	117.975	66.735	85.551	14.449	12.466	12.803	260.623	0.000	0.010	0.000	0.100	99.900	0.000	2.633	12.706		长4+5!2^(2_1)
地检89-834	2514.125	121.704	67.208	92.950	7.050	12.069	11.974	273.125	0.000	0.010	0.000	0.100	99.900	0.000	2.605	11.871		长4+5!2^(2_1)
地检89-834	2514.250	123.513	67.618	97.207	2.793	11.822	11.304	282.701	0.000	0.010	0.000	0.100	99.900	0.000	2.564	10.593		长4+5!2^(2_1)
地检89-834	2514.375	122.050	67.954	95.117	4.883	11.606	10.950	285.860	0.000	0.010	0.000	0.100	99.900	0.000	2.535	9.924		长4+5!2^(2_1)
地检89-834	2514.500	116.879	68.202	85.759	14.241	11.332	11.066	280.750	0.000	0.010	0.000	0.100	99.900	0.000	2.523	10.588		长4+5!2^(2_1)
地检89-834	2514.625	109.999	68.376	73.037	26.963	10.984	11.428	271.053	0.000	0.010	0.000	0.100	99.900	0.000	2.531	12.099		长4+5!2^(2_1)
地检89-834	2514.750	107.411	68.487	68.066	31.934	10.600	11.704	261.011	0.000	0.010	0.000	0.100	99.900	0.000	2.560	12.960		长4+5!2^(2_1)
地检89-834	2514.875	109.011	68.554	70.802	29.198	10.248	11.619	254.557	0.000	0.010	0.000	0.100	99.900	0.000	2.594	12.070		长4+5!2^(2_1)
地检89-834	2515.000	109.463	68.594	71.664	28.336	9.987	11.097	253.873	0.000	0.010	0.000	0.100	99.900	0.000	2.612	10.440		长4+5!2^(2_1)
地检89-834	2515.125	109.203	68.621	71.277	28.723	9.843	10.409	256.677	0.000	0.010	0.000	0.100	99.900	0.000	2.609	9.235		长4+5!2^(2_1)
地检89-834	2515.250	109.075	68.637	70.578	29.422	9.797	9.758	260.436	0.000	0.010	0.000	0.100	99.900	0.000	2.590	8.646		长4+5!2^(2_1)
地检89-834	2515.375	111.302	68.633	74.538	25.462	9.787	9.286	263.102	0.000	0.010	0.000	0.100	99.900	0.000	2.574	8.412		长4+5!2^(2_1)
地检89-834	2515.500	111.369	68.601	75.456	24.544	9.759	9.137	263.559	0.000	0.010	0.000	0.100	99.900	0.000	2.574	8.503		长4+5!2^(2_1)
地检89-834	2515.625	107.351	68.555	69.050	30.950	9.701	9.273	262.290	0.000	0.010	0.000	0.100	99.900	0.000	2.584	8.944		长4+5!2^(2_1)
地检89-834	2515.750	103.293	68.511	61.944	38.056	9.624	9.572	259.905	0.000	0.010	0.000	0.100	99.900	0.000	2.596	9.723		长4+5!2^(2_1)
地检89-834	2515.875	104.701	68.481	63.467	36.533	9.566	9.850	257.237	0.000	0.010	0.000	0.100	99.900	0.000	2.613	10.584		长4+5!2^(2_1)
地检89-834	2516.000	109.451	68.468	70.498	29.502	9.578	9.954	255.261	0.000	0.010	0.000	0.100	99.900	0.000	2.627	11.060		长4+5!2^(2_1)
地检89-834	2516.125	115.271	68.451	81.252	18.748	9.703	9.930	254.228	0.000	0.010	0.000	0.100	99.900	0.000	2.631	11.000		长4+5!2^(2_1)
地检89-834	2516.250	115.758	68.412	83.051	16.949	9.945	9.871	253.716	0.000	0.010	0.000	0.100	99.900	0.000	2.632	10.645		长4+5!2^(2_1)
地检89-834	2516.375	112.264	68.330	76.310	23.690	10.247	9.864	252.991	0.000	0.010	0.000	0.100	99.900	0.000	2.636	10.432		长4+5!2^(2_1)
地检89-834	2516.500	111.934	68.189	75.742	24.258	10.548	9.973	251.394	0.000	0.010	0.000	0.100	99.900	0.000	2.637	10.623		长4+5!2^(2_1)
地检89-834	2516.625	111.375	67.987	75.283	24.717	10.833	10.175	249.009	0.000	0.010	0.000	0.100	99.900	0.000	2.636	11.142		长4+5!2^(2_1)
地检89-834	2516.750	108.361	67.722	70.498	29.502	11.121	10.431	246.237	0.000	0.010	0.000	0.100	99.900	0.000	2.635	11.699		长4+5!2^(2_1)
地检89-834	2516.875	104.799	67.390	64.662	35.338	11.451	10.709	243.685	0.000	0.010	0.000	0.100	99.900	0.000	2.633	12.113		长4+5!2^(2_1)
地检89-834	2517.000	102.766	66.990	61.759	38.241	11.868	11.017	242.000	0.000	0.010	0.000	0.100	99.900	0.000	2.630	12.511		长4+5!2^(2_1)
地检89-834	2517.125	100.264	66.548	57.883	42.117	12.394	11.400	241.216	0.000	0.010	0.000	0.100	99.900	0.000	2.625	13.104		长4+5!2^(2_1)
地检89-834	2517.250	99.367	66.077	56.712	43.288	12.990	11.926	241.055	0.000	0.010	0.000	0.100	99.900	0.000	2.620	14.052		长4+5!2^(2_1)
地检89-834	2517.375	97.320	65.586	54.808	45.192	13.565	12.654	241.055	0.000	0.010	0.000	0.100	99.900	0.000	2.610	15.442		长4+5!2^(2_1)
地检89-834	2517.500	90.025	65.079	45.168	54.832	14.048	13.569	240.796	0.000	0.010	0.000	0.100	99.900	0.000	2.599	17.218		长4+5!2^(2_1)
地检89-834	2517.625	85.168	64.560	38.868	61.132	14.428	14.446	240.264	0.000	0.010	0.000	0.100	99.900	0.000	2.591	18.539		长4+5!2^(2_1)
地检89-834	2517.750	85.398	64.039	38.771	61.229	14.718	15.044	239.745	0.000	0.010	0.000	0.100	99.900	0.000	2.587	18.383		长4+5!2^(2_1)
地检89-834	2517.875	88.522	63.527	42.027	57.973	14.939	15.219	239.702	0.000	0.010	0.000	0.100	99.900	0.000	2.585	17.014		长4+5!2^(2_1)
地检89-834	2518.000	93.472	63.033	48.378	51.622	15.080	14.982	240.561	0.000	0.010	0.000	0.100	99.900	0.000	2.584	15.551		长4+5!2^(2_1)
地检89-834	2518.125	95.738	62.550	51.502	48.498	15.083	14.618	242.012	0.000	0.010	0.000	0.100	99.900	0.000	2.583	14.734		长4+5!2^(2_1)
地检89-834	2518.250	96.793	62.061	52.625	47.375	14.891	14.298	243.465	0.280	0.010	9.747	0.100	99.900	0.472	2.579	14.674		长4+5!2^(2_1)
地检89-834	2518.375	99.081	61.545	56.307	43.693	14.554	14.059	244.220	0.259	0.010	9.587	0.100	99.900	0.470	2.577	14.776	差油层	长4+5!2^(2_1)
地检89-834	2518.500	97.405	60.976	54.501	45.499	14.194	13.805	243.567	0.272	0.010	9.693	0.100	99.900	0.478	2.577	14.457	差油层	长4+5!2^(2_1)
地检89-834	2518.625	92.399	60.346	26.895	73.105	13.897	13.494	241.506	0.317	0.153	9.999	12.979	74.658	0.497	2.576	13.716	差油层	长4+5!2^(2_2)
地检89-834	2518.750	84.543	59.661	21.944	78.056	13.680	13.205	238.336	0.402	0.139	10.487	12.676	77.829	0.512	2.571	13.133	差油层	长4+5!2^(2_2)
地检89-834	2518.875	79.525	58.958	18.945	81.055	13.514	13.055	234.790	0.433	0.130	10.639	12.326	79.721	0.512	2.567	13.123	差油层	长4+5!2^(2_2)
地检89-834	2519.000	76.197	58.320	16.806	83.194	13.384	13.093	231.901	0.443	0.134	10.684	12.033	79.830	0.498	2.562	13.629	差油层	长4+5!2^(2_2)
地检89-834	2519.125	77.839	57.834	17.250	82.750	13.297	13.188	230.236	0.374	0.136	10.340	11.858	79.470	0.486	2.560	14.098	差油层	长4+5!2^(2_2)
地检89-834	2519.250	81.962	57.564	19.163	80.837	13.269	13.234	229.869	0.297	0.132	9.873	11.812	79.540	0.485	2.565	14.166	差油层	长4+5!2^(2_2)
地检89-834	2519.375	86.103	57.538	21.347	78.653	13.279	13.197	230.457	0.248	0.125	9.503	11.865	80.071	0.493	2.581	13.873	差油层	长4+5!2^(2_2)
地检89-834	2519.500	89.383	57.749	23.329	76.671	13.264	13.119	231.333	0.219	0.117	9.253	11.953	80.719	0.504	2.600	13.481	差油层	长4+5!2^(2_2)
地检89-834	2519.625	90.221	58.082	24.065	75.935	13.151	13.053	231.885	0.216	0.113	9.224	12.009	81.043	0.510	2.619	13.269	差油层	长4+5!2^(2_2)
地检89-834	2519.750	87.958	58.444	22.849	77.151	12.889	13.002	232.306	0.248	0.117	9.503	12.042	80.508	0.506	2.629	13.383	差油层	长4+5!2^(2_2)
地检89-834	2519.875	86.042	58.758	21.892	78.108	12.507	12.931	233.677	0.293	0.128	9.845	12.148	79.091	0.498	2.630	13.665	差油层	长4+5!2^(2_2)
地检89-834	2520.000	85.546	58.965	21.778	78.222	12.098	12.747	237.716	0.370	0.152	10.318	12.511	76.426	0.491	2.619	13.925	差油层	长4+5!2^(2_2)
地检89-834	2520.125	89.890	59.075	24.572	75.428	11.789	12.348	244.399	0.417	0.177	10.562	13.143	73.684	0.494	2.600	13.784	差油层	长4+5!2^(2_2)
地检89-834	2520.250	98.970	59.094	31.171	68.829	11.738	11.698	252.350	0.394	0.171	10.446	13.923	73.668	0.531	2.571	12.511	差油层	长4+5!2^(2_2)
地检89-834	2520.375	106.384	59.014	37.933	62.067	11.988	10.945	259.140	0.382	0.133	10.382	14.622	77.473	0.609	2.543	10.415	差油层	长4+5!2^(2_2)
地检89-834	2520.500	106.666	58.788	39.190	60.810	12.467	10.550	262.028	0.437	0.109	10.653	14.946	81.320	0.673	2.519	9.109	差油层	长4+5!2^(2_2)
地检89-834	2520.625	100.941	58.394	35.102	64.898	13.096	10.860	260.742	0.548	0.123	11.115	14.859	80.181	0.654	2.501	9.463	差油层	长4+5!2^(2_2)
地检89-834	2520.750	92.231	57.810	28.868	71.132	13.836	11.916	255.993	0.670	0.207	11.526	14.422	72.293	0.539	2.487	12.242	差油层	长4+5!2^(2_2)
地检89-834	2520.875	82.390	57.039	21.913	78.087	14.704	13.430	249.079	0.778	0.396	11.830	13.762	61.886	0.402	2.483	18.081	差油层	长4+5!2^(2_2)
地检89-834	2521.000	80.170	56.111	19.728	80.272	15.822	15.020	241.361	0.587	0.570	11.257	13.008	53.813	0.304	2.482	26.298		长4+5!2^(2_2)
地检89-834	2521.125	81.715	55.117	19.527	80.473	17.391	16.590	234.219	0.376	0.609	10.352	12.300	49.850	0.254	2.485	33.685	油层	长4+5!2^(2_2)
地检89-834	2521.250	86.042	54.122	21.400	78.600	19.558	18.346	228.716	0.228	0.560	9.328	11.739	48.189	0.228	2.496	38.997	油层	长4+5!2^(2_2)
地检89-834	2521.375	85.150	53.176	20.768	79.232	22.147	20.468	225.858	0.206	0.563	9.123	11.425	46.787	0.211	2.508	43.311	油层	长4+5!2^(2_2)
地检89-834	2521.500	81.168	52.316	18.898	81.102	24.799	22.804	226.499	0.261	0.629	9.604	11.460	45.553	0.203	2.517	45.455	油层	长4+5!2^(2_2)
地检89-834	2521.625	76.255	51.534	16.705	83.295	27.208	24.824	229.616	0.393	0.747	10.440	11.747	45.172	0.206	2.518	44.328	油层	长4+5!2^(2_2)
地检89-834	2521.750	74.643	50.823	16.284	83.716	29.013	26.150	233.973	0.533	0.850	11.062	12.170	45.795	0.220	2.510	40.635	油层	长4+5!2^(2_2)
地检89-834	2521.875	75.205	50.175	16.858	83.142	30.026	26.707	238.247	0.645	0.909	11.449	12.596	46.970	0.238	2.491	36.445	油层	长4+5!2^(2_2)
地检89-834	2522.000	77.786	49.589	18.340	81.660	30.386	26.620	241.329	0.662	0.910	11.501	12.911	48.158	0.255	2.474	33.255	油层	长4+5!2^(2_2)
地检89-834	2522.125	81.105	49.045	20.216	79.784	30.421	26.232	242.885	0.605	0.880	11.318	13.080	49.036	0.267	2.463	31.380	油层	长4+5!2^(2_2)
地检89-834	2522.250	83.615	48.529	21.357	78.643	30.457	25.741	242.715	0.528	0.861	11.039	13.081	49.295	0.269	2.459	31.043	油层	长4+5!2^(2_2)
地检89-834	2522.375	87.988	48.027	23.767	76.233	30.599	25.402	240.835	0.383	0.812	10.388	12.914	48.839	0.261	2.460	32.321	油层	长4+5!2^(2_2)
地检89-834	2522.500	87.776	47.521	23.555	76.445	30.817	25.601	237.656	0.329	0.814	10.079	12.608	47.607	0.244	2.468	35.423	油层	长4+5!2^(2_2)
地检89-834	2522.625	83.135	47.001	20.886	79.114	31.105	26.377	234.406	0.353	0.870	10.223	12.284	45.788	0.223	2.484	40.010	油层	长4+5!2^(2_2)
地检89-834	2522.750	76.360	46.464	17.076	82.924	31.522	27.508	231.990	0.442	0.970	10.677	12.036	43.958	0.204	2.502	44.930	油层	长4+5!2^(2_2)
地检89-834	2522.875	73.653	45.921	15.802	84.198	32.101	28.621	230.863	0.479	1.015	10.841	11.913	42.779	0.194	2.515	48.276	油层	长4+5!2^(2_2)
地检89-834	2523.000	69.862	45.397	14.054	85.946	32.760	29.409	231.046	0.586	1.108	11.254	11.922	42.344	0.191	2.523	49.205	油层	长4+5!2^(2_2)
地检89-834	2523.125	68.311	44.920	13.484	86.516	33.280	29.951	232.009	0.667	1.178	11.516	12.010	42.414	0.193	2.524	48.441	油层	长4+5!2^(2_2)
地检89-834	2523.250	66.613	44.514	13.002	86.998	33.360	30.361	233.529	0.786	1.258	11.851	12.153	42.839	0.198	2.516	46.547	油层	长4+5!2^(2_2)
地检89-834	2523.375	63.326	44.196	11.788	88.212	32.891	30.587	235.462	1.027	1.378	12.394	12.337	43.596	0.207	2.501	43.817	油层	长4+5!2^(2_2)
地检89-834	2523.500	61.811	43.981	11.208	88.792	31.989	30.337	237.690	1.243	1.456	12.784	12.552	44.726	0.220	2.484	40.436	油层	长4+5!2^(2_2)
地检89-834	2523.625	64.233	43.851	12.280	87.720	30.842	29.583	240.025	1.238	1.420	12.775	12.778	46.060	0.235	2.466	36.993	油层	长4+5!2^(2_2)
地检89-834	2523.750	67.845	43.800	14.037	85.963	29.658	28.499	242.335	1.158	1.345	12.640	13.004	47.292	0.250	2.450	34.067	油层	长4+5!2^(2_2)
地检89-834	2523.875	69.715	43.826	15.089	84.911	28.549	27.354	244.434	1.172	1.307	12.664	13.213	48.188	0.262	2.433	31.942	油层	长4+5!2^(2_2)
地检89-834	2524.000	70.060	43.939	15.569	84.431	27.492	26.343	245.995	1.247	1.289	12.791	13.372	48.816	0.271	2.423	30.504	油层	长4+5!2^(2_2)
地检89-834	2524.125	67.353	44.127	14.353	85.647	26.450	25.430	246.832	1.495	1.314	13.160	13.462	49.546	0.280	2.423	29.280	油层	长4+5!2^(2_2)
地检89-834	2524.250	67.209	44.390	14.255	85.745	25.480	24.522	246.892	1.511	1.246	13.181	13.474	50.718	0.290	2.433	27.900	油层	长4+5!2^(2_2)
地检89-834	2524.375	68.059	44.724	14.552	85.448	24.672	23.566	246.398	1.411	1.129	13.041	13.427	52.289	0.302	2.443	26.401	油层	长4+5!2^(2_2)
地检89-834	2524.500	69.033	45.122	15.044	84.956	24.047	22.603	245.753	1.299	1.007	12.873	13.364	53.962	0.315	2.452	24.988	油层	长4+5!2^(2_2)
地检89-834	2524.625	67.847	45.555	14.322	85.678	23.566	21.740	245.173	1.339	0.942	12.936	13.309	55.333	0.325	2.459	23.932	油层	长4+5!2^(2_2)
地检89-834	2524.750	70.060	46.001	15.086	84.914	23.173	21.054	244.495	1.155	0.868	12.635	13.246	56.059	0.330	2.462	23.503	油层	长4+5!2^(2_2)
地检89-834	2524.875	74.573	46.445	17.101	82.899	22.829	20.565	243.511	0.872	0.791	12.063	13.154	56.249	0.329	2.462	23.622	油层	长4+5!2^(2_2)
地检89-834	2525.000	77.297	46.868	18.381	81.619	22.543	20.270	242.285	0.713	0.736	11.652	13.033	56.397	0.327	2.469	23.866		长4+5!2^(2_2)
地检89-834	2525.125	77.896	47.258	18.551	81.449	22.375	20.103	241.268	0.656	0.699	11.483	12.929	56.817	0.327	2.482	23.835		长4+5!2^(2_2)
地检89-834	2525.250	78.834	47.603	18.855	81.145	22.397	20.041	240.739	0.609	0.666	11.331	12.874	57.271	0.330	2.496	23.629		长4+5!2^(2_2)
地检89-834	2525.375	80.627	47.888	20.078	79.922	22.586	20.072	240.535	0.550	0.638	11.123	12.856	57.267	0.329	2.505	23.686		长4+5!2^(2_2)
地检89-834	2525.500	77.039	48.090	17.989	82.011	22.817	20.216	240.061	0.645	0.683	11.447	12.816	56.589	0.322	2.511	24.386		长4+5!2^(2_2)
地检89-834	2525.625	78.583	48.210	18.582	81.418	22.952	20.479	239.119	0.568	0.695	11.188	12.725	55.452	0.310	2.510	25.704		长4+5!2^(2_2)
地检89-834	2525.750	81.083	48.241	19.663	80.337	22.859	20.830	238.239	0.478	0.699	10.836	12.631	54.285	0.297	2.504	27.160		长4+5!2^(2_2)
地检89-834	2525.875	83.635	48.167	21.275	78.725	22.510	21.133	238.300	0.420	0.689	10.577	12.619	53.666	0.292	2.496	27.833		长4+5!2^(2_2)
地检89-834	2526.000	80.996	47.958	19.985	80.015	21.954	21.118	239.972	0.524	0.727	11.026	12.769	53.894	0.298	2.483	27.051		长4+5!2^(2_2)
地检89-834	2526.125	80.775	47.629	19.867	80.133	21.229	20.711	242.714	0.610	0.733	11.335	13.030	54.992	0.315	2.467	25.109		长4+5!2^(2_2)
地检89-834	2526.250	85.615	47.199	22.614	77.386	20.341	19.987	245.855	0.559	0.675	11.158	13.337	56.671	0.339	2.451	22.735		长4+5!2^(2_2)
地检89-834	2526.375	92.029	46.705	26.629	73.371	19.328	19.088	248.810	0.469	0.600	10.799	13.630	58.531	0.366	2.437	20.544		长4+5!2^(2_2)
地检89-834	2526.500	97.690	46.181	30.487	69.513	18.288	18.092	251.116	0.395	0.535	10.450	13.862	60.361	0.392	2.426	18.775		长4+5!2^(2_2)
地检89-834	2526.625	102.726	45.650	33.946	66.054	17.346	17.027	252.574	0.329	0.474	10.078	14.014	62.349	0.418	2.423	17.275		长4+5!2^(2_2)
地检89-834	2526.750	109.305	45.105	38.681	61.319	16.639	15.954	252.991	0.240	0.403	9.437	14.066	64.663	0.444	2.424	15.960		长4+5!2^(2_2)
地检89-834	2526.875	115.984	44.532	44.591	55.409	16.231	15.007	252.242	0.164	0.333	8.664	14.008	67.192	0.469	2.425	14.886		长4+5!2^(2_2)
地检89-834	2527.000	114.677	43.928	43.516	56.484	16.112	14.383	250.161	0.158	0.307	8.584	13.818	69.284	0.482	2.425	14.328		长4+5!2^(2_2)
地检89-834	2527.125	109.802	43.330	39.223	60.777	16.249	14.136	247.023	0.173	0.311	8.764	13.521	70.036	0.477	2.423	14.544		长4+5!2^(2_2)
地检89-834	2527.250	104.351	42.792	34.613	65.387	16.613	14.309	243.172	0.187	0.353	8.930	13.149	68.522	0.445	2.419	15.927		长4+5!2^(2_2)
地检89-834	2527.375	98.796	42.379	30.747	69.253	17.199	14.908	239.285	0.204	0.431	9.103	12.763	65.155	0.398	2.420	18.524		长4+5!2^(2_2)
地检89-834	2527.500	88.763	42.162	23.841	76.159	18.069	15.898	236.273	0.292	0.586	9.833	12.459	60.597	0.345	2.426	22.306		长4+5!2^(2_2)
地检89-834	2527.625	86.320	42.124	22.002	77.998	19.348	17.084	234.411	0.300	0.713	9.893	12.268	56.373	0.304	2.436	26.453		长4+5!2^(2_2)
地检89-834	2527.750	88.928	42.230	23.012	76.988	21.209	18.399	233.464	0.250	0.761	9.523	12.172	53.609	0.280	2.447	29.643		长4+5!2^(2_2)
地检89-834	2527.875	94.921	42.420	26.821	73.179	23.660	19.902	232.913	0.179	0.724	8.842	12.118	52.118	0.267	2.459	31.598		长4+5!2^(2_2)
地检89-834	2528.000	93.034	42.626	26.162	73.838	26.493	21.802	232.365	0.192	0.758	8.981	12.064	50.538	0.253	2.469	33.859		长4+5!2^(2_2)
地检89-834	2528.125	83.239	42.792	21.027	78.973	29.407	24.116	231.977	0.310	0.910	9.959	12.020	47.753	0.231	2.478	38.161		长4+5!2^(2_2)
地检89-834	2528.250	69.208	42.899	14.374	85.626	32.076	26.662	232.290	0.646	1.207	11.452	12.038	44.054	0.205	2.484	44.726	油层	长4+5!2^(2_2)
地检89-834	2528.375	57.745	42.951	9.647	90.353	34.410	29.024	233.872	1.259	1.582	12.809	12.174	40.887	0.185	2.487	50.947	油层	长4+5!2^(2_2)
地检89-834	2528.500	53.907	42.971	8.398	91.602	36.569	30.683	237.046	1.801	1.868	13.539	12.472	39.159	0.178	2.487	53.323	油层	长4+5!2^(2_2)
地检89-834	2528.625	53.228	42.996	8.367	91.633	38.773	31.743	241.085	2.293	2.120	14.031	12.862	38.498	0.181	2.486	52.369	油层	长4+5!2^(2_2)
地检89-834	2528.750	54.893	43.044	9.200	90.800	41.202	32.545	245.088	2.585	2.297	14.275	13.261	37.899	0.183	2.478	51.324	油层	长4+5!2^(2_2)
地检89-834	2528.875	58.034	43.120	10.502	89.498	43.822	33.411	247.944	2.548	2.368	14.245	13.565	36.955	0.182	2.470	51.956	油层	长4+5!2^(2_2)
地检89-834	2529.000	62.828	43.218	12.501	87.499	46.407	34.533	248.158	0.000	2.188	0.000	13.619	35.971	0.000	2.467	54.470	油层	长4+5!2^(2_2)
地检89-834	2529.125	65.032	43.323	13.342	86.658	48.664	35.977	245.147	0.000	1.935	0.000	13.362	35.229	0.000	2.468	58.643	油层	长4+5!2^(2_2)
地检89-834	2529.250	63.543	43.432	18.609	81.391	50.249	37.852	238.876	0.000	0.010	0.000	0.100	99.900	0.000	2.477	64.807	油层	长4+5!2^(2_2)
地检89-834	2529.375	61.158	43.541	16.746	83.254	51.012	40.132	230.513	0.000	0.010	0.000	0.100	99.900	0.000	2.503	72.811	油层	长4+5!2^(2_2)
地检89-834	2529.500	58.726	43.651	14.858	85.142	51.000	42.422	222.558	0.000	0.010	0.000	0.100	99.900	0.000	2.538	80.573	油层	长4+5!2^(2_2)
地检89-834	2529.625	56.758	43.762	13.455	86.545	50.264	44.004	217.431	0.000	0.010	0.000	0.100	99.900	0.000	2.571	83.579	油层	长4+5!2^(2_2)
地检89-834	2529.750	54.785	43.880	11.770	88.230	48.788	44.366	216.090	0.000	0.010	0.000	0.100	99.900	0.000	2.593	78.838	油层	长4+5!2^(2_2)
地检89-834	2529.875	56.739	44.007	12.768	87.232	46.665	43.416	218.028	0.000	0.010	0.000	0.100	99.900	0.000	2.592	68.653	油层	长4+5!2^(2_2)
地检89-834	2530.000	63.337	44.146	17.535	82.465	44.117	41.352	221.652	0.506	0.010	10.954	0.100	99.900	0.171	2.573	56.913	油层	长4+5!2^(2_2)
地检89-834	2530.125	71.302	44.294	13.805	86.195	41.343	38.722	224.793	0.396	0.943	10.453	11.306	45.485	0.199	2.545	46.640		长4+5!2^(2_2)
地检89-834	2530.250	75.919	44.452	16.083	83.917	38.510	35.807	226.416	0.339	0.853	10.142	11.481	48.741	0.225	2.517	39.576		长4+5!2^(2_3)
地检89-834	2530.375	78.698	44.630	17.189	82.811	35.774	32.946	226.411	0.294	0.761	9.852	11.492	51.551	0.245	2.500	35.323		长4+5!2^(2_3)
地检89-834	2530.500	84.624	44.848	19.937	80.063	33.313	30.571	225.441	0.207	0.650	9.135	11.398	53.495	0.257	2.498	33.263		长4+5!2^(2_3)
地检89-834	2530.625	90.627	45.110	22.972	77.028	31.276	28.754	224.561	0.146	0.571	8.418	11.307	54.588	0.262	2.503	32.377		长4+5!2^(2_3)
地检89-834	2530.750	96.363	45.412	26.172	73.828	29.794	27.356	224.179	0.107	0.518	7.782	11.264	55.000	0.265	2.508	32.100		长4+5!2^(2_3)
地检89-834	2530.875	100.613	45.730	29.425	70.575	28.875	26.200	224.400	0.087	0.484	7.363	11.278	54.891	0.264	2.508	32.161		长4+5!2^(2_3)
地检89-834	2531.000	95.200	46.029	26.617	73.383	28.453	25.288	225.319	0.120	0.522	8.022	11.361	54.340	0.262	2.504	32.410		长4+5!2^(2_3)
地检89-834	2531.125	84.785	46.284	20.956	79.044	28.464	24.728	226.746	0.219	0.612	9.254	11.497	53.651	0.261	2.494	32.588		长4+5!2^(2_3)
地检89-834	2531.250	76.142	46.488	16.685	83.315	28.857	24.661	228.367	0.371	0.715	10.322	11.656	52.898	0.259	2.482	32.754		长4+5!2^(2_3)
地检89-834	2531.375	72.073	46.653	14.890	85.110	29.568	25.145	229.806	0.492	0.797	10.895	11.800	51.854	0.255	2.474	33.386		长4+5!2^(2_3)
地检89-834	2531.500	70.325	46.798	14.263	85.737	30.534	26.187	230.806	0.566	0.871	11.181	11.901	50.214	0.245	2.475	35.096		长4+5!2^(2_3)
地检89-834	2531.625	68.072	46.949	13.370	86.630	31.685	27.535	231.491	0.657	0.971	11.487	11.969	47.935	0.230	2.477	38.147	油层	长4+5!2^(2_3)
地检89-834	2531.750	65.910	47.118	12.614	87.386	32.905	28.986	232.125	0.758	1.084	11.778	12.027	45.043	0.211	2.480	42.850	油层	长4+5!2^(2_3)
地检89-834	2531.875	62.198	47.302	11.273	88.727	34.149	30.375	233.153	0.966	1.229	12.271	12.116	42.003	0.192	2.478	48.664	油层	长4+5!2^(2_3)
地检89-834	2532.000	57.588	47.489	9.723	90.277	35.494	31.582	235.163	1.355	1.420	12.960	12.301	39.330	0.177	2.474	54.104	油层	长4+5!2^(2_3)
地检89-834	2532.125	52.800	47.666	8.170	91.830	37.046	32.568	238.092	2.011	1.679	13.763	12.580	37.590	0.170	2.469	57.026	油层	长4+5!2^(2_3)
地检89-834	2532.250	50.244	47.831	7.442	92.558	38.825	33.303	241.417	2.717	1.934	14.376	12.906	36.965	0.171	2.462	56.479	油层	长4+5!2^(2_3)
地检89-834	2532.375	50.480	47.992	7.680	92.320	40.670	33.852	244.302	3.111	2.077	14.652	13.199	37.145	0.177	2.453	53.854	油层	长4+5!2^(2_3)
地检89-834	2532.500	52.046	48.168	8.343	91.657	42.337	34.362	245.960	3.126	2.083	14.661	13.371	37.605	0.183	2.445	51.405	油层	长4+5!2^(2_3)
地检89-834	2532.625	53.530	48.376	8.906	91.094	43.611	34.913	246.547	2.986	2.044	14.568	13.435	37.662	0.184	2.439	50.839	油层	长4+5!2^(2_3)
地检89-834	2532.750	54.804	48.628	9.444	90.556	44.347	35.436	246.494	2.790	1.983	14.430	13.433	37.100	0.180	2.436	52.410	油层	长4+5!2^(2_3)
地检89-834	2532.875	53.906	48.929	9.146	90.854	44.671	35.841	246.240	2.884	1.994	14.497	13.408	36.296	0.174	2.435	54.928	油层	长4+5!2^(2_3)
地检89-834	2533.000	52.382	49.282	8.474	91.526	44.865	36.087	246.031	3.084	2.039	14.634	13.386	35.550	0.168	2.439	57.414	油层	长4+5!2^(2_3)
地检89-834	2533.125	53.997	49.669	8.947	91.053	45.108	36.246	245.954	2.829	1.955	14.458	13.376	34.862	0.163	2.444	59.779	油层	长4+5!2^(2_3)
地检89-834	2533.250	57.662	50.074	10.250	89.750	45.423	36.383	246.135	2.368	1.794	14.096	13.389	34.132	0.159	2.445	62.257	油层	长4+5!2^(2_3)
地检89-834	2533.375	61.645	50.476	11.954	88.046	45.707	36.547	246.772	1.995	1.629	13.747	13.444	33.373	0.154	2.442	64.674	油层	长4+5!2^(2_3)
地检89-834	2533.500	62.616	50.842	12.415	87.585	45.833	36.748	248.019	2.024	1.616	13.776	13.561	32.743	0.152	2.442	66.211	油层	长4+5!2^(2_3)
地检89-834	2533.625	63.740	51.148	13.151	86.849	45.683	36.937	249.629	2.075	1.615	13.827	13.717	32.529	0.152	2.444	65.806	油层	长4+5!2^(2_3)
地检89-834	2533.750	61.717	51.378	12.538	87.462	45.116	37.066	251.252	2.500	1.757	14.207	13.878	32.854	0.157	2.452	63.252	油层	长4+5!2^(2_3)
地检89-834	2533.875	58.768	51.539	11.344	88.656	44.124	37.043	252.470	3.094	1.954	14.641	14.005	33.527	0.163	2.465	59.813	油层	长4+5!2^(2_3)
地检89-834	2534.000	59.084	51.656	11.430	88.570	42.833	36.663	252.846	3.104	1.966	14.647	14.050	34.432	0.171	2.475	56.398	油层	长4+5!2^(2_3)
地检89-834	2534.125	60.789	51.781	12.138	87.862	41.414	35.851	252.331	2.771	1.853	14.416	14.010	35.669	0.179	2.478	52.809	油层	长4+5!2^(2_3)
地检89-834	2534.250	60.409	51.949	12.053	87.947	40.107	34.637	250.854	2.619	1.747	14.301	13.878	37.424	0.190	2.479	48.747	油层	长4+5!2^(2_3)
地检89-834	2534.375	56.335	52.179	10.277	89.723	39.161	33.203	248.322	2.834	1.699	14.461	13.645	39.691	0.203	2.479	44.595		长4+5!2^(2_3)
地检89-834	2534.500	53.375	52.477	8.742	91.258	38.733	31.894	244.687	2.737	1.556	14.391	13.298	42.079	0.215	2.481	41.439		长4+5!2^(2_3)
地检89-834	2534.625	55.178	52.812	9.007	90.993	38.848	31.068	240.506	2.015	1.309	13.767	12.894	43.794	0.220	2.489	40.304		长4+5!2^(2_3)
地检89-834	2534.750	58.147	53.164	9.832	90.168	39.411	30.986	236.238	0.000	1.123	0.000	12.479	43.971	0.000	2.498	42.249		长4+5!2^(2_3)
地检89-834	2534.875	58.906	53.514	9.874	90.126	40.205	31.740	232.017	0.000	1.021	0.000	12.072	42.845	0.000	2.506	47.056		长4+5!2^(2_3)
地检89-834	2535.000	57.544	53.849	14.014	85.986	41.048	33.273	227.464	0.000	0.010	0.000	0.100	99.900	0.000	2.518	54.454		长4+5!2^(2_3)
地检89-834	2535.125	55.270	54.165	12.410	87.590	41.887	35.156	222.266	0.000	0.010	0.000	0.100	99.900	0.000	2.535	63.191		长4+5!2^(2_3)
地检89-834	2535.250	52.742	54.460	10.630	89.370	42.710	37.089	216.732	0.000	0.010	0.000	0.100	99.900	0.000	2.556	71.051		长4+5!2^(2_3)
地检89-834	2535.375	50.759	54.731	9.215	90.785	43.397	38.760	212.052	0.000	0.010	0.000	0.100	99.900	0.000	2.582	75.486		长4+5!2^(2_3)
地检89-834	2535.500	50.197	54.975	8.690	91.310	43.649	39.733	210.344	0.000	0.010	0.000	0.100	99.900	0.000	2.602	74.240		长4+5!2^(2_3)
地检89-834	2535.625	51.843	55.199	9.647	90.353	43.120	39.859	212.473	0.000	0.010	0.000	0.100	99.900	0.000	2.605	68.372		长4+5!2^(2_3)
地检89-834	2535.750	55.466	55.410	11.798	88.202	41.532	39.121	218.171	0.000	0.010	0.000	0.100	99.900	0.000	2.588	59.645		长4+5!2^(2_3)
地检89-834	2535.875	62.233	55.611	10.407	89.593	39.021	37.669	225.807	0.662	0.746	11.502	11.348	43.522	0.186	2.559	50.627		长4+5!2^(2_3)
地检89-834	2536.000	63.965	55.802	11.571	88.429	36.013	35.651	232.774	0.866	0.837	12.048	12.050	44.972	0.211	2.530	42.843	差油层	长4+5!2^(2_3)
地检89-834	2536.125	67.756	55.985	13.308	86.692	32.940	33.271	237.133	0.892	0.815	12.107	12.506	47.267	0.238	2.511	36.426	差油层	长4+5!2^(2_3)
地检89-834	2536.250	75.231	56.160	16.648	83.352	30.249	30.578	238.344	0.647	0.667	11.456	12.652	50.638	0.268	2.509	31.125	差油层	长4+5!2^(2_3)
地检89-834	2536.375	83.042	56.323	20.440	79.560	28.144	27.730	237.029	0.406	0.497	10.506	12.538	54.960	0.300	2.520	26.828	差油层	长4+5!2^(2_3)
地检89-834	2536.500	88.177	56.468	22.858	77.142	26.564	25.148	234.538	0.275	0.379	9.713	12.294	59.115	0.327	2.538	23.973	差油层	长4+5!2^(2_3)
地检89-834	2536.625	92.498	56.591	25.351	74.649	25.351	23.208	232.415	0.198	0.312	9.042	12.077	61.633	0.341	2.551	22.724	差油层	长4+5!2^(2_3)
地检89-834	2536.750	91.054	56.695	24.673	75.327	24.365	22.054	231.281	0.201	0.310	9.074	11.956	61.628	0.337	2.558	23.120	差油层	长4+5!2^(2_3)
地检89-834	2536.875	85.485	56.792	21.546	78.454	23.566	21.535	231.287	0.267	0.356	9.654	11.945	59.771	0.321	2.558	24.617	差油层	长4+5!2^(2_3)
地检89-834	2537.000	81.668	56.908	19.535	80.465	23.028	21.320	232.312	0.342	0.410	10.158	12.040	57.706	0.307	2.557	26.058	差油层	长4+5!2^(2_3)
地检89-834	2537.125	80.917	57.058	19.218	80.782	22.860	21.095	233.619	0.380	0.436	10.372	12.171	56.822	0.304	2.556	26.389	差油层	长4+5!2^(2_3)
地检89-834	2537.250	81.790	57.244	19.677	80.323	23.115	20.868	234.484	0.380	0.430	10.372	12.265	57.085	0.309	2.558	25.810	差油层	长4+5!2^(2_3)
地检89-834	2537.375	83.854	57.452	20.734	79.266	23.661	20.821	234.430	0.341	0.407	10.151	12.269	57.611	0.314	2.557	25.328	差油层	长4+5!2^(2_3)
地检89-834	2537.500	85.512	57.654	21.603	78.397	24.250	21.185	233.588	0.300	0.393	9.891	12.187	57.526	0.311	2.553	25.689	差油层	长4+5!2^(2_3)
地检89-834	2537.625	85.283	57.827	21.502	78.498	24.658	21.877	232.746	0.291	0.407	9.827	12.102	56.291	0.298	2.543	27.149	差油层	长4+5!2^(2_3)
地检89-834	2537.750	83.183	57.962	20.381	79.619	24.715	22.713	232.258	0.316	0.450	9.995	12.051	53.999	0.279	2.533	29.711	差油层	长4+5!2^(2_3)
地检89-834	2537.875	80.854	58.060	19.198	80.802	24.432	23.428	232.035	0.352	0.495	10.214	12.029	51.979	0.263	2.528	32.166	差油层	长4+5!2^(2_3)
地检89-834	2538.000	79.157	58.128	18.047	81.953	23.947	23.657	231.867	0.380	0.512	10.373	12.013	51.669	0.260	2.527	32.630	差油层	长4+5!2^(2_3)
地检89-834	2538.125	82.809	58.187	19.843	80.157	23.380	23.307	231.755	0.314	0.456	9.981	12.000	53.538	0.274	2.533	30.444	差油层	长4+5!2^(2_3)
地检89-834	2538.250	85.925	58.253	21.426	78.574	22.797	22.461	231.788	0.268	0.384	9.660	12.002	56.995	0.301	2.548	26.855	差油层	长4+5!2^(2_3)
地检89-834	2538.375	89.053	58.344	23.167	76.833	22.192	21.374	231.909	0.230	0.314	9.348	12.015	60.843	0.332	2.564	23.522	差油层	长4+5!2^(2_3)
地检89-834	2538.500	91.378	58.473	24.359	75.641	21.532	20.327	231.891	0.204	0.265	9.104	12.016	64.017	0.359	2.579	21.244	差油层	长4+5!2^(2_3)
地检89-834	2538.625	94.913	58.632	26.455	73.545	20.832	19.444	231.622	0.168	0.228	8.708	11.992	66.241	0.377	2.594	19.911	差油层	长4+5!2^(2_3)
地检89-834	2538.750	96.882	58.811	27.660	72.340	20.202	18.737	231.245	0.149	0.210	8.464	11.953	67.331	0.385	2.607	19.376	差油层	长4+5!2^(2_3)
地检89-834	2538.875	97.696	58.992	28.146	71.854	19.786	18.200	231.097	0.142	0.205	8.364	11.933	67.495	0.386	2.612	19.337	差油层	长4+5!2^(2_3)
地检89-834	2539.000	98.161	59.155	28.546	71.454	19.675	17.888	231.489	0.141	0.210	8.356	11.967	66.802	0.381	2.613	19.647	差油层	长4+5!2^(2_3)
地检89-834	2539.125	97.554	59.288	28.344	71.656	19.912	17.847	232.278	0.152	0.227	8.502	12.041	65.376	0.372	2.607	20.300	差油层	长4+5!2^(2_3)
地检89-834	2539.250	95.554	59.382	27.510	72.490	20.506	18.149	233.256	0.177	0.258	8.812	12.135	63.045	0.355	2.593	21.543	差油层	长4+5!2^(2_3)
地检89-834	2539.375	89.819	59.427	24.437	75.563	21.390	18.828	234.232	0.249	0.318	9.510	12.233	59.831	0.331	2.572	23.599	差油层	长4+5!2^(2_3)
地检89-834	2539.500	82.350	59.414	20.413	79.587	22.489	19.907	234.895	0.377	0.414	10.356	12.305	55.910	0.301	2.549	26.760	差油层	长4+5!2^(2_3)
地检89-834	2539.625	77.259	59.355	17.715	82.285	23.786	21.265	234.800	0.487	0.515	10.876	12.308	52.106	0.271	2.528	30.796	差油层	长4+5!2^(2_3)
地检89-834	2539.750	76.077	59.266	16.932	83.068	25.303	22.852	233.504	0.484	0.570	10.864	12.196	49.229	0.246	2.518	35.036	差油层	长4+5!2^(2_3)
地检89-834	2539.875	76.764	59.177	17.136	82.864	26.995	24.638	230.947	0.410	0.569	10.526	11.955	47.423	0.227	2.517	39.046	差油层	长4+5!2^(2_3)
地检89-834	2540.000	75.013	59.130	16.083	83.917	28.722	26.574	227.811	0.382	0.562	10.381	11.643	46.194	0.211	2.519	43.030	差油层	长4+5!2^(2_3)
地检89-834	2540.125	72.250	59.151	14.659	85.340	30.275	28.437	225.547	0.392	0.562	10.433	11.404	45.217	0.199	2.521	46.513	差油层	长4+5!2^(2_3)
地检89-834	2540.250	69.271	59.257	13.306	86.694	31.350	29.966	225.258	0.449	0.581	10.713	11.350	44.810	0.195	2.521	47.740	差油层	长4+5!2^(2_3)
地检89-834	2540.375	67.770	59.460	12.686	87.314	31.752	30.958	227.400	0.541	0.616	11.092	11.534	45.194	0.202	2.512	45.680	差油层	长4+5!2^(2_3)
地检89-834	2540.500	69.674	59.769	13.882	86.118	31.433	31.251	231.710	0.612	0.637	11.343	11.943	46.102	0.217	2.495	41.388	差油层	长4+5!2^(2_3)
地检89-834	2540.625	70.648	60.156	14.734	85.266	30.394	30.977	236.729	0.753	0.669	11.765	12.433	46.922	0.234	2.475	37.331	差油层	长4+5!2^(2_3)
地检89-834	2540.750	72.228	60.606	15.726	84.274	28.701	30.182	241.365	0.881	0.698	12.083	12.894	47.078	0.246	2.457	34.874	差油层	长4+5!2^(2_3)
地检89-834	2540.875	77.127	61.101	17.994	82.006	26.629	28.884	244.848	0.000	0.674	0.000	13.249	47.512	0.000	2.451	32.706	差油层	长4+5!2^(2_3)
地检89-834	2541.000	87.978	61.631	40.795	59.205	24.538	26.989	246.709	0.000	0.010	0.000	0.100	99.900	0.000	2.461	29.083		长4+5!2^(2_3)
地检89-834	2541.125	98.145	62.175	53.345	46.655	22.688	24.659	247.198	0.000	0.010	0.000	0.100	99.900	0.000	2.483	24.260		长4+5!2^(2_3)
地检89-834	2541.250	108.061	62.707	68.200	31.800	21.235	22.184	246.410	0.000	0.010	0.000	0.100	99.900	0.000	2.515	20.025		长4+5!2^(2_3)
地检89-834	2541.375	114.039	63.193	79.713	20.287	20.132	19.989	244.381	0.000	0.010	0.000	0.100	99.900	0.000	2.546	17.295		
地检89-834	2541.500	111.313	63.595	75.802	24.198	19.213	18.498	241.006	0.000	0.010	0.000	0.100	99.900	0.000	2.562	16.195		
地检89-834	2541.625	104.957	63.931	65.578	34.422	18.335	17.610	236.737	0.000	0.010	0.000	0.100	99.900	0.000	2.565	16.256		
地检89-834	2541.750	99.179	64.242	56.709	43.291	17.424	17.112	232.338	0.000	0.010	0.000	0.100	99.900	0.000	2.567	17.270		
地检89-834	2541.875	95.836	64.586	52.494	47.506	16.514	16.762	229.055	0.000	0.010	0.000	0.100	99.900	0.000	2.576	18.663		
地检89-834	2542.000	91.304	65.021	45.811	54.189	15.687	16.352	228.390	0.000	0.010	0.000	0.100	99.900	0.000	2.592	19.356		
地检89-834	2542.125	93.594	65.546	47.711	52.289	15.004	15.810	230.344	0.000	0.010	0.000	0.100	99.900	0.000	2.613	18.507		
地检89-834	2542.250	102.511	66.135	59.076	40.924	14.487	15.170	234.263	0.000	0.010	0.000	0.100	99.900	0.000	2.632	16.474		
地检89-834	2542.375	113.876	66.746	78.216	21.784	14.086	14.518	238.979	0.000	0.010	0.000	0.100	99.900	0.000	2.641	14.529		
地检89-834	2542.500	117.992	67.339	85.764	14.236	13.708	13.947	243.229	0.000	0.010	0.000	0.100	99.900	0.000	2.643	13.168		
地检89-834	2542.625	120.584	67.901	91.402	8.598	13.292	13.467	246.491	0.000	0.010	0.000	0.100	99.900	0.000	2.642	12.372		
地检89-834	2542.750	119.664	68.442	89.833	10.167	12.840	13.048	248.925	0.000	0.010	0.000	0.100	99.900	0.000	2.639	11.996		
地检89-834	2542.875	117.982	68.976	86.575	13.425	12.398	12.651	251.018	0.000	0.010	0.000	0.100	99.900	0.000	2.633	11.813		
地检89-834	2543.000	117.108	69.507	84.397	15.603	12.014	12.272	253.104	0.000	0.010	0.000	0.100	99.900	0.000	2.629	11.694		
地检89-834	2543.125	118.602	70.015	87.615	12.385	11.712	11.928	254.866	0.000	0.010	0.000	0.100	99.900	0.000	2.626	11.642		
地检89-834	2543.250	117.991	70.473	86.423	13.577	11.452	11.476	255.680	0.000	0.010	0.000	0.100	99.900	0.000	2.623	11.666		
地检89-834	2543.375	117.435	70.861	85.792	14.208	11.333	11.368	255.345	0.000	0.010	0.000	0.100	99.900	0.000	2.626	11.701		
地检89-834	2543.500	115.402	71.167	81.599	18.401	11.380	11.298	254.506	0.000	0.010	0.000	0.100	99.900	0.000	2.631	11.703		
地检89-834	2543.625	116.095	71.413	82.309	17.691	11.530	11.254	254.148	0.000	0.010	0.000	0.100	99.900	0.000	2.634	11.674		
地检89-834	2543.750	119.349	71.613	88.030	11.970	11.766	11.257	254.320	0.000	0.010	0.000	0.100	99.900	0.000	2.631	11.631		
地检89-834	2543.875	122.960	71.773	96.231	3.769	12.051	11.374	254.294	0.000	0.010	0.000	0.100	99.900	0.000	2.626	11.657		
地检89-834	2544.000	120.923	71.897	92.968	7.032	12.344	11.618	253.098	0.000	0.010	0.000	0.100	99.900	0.000	2.620	11.898		
地检89-834	2544.125	115.606	72.002	83.232	16.768	12.593	11.974	250.753	0.000	0.010	0.000	0.100	99.900	0.000	2.618	12.476		
地检89-834	2544.250	109.883	72.104	72.574	27.426	12.767	12.390	247.879	0.000	0.010	0.000	0.100	99.900	0.000	2.624	13.523		
地检89-834	2544.375	107.984	72.211	70.080	29.920	12.872	12.755	245.522	0.000	0.010	0.000	0.100	99.900	0.000	2.634	14.997		
地检89-834	2544.500	103.855	72.318	62.665	37.335	12.913	12.950	245.000	0.000	0.010	0.000	0.100	99.900	0.000	2.640	16.337		
地检89-834	2544.625	105.860	72.414	65.218	34.782	12.860	12.909	246.686	0.000	0.010	0.000	0.100	99.900	0.000	2.639	16.508		
地检89-834	2544.750	110.236	72.490	72.296	27.704	12.680	12.653	250.480	0.000	0.010	0.000	0.100	99.900	0.000	2.632	15.268		
地检89-834	2544.875	113.142	72.553	77.844	22.156	12.370	12.245	255.792	0.000	0.010	0.000	0.100	99.900	0.000	2.622	13.563		
地检89-834	2545.000	112.986	72.614	76.881	23.119	11.939	11.774	261.629	0.000	0.010	0.000	0.100	99.900	0.000	2.612	12.119		
地检89-834	2545.125	116.270	72.689	82.541	17.459	11.415	11.258	266.813	0.000	0.010	0.000	0.100	99.900	0.000	2.609	11.107		
地检89-834	2545.250	119.771	72.775	89.053	10.947	10.866	10.711	270.884	0.000	0.010	0.000	0.100	99.900	0.000	2.606	10.505		
地检89-834	2545.375	122.678	72.861	95.033	4.967	10.378	10.161	274.127	0.000	0.010	0.000	0.100	99.900	0.000	2.606	10.084		
地检89-834	2545.500	123.790	72.922	97.676	2.324	10.003	9.650	277.178	0.000	0.010	0.000	0.100	99.900	0.000	2.603	9.626		
地检89-834	2545.625	122.865	72.950	96.385	3.615	9.746	9.244	280.192	0.000	0.010	0.000	0.100	99.900	0.000	2.593	9.042		
地检89-834	2545.750	119.580	72.945	90.022	9.978	9.556	9.028	282.733	0.000	0.010	0.000	0.100	99.900	0.000	2.579	8.503		
地检89-834	2545.875	116.493	72.921	83.650	16.350	9.378	9.089	284.386	0.000	0.010	0.000	0.100	99.900	0.000	2.570	8.275		
地检89-834	2546.000	116.490	72.895	83.407	16.593	9.173	9.313	285.020	0.000	0.010	0.000	0.100	99.900	0.000	2.569	8.581		
地检89-834	2546.125	117.338	72.882	85.402	14.598	8.920	9.528	285.144	0.000	0.010	0.000	0.100	99.900	0.000	2.571	9.228		
地检89-834	2546.250	116.029	72.883	83.132	16.868	8.637	9.563	285.345	0.000	0.010	0.000	0.100	99.900	0.000	2.575	9.776		
地检89-834	2546.375	114.009	72.890	80.003	19.997	8.362	9.313	286.281	0.000	0.010	0.000	0.100	99.900	0.000	2.580	9.750		
地检89-834	2546.500	110.555	72.887	73.047	26.953	8.110	8.903	288.406	0.000	0.010	0.000	0.100	99.900	0.000	2.581	9.104		
地检89-834	2546.625	113.149	72.859	76.399	23.601	7.876	8.452	291.236	0.000	0.010	0.000	0.100	99.900	0.000	2.579	8.253		
地检89-834	2546.750	120.494	72.794	89.665	10.335	7.644	8.030	294.157	0.000	0.010	0.000	0.100	99.900	0.000	2.579	7.557		
地检89-834	2546.875	126.705	72.687	99.900	0.100	7.416	7.658	296.591	0.000	0.010	0.000	0.100	99.900	0.000	2.582	7.065		
地检89-834	2547.000	127.465	72.537	99.900	0.100	7.206	7.335	298.016	0.000	0.010	0.000	0.100	99.900	0.000	2.586	6.731		
地检89-834	2547.125	124.856	72.361	99.900	0.100	7.045	7.083	298.387	0.000	0.010	0.000	0.100	99.900	0.000	2.589	6.508		
地检89-834	2547.250	123.908	72.181	97.780	2.220	6.959	6.922	297.775	0.000	0.010	0.000	0.100	99.900	0.000	2.594	6.418		
地检89-834	2547.375	123.753	72.015	97.746	2.254	6.963	6.872	296.419	0.000	0.010	0.000	0.100	99.900	0.000	2.599	6.471		
地检89-834	2547.500	122.322	71.883	95.145	4.855	7.062	6.915	294.592	0.000	0.010	0.000	0.100	99.900	0.000	2.602	6.669		
地检89-834	2547.625	119.780	71.779	90.263	9.737	7.253	7.053	292.582	0.000	0.010	0.000	0.100	99.900	0.000	2.600	6.984		
地检89-834	2547.750	117.242	71.687	85.116	14.884	7.512	7.290	290.451	0.000	0.010	0.000	0.100	99.900	0.000	2.592	7.443		
地检89-834	2547.875	116.773	71.588	83.871	16.129	7.808	7.626	288.163	0.000	0.010	0.000	0.100	99.900	0.000	2.583	8.044		
地检89-834	2548.000	117.957	71.464	86.309	13.691	8.126	8.016	285.717	0.000	0.010	0.000	0.100	99.900	0.000	2.580	8.759		
地检89-834	2548.125	117.784	71.308	86.156	13.844	8.477	8.412	283.338	0.000	0.010	0.000	0.100	99.900	0.000	2.582	9.494		
地检89-834	2548.250	116.868	71.117	84.468	15.532	8.871	8.759	281.197	0.000	0.010	0.000	0.100	99.900	0.000	2.584	10.027		
地检89-834	2548.375	116.410	70.876	82.935	17.065	9.312	9.019	279.199	0.000	0.010	0.000	0.100	99.900	0.000	2.587	10.182		
地检89-834	2548.500	119.094	70.556	88.076	11.924	9.801	9.248	276.973	0.000	0.010	0.000	0.100	99.900	0.000	2.590	9.997		
地检89-834	2548.625	120.717	70.148	91.191	8.809	10.331	9.531	274.145	0.000	0.010	0.000	0.100	99.900	0.000	2.590	9.759		
地检89-834	2548.750	121.982	69.643	93.982	6.018	10.875	9.933	270.221	0.000	0.010	0.000	0.100	99.900	0.000	2.591	9.739		
地检89-834	2548.875	121.114	69.047	93.634	6.366	11.398	10.485	264.592	0.238	0.010	9.418	0.100	99.900	0.625	2.600	10.096		
地检89-834	2549.000	113.802	68.370	81.343	18.657	11.893	11.126	256.895	0.233	0.010	9.376	0.100	99.900	0.584	2.609	11.067	差油层	
地检89-834	2549.125	100.475	67.637	33.271	66.729	12.383	11.801	248.226	0.296	0.251	9.860	14.496	62.362	0.527	2.614	12.685	差油层	
地检89-834	2549.250	86.409	66.859	23.192	76.808	12.902	12.459	239.881	0.396	0.287	10.453	13.321	62.128	0.470	2.615	14.741	差油层	
地检89-834	2549.375	79.605	66.051	18.706	81.294	13.474	13.047	233.317	0.400	0.293	10.477	12.364	62.429	0.431	2.614	16.558	差油层	
地检89-834	2549.500	78.236	65.234	17.436	82.564	14.106	13.554	230.212	0.366	0.291	10.296	11.884	62.692	0.413	2.606	17.553	差油层	
地检89-834	2549.625	82.152	64.432	19.261	80.739	14.774	13.968	230.486	0.304	0.293	9.917	11.884	62.333	0.410	2.597	17.758	差油层	
地检89-834	2549.750	86.909	63.652	21.946	78.054	15.436	14.289	233.158	0.273	0.307	9.701	12.241	61.591	0.418	2.591	17.302	差油层	
地检89-834	2549.875	91.258	62.882	24.855	75.145	16.059	14.555	236.372	0.258	0.321	9.583	12.706	60.968	0.431	2.591	16.579	差油层	
地检89-834	2550.000	92.682	62.082	26.082	73.918	16.638	14.865	237.995	0.261	0.331	9.604	12.967	60.932	0.442	2.593	16.039	差油层	
地检89-834	2550.125	90.857	61.211	25.197	74.803	17.182	15.299	237.147	0.274	0.337	9.706	12.888	61.364	0.443	2.597	15.978	差油层	
地检89-834	2550.250	85.331	60.243	22.017	77.983	17.703	15.891	233.786	0.306	0.343	9.930	12.454	62.130	0.432	2.601	16.514	差油层	
地检89-834	2550.375	77.392	59.169	17.319	82.681	18.201	16.649	228.504	0.350	0.351	10.206	11.741	62.925	0.409	2.600	17.784	差油层	
地检89-834	2550.500	73.725	58.000	15.152	84.848	18.646	17.503	222.307	0.308	0.354	9.942	10.881	62.560	0.368	2.598	20.457	差油层	
地检89-834	2550.625	69.371	56.790	12.873	87.127	18.967	18.361	216.535	0.286	0.378	9.793	10.064	60.820	0.320	2.597	24.692	差油层	
地检89-834	2550.750	64.650	55.581	10.551	89.450	19.126	19.057	212.240	0.292	0.010	9.837	9.436	58.959	0.282	2.597	29.294	差油层	
地检89-834	2550.875	63.109	54.412	9.742	90.258	19.141	19.314	210.433	0.288	0.010	9.809	9.135	58.790	0.269	2.592	31.120	差油层	
地检89-834	2551.000	63.768	53.327	9.966	90.034	19.038	19.088	212.040	0.000	0.010	0.000	9.317	60.475	0.000	2.580	28.446	差油层	
地检89-834	2551.125	67.018	52.337	11.446	88.554	18.814	18.480	216.209	0.000	0.010	0.000	9.869	62.921	0.000	2.566	23.846		
地检89-834	2551.250	71.018	51.455	13.491	86.508	18.474	17.707	221.811	0.000	0.414	0.000	10.640	64.246	0.000	2.550	20.146		
地检89-834	2551.375	74.839	50.691	15.579	84.421	18.069	16.985	227.391	0.000	0.445	0.000	11.432	64.248	0.000	2.533	17.845		
地检89-834	2551.500	78.867	50.056	17.927	82.073	17.682	16.373	231.419	0.000	0.472	0.000	12.017	63.741	0.000	2.522	16.665		
地检89-834	2551.625	80.405	49.517	18.962	81.038	17.438	15.876	233.513	0.388	0.495	10.414	12.331	63.376	0.439	2.515	16.139		
地检89-834	2551.750	80.568	49.039	19.068	80.932	17.401	15.552	233.968	0.394	0.514	10.445	12.410	63.070	0.440	2.508	16.122	水层	
地检89-834	2551.875	81.316	48.580	19.331	80.669	17.543	15.585	233.419	0.369	0.534	10.310	12.341	62.415	0.430	2.505	16.617	水层	
地检89-834	2552.000	82.459	48.099	20.080	79.920	17.789	15.991	232.443	0.331	0.573	10.089	12.206	60.793	0.408	2.505	17.844	水层	
地检89-834	2552.125	78.794	47.606	18.295	81.705	18.067	16.671	231.526	0.381	0.683	10.375	12.075	58.157	0.376	2.507	19.857	水层	
地检89-834	2552.250	73.632	47.152	15.751	84.249	18.342	17.398	230.972	0.482	0.861	10.854	11.990	54.783	0.341	2.513	22.648	水层	
地检89-834	2552.375	70.677	46.806	14.364	85.636	18.616	17.870	231.034	0.562	1.046	11.168	11.985	51.645	0.312	2.517	25.499	水层	
地检89-834	2552.500	69.619	46.635	13.998	86.002	18.884	17.986	231.934	0.621	1.167	11.372	12.100	49.938	0.300	2.519	26.839	水层	
地检89-834	2552.625	68.582	46.599	13.577	86.423	19.102	17.787	233.472	0.709	1.215	11.640	12.307	50.069	0.307	2.518	25.945	水层	
地检89-834	2552.750	69.709	46.634	14.216	85.784	19.203	17.429	235.298	0.735	1.165	11.713	12.562	51.327	0.327	2.514	23.848	水层	
地检89-834	2552.875	70.751	46.667	14.704	85.296	19.136	17.125	236.857	0.754	1.113	11.767	12.789	52.571	0.347	2.508	22.055	水层	
地检89-834	2553.000	73.372	46.634	16.028	83.972	18.895	16.975	237.577	0.685	1.034	11.569	12.901	53.585	0.361	2.505	20.919	水层	
地检89-834	2553.125	74.040	46.535	16.312	83.688	18.549	16.961	237.504	0.659	0.989	11.492	12.900	54.391	0.369	2.508	20.307	水层	
地检89-834	2553.250	75.375	46.386	16.686	83.314	18.218	17.014	236.862	0.596	0.952	11.287	12.816	54.871	0.371	2.516	20.173	水层	
地检89-834	2553.375	79.648	46.210	18.765	81.235	17.989	17.084	235.897	0.456	0.892	10.742	12.685	54.924	0.367	2.527	20.487	水层	
地检89-834	2553.500	80.727	46.011	19.391	80.609	17.884	17.151	234.832	0.408	0.885	10.518	12.536	54.531	0.358	2.535	21.202	水层	
地检89-834	2553.625	78.322	45.783	18.162	81.838	17.920	17.208	233.929	0.441	0.931	10.675	12.406	53.934	0.348	2.538	22.058	水层	
地检89-834	2553.750	75.403	45.518	16.783	83.217	18.117	17.245	233.383	0.498	0.997	10.921	12.324	53.226	0.338	2.533	22.904	水层	
地检89-834	2553.875	72.069	45.226	15.166	84.834	18.494	17.274	233.280	0.587	1.090	11.257	12.303	52.429	0.329	2.521	23.673	水层	
地检89-834	2554.000	71.193	44.946	14.669	85.331	19.074	17.377	233.598	0.624	1.154	11.382	12.345	51.864	0.325	2.510	24.055	水层	
地检89-834	2554.125	73.272	44.729	15.525	84.475	19.886	17.658	234.045	0.574	1.129	11.212	12.410	52.153	0.330	2.506	23.579	水层	
地检89-834	2554.250	76.832	44.611	17.247	82.753	20.893	18.206	234.193	0.482	1.021	10.857	12.443	53.482	0.344	2.510	22.320	水层	
地检89-834	2554.375	78.568	44.605	18.082	81.918	22.003	19.125	233.372	0.423	0.932	10.591	12.356	54.755	0.354	2.519	21.548	水层	
地检89-834	2554.500	78.473	44.707	18.028	81.972	23.125	20.395	230.786	0.373	0.884	10.331	12.022	54.953	0.344	2.531	22.406	水层	
地检89-834	2554.625	74.516	44.879	15.889	84.111	24.202	22.020	226.758	0.000	0.919	0.000	11.478	53.499	0.000	2.547	25.563	水层	
地检89-834	2554.750	70.257	45.107	24.185	75.815	25.250	23.928	222.048	0.000	0.010	0.000	0.100	99.900	0.000	2.563	32.007		
地检89-834	2554.875	68.733	45.386	22.876	77.124	26.306	25.860	217.620	0.000	0.010	0.000	0.100	99.900	0.000	2.577	42.179		
地检89-834	2555.000	66.866	45.719	21.369	78.631	27.357	27.384	214.435	0.000	0.010	0.000	0.100	99.900	0.000	2.584	54.002		
地检89-834	2555.125	64.347	46.093	19.122	80.878	28.285	28.145	212.921	0.000	0.010	0.000	0.100	99.900	0.000	2.585	60.332		
地检89-834	2555.250	63.731	46.497	18.460	81.540	28.908	27.964	213.415	0.325	0.010	10.055	0.100	99.900	0.168	2.577	58.409	差油层	
地检89-834	2555.375	65.185	46.930	10.732	89.268	29.045	26.830	215.979	0.344	0.010	10.171	9.856	42.777	0.184	2.560	51.710	差油层	
地检89-834	2555.500	69.416	47.405	12.716	87.284	28.577	25.204	220.412	0.348	1.026	10.193	10.454	44.552	0.211	2.540	43.158	差油层	
地检89-834	2555.625	73.451	47.927	14.851	85.149	27.503	23.408	225.659	0.370	1.055	10.320	11.178	46.418	0.244	2.525	35.506	差油层	
地检89-834	2555.750	76.773	48.498	16.899	83.101	26.047	21.690	230.783	0.406	1.062	10.508	11.900	47.730	0.275	2.516	30.218	差油层	
地检89-834	2555.875	77.828	49.119	17.848	82.152	24.475	20.232	234.904	0.475	1.061	10.827	12.491	48.887	0.303	2.511	26.538	差油层	
地检89-834	2556.000	77.719	49.793	18.027	81.973	22.937	19.031	237.514	0.546	1.023	11.111	12.866	50.267	0.327	2.512	23.879	差油层	
地检89-834	2556.125	77.923	50.518	18.317	81.683	21.540	18.059	239.188	0.589	0.951	11.264	13.105	51.797	0.350	2.519	21.802	差油层	
地检89-834	2556.250	77.741	51.299	18.259	81.741	20.349	17.267	240.334	0.631	0.880	11.402	13.270	53.254	0.371	2.532	20.193	差油层	
地检89-834	2556.375	79.295	52.132	18.938	81.062	19.380	16.614	240.966	0.602	0.795	11.306	13.370	54.580	0.388	2.552	18.984	差油层	
地检89-834	2556.500	83.264	52.994	20.899	79.101	18.612	16.052	240.828	0.488	0.694	10.879	13.358	55.678	0.400	2.570	18.270	差油层	
地检89-834	2556.625	87.169	53.839	23.062	76.938	18.009	15.581	240.262	0.388	0.616	10.414	13.277	56.308	0.404	2.583	18.048	差油层	
地检89-834	2556.750	88.190	54.628	23.752	76.248	17.533	15.213	239.981	0.363	0.590	10.278	13.223	56.229	0.401	2.588	18.222	差油层	
地检89-834	2556.875	86.215	55.336	22.937	77.063	17.157	14.974	240.730	0.417	0.608	10.562	13.306	55.627	0.398	2.585	18.423	差油层	
地检89-834	2438.875--2556.875(平均)	88.647	57.939	41.241	58.759	17.978	16.938	238.472	0.332	0.572	5.029	5.618	78.065	0.159	2.550	20.902		
地检89-834	2438.875--2556.875(最大)	142.639	72.950	99.900	93.533	51.012	44.366	307.177	3.632	7.134	14.967	14.946	99.900	0.673	2.682	83.579		
地检89-834	2438.875--2556.875(最小)	47.336	30.699	6.467	0.100	6.959	6.731	196.804	0.000	0.010	0.000	0.100	32.529	0.000	1.850	4.938		
