井名	深度	GR	SP	SH	AT90	AC	PERM	POR	SW	#DEPTH	CNL	DEN	RT	解释结论	层位
塬3	2286.000	110.943	52.1	50.541	8.263	262.236	0.01	0.1	99.9	2286.0	23.17	2.489	8.028	水层	chang3
塬3	2286.125	119.857	53.114	59.42	7.665	271.171	0.01	0.1	99.9	2286.13	27.27	2.482	7.558		chang3
塬3	2286.250	127.232	53.917	66.483	7.505	273.999	0.01	0.1	99.9	2286.25	31.114	2.495	7.503		chang3
塬3	2286.375	130.312	54.476	68.395	7.764	269.672	0.01	0.1	99.9	2286.38	32.493	2.527	7.873		chang4+5
塬3	2286.500	127.294	54.795	63.198	8.457	258.689	0.01	0.1	99.9	2286.5	30.237	2.564	8.68		chang4+5
塬3	2286.625	121.966	54.908	57.74	9.65	243.355	0.01	0.1	99.9	2286.63	26.324	2.597	10.012		chang4+5
塬3	2286.750	117.027	54.904	52.99	11.244	227.971	0.01	0.1	99.9	2286.75	23.8	2.616	11.69		chang4+5
塬3	2286.875	111.314	54.879	47.349	12.786	216.873	0.01	0.1	99.9	2286.88	21.836	2.62	13.159		chang4+5
塬3	2287.000	107.561	54.9	44.952	13.556	213.149	0.01	0.1	99.9	2287.0	20.025	2.613	13.651		chang4+5
塬3	2287.125	108.597	55.01	47.062	13.17	218.961	0.01	0.1	99.9	2287.13	19.446	2.596	12.952		chang4+5
塬3	2287.250	112.077	55.195	50.41	12.052	232.706	0.01	0.1	99.9	2287.25	20.335	2.562	11.718		chang4+5
塬3	2287.375	118.296	55.409	57.438	10.909	250.672	0.01	0.1	99.9	2287.38	22.902	2.507	10.635		chang4+5
塬3	2287.500	127.665	55.603	68.187	10.104	268.847	0.01	0.1	99.9	2287.5	26.567	2.447	9.935		chang4+5
塬3	2287.625	135.186	55.731	75.52	9.72	282.658	0.01	0.1	99.9	2287.63	30.07	2.401	9.663		chang4+5
塬3	2287.750	139.688	55.775	80.399	9.733	289.656	0.01	0.1	99.9	2287.75	32.844	2.379	9.773		chang4+5
塬3	2287.875	144.324	55.738	86.916	10.108	289.749	0.01	0.1	99.9	2287.88	34.569	2.385	10.241		chang4+5
塬3	2288.000	148.105	55.622	91.238	10.782	284.387	0.01	0.1	99.9	2288.0	34.132	2.413	10.983		chang4+5
塬3	2288.125	146.078	55.416	85.723	11.621	276.211	0.01	0.1	99.9	2288.13	31.295	2.453	11.849		chang4+5
塬3	2288.250	139.471	55.124	76.527	12.383	268.287	0.01	0.1	99.9	2288.25	28.046	2.49	12.563		chang4+5
塬3	2288.375	132.858	54.757	69.194	12.792	262.593	0.01	0.1	99.9	2288.38	26.445	2.51	12.854		chang4+5
塬3	2288.500	129.236	54.326	66.243	12.724	259.581	0.01	0.1	99.9	2288.5	26.673	2.519	12.658		chang4+5
塬3	2288.625	128.582	53.836	66.211	12.259	258.48	0.01	0.1	99.9	2288.63	27.469	2.526	12.105		chang4+5
塬3	2288.750	129.3	53.283	67.222	11.622	257.541	0.01	0.1	99.9	2288.75	27.449	2.536	11.45		chang4+5
塬3	2288.875	130.497	52.642	68.661	11.056	255.224	0.01	0.1	99.9	2288.88	26.048	2.552	10.924		chang4+5
塬3	2289.000	131.03	51.875	68.892	10.7	250.843	0.01	0.1	99.9	2289.0	23.568	2.571	10.632		chang4+5
塬3	2289.125	129.264	50.937	66.074	10.628	244.557	0.01	0.1	99.9	2289.13	21.122	2.587	10.639		chang4+5
塬3	2289.250	126.747	49.858	63.493	10.863	237.56	0.01	0.1	99.9	2289.25	19.604	2.596	10.955		chang4+5
塬3	2289.375	122.846	48.717	58.721	11.422	231.226	0.01	0.1	99.9	2289.38	19.004	2.599	11.6		chang4+5
塬3	2289.500	118.187	47.603	54.168	12.279	226.501	0.01	0.1	99.9	2289.5	18.974	2.599	12.528		chang4+5
塬3	2289.625	116.618	46.578	53.834	13.338	223.974	0.01	0.1	99.9	2289.63	19.138	2.601	13.629		chang4+5
塬3	2289.750	116.417	45.592	53.469	14.363	223.324	0.01	0.1	99.9	2289.75	19.186	2.602	14.615		chang4+5
塬3	2289.875	114.478	44.512	51.048	14.992	223.876	0.01	0.1	99.9	2289.88	19.071	2.597	15.102		chang4+5
塬3	2290.000	111.591	43.205	48.368	14.938	225.094	0.01	0.1	99.9	2290.0	19.029	2.582	14.849		chang4+5
塬3	2290.125	109.481	41.609	37.202	14.143	226.648	0.05	8.113	83.614	2290.13	19.218	2.563	13.865	干层	chang4+5
塬3	2290.250	106.942	39.849	34.041	12.857	228.417	0.083	8.995	78.029	2290.25	19.439	2.543	12.489	干层	chang4+5
塬3	2290.375	103.35	38.121	31.718	11.472	230.412	0.12	9.761	76.015	2290.38	19.493	2.525	11.118	干层	chang4+5
塬3	2290.500	101.262	36.553	30.916	10.281	232.619	0.164	10.464	74.657	2290.5	19.374	2.509	9.998	干层	chang4+5
塬3	2290.625	100.687	35.167	30.679	9.427	234.882	0.208	11.024	73.549	2290.63	19.092	2.495	9.242	干层	chang4+5
塬3	2290.750	98.583	33.869	29.019	8.945	236.923	0.243	11.391	72.54	2290.75	18.899	2.487	8.857	干层	chang4+5
塬3	2290.875	95.794	32.593	27.524	8.848	238.481	0.27	11.664	70.747	2290.88	19.132	2.48	8.861	干层	chang4+5
塬3	2291.000	93.436	31.393	26.255	9.131	239.398	0.298	11.927	67.748	2291.0	19.587	2.474	9.241	干层	chang4+5
塬3	2291.125	89.976	30.471	24.113	9.819	239.581	0.321	12.12	63.935	2291.13	19.594	2.469	10.038	干层	chang4+5
塬3	2291.250	86.794	30.02	22.664	10.854	239.157	0.337	12.246	60.0	2291.25	18.928	2.466	11.153	干层	chang4+5
塬3	2291.375	86.155	30.15	22.748	12.041	238.338	0.34	12.257	56.884	2291.38	18.096	2.466	12.355	干层	chang4+5
塬3	2291.500	88.752	30.889	24.574	13.013	237.336	0.328	12.141	55.418	2291.5	17.607	2.468	13.228	干层	chang4+5
塬3	2291.625	94.02	32.219	27.802	13.375	236.452	0.27	11.559	57.574	2291.63	17.471	2.48	13.396		chang4+5
塬3	2291.750	100.291	33.988	31.488	13.072	235.995	0.177	10.408	64.7	2291.75	17.453	2.505	12.932		chang4+5
塬3	2291.875	107.935	36.032	36.587	12.374	236.217	0.093	8.912	77.513	2291.88	17.579	2.538	12.168		chang4+5
塬3	2292.000	116.661	38.248	54.792	11.613	237.264	0.019	0.1	97.462	2292.0	18.084	2.572	11.42		chang4+5
塬3	2292.125	124.715	40.568	64.089	10.971	239.163	0.01	0.1	99.9	2292.13	19.211	2.599	10.819		chang4+5
塬3	2292.250	131.718	42.924	71.688	10.494	241.595	0.01	0.1	99.9	2292.25	20.72	2.61	10.386		chang4+5
塬3	2292.375	137.097	45.23	77.459	10.188	244.06	0.01	0.1	99.9	2292.38	22.105	2.605	10.126		chang4+5
塬3	2292.500	139.121	47.374	78.622	10.045	246.055	0.01	0.1	99.9	2292.5	23.009	2.596	10.022		chang4+5
塬3	2292.625	136.2	49.179	73.385	10.065	247.004	0.01	0.1	99.9	2292.63	23.459	2.59	10.087		chang4+5
塬3	2292.750	128.687	50.55	63.743	10.242	246.682	0.01	0.1	99.9	2292.75	23.841	2.589	10.302		chang4+5
塬3	2292.875	120.962	51.483	56.3	10.567	245.163	0.01	0.1	99.9	2292.88	24.065	2.593	10.666		chang4+5
塬3	2293.000	118.339	52.03	55.451	11.019	242.692	0.01	0.1	99.9	2293.0	23.704	2.596	11.147		chang4+5
塬3	2293.125	121.186	52.273	59.534	11.547	239.735	0.01	0.1	99.9	2293.13	22.759	2.594	11.689		chang4+5
塬3	2293.250	123.689	52.331	61.224	12.069	236.966	0.01	0.1	99.9	2293.25	21.39	2.584	12.2		chang4+5
塬3	2293.375	121.987	52.286	58.205	12.462	235.036	0.01	0.1	99.9	2293.38	19.702	2.571	12.546		chang4+5
塬3	2293.500	118.075	52.163	54.15	12.641	234.392	0.01	0.1	99.9	2293.5	18.291	2.558	12.665		chang4+5
塬3	2293.625	115.483	51.962	52.284	12.593	235.228	0.01	0.1	99.9	2293.63	17.974	2.549	12.559		chang4+5
塬3	2293.750	113.865	51.697	50.77	12.4	236.957	0.01	0.1	99.9	2293.75	18.582	2.545	12.339		chang4+5
塬3	2293.875	111.816	51.386	48.713	12.197	238.508	0.01	0.1	99.9	2293.88	19.486	2.543	12.149		chang4+5
塬3	2294.000	108.999	51.053	46.009	12.115	238.762	0.01	0.1	99.9	2294.0	20.232	2.542	12.11		chang4+5
塬3	2294.125	105.789	50.734	43.201	12.255	236.681	0.01	0.1	99.9	2294.13	20.454	2.539	12.316		chang4+5
塬3	2294.250	102.519	50.467	40.474	12.611	232.51	0.01	0.1	99.9	2294.25	20.136	2.537	12.723		chang4+5
塬3	2294.375	99.226	50.289	37.821	13.069	227.661	0.01	0.1	99.9	2294.38	19.502	2.536	13.193		chang4+5
塬3	2294.500	98.253	50.242	37.816	13.423	224.157	0.01	0.1	99.9	2294.5	18.744	2.535	13.496		chang4+5
塬3	2294.625	101.052	50.384	40.872	13.444	224.674	0.01	0.1	99.9	2294.63	18.141	2.531	13.409		chang4+5
塬3	2294.750	104.112	50.734	43.015	13.061	230.325	0.01	0.1	99.9	2294.75	18.147	2.523	12.922		chang4+5
塬3	2294.875	106.13	51.28	44.62	12.4	240.37	0.01	0.1	99.9	2294.88	19.114	2.507	12.208		chang4+5
塬3	2295.000	110.23	51.985	49.128	11.714	252.732	0.01	0.1	99.9	2295.0	21.169	2.488	11.544		chang4+5
塬3	2295.125	120.883	52.773	61.806	11.23	263.937	0.01	0.1	99.9	2295.13	24.329	2.476	11.131		chang4+5
塬3	2295.250	135.546	53.53	79.091	11.077	271.045	0.01	0.1	99.9	2295.25	28.142	2.476	11.073		chang4+5
塬3	2295.375	145.112	54.163	88.321	11.362	272.9	0.01	0.1	99.9	2295.38	30.981	2.486	11.482		chang4+5
塬3	2295.500	143.444	54.627	81.848	12.165	270.224	0.01	0.1	99.9	2295.5	30.777	2.496	12.427		chang4+5
塬3	2295.625	135.664	54.921	71.68	13.638	265.466	0.01	0.1	99.9	2295.63	28.035	2.502	14.093		chang4+5
塬3	2295.750	130.126	55.107	66.798	15.822	261.83	0.01	0.1	99.9	2295.75	25.856	2.499	16.458		chang4+5
塬3	2295.875	128.677	55.253	66.214	18.452	261.431	0.01	0.1	99.9	2295.88	25.851	2.485	19.164		chang4+5
塬3	2296.000	129.855	55.39	68.123	20.613	264.564	0.01	0.1	99.9	2296.0	27.285	2.47	21.083		chang4+5
塬3	2296.125	132.535	55.516	71.54	20.952	269.853	0.01	0.1	99.9	2296.13	29.145	2.464	20.809		chang4+5
塬3	2296.250	138.22	55.611	79.728	19.132	274.832	0.01	0.1	99.9	2296.25	30.885	2.468	18.459		chang4+5
塬3	2296.375	143.984	55.658	86.352	16.148	277.695	0.01	0.1	99.9	2296.38	31.757	2.48	15.31		chang4+5
塬3	2296.500	146.155	55.656	87.73	13.176	278.189	0.01	0.1	99.9	2296.5	30.866	2.488	12.444		chang4+5
塬3	2296.625	144.847	55.619	84.976	10.777	277.704	0.01	0.1	99.9	2296.63	28.705	2.489	10.22		chang4+5
塬3	2296.750	143.132	55.573	83.127	9.011	278.514	0.01	0.1	99.9	2296.75	27.464	2.48	8.612		chang4+5
塬3	2296.875	143.345	55.533	84.213	7.808	282.157	0.01	0.1	99.9	2296.88	28.556	2.462	7.548		chang4+5
塬3	2297.000	145.051	55.493	86.784	7.065	288.54	0.01	0.1	99.9	2297.0	31.102	2.439	6.912		chang4+5
塬3	2297.125	143.659	55.435	83.078	6.712	295.52	0.01	0.1	99.9	2297.13	32.863	2.416	6.658		chang4+5
塬3	2297.250	140.278	55.338	78.845	6.683	299.783	0.01	0.1	99.9	2297.25	33.069	2.401	6.704		chang4+5
塬3	2297.375	139.034	55.195	78.367	6.936	298.667	0.01	0.1	99.9	2297.38	32.635	2.395	7.028		chang4+5
塬3	2297.500	136.069	55.007	73.291	7.428	291.282	0.01	0.1	99.9	2297.5	32.319	2.401	7.578		chang4+5
塬3	2297.625	129.674	54.783	65.267	8.096	278.851	0.01	0.1	99.9	2297.63	32.049	2.415	8.284		chang4+5
塬3	2297.750	124.961	54.545	61.379	8.822	265.243	0.01	0.1	99.9	2297.75	31.026	2.43	9.011		chang4+5
塬3	2297.875	123.39	54.315	60.397	9.411	254.6	0.01	0.1	99.9	2297.88	28.79	2.437	9.542		chang4+5
塬3	2298.000	123.13	54.101	60.295	9.703	249.546	0.01	0.1	99.9	2298.0	25.714	2.433	9.745		chang4+5
塬3	2298.125	125.521	53.897	63.9	9.661	250.977	0.01	0.1	99.9	2298.13	23.307	2.42	9.618		chang4+5
塬3	2298.250	129.254	53.681	67.953	9.406	256.371	0.01	0.1	99.9	2298.25	23.069	2.407	9.326		chang4+5
塬3	2298.375	130.665	53.432	68.478	9.128	261.855	0.01	0.1	99.9	2298.38	24.858	2.414	9.06		chang4+5
塬3	2298.500	131.039	53.141	69.053	8.972	264.237	0.01	0.1	99.9	2298.5	27.245	2.441	8.948		chang4+5
塬3	2298.625	134.943	52.792	75.269	9.022	261.328	0.01	0.1	99.9	2298.63	28.554	2.479	9.058		chang4+5
塬3	2298.750	141.739	52.371	84.259	9.251	254.034	0.01	0.1	99.9	2298.75	28.076	2.521	9.326		chang4+5
塬3	2298.875	147.992	51.847	92.061	9.551	245.083	0.01	0.1	99.9	2298.88	26.448	2.559	9.63		chang4+5
塬3	2299.000	150.616	51.177	93.974	9.762	237.289	0.01	0.1	99.9	2299.0	24.645	2.581	9.801		chang4+5
塬3	2299.125	147.491	50.285	87.436	9.726	233.108	0.01	0.1	99.9	2299.13	23.218	2.583	9.688		chang4+5
塬3	2299.250	138.905	49.144	53.784	9.404	232.656	0.04	7.702	99.9	2299.25	22.238	2.571	9.293		chang4+5
塬3	2299.375	126.123	47.777	40.977	8.896	234.285	0.064	8.464	98.399	2299.38	21.642	2.554	8.751		chang4+5
塬3	2299.500	111.232	46.25	31.828	8.381	235.906	0.094	9.224	93.389	2299.5	21.285	2.537	8.255		chang4+5
塬3	2299.625	98.937	44.699	25.855	8.012	235.57	0.126	9.853	88.951	2299.63	20.744	2.522	7.935		chang4+5
塬3	2299.750	92.252	43.3	23.273	7.851	233.11	0.151	10.239	85.883	2299.75	19.788	2.513	7.831		chang4+5
塬3	2299.875	90.036	42.2	22.631	7.91	230.006	0.161	10.362	83.98	2299.88	18.794	2.509	7.946		chang4+5
塬3	2300.000	89.408	41.492	22.381	8.148	228.44	0.163	10.378	82.317	2300.0	18.354	2.509	8.225		chang4+5
塬3	2300.125	90.254	41.247	23.058	8.501	230.984	0.159	10.304	80.999	2300.13	18.74	2.51	8.601		chang4+5
塬3	2300.250	93.221	41.417	24.807	8.897	238.329	0.151	10.185	80.056	2300.25	19.691	2.513	9.002		chang4+5
塬3	2300.375	97.079	41.926	26.803	9.309	249.346	0.169	10.497	76.325	2300.38	20.885	2.507	9.418		chang4+5
塬3	2300.500	104.757	42.716	31.841	9.768	261.952	0.253	11.571	68.137	2300.5	22.754	2.484	9.893		chang4+5
塬3	2300.625	117.358	43.734	56.658	10.357	273.278	0.04	0.1	96.058	2300.63	26.347	2.45	10.527		chang4+5
塬3	2300.750	126.569	44.872	65.716	11.181	281.316	0.01	0.1	99.9	2300.75	30.606	2.418	11.421		chang4+5
塬3	2300.875	127.444	45.996	64.233	12.392	285.515	0.01	0.1	99.9	2300.88	32.267	2.401	12.752		chang4+5
塬3	2301.000	125.672	46.99	62.584	14.116	286.427	0.01	0.1	99.9	2301.0	30.167	2.392	14.617		chang4+5
塬3	2301.125	125.626	47.74	63.149	16.432	285.175	0.01	0.1	99.9	2301.13	27.205	2.388	17.095		chang4+5
塬3	2301.250	126.255	48.226	63.752	19.178	282.97	0.01	0.1	99.9	2301.25	26.736	2.391	19.922		chang4+5
塬3	2301.375	127.095	48.49	64.802	21.566	280.219	0.01	0.1	99.9	2301.38	29.425	2.403	22.111		chang4+5
塬3	2301.500	128.644	48.578	66.745	22.368	276.417	0.01	0.1	99.9	2301.5	33.038	2.424	22.372		chang4+5
塬3	2301.625	127.923	48.523	64.769	20.973	270.38	0.01	0.1	99.9	2301.63	33.704	2.46	20.389		chang4+5
塬3	2301.750	122.222	48.359	57.348	18.493	261.6	0.01	0.1	99.9	2301.75	30.772	2.512	17.813		chang4+5
塬3	2301.875	114.035	48.097	49.323	16.259	250.614	0.01	0.1	99.9	2301.88	26.714	2.565	15.74		chang4+5
塬3	2302.000	106.866	47.724	43.44	14.715	238.863	0.01	0.1	99.9	2302.0	23.357	2.597	14.386		chang4+5
塬3	2302.125	102.719	47.214	40.74	13.813	228.955	0.01	0.1	99.9	2302.13	21.407	2.605	13.637		chang4+5
塬3	2302.250	101.107	46.585	39.821	13.365	223.189	0.01	0.1	99.9	2302.25	20.687	2.597	13.286		chang4+5
塬3	2302.375	98.166	45.902	36.816	13.244	222.733	0.01	0.1	99.9	2302.38	20.734	2.581	13.242		chang4+5
塬3	2302.500	91.431	45.27	31.023	13.404	227.472	0.01	0.1	99.9	2302.5	21.024	2.564	13.472		chang4+5
塬3	2302.625	83.589	44.842	25.779	13.914	235.958	0.01	0.1	99.9	2302.63	21.225	2.547	14.085		chang4+5
塬3	2302.750	80.815	44.706	25.253	14.905	245.266	0.01	0.1	99.9	2302.75	22.153	2.532	15.215		chang4+5
塬3	2302.875	87.3	44.856	31.541	16.456	252.615	0.01	0.1	99.9	2302.88	24.671	2.513	16.916		chang4+5
塬3	2303.000	100.566	45.221	42.906	18.246	256.424	0.01	0.1	99.9	2303.0	27.77	2.489	18.714		chang4+5
塬3	2303.125	111.94	45.677	51.628	19.122	256.38	0.01	0.1	99.9	2303.13	29.261	2.473	19.204		chang4+5
塬3	2303.250	114.813	46.101	51.824	18.218	254.39	0.01	0.1	99.9	2303.25	28.762	2.467	17.791		chang4+5
塬3	2303.375	110.493	46.422	46.597	15.922	253.221	0.01	0.1	99.9	2303.38	27.438	2.468	15.223		chang4+5
塬3	2303.500	106.453	46.628	43.906	13.325	255.128	0.01	0.1	99.9	2303.5	26.049	2.464	12.665		chang4+5
塬3	2303.625	108.665	46.741	47.627	11.183	261.437	0.01	0.1	99.9	2303.63	25.256	2.447	10.689		chang4+5
塬3	2303.750	113.806	46.82	52.377	9.69	270.648	0.01	0.1	99.9	2303.75	25.806	2.415	9.366		chang4+5
塬3	2303.875	116.835	46.917	54.431	8.859	279.335	0.01	0.1	99.9	2303.88	27.534	2.389	8.709		chang4+5
塬3	2304.000	116.779	47.065	53.645	8.638	283.591	0.01	0.1	99.9	2304.0	28.669	2.385	8.637		chang4+5
塬3	2304.125	114.251	47.27	50.709	9.07	279.043	0.01	0.1	99.9	2304.13	27.413	2.408	9.251		chang4+5
塬3	2304.250	110.631	47.505	47.306	10.351	264.887	0.01	0.1	99.9	2304.25	24.582	2.455	10.776		chang4+5
塬3	2304.375	107.189	47.738	44.405	13.201	243.578	0.01	0.1	99.9	2304.38	21.924	2.519	14.131		chang4+5
塬3	2304.500	104.681	47.954	42.526	19.644	219.39	0.01	0.1	99.9	2304.5	19.84	2.569	21.768		chang4+5
塬3	2304.625	100.913	48.154	38.858	37.373	198.568	0.018	6.325	61.984	2304.63	17.85	2.598	43.48		chang4+5
塬3	2304.750	93.122	48.348	32.003	63.848	185.806	0.012	5.658	50.955	2304.75	15.485	2.615	71.192		chang4+5
塬3	2304.875	80.761	48.542	22.95	67.98	182.649	0.01	5.402	55.906	2304.88	12.893	2.622	65.26		chang4+5
塬3	2305.000	70.296	48.744	17.573	52.981	187.74	0.01	5.474	64.699	2305.0	10.815	2.621	48.374		chang4+5
塬3	2305.125	66.752	48.975	16.678	41.642	197.178	0.011	5.659	69.03	2305.13	10.148	2.617	39.702		chang4+5
塬3	2305.250	68.743	49.259	18.429	38.229	205.814	0.014	5.933	67.366	2305.25	10.635	2.611	37.979		chang4+5
塬3	2305.375	73.783	49.603	21.78	35.98	210.178	0.014	5.98	69.126	2305.38	10.969	2.609	35.193		chang4+5
塬3	2305.500	78.195	50.006	24.135	30.647	209.695	0.015	6.033	75.731	2305.5	10.554	2.608	28.9		chang4+5
塬3	2305.625	77.323	50.455	22.442	25.674	206.6	0.015	6.062	81.483	2305.63	9.931	2.607	24.658		chang4+5
塬3	2305.750	71.996	50.941	18.815	23.246	205.053	0.016	6.162	83.334	2305.75	9.66	2.605	22.848		chang4+5
塬3	2305.875	65.121	51.465	14.888	21.24	208.5	0.021	6.559	82.824	2305.88	9.848	2.597	20.644		chang4+5
塬3	2306.000	61.116	52.032	13.454	18.534	218.119	0.032	7.206	81.593	2306.0	10.767	2.583	17.765		chang4+5
塬3	2306.125	64.26	52.631	16.315	15.959	232.521	0.051	8.048	78.751	2306.13	13.233	2.564	15.35		chang4+5
塬3	2306.250	75.319	53.222	24.092	14.064	247.49	0.015	0.1	97.38	2306.25	17.06	2.541	13.642		chang4+5
塬3	2306.375	91.632	53.755	36.292	12.815	258.622	0.01	0.1	99.9	2306.38	20.617	2.521	12.55		chang4+5
塬3	2306.500	105.94	54.201	46.897	12.041	263.25	0.01	0.1	99.9	2306.5	22.957	2.513	11.879		chang4+5
塬3	2306.625	110.492	54.551	48.035	11.584	260.61	0.01	0.1	99.9	2306.63	24.53	2.518	11.492		chang4+5
塬3	2306.750	107.866	54.831	44.787	11.304	253.523	0.01	0.1	99.9	2306.75	25.599	2.533	11.243		chang4+5
塬3	2306.875	106.252	55.058	44.301	11.054	246.042	0.01	0.1	99.9	2306.88	25.715	2.552	10.987		chang4+5
塬3	2307.000	108.551	55.22	47.19	10.726	241.304	0.01	0.1	99.9	2307.0	24.836	2.566	10.63		chang4+5
塬3	2307.125	113.496	55.287	52.219	10.297	241.265	0.01	0.1	99.9	2307.13	23.837	2.574	10.177		chang4+5
塬3	2307.250	118.449	55.266	56.74	9.851	244.934	0.01	0.1	99.9	2307.25	23.424	2.576	9.738		chang4+5
塬3	2307.375	121.253	55.202	58.843	9.527	249.693	0.01	0.1	99.9	2307.38	23.456	2.579	9.461		chang4+5
塬3	2307.500	120.613	55.159	57.177	9.441	252.935	0.01	0.1	99.9	2307.5	23.464	2.586	9.445		chang4+5
塬3	2307.625	117.771	55.198	54.072	9.693	252.378	0.01	0.1	99.9	2307.63	22.924	2.596	9.796		chang4+5
塬3	2307.750	114.619	55.334	51.123	10.317	247.895	0.01	0.1	99.9	2307.75	21.718	2.604	10.515		chang4+5
塬3	2307.875	111.038	55.539	47.645	11.309	240.937	0.01	0.1	99.9	2307.88	20.423	2.609	11.603		chang4+5
塬3	2308.000	106.5	55.777	43.446	12.573	233.46	0.01	0.1	99.9	2308.0	19.741	2.611	12.922		chang4+5
塬3	2308.125	102.365	56.003	40.268	13.805	227.779	0.01	0.1	99.9	2308.13	19.806	2.609	14.107		chang4+5
塬3	2308.250	102.126	56.185	41.238	14.518	225.23	0.01	0.1	99.9	2308.25	20.202	2.605	14.632		chang4+5
塬3	2308.375	104.911	56.314	43.921	14.273	226.021	0.01	0.1	99.9	2308.38	20.535	2.597	14.102		chang4+5
塬3	2308.500	106.836	56.399	45.06	13.298	229.608	0.01	0.1	99.9	2308.5	20.724	2.585	12.995		chang4+5
塬3	2308.625	108.134	56.459	46.286	12.186	234.821	0.01	0.1	99.9	2308.63	21.194	2.57	11.906		chang4+5
塬3	2308.750	111.836	56.517	50.506	11.361	239.965	0.01	0.1	99.9	2308.75	22.186	2.56	11.186		chang4+5
塬3	2308.875	117.216	56.584	55.793	11.003	243.527	0.01	0.1	99.9	2308.88	23.091	2.559	10.959		chang4+5
塬3	2309.000	121.583	56.656	59.687	11.104	244.579	0.01	0.1	99.9	2309.0	23.292	2.556	11.173		chang4+5
塬3	2309.125	121.833	56.715	58.489	11.594	242.785	0.01	0.1	99.9	2309.13	23.137	2.548	11.757		chang4+5
塬3	2309.250	120.701	56.736	57.622	12.298	239.297	0.01	0.1	99.9	2309.25	23.579	2.539	12.493		chang4+5
塬3	2309.375	122.148	56.701	60.032	12.954	236.084	0.01	0.1	99.9	2309.38	24.804	2.532	13.109		chang4+5
塬3	2309.500	124.055	56.605	61.647	13.287	235.099	0.01	0.1	99.9	2309.5	25.659	2.528	13.332		chang4+5
塬3	2309.625	122.496	56.466	58.761	13.11	238.095	0.01	0.1	99.9	2309.63	24.741	2.528	13.009		chang4+5
塬3	2309.750	118.268	56.336	54.19	12.499	244.706	0.01	0.1	99.9	2309.75	22.587	2.537	12.305		chang4+5
塬3	2309.875	115.146	56.273	51.845	11.762	252.804	0.01	0.1	99.9	2309.88	21.243	2.548	11.573		chang4+5
塬3	2310.000	116.186	56.313	54.109	11.237	259.542	0.01	0.1	99.9	2310.0	21.874	2.555	11.133		chang4+5
塬3	2310.125	122.635	56.47	62.157	11.144	261.586	0.01	0.1	99.9	2310.13	23.764	2.56	11.168		chang4+5
塬3	2310.250	132.226	56.697	73.402	11.532	258.056	0.01	0.1	99.9	2310.25	24.94	2.565	11.68		chang4+5
塬3	2310.375	139.258	56.928	80.319	12.297	250.799	0.01	0.1	99.9	2310.38	24.311	2.567	12.527		chang4+5
塬3	2310.500	138.63	57.115	76.571	13.128	243.456	0.01	0.1	99.9	2310.5	22.911	2.563	13.335		chang4+5
塬3	2310.625	132.636	57.223	68.627	13.476	241.509	0.01	0.1	99.9	2310.63	22.744	2.546	13.497		chang4+5
塬3	2310.750	129.002	57.258	66.169	13.027	248.378	0.01	0.1	99.9	2310.75	24.081	2.51	12.828		chang4+5
塬3	2310.875	133.38	57.236	74.044	11.917	264.116	0.01	0.1	99.9	2310.88	25.715	2.448	11.574		chang4+5
塬3	2311.000	145.767	57.165	92.539	10.58	285.763	0.01	0.1	99.9	2311.0	27.27	2.375	10.229		chang4+5
塬3	2311.125	162.46	57.04	99.308	9.419	307.005	0.01	0.1	99.9	2311.13	30.038	2.314	9.147		chang4+5
塬3	2311.250	176.496	56.867	99.9	8.622	321.052	0.01	0.1	99.9	2311.25	34.625	2.282	8.454		chang4+5
塬3	2311.375	177.788	56.66	99.9	8.268	323.568	0.01	0.1	99.9	2311.38	38.725	2.285	8.222		chang4+5
塬3	2311.500	164.642	56.445	99.9	8.347	313.696	0.01	0.1	99.9	2311.5	39.46	2.319	8.408		chang4+5
塬3	2311.625	145.032	56.253	78.985	8.857	293.976	0.01	0.1	99.9	2311.63	36.346	2.374	9.033		chang4+5
塬3	2311.750	130.524	56.106	65.255	9.797	271.14	0.01	0.1	99.9	2311.75	31.561	2.438	10.083		chang4+5
塬3	2311.875	123.773	56.011	59.827	11.137	252.184	0.01	0.1	99.9	2311.88	27.284	2.495	11.522		chang4+5
塬3	2312.000	120.923	55.967	57.519	12.694	241.773	0.01	0.1	99.9	2312.0	24.247	2.535	13.11		chang4+5
塬3	2312.125	120.438	55.967	57.658	13.949	242.622	0.01	0.1	99.9	2312.13	22.708	2.549	14.22		chang4+5
塬3	2312.250	124.247	55.995	63.102	14.357	252.377	0.01	0.1	99.9	2312.25	22.616	2.539	14.364		chang4+5
塬3	2312.375	134.026	56.032	76.192	13.826	266.239	0.01	0.1	99.9	2312.38	23.626	2.512	13.601		chang4+5
塬3	2312.500	149.116	56.066	97.314	12.802	279.564	0.01	0.1	99.9	2312.5	25.345	2.482	12.512		chang4+5
塬3	2312.625	162.818	56.083	99.9	11.835	287.757	0.01	0.1	99.9	2312.63	27.418	2.456	11.607		chang4+5
塬3	2312.750	169.089	56.073	99.9	11.241	288.979	0.01	0.1	99.9	2312.75	29.047	2.443	11.131		chang4+5
塬3	2312.875	167.906	56.02	99.9	11.166	283.726	0.01	0.1	99.9	2312.88	29.03	2.454	11.201		chang4+5
塬3	2313.000	159.363	55.907	99.9	11.604	273.552	0.01	0.1	99.9	2313.0	27.121	2.48	11.765	水层	chang4+5
塬3	2313.125	143.537	55.709	78.241	12.559	260.598	0.01	0.1	99.9	2313.13	24.723	2.516	12.86	水层	chang4+5
塬3	2313.250	127.496	55.428	61.037	14.073	247.251	0.01	0.1	99.9	2313.25	23.1	2.554	14.522	水层	chang4+5
塬3	2313.375	115.762	55.081	50.556	16.238	235.337	0.01	0.1	99.9	2313.38	22.053	2.581	16.868	水层	chang4+5
塬3	2313.500	107.53	54.692	43.844	19.057	226.098	0.01	0.1	99.9	2313.5	20.954	2.591	19.851	水层	chang4+5
塬3	2313.625	101.308	54.299	39.001	22.19	221.034	0.01	0.1	99.9	2313.63	19.806	2.59	23.016	水层	chang4+5
塬3	2313.750	97.968	53.948	37.108	24.617	220.812	0.01	0.1	99.9	2313.75	19.2	2.585	25.13	水层	chang4+5
塬3	2313.875	97.612	53.684	37.344	25.142	225.467	0.01	0.1	99.9	2313.88	19.423	2.575	25.051	水层	chang4+5
塬3	2314.000	99.049	53.543	38.76	23.975	234.509	0.01	0.1	99.9	2314.0	20.028	2.548	23.543	水层	chang4+5
塬3	2314.125	102.975	53.558	42.673	22.706	246.501	0.01	0.1	99.9	2314.13	20.727	2.532	22.439	水层	chang4+5
塬3	2314.250	109.109	53.709	48.412	22.582	258.699	0.01	0.1	99.9	2314.25	21.979	2.522	22.693	水层	chang4+5
塬3	2314.375	115.484	53.945	54.248	23.566	268.248	0.01	0.1	99.9	2314.38	23.918	2.519	23.91		chang4+5
塬3	2314.500	117.323	54.209	54.267	24.28	273.112	0.01	0.1	99.9	2314.5	25.989	2.523	24.37		chang4+5
塬3	2314.625	113.045	54.441	48.885	23.398	272.107	0.01	0.1	99.9	2314.63	28.017	2.527	22.975		chang4+5
塬3	2314.750	106.531	54.615	43.116	21.121	266.786	0.01	0.1	99.9	2314.75	29.775	2.516	20.427		chang4+5
塬3	2314.875	102.029	54.734	40.08	18.476	260.242	0.01	0.1	99.9	2314.88	30.016	2.488	17.794		chang4+5
塬3	2315.000	101.253	54.815	40.282	16.122	255.668	0.01	0.1	99.9	2315.0	28.319	2.452	15.553		chang4+5
塬3	2315.125	103.942	54.874	43.212	14.24	256.288	0.01	0.1	99.9	2315.13	27.18	2.421	13.8		chang4+5
塬3	2315.250	109.029	54.919	48.116	12.771	262.691	0.01	0.1	99.9	2315.25	28.888	2.401	12.425		chang4+5
塬3	2315.375	116.538	54.95	55.906	11.655	273.05	0.01	0.1	99.9	2315.38	32.233	2.393	11.399		chang4+5
塬3	2315.500	124.338	54.972	63.63	10.878	284.193	0.01	0.1	99.9	2315.5	34.389	2.398	10.708		chang4+5
塬3	2315.625	129.391	54.999	68.106	10.481	291.418	0.01	0.1	99.9	2315.63	34.04	2.419	10.418		chang4+5
塬3	2315.750	130.891	55.043	68.774	10.54	291.3	0.01	0.1	99.9	2315.75	31.987	2.453	10.603		chang4+5
塬3	2315.875	130.623	55.105	68.256	11.279	282.635	0.01	0.1	99.9	2315.88	29.251	2.494	11.548		chang4+5
塬3	2316.000	129.802	55.17	67.208	13.082	266.236	0.01	0.1	99.9	2316.0	26.535	2.54	13.67		chang4+5
塬3	2316.125	128.602	55.21	65.781	17.013	244.91	0.01	0.1	99.9	2316.13	24.49	2.584	18.296		chang4+5
塬3	2316.250	125.391	55.202	61.495	25.987	223.367	0.01	0.1	99.9	2316.25	22.704	2.616	28.952		chang4+5
塬3	2316.375	116.654	55.148	51.071	50.557	206.024	0.01	0.1	99.9	2316.38	20.139	2.636	59.006		chang4+5
塬3	2316.500	99.619	55.067	34.875	107.666	195.818	0.01	0.1	99.9	2316.5	16.544	2.647	126.364		chang4+5
塬3	2316.625	80.015	55.0	21.741	160.168	194.772	0.01	0.1	99.9	2316.63	12.98	2.646	170.745		chang4+5
塬3	2316.750	68.518	54.976	16.774	169.131	201.515	0.01	0.1	99.9	2316.75	10.783	2.63	166.47		chang4+5
塬3	2316.875	68.402	55.007	18.294	141.495	212.961	0.01	0.1	99.9	2316.88	10.411	2.602	131.583		chang4+5
塬3	2317.000	76.705	55.089	24.45	84.965	225.953	0.01	0.1	99.9	2317.0	11.76	2.575	67.393		chang4+5
塬3	2317.125	93.003	55.208	37.756	38.033	237.12	0.01	0.1	99.9	2317.13	14.822	2.559	29.097		chang4+5
塬3	2317.250	113.134	55.344	55.792	18.822	244.547	0.01	0.1	99.9	2317.25	18.93	2.557	16.219		chang4+5
塬3	2317.375	127.308	55.483	67.78	13.52	248.033	0.01	0.1	99.9	2317.38	22.377	2.561	12.885		chang4+5
塬3	2317.500	132.162	55.615	70.623	12.159	248.527	0.01	0.1	99.9	2317.5	23.98	2.568	11.977		chang4+5
塬3	2317.625	128.424	55.736	64.034	11.855	247.811	0.01	0.1	99.9	2317.63	24.197	2.571	11.839		chang4+5
塬3	2317.750	123.387	55.846	59.53	11.984	247.774	0.01	0.1	99.9	2317.75	24.113	2.567	12.047		chang4+5
塬3	2317.875	123.478	55.946	61.347	12.306	249.512	0.01	0.1	99.9	2317.88	24.326	2.558	12.402		chang4+5
塬3	2318.000	126.394	56.031	64.649	12.654	253.166	0.01	0.1	99.9	2318.0	24.961	2.548	12.74		chang4+5
塬3	2318.125	127.624	56.089	65.103	12.865	258.215	0.01	0.1	99.9	2318.13	25.507	2.536	12.9		chang4+5
塬3	2318.250	128.145	56.116	65.885	12.822	263.703	0.01	0.1	99.9	2318.25	25.791	2.519	12.783		chang4+5
塬3	2318.375	130.72	56.115	69.609	12.44	268.949	0.01	0.1	99.9	2318.38	26.428	2.494	12.305		chang4+5
塬3	2318.500	133.757	56.088	72.832	11.719	273.79	0.01	0.1	99.9	2318.5	27.635	2.461	11.5		chang4+5
塬3	2318.625	138.333	56.035	79.366	10.757	278.357	0.01	0.1	99.9	2318.63	28.849	2.424	10.489		chang4+5
塬3	2318.750	147.077	55.953	92.646	9.719	282.707	0.01	0.1	99.9	2318.75	29.611	2.393	9.449		chang4+5
塬3	2318.875	157.154	55.841	99.244	8.781	286.431	0.01	0.1	99.9	2318.88	29.826	2.376	8.554		chang4+5
塬3	2319.000	164.394	55.701	99.9	8.049	288.571	0.01	0.1	99.9	2319.0	29.936	2.376	7.881		chang4+5
塬3	2319.125	171.487	55.543	99.9	7.577	287.456	0.01	0.1	99.9	2319.13	30.921	2.395	7.482		chang4+5
塬3	2319.250	181.468	55.395	99.9	7.384	282.253	0.01	0.1	99.9	2319.25	32.375	2.433	7.362		chang4+5
塬3	2319.375	193.172	55.29	99.9	7.487	273.277	0.01	0.1	99.9	2319.38	32.548	2.477	7.543		chang4+5
塬3	2319.500	200.052	55.258	99.9	7.883	261.854	0.01	0.1	99.9	2319.5	30.719	2.518	8.014		chang4+5
塬3	2319.625	191.393	55.333	99.9	8.568	250.596	0.01	0.1	99.9	2319.63	27.668	2.547	8.774		chang4+5
塬3	2319.750	170.505	55.504	99.9	9.443	242.26	0.01	0.1	99.9	2319.75	24.774	2.557	9.683		chang4+5
塬3	2319.875	152.789	55.737	90.573	10.301	238.562	0.01	0.1	99.9	2319.88	22.901	2.55	10.514		chang4+5
塬3	2320.000	145.183	55.99	84.99	10.893	239.751	0.01	0.1	99.9	2320.0	22.248	2.535	11.011		chang4+5
塬3	2320.125	144.408	56.222	85.561	11.061	244.614	0.01	0.1	99.9	2320.13	23.222	2.522	11.059		chang4+5
塬3	2320.250	145.462	56.41	86.996	10.893	250.341	0.01	0.1	99.9	2320.25	25.748	2.518	10.824		chang4+5
塬3	2320.375	147.977	56.546	91.223	10.654	254.203	0.01	0.1	99.9	2320.38	28.287	2.521	10.596		chang4+5
塬3	2320.500	149.759	56.632	92.769	10.581	254.635	0.01	0.1	99.9	2320.5	28.745	2.525	10.586		chang4+5
塬3	2320.625	145.504	56.672	84.208	10.819	251.247	0.01	0.1	99.9	2320.63	26.503	2.538	10.916		chang4+5
塬3	2320.750	137.102	56.683	73.237	11.419	245.695	0.01	0.1	99.9	2320.75	23.164	2.556	11.61		chang4+5
塬3	2320.875	129.633	56.687	65.462	12.37	240.404	0.01	0.1	99.9	2320.88	20.561	2.572	12.65		chang4+5
塬3	2321.000	124.856	56.695	61.099	13.543	237.401	0.01	0.1	99.9	2321.0	19.451	2.582	13.863		chang4+5
塬3	2321.125	124.22	56.716	61.779	14.564	238.309	0.01	0.1	99.9	2321.13	19.868	2.58	14.797		chang4+5
塬3	2321.250	125.35	56.745	62.931	14.93	242.912	0.01	0.1	99.9	2321.25	21.261	2.568	14.942		chang4+5
塬3	2321.375	124.031	56.782	60.497	14.349	249.847	0.01	0.1	99.9	2321.38	23.153	2.547	14.1		chang4+5
塬3	2321.500	121.998	56.834	58.712	13.068	257.523	0.01	0.1	99.9	2321.5	25.356	2.527	12.685		chang4+5
塬3	2321.625	126.864	56.91	66.805	11.608	264.155	0.01	0.1	99.9	2321.63	27.128	2.516	11.231		chang4+5
塬3	2321.750	136.802	57.001	79.104	10.355	268.64	0.01	0.1	99.9	2321.75	27.899	2.517	10.061		chang4+5
塬3	2321.875	146.126	57.078	90.563	9.502	270.633	0.01	0.1	99.9	2321.88	28.048	2.53	9.324		chang4+5
塬3	2322.000	155.231	57.106	98.961	9.055	270.232	0.01	0.1	99.9	2322.0	28.033	2.546	8.976		chang4+5
塬3	2322.125	163.252	57.048	99.9	8.979	267.769	0.01	0.1	99.9	2322.13	27.676	2.559	8.995		chang4+5
塬3	2322.250	165.584	56.906	99.9	9.227	264.128	0.01	0.1	99.9	2322.25	26.899	2.564	9.32		chang4+5
塬3	2322.375	163.04	56.704	99.9	9.727	260.365	0.01	0.1	99.9	2322.38	26.118	2.565	9.879		chang4+5
塬3	2322.500	160.561	56.467	99.9	10.35	257.474	0.01	0.1	99.9	2322.5	25.765	2.563	10.518		chang4+5
塬3	2322.625	160.311	56.195	99.9	10.879	256.547	0.01	0.1	99.9	2322.63	25.947	2.563	10.998		chang4+5
塬3	2322.750	162.102	55.862	99.9	11.139	257.807	0.01	0.1	99.9	2322.75	26.269	2.564	11.175		chang4+5
塬3	2322.875	163.032	55.428	99.9	11.104	260.522	0.01	0.1	99.9	2322.88	26.29	2.561	11.068		chang4+5
塬3	2323.000	158.666	54.869	99.9	10.93	263.235	0.01	0.1	99.9	2323.0	26.093	2.55	10.879		chang4+5
塬3	2323.125	148.833	54.211	87.027	10.851	263.551	0.01	0.1	99.9	2323.13	26.061	2.536	10.848		chang4+5
塬3	2323.250	140.431	53.548	78.033	11.062	259.783	0.01	0.1	99.9	2323.25	26.121	2.53	11.152		chang4+5
塬3	2323.375	134.923	52.982	71.903	11.755	251.684	0.01	0.1	99.9	2323.38	25.531	2.535	11.989		chang4+5
塬3	2323.500	130.014	52.559	66.326	13.013	240.502	0.01	0.1	99.9	2323.5	23.996	2.545	13.396		chang4+5
塬3	2323.625	124.854	52.258	60.677	14.776	229.318	0.01	0.1	99.9	2323.63	22.218	2.556	15.28		chang4+5
塬3	2323.750	118.936	51.995	54.465	16.607	221.702	0.01	0.1	99.9	2323.75	20.727	2.562	17.065		chang4+5
塬3	2323.875	113.501	51.714	49.646	17.577	220.053	0.01	0.1	99.9	2323.88	19.216	2.554	17.704		chang4+5
塬3	2324.000	110.772	51.429	47.981	17.054	224.834	0.01	0.1	99.9	2324.0	17.546	2.532	16.759		chang4+5
塬3	2324.125	110.34	51.222	47.956	15.378	234.439	0.01	0.1	99.9	2324.13	16.645	2.504	14.858		chang4+5
塬3	2324.250	114.938	51.161	54.012	13.508	244.971	0.01	0.1	99.9	2324.25	17.607	2.482	13.043		chang4+5
塬3	2324.375	125.37	51.258	66.222	12.082	252.641	0.01	0.1	99.9	2324.38	20.795	2.476	11.768		chang4+5
塬3	2324.500	135.154	51.477	76.275	11.237	255.402	0.01	0.1	99.9	2324.5	25.318	2.481	11.074		chang4+5
塬3	2324.625	135.155	51.751	72.152	10.942	253.14	0.01	0.1	99.9	2324.63	28.266	2.493	10.918		chang4+5
塬3	2324.750	126.574	52.015	61.05	11.101	248.587	0.01	0.1	99.9	2324.75	27.345	2.501	11.182		chang4+5
塬3	2324.875	118.952	52.239	54.618	11.617	245.137	0.01	0.1	99.9	2324.88	23.656	2.495	11.783		chang4+5
塬3	2325.000	120.706	52.425	59.505	12.353	244.938	0.01	0.1	99.9	2325.0	20.753	2.479	12.56		chang4+5
塬3	2325.125	128.022	52.595	67.85	13.169	248.306	0.01	0.1	99.9	2325.13	21.664	2.466	13.384		chang4+5
塬3	2325.250	133.483	52.766	72.909	13.968	252.716	0.01	0.1	99.9	2325.25	24.773	2.467	14.171		chang4+5
塬3	2325.375	135.171	52.923	73.776	14.745	254.608	0.01	0.1	99.9	2325.38	26.091	2.488	14.946		chang4+5
塬3	2325.500	134.12	53.017	71.87	15.629	251.274	0.01	0.1	99.9	2325.5	24.659	2.519	15.875		chang4+5
塬3	2325.625	130.571	52.959	67.043	16.865	241.513	0.01	0.1	99.9	2325.63	22.357	2.551	17.232		chang4+5
塬3	2325.750	123.676	52.718	58.683	18.316	227.881	0.01	0.1	99.9	2325.75	20.529	2.574	18.7		chang4+5
塬3	2325.875	115.366	52.335	50.582	18.985	214.947	0.01	0.1	99.9	2325.88	19.375	2.582	19.032		chang4+5
塬3	2326.000	108.259	51.907	44.64	17.948	207.183	0.01	0.1	99.9	2326.0	19.277	2.579	17.488		chang4+5
塬3	2326.125	105.014	51.567	42.963	15.721	208.811	0.01	0.1	99.9	2326.13	20.362	2.566	15.071		chang4+5
塬3	2326.250	108.876	51.388	48.267	13.565	219.843	0.01	0.1	99.9	2326.25	21.733	2.544	13.06		chang4+5
塬3	2326.375	118.686	51.351	58.876	12.156	237.096	0.01	0.1	99.9	2326.38	22.61	2.506	11.875		chang4+5
塬3	2326.500	129.406	51.374	70.125	11.399	256.128	0.01	0.1	99.9	2326.5	23.538	2.451	11.254		chang4+5
塬3	2326.625	136.783	51.327	77.416	11.041	271.186	0.01	0.1	99.9	2326.63	25.903	2.395	10.979		chang4+5
塬3	2326.750	138.189	51.111	76.955	10.893	278.441	0.01	0.1	99.9	2326.75	29.428	2.371	10.869		chang4+5
塬3	2326.875	135.611	50.674	73.15	10.838	276.856	0.01	0.1	99.9	2326.88	32.022	2.393	10.83		chang4+5
塬3	2327.000	135.512	49.998	74.683	10.82	267.614	0.01	0.1	99.9	2327.0	32.59	2.443	10.818		chang4+5
塬3	2327.125	137.001	49.065	76.261	10.816	253.811	0.01	0.1	99.9	2327.13	31.13	2.497	10.816		chang4+5
塬3	2327.250	133.19	47.898	69.336	10.782	239.984	0.01	0.1	99.9	2327.25	28.011	2.54	10.767		chang4+5
塬3	2327.375	123.364	46.535	57.535	10.614	229.907	0.01	0.1	99.9	2327.38	24.332	2.555	10.553		chang4+5
塬3	2327.500	110.766	45.01	39.476	10.211	225.529	0.066	8.661	76.107	2327.5	21.382	2.549	10.08		chang4+5
塬3	2327.625	98.054	43.374	30.056	9.546	227.208	0.089	9.083	72.429	2327.63	19.736	2.539	9.348		chang4+5
塬3	2327.750	87.273	41.713	24.006	8.719	232.413	0.098	9.251	74.362	2327.75	19.163	2.535	8.495		chang4+5
塬3	2327.875	81.139	40.111	21.425	7.896	237.56	0.098	9.23	78.154	2327.88	19.199	2.535	7.689		chang4+5
塬3	2328.000	78.376	38.623	20.2	7.198	239.734	0.095	9.168	82.226	2328.0	19.388	2.536	7.033		chang4+5
塬3	2328.125	76.585	37.294	19.317	6.695	237.072	0.097	9.233	84.496	2328.13	19.371	2.535	6.585		chang4+5
塬3	2328.250	75.857	36.129	19.132	6.412	231.05	0.117	9.657	82.561	2328.25	19.147	2.526	6.361		chang4+5
塬3	2328.375	77.076	35.128	20.08	6.371	225.724	0.155	10.325	77.284	2328.38	19.05	2.512	6.385		chang4+5
塬3	2328.500	77.971	34.318	20.293	6.582	225.591	0.196	10.876	71.71	2328.5	19.406	2.499	6.661		chang4+5
塬3	2328.625	77.45	33.765	19.863	7.079	231.475	0.224	11.182	66.731	2328.63	20.021	2.491	7.237		chang4+5
塬3	2328.750	78.186	33.5	20.626	7.869	243.86	0.238	11.316	62.212	2328.75	20.388	2.488	8.103		chang4+5
塬3	2328.875	79.044	33.538	20.885	8.939	258.178	0.287	11.854	55.857	2328.88	20.742	2.476	9.244		chang4+5
塬3	2329.000	77.269	33.894	22.102	10.185	269.365	0.043	0.1	94.648	2329.0	22.572	2.433	10.52		chang4+5
塬3	2329.125	76.064	34.593	22.209	11.338	278.182	0.01	0.1	99.9	2329.13	27.958	2.344	11.616		chang4+5
塬3	2329.250	82.86	35.56	28.542	12.034	284.514	0.01	0.1	99.9	2329.25	36.205	2.234	12.157		chang4+5
塬3	2329.375	98.131	36.662	41.524	11.976	285.891	0.01	0.1	99.9	2329.38	43.036	2.166	11.878		chang4+5
塬3	2329.500	116.625	37.756	58.849	11.324	283.547	0.01	0.1	99.9	2329.5	44.572	2.157	11.111		chang4+5
塬3	2329.625	132.251	38.7	74.552	10.511	277.266	0.01	0.1	99.9	2329.63	39.822	2.199	10.301		chang4+5
塬3	2329.750	139.82	39.445	80.618	9.909	266.742	0.01	0.1	99.9	2329.75	32.176	2.288	9.785		chang4+5
塬3	2329.875	136.195	40.031	72.43	9.72	256.368	0.01	0.1	99.9	2329.88	25.908	2.407	9.717		chang4+5
塬3	2330.000	123.641	40.519	56.936	9.943	251.088	0.01	0.1	99.9	2330.0	22.019	2.499	10.038		chang4+5
塬3	2330.125	112.138	40.968	47.418	10.424	252.526	0.01	0.1	99.9	2330.13	19.969	2.54	10.567	干层	chang4+5
塬3	2330.250	107.746	41.405	45.288	10.918	257.768	0.01	0.1	99.9	2330.25	19.651	2.542	11.038	干层	chang4+5
塬3	2330.375	108.042	41.837	46.183	11.245	262.647	0.01	0.1	99.9	2330.38	20.822	2.528	11.308	干层	chang4+5
塬3	2330.500	109.4	42.267	47.394	11.39	264.509	0.01	0.1	99.9	2330.5	22.07	2.515	11.412	干层	chang4+5
塬3	2330.625	111.531	42.705	49.621	11.461	262.632	0.01	0.1	99.9	2330.63	22.024	2.511	11.477	干层	chang4+5
塬3	2330.750	112.831	43.156	50.319	11.613	258.724	0.01	0.1	99.9	2330.75	21.299	2.518	11.666	干层	chang4+5
塬3	2330.875	112.257	43.615	49.37	12.045	254.906	0.01	0.1	99.9	2330.88	21.415	2.533	12.193	干层	chang4+5
塬3	2331.000	110.819	44.07	47.987	12.929	252.142	0.01	0.1	99.9	2331.0	22.603	2.551	13.209	干层	chang4+5
塬3	2331.125	110.593	44.51	48.284	14.47	249.887	0.01	0.1	99.9	2331.13	23.254	2.569	14.943	干层	chang4+5
塬3	2331.250	113.698	44.933	52.145	16.899	246.556	0.01	0.1	99.9	2331.25	22.561	2.586	17.626		chang4+5
塬3	2331.375	118.402	45.338	56.756	20.546	240.988	0.01	0.1	99.9	2331.38	21.83	2.6	21.627		chang4+5
塬3	2331.500	121.844	45.715	59.686	25.335	233.44	0.01	0.1	99.9	2331.5	21.539	2.61	26.678		chang4+5
塬3	2331.625	123.004	46.033	60.241	28.704	226.155	0.01	0.1	99.9	2331.63	20.343	2.617	29.296		chang4+5
塬3	2331.750	120.939	46.271	57.151	26.961	222.203	0.01	0.1	99.9	2331.75	17.909	2.618	25.876		chang4+5
塬3	2331.875	116.199	46.422	52.025	21.264	223.665	0.01	0.1	99.9	2331.88	15.851	2.611	19.545		chang4+5
塬3	2332.000	114.692	46.495	52.163	15.856	230.565	0.01	0.1	99.9	2332.0	16.015	2.6	14.641		chang4+5
塬3	2332.125	119.596	46.505	58.652	12.577	240.337	0.01	0.1	99.9	2332.13	19.149	2.592	11.945		chang4+5
塬3	2332.250	125.94	46.473	64.901	11.032	248.394	0.01	0.1	99.9	2332.25	23.552	2.588	10.77		chang4+5
塬3	2332.375	128.936	46.403	66.913	10.713	250.797	0.01	0.1	99.9	2332.38	26.555	2.588	10.738		chang4+5
塬3	2332.500	128.643	46.284	65.841	11.365	246.017	0.01	0.1	99.9	2332.5	27.023	2.59	11.622		chang4+5
塬3	2332.625	125.238	46.097	61.242	13.075	235.464	0.01	0.1	99.9	2332.63	25.23	2.587	13.633		chang4+5
塬3	2332.750	116.256	45.857	50.657	16.227	224.122	0.01	0.1	99.9	2332.75	22.112	2.58	17.204		chang4+5
塬3	2332.875	102.433	45.617	38.021	21.347	217.476	0.01	0.1	99.9	2332.88	18.774	2.57	22.891		chang4+5
塬3	2333.000	87.954	45.454	27.621	27.18	219.076	0.01	0.1	99.9	2333.0	16.467	2.559	28.678		chang4+5
塬3	2333.125	81.913	45.474	25.745	28.15	230.193	0.01	0.1	99.9	2333.13	16.575	2.544	27.648		chang4+5
塬3	2333.250	86.34	45.725	30.376	23.491	247.305	0.01	0.1	99.9	2333.25	19.284	2.521	21.852		chang4+5
塬3	2333.375	99.55	46.189	42.381	17.852	264.983	0.01	0.1	99.9	2333.38	23.545	2.491	16.493		chang4+5
塬3	2333.500	119.584	46.814	62.918	13.785	278.708	0.01	0.1	99.9	2333.5	27.748	2.461	12.912		chang4+5
塬3	2333.625	138.781	47.514	83.983	11.211	285.216	0.01	0.1	99.9	2333.63	30.123	2.437	10.665		chang4+5
塬3	2333.750	147.875	48.201	91.339	9.553	285.361	0.01	0.1	99.9	2333.75	30.79	2.424	9.192		chang4+5
塬3	2333.875	146.622	48.817	86.628	8.472	282.436	0.01	0.1	99.9	2333.88	31.165	2.427	8.241		chang4+5
塬3	2334.000	140.89	49.345	78.603	7.776	279.821	0.01	0.1	99.9	2334.0	31.432	2.435	7.625		chang4+5
塬3	2334.125	133.669	49.78	69.653	7.365	280.215	0.01	0.1	99.9	2334.13	30.762	2.439	7.285		chang4+5
塬3	2334.250	127.46	50.143	63.428	7.194	283.53	0.01	0.1	99.9	2334.25	29.762	2.437	7.172		chang4+5
塬3	2334.375	124.564	50.455	61.415	7.246	287.551	0.01	0.1	99.9	2334.38	30.241	2.427	7.281		chang4+5
塬3	2334.500	124.673	50.726	62.203	7.516	289.499	0.01	0.1	99.9	2334.5	32.532	2.421	7.607		chang4+5
塬3	2334.625	124.968	50.965	62.187	8.034	286.534	0.01	0.1	99.9	2334.63	34.474	2.427	8.195	干层	chang4+5
塬3	2334.750	124.662	51.181	61.796	8.852	278.258	0.01	0.1	99.9	2334.75	33.976	2.449	9.096	干层	chang4+5
塬3	2334.875	125.991	51.376	63.987	10.224	266.261	0.01	0.1	99.9	2334.88	31.324	2.487	10.649	干层	chang4+5
塬3	2335.000	126.396	51.547	63.536	13.018	252.916	0.01	0.1	99.9	2335.0	28.015	2.533	13.926	干层	chang4+5
塬3	2335.125	125.451	51.679	62.455	18.747	241.196	0.01	0.1	99.9	2335.13	25.287	2.575	20.586	干层	chang4+5
塬3	2335.250	127.368	51.767	65.87	26.528	233.098	0.01	0.1	99.9	2335.25	23.664	2.604	28.66	干层	chang4+5
塬3	2335.375	130.685	51.817	69.398	32.176	229.369	0.01	0.1	99.9	2335.38	23.045	2.616	33.241	干层	chang4+5
塬3	2335.500	131.28	51.839	68.893	33.521	229.989	0.01	0.1	99.9	2335.5	22.914	2.615	33.438	干层	chang4+5
塬3	2335.625	129.425	51.837	66.376	29.569	234.698	0.01	0.1	99.9	2335.63	22.719	2.604	27.971	干层	chang4+5
塬3	2335.750	127.13	51.809	63.929	22.96	242.318	0.01	0.1	99.9	2335.75	22.425	2.586	21.171	干层	chang4+5
塬3	2335.875	126.683	51.752	64.24	17.32	251.323	0.01	0.1	99.9	2335.88	22.656	2.554	16.051	干层	chang4+5
塬3	2336.000	130.553	51.661	70.081	13.405	260.069	0.01	0.1	99.9	2336.0	23.457	2.509	12.54	干层	chang4+5
塬3	2336.125	137.282	51.541	78.568	10.92	266.141	0.01	0.1	99.9	2336.13	24.654	2.457	10.407	干层	chang4+5
塬3	2336.250	140.6	51.402	80.624	9.531	267.683	0.01	0.1	99.9	2336.25	25.787	2.414	9.263	干层	chang4+5
塬3	2336.375	138.512	51.256	76.484	8.872	263.921	0.01	0.1	99.9	2336.38	26.434	2.397	8.76	干层	chang4+5
塬3	2336.500	136.06	51.106	74.253	8.651	255.255	0.01	0.1	99.9	2336.5	26.242	2.409	8.627	干层	chang4+5
塬3	2336.625	135.639	50.964	74.32	8.877	243.488	0.01	0.1	99.9	2336.63	24.441	2.444	8.986	干层	chang4+5
塬3	2336.750	133.591	50.851	70.788	9.711	231.767	0.01	0.1	99.9	2336.75	21.775	2.494	9.993	干层	chang4+5
塬3	2336.875	129.154	50.798	65.346	11.302	222.959	0.01	0.1	99.9	2336.88	19.853	2.548	11.795	干层	chang4+5
塬3	2337.000	124.802	50.83	60.988	13.632	218.687	0.01	0.1	99.9	2337.0	19.108	2.589	14.305	干层	chang4+5
塬3	2337.125	124.1	50.965	61.658	15.916	219.556	0.01	0.1	99.9	2337.13	18.735	2.613	16.461	干层	chang4+5
塬3	2337.250	126.991	51.175	65.506	16.173	224.19	0.01	0.1	99.9	2337.25	19.062	2.623	15.951	干层	chang4+5
塬3	2337.375	130.087	51.406	68.584	13.82	230.795	0.01	0.1	99.9	2337.38	20.046	2.623	12.973	干层	chang4+5
塬3	2337.500	129.949	51.608	67.134	10.822	238.375	0.01	0.1	99.9	2337.5	20.661	2.61	10.085	干层	chang4+5
塬3	2337.625	126.917	51.728	63.272	8.777	246.893	0.01	0.1	99.9	2337.63	20.849	2.584	8.371	干层	chang4+5
塬3	2337.750	123.833	51.755	60.316	7.681	256.74	0.01	0.1	99.9	2337.75	21.041	2.547	7.47	干层	chang4+5
塬3	2337.875	123.297	51.707	60.679	7.173	267.936	0.01	0.1	99.9	2337.88	21.674	2.504	7.088	干层	chang4+5
塬3	2338.000	125.361	51.616	63.445	7.025	279.481	0.01	0.1	99.9	2338.0	23.141	2.463	7.014	干层	chang4+5
塬3	2338.125	127.597	51.523	65.589	7.116	288.528	0.01	0.1	99.9	2338.13	25.746	2.427	7.161		chang4+5
塬3	2338.250	128.866	51.459	66.713	7.394	291.93	0.01	0.1	99.9	2338.25	28.835	2.404	7.483		chang4+5
塬3	2338.375	130.521	51.436	68.922	7.893	287.568	0.01	0.1	99.9	2338.38	30.701	2.407	8.047		chang4+5
塬3	2338.500	131.631	51.454	69.709	8.754	275.101	0.01	0.1	99.9	2338.5	29.811	2.428	9.02		chang4+5
塬3	2338.625	128.407	51.505	64.409	10.445	256.407	0.01	0.1	99.9	2338.63	26.373	2.463	10.989		chang4+5
塬3	2338.750	120.601	51.577	55.375	13.904	236.216	0.01	0.1	99.9	2338.75	22.563	2.508	15.018		chang4+5
塬3	2338.875	112.276	51.661	47.872	19.63	219.443	0.01	0.1	99.9	2338.88	19.801	2.552	21.343		chang4+5
塬3	2339.000	105.839	51.753	42.737	24.959	209.292	0.01	0.1	99.9	2339.0	17.638	2.582	26.144		chang4+5
塬3	2339.125	99.643	51.85	37.501	27.541	207.34	0.01	0.1	99.9	2339.13	15.254	2.6	27.9		chang4+5
塬3	2339.250	92.197	51.951	31.625	29.503	211.431	0.01	0.1	99.9	2339.25	12.977	2.605	30.103		chang4+5
塬3	2339.375	85.722	52.057	27.536	32.1	217.932	0.01	0.1	99.9	2339.38	12.105	2.603	32.82		chang4+5
塬3	2339.500	84.737	52.17	28.15	32.129	223.93	0.01	0.1	99.9	2339.5	13.291	2.6	31.706		chang4+5
塬3	2339.625	90.86	52.296	33.835	26.021	227.648	0.01	0.1	99.9	2339.63	15.471	2.595	23.73		chang4+5
塬3	2339.750	99.061	52.436	40.037	18.075	229.637	0.01	0.1	99.9	2339.75	16.817	2.583	16.149		chang4+5
塬3	2339.875	102.642	52.586	41.483	13.304	231.71	0.01	0.1	99.9	2339.88	17.089	2.561	12.481		chang4+5
塬3	2340.000	101.222	52.743	39.501	11.176	235.437	0.01	0.1	99.9	2340.0	17.63	2.534	10.787		chang4+5
塬3	2340.125	102.486	52.894	41.961	10.182	241.366	0.01	0.1	99.9	2340.13	19.404	2.513	10.003		chang4+5
塬3	2340.250	111.003	53.028	51.316	9.805	248.013	0.01	0.1	99.9	2340.25	21.906	2.505	9.757		chang4+5
塬3	2340.375	120.287	53.13	59.551	9.864	252.915	0.01	0.1	99.9	2340.38	24.109	2.498	9.918		chang4+5
塬3	2340.500	123.801	53.192	61.216	10.222	253.997	0.01	0.1	99.9	2340.5	25.661	2.496	10.338		chang4+5
塬3	2340.625	121.645	53.218	57.742	10.696	250.131	0.01	0.1	99.9	2340.63	26.509	2.503	10.823		chang4+5
塬3	2340.750	116.921	53.224	52.787	11.052	242.986	0.01	0.1	99.9	2340.75	26.239	2.514	11.124		chang4+5
塬3	2340.875	111.846	53.233	48.119	11.083	235.798	0.01	0.1	99.9	2340.88	24.581	2.527	11.053		chang4+5
塬3	2341.000	108.101	53.251	45.252	10.744	231.752	0.01	0.1	99.9	2341.0	22.35	2.538	10.62		chang4+5
塬3	2341.125	106.938	53.274	44.897	10.148	233.729	0.01	0.1	99.9	2341.13	21.145	2.537	9.975		chang4+5
塬3	2341.250	109.924	53.29	48.69	9.486	241.649	0.01	0.1	99.9	2341.25	21.77	2.531	9.315		chang4+5
塬3	2341.375	115.628	53.291	54.409	8.919	253.266	0.01	0.1	99.9	2341.38	23.713	2.521	8.786		chang4+5
塬3	2341.500	119.535	53.278	57.295	8.503	265.67	0.01	0.1	99.9	2341.5	25.828	2.509	8.409		chang4+5
塬3	2341.625	122.241	53.263	60.148	8.226	275.541	0.01	0.1	99.9	2341.63	27.096	2.488	8.167		chang4+5
塬3	2341.750	128.9	53.257	69.154	8.049	281.181	0.01	0.1	99.9	2341.75	27.707	2.46	8.011		chang4+5
塬3	2341.875	143.611	53.27	90.747	7.935	282.685	0.01	0.1	99.9	2341.88	28.561	2.438	7.91		chang4+5
塬3	2342.000	162.089	53.3	99.145	7.859	281.164	0.01	0.1	99.9	2342.0	29.742	2.428	7.842		chang4+5
塬3	2342.125	171.988	53.335	99.9	7.819	278.212	0.01	0.1	99.9	2342.13	30.321	2.432	7.813		chang4+5
塬3	2342.250	169.969	53.351	99.9	7.826	275.257	0.01	0.1	99.9	2342.25	30.186	2.446	7.833		chang4+5
塬3	2342.375	163.338	53.323	99.9	7.891	272.942	0.01	0.1	99.9	2342.38	30.149	2.465	7.914		chang4+5
塬3	2342.500	157.744	53.233	99.9	8.014	271.265	0.01	0.1	99.9	2342.5	30.389	2.476	8.052		chang4+5
塬3	2342.625	153.942	53.072	97.054	8.175	270.101	0.01	0.1	99.9	2342.63	30.665	2.476	8.219		chang4+5
塬3	2342.750	150.197	52.863	91.629	8.333	269.497	0.01	0.1	99.9	2342.75	30.779	2.47	8.372		chang4+5
塬3	2342.875	146.867	52.642	87.495	8.441	269.778	0.01	0.1	99.9	2342.88	30.732	2.463	8.462		chang4+5
塬3	2343.000	146.005	52.44	87.468	8.483	271.318	0.01	0.1	99.9	2343.0	30.803	2.455	8.488		chang4+5
塬3	2343.125	146.817	52.276	88.814	8.491	274.19	0.01	0.1	99.9	2343.13	31.175	2.447	8.491		chang4+5
塬3	2343.250	147.192	52.143	88.922	8.528	277.563	0.01	0.1	99.9	2343.25	31.524	2.437	8.543		chang4+5
塬3	2343.375	147.457	52.012	89.461	8.675	280.072	0.01	0.1	99.9	2343.38	31.644	2.428	8.727		chang4+5
塬3	2343.500	147.615	51.857	89.508	8.993	280.385	0.01	0.1	99.9	2343.5	32.099	2.427	9.094		chang4+5
塬3	2343.625	144.891	51.654	84.386	9.535	277.302	0.01	0.1	99.9	2343.63	33.005	2.44	9.701		chang4+5
塬3	2343.750	141.781	51.398	81.044	10.304	271.086	0.01	0.1	99.9	2343.75	33.131	2.466	10.524		chang4+5
塬3	2343.875	141.533	51.088	81.843	11.261	262.971	0.01	0.1	99.9	2343.88	31.763	2.503	11.527		chang4+5
塬3	2344.000	142.861	50.716	83.715	12.328	254.376	0.01	0.1	99.9	2344.0	29.609	2.546	12.613		chang4+5
塬3	2344.125	144.051	50.261	85.095	13.39	246.761	0.01	0.1	99.9	2344.13	27.507	2.567	13.661		chang4+5
塬3	2344.250	144.522	49.722	85.424	14.334	240.756	0.01	0.1	99.9	2344.25	25.762	2.586	14.563		chang4+5
塬3	2344.375	143.212	49.115	82.926	15.039	236.193	0.01	0.1	99.9	2344.38	24.446	2.607	15.194		chang4+5
塬3	2344.500	139.594	48.453	77.632	15.412	232.576	0.01	0.1	99.9	2344.5	23.685	2.616	15.473		chang4+5
塬3	2344.625	133.826	47.721	70.153	15.317	229.461	0.01	0.1	99.9	2344.63	23.306	2.616	15.241		chang4+5
塬3	2344.750	125.151	46.88	59.776	14.668	226.748	0.01	0.1	99.9	2344.75	22.584	2.61	14.443		chang4+5
塬3	2344.875	114.635	45.883	39.379	13.554	224.726	0.017	6.263	89.671	2344.88	21.096	2.603	13.225		chang4+5
塬3	2345.000	105.154	44.705	32.078	12.274	223.778	0.022	6.585	88.439	2345.0	19.159	2.596	11.939		chang4+5
塬3	2345.125	98.07	43.367	28.293	11.185	224.104	0.029	7.061	86.391	2345.13	17.169	2.586	10.933		chang4+5
塬3	2345.250	91.356	41.977	24.46	10.462	225.23	0.043	7.724	81.5	2345.25	15.495	2.571	10.313		chang4+5
塬3	2345.375	85.359	40.685	21.564	10.148	226.395	0.066	8.511	74.794	2345.38	14.817	2.553	10.106		chang4+5
塬3	2345.500	82.594	39.641	20.708	10.208	227.074	0.094	9.227	68.351	2345.5	15.293	2.537	10.258	干层	chang4+5
塬3	2345.625	83.328	39.04	21.484	10.594	227.305	0.117	9.66	63.577	2345.63	16.39	2.526	10.725	干层	chang4+5
塬3	2345.750	85.127	38.973	22.38	11.231	227.928	0.118	9.638	61.406	2345.75	17.714	2.526	11.417	干层	chang4+5
塬3	2345.875	88.453	39.444	24.476	11.991	230.08	0.098	9.186	62.003	2345.88	19.022	2.535	12.196	干层	chang4+5
塬3	2346.000	95.58	40.403	29.107	12.681	234.565	0.071	8.508	65.016	2346.0	19.965	2.55	12.844	干层	chang4+5
塬3	2346.125	106.004	41.743	45.746	13.065	241.48	0.017	0.1	95.857	2346.13	20.36	2.562	13.127	干层	chang4+5
塬3	2346.250	116.526	43.26	56.289	12.993	249.431	0.01	0.1	99.9	2346.25	20.797	2.566	12.925	干层	chang4+5
塬3	2346.375	124.53	44.762	63.675	12.443	256.391	0.01	0.1	99.9	2346.38	22.093	2.559	12.254	干层	chang4+5
塬3	2346.500	130.544	46.131	69.982	11.554	260.698	0.01	0.1	99.9	2346.5	24.093	2.547	11.297	干层	chang4+5
塬3	2346.625	133.645	47.281	72.378	10.532	261.424	0.01	0.1	99.9	2346.63	25.395	2.536	10.262	干层	chang4+5
塬3	2346.750	131.884	48.212	68.732	9.553	259.786	0.01	0.1	99.9	2346.75	25.216	2.531	9.308	干层	chang4+5
塬3	2346.875	125.81	48.955	61.114	8.727	258.266	0.01	0.1	99.9	2346.88	24.673	2.53	8.531	干层	chang4+5
塬3	2347.000	120.322	49.534	56.322	8.106	259.351	0.01	0.1	99.9	2347.0	25.182	2.523	7.966	干层	chang4+5
塬3	2347.125	119.157	49.963	56.456	7.721	265.203	0.01	0.1	99.9	2347.13	26.766	2.5	7.645	干层	chang4+5
塬3	2347.250	121.49	50.28	59.499	7.575	275.395	0.01	0.1	99.9	2347.25	28.385	2.464	7.56	干层	chang4+5
塬3	2347.375	125.816	50.525	64.532	7.675	287.475	0.01	0.1	99.9	2347.38	29.726	2.424	7.726	干层	chang4+5
塬3	2347.500	131.658	50.73	71.527	7.999	298.212	0.01	0.1	99.9	2347.5	31.197	2.393	8.103	干层	chang4+5
塬3	2347.625	137.289	50.918	77.886	8.505	303.614	0.01	0.1	99.9	2347.63	32.241	2.376	8.653		chang4+5
塬3	2347.750	139.886	51.108	79.761	9.129	301.872	0.01	0.1	99.9	2347.75	31.764	2.378	9.299		chang4+5
塬3	2347.875	138.893	51.309	77.48	9.774	293.532	0.01	0.1	99.9	2347.88	29.743	2.397	9.94		chang4+5
塬3	2348.000	139.682	51.522	80.022	10.342	280.625	0.01	0.1	99.9	2348.0	27.305	2.431	10.478		chang4+5
塬3	2348.125	143.144	51.732	84.932	10.751	266.463	0.01	0.1	99.9	2348.13	25.366	2.473	10.839		chang4+5
塬3	2348.250	145.209	51.914	86.594	11.012	254.306	0.01	0.1	99.9	2348.25	23.974	2.519	11.068		chang4+5
塬3	2348.375	144.075	52.042	83.987	11.22	245.98	0.01	0.1	99.9	2348.38	23.149	2.563	11.273		chang4+5
塬3	2348.500	141.942	52.099	81.367	11.51	241.683	0.01	0.1	99.9	2348.5	22.949	2.593	11.599		chang4+5
塬3	2348.625	140.658	52.072	80.113	12.028	240.417	0.01	0.1	99.9	2348.63	22.887	2.607	12.191		chang4+5
塬3	2348.750	139.001	51.974	77.64	12.856	240.154	0.01	0.1	99.9	2348.75	22.527	2.609	13.103		chang4+5
塬3	2348.875	135.111	51.816	72.11	13.99	239.194	0.01	0.1	99.9	2348.88	21.98	2.605	14.314		chang4+5
塬3	2349.000	128.991	51.592	64.673	15.25	236.803	0.01	0.1	99.9	2349.0	21.491	2.598	15.58		chang4+5
塬3	2349.125	124.153	51.275	60.391	16.327	233.031	0.01	0.1	99.9	2349.13	20.954	2.592	16.577		chang4+5
塬3	2349.250	120.781	50.854	57.059	16.972	228.685	0.01	0.1	99.9	2349.25	19.979	2.586	17.089		chang4+5
塬3	2349.375	116.867	50.338	41.906	17.155	224.562	0.029	7.149	71.322	2349.38	18.564	2.583	17.161		chang4+5
塬3	2349.500	111.771	49.76	36.708	17.144	220.969	0.032	7.167	67.43	2349.5	17.219	2.582	17.136		chang4+5
塬3	2349.625	107.462	49.19	34.291	17.462	217.681	0.032	7.174	66.463	2349.63	16.341	2.582	17.6		chang4+5
塬3	2349.750	104.173	48.698	32.334	19.003	214.112	0.03	7.056	63.988	2349.75	15.741	2.584	19.563		chang4+5
塬3	2349.875	100.352	48.336	29.888	24.361	209.816	0.023	6.62	58.687	2349.88	15.153	2.593	26.256		chang4+5
塬3	2350.000	97.099	48.126	28.247	39.198	204.836	0.015	5.897	50.703	2350.0	14.489	2.609	44.238		chang4+5
塬3	2350.125	93.943	48.065	26.362	62.768	199.927	0.01	5.163	45.964	2350.13	13.401	2.626	69.546		chang4+5
塬3	2350.250	87.547	48.104	22.317	72.367	196.281	0.01	4.534	51.146	2350.25	11.8	2.64	72.268		chang4+5
塬3	2350.375	80.04	48.18	18.717	67.781	194.967	0.01	4.137	58.981	2350.38	10.19	2.65	65.929		chang4+5
塬3	2350.500	76.739	48.241	17.886	63.282	196.545	0.01	4.096	61.688	2350.5	9.185	2.652	62.526		chang4+5
塬3	2350.625	79.916	48.244	20.275	56.516	200.982	0.01	4.34	63.091	2350.63	9.295	2.647	54.152		chang4+5
塬3	2350.750	87.103	48.181	24.294	44.39	207.023	0.01	4.746	66.886	2350.75	10.609	2.638	40.765		chang4+5
塬3	2350.875	94.847	48.072	28.486	32.622	213.001	0.01	5.123	72.247	2350.88	12.829	2.63	29.909		chang4+5
塬3	2351.000	100.501	47.953	31.321	24.822	217.536	0.01	5.381	77.732	2351.0	15.402	2.623	23.212	干层	chang4+5
塬3	2351.125	103.694	47.867	32.915	20.252	219.492	0.011	5.614	81.532	2351.13	17.482	2.618	19.32	干层	chang4+5
塬3	2351.250	106.305	47.837	34.59	17.686	218.948	0.013	5.917	82.076	2351.25	18.635	2.611	17.18	干层	chang4+5
塬3	2351.375	108.963	47.862	36.257	16.739	216.774	0.017	6.198	79.517	2351.38	18.908	2.605	16.651	干层	chang4+5
塬3	2351.500	111.039	47.936	37.458	17.04	214.014	0.02	6.44	75.196	2351.5	18.354	2.599	17.218	干层	chang4+5
塬3	2351.625	110.826	48.062	36.786	18.126	211.783	0.023	6.667	70.109	2351.63	17.462	2.594	18.47	干层	chang4+5
塬3	2351.750	108.658	48.25	35.193	20.104	210.664	0.025	6.784	64.945	2351.75	17.072	2.591	20.72	干层	chang4+5
塬3	2351.875	107.023	48.521	34.424	22.972	210.651	0.023	6.632	61.693	2351.88	17.375	2.594	23.795	干层	chang4+5
塬3	2352.000	104.795	48.892	32.74	24.92	211.408	0.018	6.232	63.428	2352.0	17.809	2.602	25.235	干层	chang4+5
塬3	2352.125	101.913	49.379	31.02	24.534	212.497	0.013	5.754	70.07	2352.13	17.928	2.613	24.183		chang4+5
塬3	2352.250	101.793	49.959	31.624	22.724	213.646	0.01	5.387	78.286	2352.25	17.892	2.622	22.183		chang4+5
塬3	2352.375	104.045	50.591	33.178	20.771	214.914	0.01	5.278	83.977	2352.38	18.083	2.625	20.284		chang4+5
塬3	2352.500	106.661	51.234	34.786	19.149	216.608	0.01	5.491	84.484	2352.5	18.5	2.621	18.768		chang4+5
塬3	2352.625	107.505	51.848	34.862	17.921	219.17	0.013	5.879	81.661	2352.63	18.722	2.612	17.639		chang4+5
塬3	2352.750	107.496	52.423	34.907	17.013	222.684	0.017	6.249	78.647	2352.75	18.617	2.604	16.805		chang4+5
塬3	2352.875	107.615	52.97	34.985	16.314	226.859	0.02	6.427	77.696	2352.88	18.543	2.599	16.149		chang4+5
塬3	2353.000	108.892	53.506	45.847	15.652	231.197	0.011	0.1	97.289	2353.0	18.907	2.601	15.476		chang4+5
塬3	2353.125	111.647	54.036	49.88	14.904	235.033	0.01	0.1	99.9	2353.13	19.794	2.605	14.698		chang4+5
塬3	2353.250	115.862	54.545	54.269	14.101	238.008	0.01	0.1	99.9	2353.25	20.881	2.611	13.89		chang4+5
塬3	2353.375	120.128	55.006	58.277	13.373	240.209	0.01	0.1	99.9	2353.38	21.748	2.616	13.197		chang4+5
塬3	2353.500	121.035	55.388	57.908	12.814	242.051	0.01	0.1	99.9	2353.5	22.174	2.615	12.687		chang4+5
塬3	2353.625	119.576	55.655	56.224	12.465	244.218	0.01	0.1	99.9	2353.63	22.428	2.612	12.396		chang4+5
塬3	2353.750	120.638	55.802	58.487	12.346	247.185	0.01	0.1	99.9	2353.75	22.87	2.61	12.339		chang4+5
塬3	2353.875	125.186	55.85	64.043	12.503	250.936	0.01	0.1	99.9	2353.88	23.429	2.607	12.573		chang4+5
塬3	2354.000	130.816	55.835	70.324	12.976	254.963	0.01	0.1	99.9	2354.0	23.987	2.598	13.131		chang4+5
塬3	2354.125	137.213	55.8	78.345	13.8	258.145	0.01	0.1	99.9	2354.13	24.662	2.583	14.05		chang4+5
塬3	2354.250	142.399	55.777	84.026	14.862	259.395	0.01	0.1	99.9	2354.25	25.416	2.561	15.154		chang4+5
塬3	2354.375	141.858	55.766	80.802	15.86	258.068	0.01	0.1	99.9	2354.38	25.703	2.538	16.099		chang4+5
塬3	2354.500	136.845	55.744	73.844	16.408	254.101	0.01	0.1	99.9	2354.5	24.973	2.523	16.491		chang4+5
塬3	2354.625	131.924	55.684	68.642	16.255	248.055	0.01	0.1	99.9	2354.63	23.33	2.521	16.141		chang4+5
塬3	2354.750	129.798	55.586	67.249	15.518	241.301	0.01	0.1	99.9	2354.75	21.365	2.53	15.279		chang4+5
塬3	2354.875	129.957	55.474	67.887	14.535	235.219	0.01	0.1	99.9	2354.88	19.773	2.549	14.269		chang4+5
塬3	2355.000	128.939	55.363	65.935	13.594	230.65	0.01	0.1	99.9	2355.0	19.091	2.569	13.363		chang4+5
塬3	2355.125	124.441	55.236	60.079	12.844	227.889	0.01	0.1	99.9	2355.13	19.274	2.581	12.671		chang4+5
塬3	2355.250	121.039	55.036	57.669	12.365	226.251	0.01	0.1	99.9	2355.25	19.541	2.587	12.27		chang4+5
塬3	2355.375	120.042	54.713	57.025	12.26	224.714	0.01	0.1	99.9	2355.38	19.241	2.591	12.273		chang4+5
塬3	2355.500	116.693	54.261	52.596	12.588	222.579	0.01	0.1	99.9	2355.5	18.412	2.595	12.716		chang4+5
塬3	2355.625	111.747	53.741	48.061	13.375	219.787	0.01	0.1	99.9	2355.63	17.496	2.598	13.626		chang4+5
塬3	2355.750	110.299	53.266	48.027	14.511	217.269	0.01	0.1	99.9	2355.75	16.829	2.6	14.833		chang4+5
塬3	2355.875	112.045	52.931	50.054	15.752	216.469	0.01	0.1	99.9	2355.88	16.337	2.602	16.075		chang4+5
塬3	2356.000	111.308	52.78	48.174	16.755	218.693	0.01	0.1	99.9	2356.0	15.961	2.601	16.978		chang4+5
塬3	2356.125	108.449	52.822	45.557	17.134	224.868	0.01	0.1	99.9	2356.13	16.1	2.599	17.157		chang4+5
塬3	2356.250	108.574	53.007	46.806	16.744	234.056	0.01	0.1	99.9	2356.25	17.106	2.598	16.567		chang4+5
塬3	2356.375	113.38	53.275	52.316	15.776	244.115	0.01	0.1	99.9	2356.38	18.992	2.595	15.48		chang4+5
塬3	2356.500	121.341	53.574	60.877	14.658	252.643	0.01	0.1	99.9	2356.5	21.519	2.59	14.371		chang4+5
塬3	2356.625	129.197	53.851	68.969	13.769	256.924	0.01	0.1	99.9	2356.63	23.516	2.584	13.572		chang4+5
塬3	2356.750	133.241	54.064	72.052	13.367	256.005	0.01	0.1	99.9	2356.75	23.642	2.579	13.319		chang4+5
塬3	2356.875	131.267	54.189	67.855	13.901	250.544	0.01	0.1	99.9	2356.88	22.275	2.576	14.153		chang4+5
塬3	2357.000	124.387	54.215	59.4	16.414	242.006	0.01	0.1	99.9	2357.0	20.895	2.577	17.31		chang4+5
塬3	2357.125	118.492	54.141	54.497	23.22	232.362	0.01	0.1	99.9	2357.13	20.095	2.584	25.516		chang4+5
塬3	2357.250	116.713	53.993	53.822	32.061	223.297	0.01	0.1	99.9	2357.25	19.437	2.596	34.358		chang4+5
塬3	2357.375	114.698	53.808	51.185	35.768	215.559	0.01	0.1	99.9	2357.38	18.416	2.609	35.924		chang4+5
塬3	2357.500	107.366	53.618	43.125	35.288	209.156	0.01	0.1	99.9	2357.5	16.789	2.622	34.994	干层	chang4+5
塬3	2357.625	97.347	53.455	35.042	35.418	204.065	0.01	0.1	99.9	2357.63	14.824	2.633	35.65	干层	chang4+5
塬3	2357.750	91.294	53.332	31.775	37.139	200.569	0.01	0.1	99.9	2357.75	13.317	2.638	37.716	干层	chang4+5
塬3	2357.875	90.813	53.255	32.363	39.863	199.572	0.01	0.1	99.9	2357.88	12.703	2.637	40.65	干层	chang4+5
塬3	2358.000	94.72	53.228	36.084	41.739	202.386	0.01	0.1	99.9	2358.0	12.626	2.63	42.045	干层	chang4+5
塬3	2358.125	101.166	53.274	41.591	39.145	210.576	0.01	0.1	99.9	2358.13	13.002	2.619	37.878	干层	chang4+5
塬3	2358.250	109.364	53.409	49.168	32.207	223.84	0.01	0.1	99.9	2358.25	14.571	2.606	30.08	干层	chang4+5
塬3	2358.375	119.332	53.633	59.294	24.773	240.397	0.01	0.1	99.9	2358.38	17.651	2.595	22.961	干层	chang4+5
塬3	2358.500	129.077	53.926	69.429	18.984	257.878	0.01	0.1	99.9	2358.5	21.507	2.581	17.667	干层	chang4+5
塬3	2358.625	134.438	54.238	73.749	14.997	273.331	0.01	0.1	99.9	2358.63	25.346	2.557	14.132	干层	chang4+5
塬3	2358.750	136.264	54.503	75.329	12.501	285.006	0.01	0.1	99.9	2358.75	28.69	2.518	11.984	干层	chang4+5
塬3	2358.875	139.432	54.671	80.309	11.154	292.728	0.01	0.1	99.9	2358.88	30.927	2.468	10.906		chang4+5
塬3	2359.000	146.881	54.717	91.888	10.505	297.319	0.01	0.1	99.9	2359.0	31.804	2.416	10.384		chang4+5
塬3	2359.125	155.508	54.616	99.131	10.19	299.935	0.01	0.1	99.9	2359.13	31.956	2.374	10.132		chang4+5
塬3	2359.250	161.67	54.38	99.9	10.101	301.416	0.01	0.1	99.9	2359.25	32.051	2.351	10.099		chang4+5
塬3	2359.375	165.736	54.042	99.9	10.285	301.531	0.01	0.1	99.9	2359.38	32.059	2.349	10.363		chang4+5
塬3	2359.500	168.264	53.646	99.9	10.736	299.139	0.01	0.1	99.9	2359.5	31.681	2.366	10.878		chang4+5
塬3	2359.625	166.638	53.268	99.9	11.427	292.517	0.01	0.1	99.9	2359.63	30.35	2.391	11.63		chang4+5
塬3	2359.750	161.216	52.965	99.9	12.378	281.463	0.01	0.1	99.9	2359.75	27.41	2.42	12.652		chang4+5
塬3	2359.875	152.409	52.748	91.857	13.697	267.354	0.01	0.1	99.9	2359.88	23.532	2.45	14.08		chang4+5
塬3	2360.000	139.745	52.576	74.9	15.511	252.902	0.01	0.1	99.9	2360.0	20.354	2.478	16.035		chang4+5
塬3	2360.125	125.64	52.371	59.237	17.84	242.722	0.01	0.1	99.9	2360.13	18.45	2.504	18.493		chang4+5
塬3	2360.250	113.984	52.076	33.873	20.061	236.648	0.094	9.392	52.897	2360.25	17.477	2.528	20.591		chang4+5
塬3	2360.375	108.767	51.691	29.734	20.989	231.828	0.073	8.528	50.555	2360.38	17.386	2.549	21.055		chang4+5
塬3	2360.500	109.56	51.256	30.796	20.198	227.515	0.055	8.052	55.438	2360.5	17.835	2.56	19.829		chang4+5
塬3	2360.625	110.546	50.84	30.956	18.532	223.755	0.047	7.762	60.403	2360.63	18.119	2.568	18.061		chang4+5
塬3	2360.750	109.179	50.494	29.949	17.06	221.672	0.041	7.535	64.69	2360.75	18.075	2.573	16.731		chang4+5
塬3	2360.875	107.178	50.229	28.965	16.198	220.841	0.035	7.269	68.428	2360.88	17.855	2.579	16.037		chang4+5
塬3	2361.000	106.516	50.031	28.887	15.705	220.373	0.028	6.922	72.758	2361.0	17.561	2.587	15.597		chang4+5
塬3	2361.125	105.666	49.874	28.263	15.285	220.568	0.023	6.631	77.055	2361.13	17.403	2.593	15.174		chang4+5
塬3	2361.250	105.091	49.742	28.15	14.877	221.599	0.021	6.504	79.831	2361.25	17.542	2.597	14.773		chang4+5
塬3	2361.375	106.245	49.636	28.99	14.662	222.808	0.021	6.535	80.042	2361.38	17.929	2.596	14.635		chang4+5
塬3	2361.500	107.927	49.576	29.805	14.955	223.054	0.022	6.569	78.419	2361.5	18.315	2.596	15.094		chang4+5
塬3	2361.625	108.609	49.576	29.969	16.154	221.23	0.022	6.607	74.444	2361.63	18.402	2.595	16.57		chang4+5
塬3	2361.750	108.831	49.622	30.098	18.205	217.698	0.023	6.644	69.502	2361.75	18.141	2.594	18.809		chang4+5
塬3	2361.875	108.511	49.687	29.808	20.194	214.195	0.023	6.666	66.062	2361.88	17.585	2.593	20.659		chang4+5
塬3	2362.000	107.262	49.75	29.046	20.683	213.043	0.023	6.651	66.224	2362.0	16.847	2.594	20.606		chang4+5
塬3	2362.125	103.575	49.82	26.774	19.087	216.858	0.026	6.886	67.893	2362.13	16.107	2.589	18.468		chang4+5
塬3	2362.250	98.819	49.926	24.525	16.363	225.923	0.04	7.614	67.342	2362.25	15.666	2.574	15.602		chang4+5
塬3	2362.375	97.95	50.097	36.308	13.767	238.282	0.014	0.1	96.073	2362.38	16.354	2.545	13.145		chang4+5
塬3	2362.500	105.418	50.347	46.17	11.798	250.787	0.01	0.1	99.9	2362.5	19.168	2.505	11.354		chang4+5
塬3	2362.625	116.31	50.67	56.275	10.488	259.193	0.01	0.1	99.9	2362.63	23.545	2.471	10.211		chang4+5
塬3	2362.750	121.352	51.039	58.896	9.723	261.133	0.01	0.1	99.9	2362.75	26.976	2.458	9.572		chang4+5
塬3	2362.875	120.092	51.43	56.43	9.383	256.779	0.01	0.1	99.9	2362.88	27.595	2.468	9.333		chang4+5
塬3	2363.000	116.866	51.835	53.179	9.35	248.164	0.01	0.1	99.9	2363.0	25.445	2.499	9.366		chang4+5
塬3	2363.125	113.322	52.241	49.781	9.513	238.916	0.01	0.1	99.9	2363.13	22.165	2.537	9.571		chang4+5
塬3	2363.250	110.572	52.629	47.614	9.772	232.553	0.01	0.1	99.9	2363.25	19.896	2.568	9.845		chang4+5
塬3	2363.375	108.741	52.976	46.124	10.072	230.959	0.01	0.1	99.9	2363.38	19.584	2.58	10.154		chang4+5
塬3	2363.500	107.122	53.267	44.705	10.43	234.254	0.01	0.1	99.9	2363.5	20.886	2.574	10.53		chang4+5
塬3	2363.625	106.909	53.496	45.03	10.922	241.407	0.01	0.1	99.9	2363.63	22.731	2.568	11.067		chang4+5
塬3	2363.750	108.307	53.679	46.534	11.636	250.442	0.01	0.1	99.9	2363.75	23.869	2.567	11.846		chang4+5
塬3	2363.875	109.811	53.841	47.745	12.634	259.928	0.01	0.1	99.9	2363.88	23.857	2.569	12.923		chang4+5
塬3	2364.000	111.722	53.993	49.721	13.762	269.493	0.01	0.1	99.9	2364.0	23.522	2.558	14.058		chang4+5
塬3	2364.125	117.546	54.132	56.757	14.539	279.371	0.01	0.1	99.9	2364.13	24.593	2.526	14.684		chang4+5
塬3	2364.250	127.634	54.236	68.457	14.415	289.585	0.01	0.1	99.9	2364.25	27.481	2.477	14.275		chang4+5
塬3	2364.375	137.893	54.277	80.111	13.289	299.364	0.01	0.1	99.9	2364.38	30.731	2.422	12.904		chang4+5
塬3	2364.500	144.921	54.224	87.819	11.696	307.076	0.01	0.1	99.9	2364.5	32.897	2.377	11.265		chang4+5
塬3	2364.625	145.488	54.04	85.826	10.3	309.878	0.01	0.1	99.9	2364.63	33.862	2.349	9.979		chang4+5
塬3	2364.750	140.729	53.734	78.501	9.386	306.032	0.01	0.1	99.9	2364.75	34.236	2.343	9.199		chang4+5
塬3	2364.875	133.87	53.351	69.995	8.999	295.357	0.01	0.1	99.9	2364.88	33.871	2.356	8.951		chang4+5
塬3	2365.000	128.055	52.953	64.178	9.114	279.02	0.01	0.1	99.9	2365.0	32.227	2.386	9.192		chang4+5
塬3	2365.125	123.754	52.615	59.903	9.747	259.689	0.01	0.1	99.9	2365.13	28.815	2.429	9.964		chang4+5
塬3	2365.250	119.56	52.371	55.555	10.949	241.024	0.01	0.1	99.9	2365.25	24.089	2.479	11.319		chang4+5
塬3	2365.375	114.643	52.211	50.625	12.946	225.937	0.01	0.1	99.9	2365.38	19.836	2.529	13.554		chang4+5
塬3	2365.500	106.739	52.098	42.674	16.251	215.79	0.01	0.1	99.9	2365.5	17.336	2.57	17.261		chang4+5
塬3	2365.625	98.119	51.994	31.51	22.505	210.689	0.019	6.424	66.242	2365.63	16.209	2.596	24.501		chang4+5
塬3	2365.750	91.789	51.882	27.308	33.239	208.697	0.015	5.988	55.087	2365.75	15.39	2.608	36.506		chang4+5
塬3	2365.875	87.982	51.764	25.413	43.66	207.473	0.014	5.913	49.859	2365.88	14.434	2.61	46.028		chang4+5
塬3	2366.000	85.626	51.66	24.192	48.38	205.546	0.014	5.933	48.223	2366.0	13.372	2.61	48.915		chang4+5
塬3	2366.125	84.742	51.594	23.955	50.456	202.616	0.013	5.846	47.826	2366.13	12.425	2.612	50.998		chang4+5
塬3	2366.250	83.652	51.587	23.133	49.058	200.035	0.011	5.603	51.209	2366.25	11.866	2.617	48.147		chang4+5
塬3	2366.375	82.377	51.657	22.506	41.44	200.03	0.01	5.374	59.61	2366.38	11.87	2.622	38.815		chang4+5
塬3	2366.500	82.739	51.818	23.037	31.357	204.748	0.01	5.256	71.101	2366.5	12.742	2.625	28.742		chang4+5
塬3	2366.625	86.081	52.067	25.451	22.894	216.084	0.01	5.247	83.609	2366.63	14.847	2.626	20.948		chang4+5
塬3	2366.750	91.664	52.365	29.045	16.847	233.215	0.011	5.596	91.711	2366.75	17.797	2.619	15.504		chang4+5
塬3	2366.875	97.876	52.65	38.148	13.01	253.375	0.01	0.1	99.043	2366.88	20.689	2.599	12.222		chang4+5
塬3	2367.000	105.192	52.878	45.223	10.818	273.039	0.01	0.1	99.9	2367.0	22.955	2.567	10.38		chang4+5
塬3	2367.125	113.316	53.028	52.694	9.654	287.551	0.01	0.1	99.9	2367.13	24.63	2.531	9.434		chang4+5
塬3	2367.250	119.556	53.129	57.994	9.07	294.048	0.01	0.1	99.9	2367.25	26.283	2.494	8.96		chang4+5
塬3	2367.375	124.721	53.224	63.434	8.958	291.971	0.01	0.1	99.9	2367.38	28.024	2.466	8.977		chang4+5
塬3	2367.500	129.283	53.339	68.131	9.459	282.548	0.01	0.1	99.9	2367.5	29.282	2.455	9.656		chang4+5
塬3	2367.625	128.515	53.467	65.006	10.791	268.706	0.01	0.1	99.9	2367.63	29.217	2.464	11.228		chang4+5
塬3	2367.750	122.707	53.583	58.018	12.955	254.712	0.01	0.1	99.9	2367.75	27.093	2.488	13.594		chang4+5
塬3	2367.875	116.088	53.669	51.718	15.656	244.136	0.01	0.1	99.9	2367.88	23.247	2.507	16.396		chang4+5
塬3	2368.000	108.314	53.731	44.2	18.042	238.905	0.01	0.1	99.9	2368.0	19.079	2.524	18.59		chang4+5
塬3	2368.125	100.164	53.801	37.651	18.906	239.752	0.01	0.1	99.9	2368.13	16.062	2.558	18.935		chang4+5
塬3	2368.250	97.503	53.918	37.236	17.956	244.98	0.01	0.1	99.9	2368.25	14.953	2.587	17.543		chang4+5
塬3	2368.375	101.474	54.099	41.628	16.089	252.046	0.01	0.1	99.9	2368.38	16.032	2.606	15.561		chang4+5
塬3	2368.500	108.9	54.341	48.587	14.358	258.844	0.01	0.1	99.9	2368.5	19.175	2.615	13.957		chang4+5
塬3	2368.625	115.944	54.609	54.739	13.289	263.564	0.01	0.1	99.9	2368.63	23.021	2.614	13.086		chang4+5
塬3	2368.750	122.277	54.85	61.154	12.984	265.625	0.01	0.1	99.9	2368.75	25.219	2.603	12.979		chang4+5
塬3	2368.875	127.363	55.013	66.044	13.49	265.272	0.01	0.1	99.9	2368.88	24.755	2.585	13.704		chang4+5
塬3	2369.000	130.955	55.064	69.727	14.854	262.944	0.01	0.1	99.9	2369.0	23.0	2.547	15.293		chang4+5
塬3	2369.125	132.853	54.97	71.308	17.195	258.966	0.01	0.1	99.9	2369.13	21.586	2.531	17.906		chang4+5
塬3	2369.250	130.779	54.744	67.427	20.318	253.752	0.01	0.1	99.9	2369.25	20.805	2.525	21.19		chang4+5
塬3	2369.375	121.984	54.426	56.139	23.279	247.73	0.01	0.1	99.9	2369.38	20.297	2.526	23.985		chang4+5
塬3	2369.500	109.034	54.071	43.743	24.508	241.452	0.01	0.1	99.9	2369.5	19.618	2.534	24.593		chang4+5
塬3	2369.625	98.254	53.758	35.943	23.136	236.061	0.01	0.1	99.9	2369.63	18.697	2.543	22.513		chang4+5
塬3	2369.750	92.681	53.548	32.803	20.152	232.852	0.01	0.1	99.9	2369.75	18.252	2.549	19.285		chang4+5
塬3	2369.875	95.167	53.454	36.57	17.179	232.849	0.01	0.1	99.9	2369.88	18.906	2.548	16.463		chang4+5
塬3	2370.000	106.45	53.446	47.891	14.962	236.485	0.01	0.1	99.9	2370.0	20.593	2.534	14.471		chang4+5
塬3	2370.125	117.223	53.457	56.597	13.587	243.338	0.01	0.1	99.9	2370.13	22.572	2.526	13.311		chang4+5
塬3	2370.250	118.053	53.426	54.206	12.937	251.361	0.01	0.1	99.9	2370.25	23.626	2.522	12.833		chang4+5
塬3	2370.375	112.224	53.342	47.999	12.923	257.886	0.01	0.1	99.9	2370.38	23.167	2.519	12.98		chang4+5
塬3	2370.500	107.736	53.236	44.941	13.47	260.593	0.01	0.1	99.9	2370.5	22.108	2.518	13.663		chang4+5
塬3	2370.625	109.028	53.17	47.649	14.476	257.567	0.01	0.1	99.9	2370.63	22.019	2.519	14.778		chang4+5
塬3	2370.750	113.751	53.18	52.351	15.609	249.539	0.01	0.1	99.9	2370.75	22.938	2.525	15.898		chang4+5
塬3	2370.875	115.376	53.269	52.446	16.256	239.171	0.01	0.1	99.9	2370.88	23.42	2.537	16.351		chang4+5
塬3	2371.000	108.901	53.416	44.401	15.901	229.839	0.01	0.1	99.9	2371.0	22.545	2.549	15.696		chang4+5
塬3	2371.125	98.984	53.602	36.347	14.557	225.767	0.01	0.1	99.9	2371.13	20.807	2.554	14.121		chang4+5
塬3	2371.250	96.761	53.814	37.043	12.797	228.987	0.01	0.1	99.9	2371.25	19.673	2.543	12.327		chang4+5
塬3	2371.375	104.493	54.043	45.32	11.268	238.918	0.01	0.1	99.9	2371.38	20.337	2.525	10.914		chang4+5
塬3	2371.500	114.589	54.28	54.269	10.261	253.042	0.01	0.1	99.9	2371.5	22.813	2.51	10.055		chang4+5
塬3	2371.625	119.313	54.5	56.888	9.862	266.726	0.01	0.1	99.9	2371.63	25.995	2.501	9.821		chang4+5
塬3	2371.750	121.314	54.682	59.001	10.109	275.306	0.01	0.1	99.9	2371.75	28.768	2.5	10.237		chang4+5
塬3	2371.875	124.344	54.816	62.561	11.172	275.941	0.01	0.1	99.9	2371.88	30.352	2.501	11.537		chang4+5
塬3	2372.000	124.649	54.901	61.436	13.466	268.124	0.01	0.1	99.9	2372.0	29.678	2.508	14.202		chang4+5
塬3	2372.125	115.446	54.932	49.415	18.785	253.493	0.01	0.1	99.9	2372.13	25.765	2.523	20.557		chang4+5
塬3	2372.250	100.535	54.913	36.455	31.811	236.363	0.073	8.844	57.426	2372.25	20.202	2.541	36.17		chang4+5
塬3	2372.375	89.431	54.856	29.595	58.747	221.134	0.055	8.0	43.054	2372.38	15.813	2.561	67.34		chang4+5
塬3	2372.500	84.69	54.774	27.358	89.215	210.636	0.037	7.329	38.964	2372.5	13.595	2.576	96.719		chang4+5
塬3	2372.625	81.916	54.693	25.458	105.25	206.414	0.029	6.984	38.864	2372.63	13.061	2.585	107.396		chang4+5
塬3	2372.750	78.137	54.631	22.823	105.092	207.146	0.028	6.925	40.068	2372.75	13.209	2.587	103.728		chang4+5
塬3	2372.875	74.093	54.601	20.423	92.565	210.355	0.028	6.981	43.24	2372.88	13.516	2.586	88.168		chang4+5
塬3	2373.000	71.421	54.607	19.143	75.638	214.045	0.029	7.035	47.766	2373.0	14.1	2.585	71.241		chang4+5
塬3	2373.125	72.058	54.664	20.149	62.225	217.072	0.029	6.986	52.606	2373.13	14.963	2.586	59.293		chang4+5
塬3	2373.250	75.459	54.78	22.52	53.764	219.794	0.025	6.754	57.886	2373.25	15.656	2.591	52.01		chang4+5
塬3	2373.375	79.608	54.962	25.155	44.705	223.475	0.02	6.39	68.06	2373.38	16.075	2.599	41.99		chang4+5
塬3	2373.500	84.139	55.22	28.276	31.262	229.311	0.016	6.073	89.524	2373.5	16.765	2.606	27.3		chang4+5
塬3	2373.625	90.357	55.566	33.134	20.275	237.862	0.014	5.943	98.998	2373.63	17.875	2.61	18.091		chang4+5
塬3	2373.750	97.807	55.983	43.526	15.064	247.863	0.01	0.1	99.9	2373.75	19.131	2.606	14.213		chang4+5
塬3	2373.875	104.936	56.431	50.729	13.205	256.916	0.01	0.1	99.9	2373.88	20.519	2.591	12.945		chang4+5
塬3	2374.000	110.412	56.86	55.849	12.735	262.52	0.01	0.1	99.9	2374.0	22.16	2.571	12.697		chang4+5
塬3	2374.125	116.243	57.209	62.919	12.991	262.167	0.01	0.1	99.9	2374.13	23.61	2.555	13.121		chang4+5
塬3	2374.250	121.9	57.444	69.246	13.765	255.883	0.01	0.1	99.9	2374.25	23.801	2.548	14.009		chang4+5
塬3	2374.375	123.512	57.562	69.409	14.718	245.745	0.01	0.1	99.9	2374.38	22.292	2.551	14.968		chang4+5
塬3	2374.500	118.846	57.573	61.819	15.274	234.797	0.01	0.1	99.9	2374.5	20.326	2.56	15.355		chang4+5
塬3	2374.625	112.11	57.5	54.589	14.914	227.231	0.01	0.1	99.9	2374.63	19.421	2.569	14.715		chang4+5
塬3	2374.750	109.334	57.383	53.259	13.69	225.928	0.01	0.1	99.9	2374.75	19.216	2.57	13.3		chang4+5
塬3	2374.875	110.813	57.264	55.722	12.104	231.727	0.01	0.1	99.9	2374.88	19.097	2.554	11.679		chang4+5
塬3	2375.000	114.89	57.166	60.867	10.635	243.74	0.01	0.1	99.9	2375.0	19.995	2.532	10.279		chang4+5
塬3	2375.125	121.576	57.1	69.719	9.53	259.484	0.01	0.1	99.9	2375.13	23.007	2.512	9.284		chang4+5
塬3	2375.250	128.837	57.052	78.852	8.785	275.211	0.01	0.1	99.9	2375.25	27.681	2.495	8.624		chang4+5
塬3	2375.375	134.467	57.004	85.91	8.322	287.675	0.01	0.1	99.9	2375.38	32.576	2.478	8.227		chang4+5
塬3	2375.500	139.816	56.946	94.195	8.057	294.919	0.01	0.1	99.9	2375.5	36.209	2.461	8.003		chang4+5
塬3	2375.625	149.292	56.88	99.348	7.919	295.663	0.01	0.1	99.9	2375.63	37.298	2.447	7.893		chang4+5
塬3	2375.750	157.491	56.815	99.9	7.861	290.759	0.01	0.1	99.9	2375.75	36.121	2.44	7.853		chang4+5
塬3	2375.875	156.407	56.754	99.9	7.875	281.887	0.01	0.1	99.9	2375.88	33.794	2.446	7.885	干层	chang4+5
塬3	2376.000	145.46	56.687	93.193	7.986	270.52	0.01	0.1	99.9	2376.0	31.378	2.471	8.026	干层	chang4+5
塬3	2376.125	132.689	56.602	77.547	8.272	258.088	0.01	0.1	99.9	2376.13	29.606	2.512	8.367	干层	chang4+5
塬3	2376.250	124.422	56.501	68.768	8.839	245.949	0.01	0.1	99.9	2376.25	27.748	2.554	9.019	干层	chang4+5
塬3	2376.375	119.253	56.398	63.039	9.858	235.211	0.01	0.1	99.9	2376.38	25.11	2.589	10.174	干层	chang4+5
塬3	2376.500	113.922	56.313	56.72	11.507	226.759	0.01	0.1	99.9	2376.5	22.272	2.611	12.004	干层	chang4+5
塬3	2376.625	110.128	56.267	53.535	13.99	221.591	0.01	0.1	99.9	2376.63	20.194	2.62	14.725	干层	chang4+5
塬3	2376.750	106.962	56.262	50.047	17.061	219.755	0.01	0.1	99.9	2376.75	19.131	2.623	17.898	干层	chang4+5
塬3	2376.875	103.152	56.291	46.186	19.677	220.605	0.01	0.1	99.9	2376.88	18.554	2.624	20.262	干层	chang4+5
塬3	2377.000	101.405	56.343	45.403	20.539	223.234	0.01	0.1	99.9	2377.0	18.119	2.628	20.544		chang4+5
塬3	2377.125	103.781	56.406	48.835	19.311	226.597	0.01	0.1	99.9	2377.13	18.294	2.635	18.796		chang4+5
塬3	2377.250	108.46	56.467	53.884	16.966	230.034	0.01	0.1	99.9	2377.25	19.312	2.641	16.301		chang4+5
塬3	2377.375	114.778	56.51	61.401	14.651	233.733	0.01	0.1	99.9	2377.38	20.624	2.639	14.089		chang4+5
塬3	2377.500	119.912	56.519	66.443	12.853	238.642	0.01	0.1	99.9	2377.5	21.669	2.621	12.444		chang4+5
塬3	2377.625	122.846	56.482	69.497	11.637	246.353	0.01	0.1	99.9	2377.63	22.3	2.588	11.378		chang4+5
塬3	2377.750	124.449	56.402	71.125	10.917	257.473	0.01	0.1	99.9	2377.75	23.063	2.542	10.773		chang4+5
塬3	2377.875	124.302	56.296	70.252	10.594	271.234	0.01	0.1	99.9	2377.88	24.978	2.486	10.546		chang4+5
塬3	2378.000	123.51	56.182	69.347	10.573	285.68	0.01	0.1	99.9	2378.0	28.956	2.427	10.593		chang4+5
塬3	2378.125	122.425	56.07	67.816	10.776	297.267	0.01	0.1	99.9	2378.13	34.538	2.381	10.849		chang4+5
塬3	2378.250	123.262	55.945	69.956	11.112	302.923	0.01	0.1	99.9	2378.25	38.999	2.357	11.208		chang4+5
塬3	2378.375	126.205	55.782	74.126	11.484	301.126	0.01	0.1	99.9	2378.38	39.951	2.364	11.581		chang4+5
塬3	2378.500	128.045	55.562	75.653	11.807	292.101	0.01	0.1	99.9	2378.5	37.276	2.401	11.883		chang4+5
塬3	2378.625	131.606	55.294	81.999	12.028	277.858	0.01	0.1	99.9	2378.63	32.612	2.462	12.074		chang4+5
塬3	2378.750	137.189	55.023	90.283	12.17	262.371	0.01	0.1	99.9	2378.75	28.106	2.531	12.201		chang4+5
塬3	2378.875	139.668	54.799	91.878	12.328	249.362	0.01	0.1	99.9	2378.88	25.169	2.592	12.375		chang4+5
塬3	2379.000	139.07	54.648	90.323	12.596	240.962	0.01	0.1	99.9	2379.0	24.149	2.629	12.679		chang4+5
塬3	2379.125	141.366	54.566	96.087	13.012	237.853	0.01	0.1	99.9	2379.13	24.195	2.643	13.135		chang4+5
塬3	2379.250	143.426	54.522	97.751	13.546	238.107	0.01	0.1	99.9	2379.25	24.202	2.642	13.694		chang4+5
塬3	2379.375	139.959	54.479	89.859	14.127	238.908	0.01	0.1	99.9	2379.38	23.846	2.638	14.279		chang4+5
塬3	2379.500	131.861	54.422	77.243	14.676	238.123	0.01	0.1	99.9	2379.5	23.318	2.637	14.813		chang4+5
塬3	2379.625	122.278	54.343	65.095	15.096	234.64	0.01	0.1	99.9	2379.63	23.0	2.639	15.188		chang4+5
塬3	2379.750	115.296	54.25	58.343	15.288	229.554	0.01	0.1	99.9	2379.75	23.236	2.643	15.312		chang4+5
塬3	2379.875	113.214	54.155	57.529	15.142	225.259	0.01	0.1	99.9	2379.88	23.722	2.646	15.067		chang4+5
塬3	2380.000	115.238	54.073	60.784	14.615	224.204	0.01	0.1	99.9	2380.0	23.849	2.646	14.441		chang4+5
塬3	2380.125	118.381	54.027	64.333	13.767	228.66	0.01	0.1	99.9	2380.13	23.629	2.641	13.519		chang4+5
塬3	2380.250	120.368	54.026	66.167	12.763	238.386	0.01	0.1	99.9	2380.25	23.526	2.63	12.495		chang4+5
塬3	2380.375	121.639	54.07	67.662	11.808	251.268	0.01	0.1	99.9	2380.38	23.81	2.609	11.572		chang4+5
塬3	2380.500	123.022	54.146	69.445	11.037	264.525	0.01	0.1	99.9	2380.5	24.436	2.579	10.858		chang4+5
塬3	2380.625	125.902	54.237	73.836	10.52	274.749	0.01	0.1	99.9	2380.63	25.464	2.547	10.413		chang4+5
塬3	2380.750	129.653	54.32	78.806	10.271	280.059	0.01	0.1	99.9	2380.75	27.018	2.522	10.232		chang4+5
塬3	2380.875	131.794	54.382	80.793	10.286	280.424	0.01	0.1	99.9	2380.88	28.543	2.511	10.315		chang4+5
塬3	2381.000	129.096	54.413	75.038	10.535	277.035	0.01	0.1	99.9	2381.0	28.92	2.518	10.621		chang4+5
塬3	2381.125	123.509	54.409	67.705	10.981	271.882	0.01	0.1	99.9	2381.13	27.54	2.535	11.115		chang4+5
塬3	2381.250	117.263	54.379	60.231	11.547	266.923	0.01	0.1	99.9	2381.25	25.594	2.553	11.702		chang4+5
塬3	2381.375	112.155	54.338	55.218	12.131	263.031	0.01	0.1	99.9	2381.38	24.567	2.562	12.281		chang4+5
塬3	2381.500	110.305	54.301	54.327	12.633	259.92	0.01	0.1	99.9	2381.5	24.238	2.563	12.751		chang4+5
塬3	2381.625	109.996	54.279	54.026	12.969	256.524	0.01	0.1	99.9	2381.63	23.496	2.563	13.037		chang4+5
塬3	2381.750	110.119	54.272	54.33	13.115	251.958	0.01	0.1	99.9	2381.75	22.322	2.565	13.134		chang4+5
塬3	2381.875	110.576	54.272	54.857	13.08	246.182	0.01	0.1	99.9	2381.88	21.294	2.573	13.054		chang4+5
塬3	2382.000	112.245	54.269	57.177	12.89	240.019	0.01	0.1	99.9	2382.0	20.489	2.588	12.826		chang4+5
塬3	2382.125	116.467	54.267	62.809	12.546	235.109	0.01	0.1	99.9	2382.13	20.025	2.604	12.442		chang4+5
塬3	2382.250	121.088	54.279	67.942	12.078	232.687	0.01	0.1	99.9	2382.25	20.122	2.615	11.946		chang4+5
塬3	2382.375	121.606	54.324	66.703	11.596	232.982	0.01	0.1	99.9	2382.38	20.692	2.617	11.474		chang4+5
塬3	2382.500	118.947	54.414	63.089	11.256	235.242	0.01	0.1	99.9	2382.5	21.201	2.613	11.188		chang4+5
塬3	2382.625	115.461	54.549	59.006	11.21	237.808	0.01	0.1	99.9	2382.63	21.31	2.605	11.232		chang4+5
塬3	2382.750	112.826	54.705	56.565	11.484	238.982	0.01	0.1	99.9	2382.75	20.971	2.597	11.586		chang4+5
塬3	2382.875	110.629	54.857	54.143	12.014	237.941	0.01	0.1	99.9	2382.88	20.241	2.592	12.174		chang4+5
塬3	2383.000	109.665	54.991	53.71	12.666	234.939	0.01	0.1	99.9	2383.0	19.461	2.593	12.841	油层	chang4+5
塬3	2383.125	107.432	55.107	50.527	13.271	231.192	0.01	0.1	99.9	2383.13	19.096	2.595	13.417	油层	chang4+5
塬3	2383.250	102.347	55.214	44.924	13.679	228.257	0.01	0.1	99.9	2383.25	19.117	2.598	13.76	油层	chang4+5
塬3	2383.375	96.518	55.323	39.695	13.752	227.083	0.01	0.1	99.9	2383.38	19.144	2.596	13.734	油层	chang4+5
塬3	2383.500	92.727	55.433	37.089	13.546	227.671	0.01	0.1	99.9	2383.5	19.129	2.585	13.471	油层	chang4+5
塬3	2383.625	92.806	55.54	38.123	13.288	229.163	0.01	0.1	99.9	2383.63	19.338	2.579	13.226	油层	chang4+5
塬3	2383.750	94.153	55.639	39.154	13.199	230.269	0.01	0.1	99.9	2383.75	19.877	2.579	13.2	油层	chang4+5
塬3	2383.875	92.399	55.725	36.627	13.36	230.156	0.01	0.1	99.9	2383.88	20.357	2.584	13.427	油层	chang4+5
塬3	2384.000	86.827	55.795	31.418	13.67	228.831	0.01	0.1	99.9	2384.0	20.031	2.592	13.758	油层	chang4+5
塬3	2384.125	82.669	55.843	29.066	13.875	227.161	0.01	0.1	99.9	2384.13	18.596	2.6	13.907	油层	chang4+5
塬3	2384.250	83.93	55.869	31.247	13.753	226.407	0.01	0.1	99.9	2384.25	17.08	2.602	13.682	油层	chang4+5
塬3	2384.375	90.025	55.878	37.086	13.226	227.452	0.01	0.1	99.9	2384.38	16.855	2.599	13.049	油层	chang4+5
塬3	2384.500	97.104	55.876	43.14	12.437	230.448	0.01	0.1	99.9	2384.5	18.053	2.597	12.216	油层	chang4+5
塬3	2384.625	100.53	55.871	45.02	11.668	234.79	0.01	0.1	99.9	2384.63	19.466	2.593	11.481		chang4+5
塬3	2384.750	101.794	55.874	46.162	11.131	239.196	0.01	0.1	99.9	2384.75	20.328	2.588	11.02		chang4+5
塬3	2384.875	102.486	55.893	46.634	10.904	242.487	0.01	0.1	99.9	2384.88	20.963	2.582	10.876		chang4+5
塬3	2385.000	103.193	55.924	47.443	10.942	244.052	0.01	0.1	99.9	2385.0	21.73	2.577	10.974		chang4+5
塬3	2385.125	105.416	55.955	50.199	11.207	243.757	0.01	0.1	99.9	2385.13	22.206	2.577	11.299		chang4+5
塬3	2385.250	106.985	55.972	51.166	11.674	242.229	0.01	0.1	99.9	2385.25	21.724	2.582	11.814		chang4+5
塬3	2385.375	105.695	55.969	49.044	12.265	240.243	0.01	0.1	99.9	2385.38	20.555	2.591	12.427		chang4+5
塬3	2385.500	102.445	55.953	45.579	12.851	238.286	0.01	0.1	99.9	2385.5	19.724	2.598	12.997	油层	chang4+5
塬3	2385.625	96.695	55.944	39.564	13.328	236.605	0.01	0.1	99.9	2385.63	19.771	2.598	13.439	油层	chang4+5
塬3	2385.750	90.936	55.954	35.083	13.708	235.209	0.01	0.1	99.9	2385.75	20.058	2.593	13.799	油层	chang4+5
塬3	2385.875	88.537	55.987	34.0	14.028	234.13	0.01	0.1	99.9	2385.88	19.759	2.585	14.106	油层	chang4+5
塬3	2386.000	88.579	56.035	34.326	14.282	233.618	0.01	0.1	99.9	2386.0	18.779	2.576	14.341	油层	chang4+5
塬3	2386.125	88.441	56.092	33.976	14.423	234.305	0.01	0.1	99.9	2386.13	17.707	2.563	14.447	油层	chang4+5
塬3	2386.250	89.453	56.149	35.345	14.403	236.643	0.01	0.1	99.9	2386.25	17.19	2.553	14.38	油层	chang4+5
塬3	2386.375	92.356	56.201	38.131	14.149	240.676	0.01	0.1	99.9	2386.38	17.549	2.544	14.057	油层	chang4+5
塬3	2386.500	96.193	56.237	41.655	13.649	245.946	0.01	0.1	99.9	2386.5	19.044	2.533	13.496	油层	chang4+5
塬3	2386.625	99.88	56.244	44.914	12.997	251.244	0.01	0.1	99.9	2386.63	21.319	2.525	12.817	油层	chang4+5
塬3	2386.750	102.63	56.214	47.258	12.361	255.021	0.01	0.1	99.9	2386.75	22.756	2.522	12.204	油层	chang4+5
塬3	2386.875	103.829	56.145	47.969	11.908	256.037	0.01	0.1	99.9	2386.88	22.19	2.528	11.814	油层	chang4+5
塬3	2387.000	102.326	56.037	45.706	11.743	253.722	0.01	0.1	99.9	2387.0	20.456	2.538	11.731	油层	chang4+5
塬3	2387.125	97.611	55.885	40.613	11.938	248.226	0.01	0.1	99.9	2387.13	19.307	2.547	12.027		chang4+5
塬3	2387.250	94.475	55.692	38.853	12.449	241.043	0.01	0.1	99.9	2387.25	19.333	2.554	12.609		chang4+5
塬3	2387.375	94.537	55.473	39.459	13.16	234.074	0.01	0.1	99.9	2387.38	19.57	2.552	13.359		chang4+5
塬3	2387.500	93.817	55.25	38.217	13.917	228.848	0.01	0.1	99.9	2387.5	18.907	2.552	14.111		chang4+5
塬3	2387.625	89.994	55.058	34.298	14.504	226.605	0.01	0.1	99.9	2387.63	17.598	2.558	14.631		chang4+5
塬3	2387.750	86.153	54.915	31.632	14.682	227.244	0.01	0.1	99.9	2387.75	16.833	2.574	14.68		chang4+5
塬3	2387.875	85.042	54.825	31.404	14.244	229.861	0.01	0.1	99.9	2387.88	16.998	2.59	14.063		chang4+5
塬3	2388.000	87.405	54.774	34.049	13.312	233.461	0.01	0.1	99.9	2388.0	17.655	2.596	13.034		chang4+5
塬3	2388.125	92.411	54.74	38.706	12.238	237.104	0.01	0.1	99.9	2388.13	18.735	2.596	11.959		chang4+5
塬3	2388.250	97.522	54.701	43.025	11.332	240.26	0.01	0.1	99.9	2388.25	20.212	2.592	11.124		chang4+5
塬3	2388.375	101.538	54.645	46.527	10.786	242.757	0.01	0.1	99.9	2388.38	21.324	2.586	10.685		chang4+5
塬3	2388.500	105.887	54.571	51.152	10.667	244.451	0.01	0.1	99.9	2388.5	21.392	2.583	10.679		chang4+5
塬3	2388.625	107.607	54.483	51.58	11.049	244.783	0.01	0.1	99.9	2388.63	20.583	2.581	11.202		chang4+5
塬3	2388.750	105.361	54.389	48.453	11.975	243.159	0.01	0.1	99.9	2388.75	19.598	2.58	12.268		chang4+5
塬3	2388.875	101.395	54.291	44.461	13.472	239.234	0.01	0.1	99.9	2388.88	19.099	2.581	13.919		chang4+5
塬3	2389.000	97.795	54.179	41.393	15.417	233.266	0.01	0.1	99.9	2389.0	19.216	2.587	15.958		chang4+5
塬3	2389.125	95.115	54.03	39.209	17.325	226.752	0.01	0.1	99.9	2389.13	19.592	2.595	17.794		chang4+5
塬3	2389.250	92.535	53.816	36.909	18.423	222.307	0.01	0.1	99.9	2389.25	19.799	2.603	18.597		chang4+5
塬3	2389.375	91.146	53.522	36.201	18.03	222.605	0.01	0.1	99.9	2389.38	19.425	2.607	17.76		chang4+5
塬3	2389.500	90.441	53.152	35.572	16.425	229.406	0.01	0.1	99.9	2389.5	18.374	2.592	15.919		chang4+5
塬3	2389.625	88.89	52.743	34.034	14.381	243.182	0.01	0.1	99.9	2389.63	17.797	2.558	13.836		chang4+5
塬3	2389.750	91.548	52.362	37.896	12.487	261.028	0.01	0.1	99.9	2389.75	18.943	2.516	12.027		chang4+5
塬3	2389.875	102.828	52.072	50.795	11.027	278.326	0.01	0.1	99.9	2389.88	21.321	2.482	10.697		chang4+5
塬3	2390.000	116.319	51.909	64.972	10.043	290.559	0.01	0.1	99.9	2390.0	23.657	2.463	9.832		chang4+5
塬3	2390.125	125.283	51.872	74.058	9.51	293.13	0.01	0.1	99.9	2390.13	25.432	2.46	9.415		chang4+5
塬3	2390.250	129.121	51.901	77.505	9.355	285.351	0.01	0.1	99.9	2390.25	26.639	2.473	9.348		chang4+5
塬3	2390.375	126.474	51.918	71.51	9.524	269.605	0.01	0.1	99.9	2390.38	26.945	2.494	9.599		chang4+5
塬3	2390.500	114.048	51.864	54.017	9.978	249.561	0.01	0.1	99.9	2390.5	25.738	2.515	10.122		chang4+5
塬3	2390.625	96.589	51.704	37.162	10.686	230.043	0.086	9.205	93.539	2390.63	23.001	2.533	10.894		chang4+5
塬3	2390.750	82.731	51.469	27.469	11.604	214.837	0.073	8.556	95.187	2390.75	19.674	2.549	11.861		chang4+5
塬3	2390.875	75.941	51.236	23.944	12.675	205.585	0.059	8.18	95.54	2390.88	16.756	2.558	12.965		chang4+5
塬3	2391.000	74.614	51.091	23.796	13.785	202.14	0.055	8.093	93.065	2391.0	14.803	2.561	14.072		chang4+5
塬3	2391.125	75.348	51.127	24.429	14.762	203.384	0.055	8.083	90.358	2391.13	13.811	2.561	14.996		chang4+5
塬3	2391.250	75.243	51.359	24.038	15.407	207.248	0.054	8.058	89.029	2391.25	13.203	2.562	15.534		chang4+5
塬3	2391.375	74.53	51.741	23.564	15.531	212.142	0.051	7.965	90.054	2391.38	12.784	2.563	15.506		chang4+5
塬3	2391.500	75.94	52.211	25.152	15.104	217.441	0.044	7.676	94.933	2391.5	12.917	2.57	14.941		chang4+5
塬3	2391.625	80.711	52.707	29.284	14.261	223.034	0.035	7.246	99.391	2391.63	13.844	2.579	14.008		chang4+5
塬3	2391.750	88.807	53.189	36.446	13.267	228.854	0.026	6.744	99.9	2391.75	15.605	2.59	13.005		chang4+5
塬3	2391.875	97.115	53.641	43.382	12.36	234.585	0.012	0.1	99.9	2391.88	18.013	2.603	12.139		chang4+5
塬3	2392.000	104.902	54.056	50.978	11.667	239.641	0.01	0.1	99.9	2392.0	20.234	2.624	11.512		chang4+5
塬3	2392.125	113.448	54.418	60.466	11.249	243.119	0.01	0.1	99.9	2392.13	21.252	2.632	11.169		chang4+5
塬3	2392.250	120.437	54.718	67.669	11.101	244.577	0.01	0.1	99.9	2392.25	21.305	2.636	11.088		chang4+5
塬3	2392.375	123.25	54.953	69.574	11.205	244.069	0.01	0.1	99.9	2392.38	21.056	2.637	11.256		chang4+5
塬3	2392.500	123.478	55.128	69.452	11.508	241.934	0.01	0.1	99.9	2392.5	20.66	2.636	11.604		chang4+5
塬3	2392.625	124.424	55.248	71.257	11.96	238.662	0.01	0.1	99.9	2392.63	20.43	2.635	12.09		chang4+5
塬3	2392.750	126.207	55.325	73.593	12.52	234.844	0.01	0.1	99.9	2392.75	20.649	2.634	12.675		chang4+5
塬3	2392.875	126.44	55.365	73.021	13.177	230.884	0.01	0.1	99.9	2392.88	21.126	2.634	13.357		chang4+5
塬3	2393.000	125.17	55.368	71.133	13.945	226.992	0.01	0.1	99.9	2393.0	21.321	2.634	14.156		chang4+5
塬3	2393.125	121.995	55.332	66.421	14.861	223.457	0.01	0.1	99.9	2393.13	20.868	2.634	15.115		chang4+5
塬3	2393.250	115.968	55.267	58.578	15.911	220.64	0.01	0.1	99.9	2393.25	19.881	2.637	16.196		chang4+5
塬3	2393.375	109.434	55.188	51.879	16.983	218.938	0.01	0.1	99.9	2393.38	18.628	2.639	17.258		chang4+5
塬3	2393.500	105.421	55.111	48.712	17.84	218.681	0.01	0.1	99.9	2393.5	17.505	2.638	18.031	干层	chang4+5
塬3	2393.625	104.436	55.053	48.45	18.151	220.097	0.01	0.1	99.9	2393.63	17.051	2.638	18.166	干层	chang4+5
塬3	2393.750	107.405	55.022	52.69	17.736	222.841	0.01	0.1	99.9	2393.75	17.312	2.637	17.554	干层	chang4+5
塬3	2393.875	114.022	55.017	60.748	16.674	226.331	0.01	0.1	99.9	2393.88	17.861	2.631	16.342	干层	chang4+5
塬3	2394.000	119.66	55.037	66.267	15.321	230.093	0.01	0.1	99.9	2394.0	18.36	2.628	14.958	干层	chang4+5
塬3	2394.125	121.919	55.089	67.93	14.025	233.841	0.01	0.1	99.9	2394.13	18.903	2.625	13.705	干层	chang4+5
塬3	2394.250	121.981	55.178	67.534	12.971	237.571	0.01	0.1	99.9	2394.25	19.713	2.619	12.725	干层	chang4+5
塬3	2394.375	119.784	55.309	64.07	12.241	241.403	0.01	0.1	99.9	2394.38	20.721	2.616	12.086	干层	chang4+5
塬3	2394.500	118.928	55.48	64.217	11.849	245.299	0.01	0.1	99.9	2394.5	21.708	2.613	11.779	干层	chang4+5
塬3	2394.625	121.3	55.668	67.966	11.814	248.742	0.01	0.1	99.9	2394.63	22.506	2.609	11.842	干层	chang4+5
塬3	2394.750	123.189	55.83	69.476	12.14	250.856	0.01	0.1	99.9	2394.75	23.174	2.606	12.259	干层	chang4+5
塬3	2394.875	122.469	55.924	67.742	12.856	250.729	0.01	0.1	99.9	2394.88	23.805	2.602	13.083	干层	chang4+5
塬3	2395.000	120.225	55.919	64.79	13.999	247.756	0.01	0.1	99.9	2395.0	24.195	2.599	14.338	干层	chang4+5
塬3	2395.125	116.628	55.797	60.146	15.58	241.87	0.01	0.1	99.9	2395.13	23.917	2.598	16.034	干层	chang4+5
塬3	2395.250	111.876	55.575	54.714	17.446	234.422	0.01	0.1	99.9	2395.25	22.646	2.599	17.95	干层	chang4+5
塬3	2395.375	106.475	55.294	49.03	19.026	227.509	0.01	0.1	99.9	2395.38	20.644	2.603	19.381	差油层	chang4+5
塬3	2395.500	101.734	54.998	44.784	19.541	223.238	0.01	0.1	99.9	2395.5	18.829	2.606	19.541	差油层	chang4+5
塬3	2395.625	99.958	54.746	44.064	18.605	223.885	0.01	0.1	99.9	2395.63	18.215	2.605	18.214	差油层	chang4+5
塬3	2395.750	102.896	54.578	48.184	16.66	229.883	0.01	0.1	99.9	2395.75	18.943	2.601	16.085	差油层	chang4+5
塬3	2395.875	109.668	54.503	55.98	14.465	240.116	0.01	0.1	99.9	2395.88	20.574	2.587	13.897	差油层	chang4+5
塬3	2396.000	118.605	54.501	66.676	12.519	252.64	0.01	0.1	99.9	2396.0	22.583	2.577	12.052	差油层	chang4+5
塬3	2396.125	126.872	54.535	76.413	11.048	264.47	0.01	0.1	99.9	2396.13	24.29	2.569	10.718	差油层	chang4+5
塬3	2396.250	130.681	54.558	79.423	10.057	272.836	0.01	0.1	99.9	2396.25	25.558	2.564	9.843	差油层	chang4+5
塬3	2396.375	130.565	54.531	78.304	9.513	276.044	0.01	0.1	99.9	2396.38	26.649	2.56	9.415	差油层	chang4+5
塬3	2396.500	129.443	54.428	76.819	9.391	273.603	0.01	0.1	99.9	2396.5	27.342	2.558	9.399	差油层	chang4+5
塬3	2396.625	128.48	54.22	75.625	9.696	265.988	0.01	0.1	99.9	2396.63	27.064	2.562	9.818	差油层	chang4+5
塬3	2396.750	125.177	53.909	70.12	10.433	255.433	0.01	0.1	99.9	2396.75	25.816	2.571	10.666	差油层	chang4+5
塬3	2396.875	120.511	53.514	64.513	11.608	244.533	0.01	0.1	99.9	2396.88	24.218	2.578	11.958	差油层	chang4+5
塬3	2397.000	117.383	53.057	61.581	13.108	235.279	0.01	0.1	99.9	2397.0	22.795	2.584	13.522	差油层	chang4+5
塬3	2397.125	116.181	52.558	60.699	14.695	229.332	0.01	0.1	99.9	2397.13	21.641	2.589	15.106	差油层	chang4+5
塬3	2397.250	114.036	52.034	57.586	16.118	226.854	0.01	0.1	99.9	2397.25	20.706	2.588	16.463	差油层	chang4+5
塬3	2397.375	109.857	51.497	52.658	17.28	227.066	0.01	0.1	99.9	2397.38	20.257	2.584	17.555	差油层	chang4+5
塬3	2397.500	106.588	50.96	49.978	18.352	229.003	0.01	0.1	99.9	2397.5	20.836	2.573	18.632	差油层	chang4+5
塬3	2397.625	106.701	50.448	51.115	19.747	231.715	0.01	0.1	99.9	2397.63	21.991	2.553	20.159	差油层	chang4+5
塬3	2397.750	106.952	49.991	50.805	21.89	234.557	0.01	0.1	99.9	2397.75	22.416	2.514	22.533	差油层	chang4+5
塬3	2397.875	102.668	49.611	30.583	25.189	237.348	0.193	11.073	55.413	2397.88	21.714	2.495	26.175	差油层	chang4+5
塬3	2398.000	94.498	49.32	23.785	29.813	240.188	0.281	11.818	43.302	2398.0	20.599	2.478	31.145	差油层	chang4+5
塬3	2398.125	86.703	49.114	20.309	35.154	243.164	0.369	12.567	37.548	2398.13	20.016	2.461	36.576	差油层	chang4+5
塬3	2398.250	84.962	48.965	20.505	39.141	246.124	0.479	13.331	33.826	2398.25	20.302	2.443	39.943	差油层	chang4+5
塬3	2398.375	89.083	48.84	23.015	38.764	248.734	0.613	14.093	32.722	2398.38	21.04	2.426	38.122	差油层	chang4+5
塬3	2398.500	91.704	48.723	23.653	34.47	250.67	0.711	14.544	33.969	2398.5	21.584	2.415	33.068	差油层	chang4+5
塬3	2398.625	88.083	48.608	21.041	29.253	251.713	0.689	14.368	37.246	2398.63	21.497	2.417	27.926	差油层	chang4+5
塬3	2398.750	82.163	48.498	18.383	25.206	252.044	0.599	13.881	41.192	2398.75	20.812	2.427	24.321	差油层	chang4+5
塬3	2398.875	80.653	48.398	18.486	22.96	251.952	0.508	13.361	44.388	2398.88	20.024	2.439	22.559	差油层	chang4+5
塬3	2399.000	87.814	48.31	23.062	22.357	251.483	0.434	12.897	46.201	2399.0	19.883	2.45	22.349	差油层	chang4+5
塬3	2399.125	102.266	48.246	31.456	23.24	250.093	0.384	12.558	46.21	2399.13	20.785	2.458	23.613	差油层	chang4+5
塬3	2399.250	114.194	48.217	37.252	25.528	246.918	0.356	12.359	44.598	2399.25	21.841	2.463	26.256	差油层	chang4+5
塬3	2399.375	117.99	48.241	38.208	29.817	241.155	0.315	11.997	42.126	2399.38	21.976	2.471	31.165	差油层	chang4+5
塬3	2399.500	113.824	48.328	34.508	38.781	232.475	0.236	11.171	38.981	2399.5	21.512	2.488	41.702		chang4+5
塬3	2399.625	105.714	48.479	29.669	60.898	221.458	0.035	0.1	92.717	2399.63	21.253	2.537	68.351		chang4+5
塬3	2399.750	95.626	48.675	24.128	99.195	210.167	0.01	0.1	99.9	2399.75	20.671	2.561	110.653		chang4+5
塬3	2399.875	84.821	48.894	19.009	113.44	201.196	0.01	0.1	99.9	2399.88	18.645	2.571	112.447		chang4+5
塬3	2400.000	75.309	49.127	15.077	98.932	196.733	0.01	0.1	99.9	2400.0	15.3	2.561	93.484		chang4+5
塬3	2400.125	69.182	49.381	13.003	83.463	198.526	0.01	0.1	99.9	2400.13	12.486	2.542	80.309		chang4+5
塬3	2400.250	67.553	49.669	12.831	73.847	205.735	0.01	0.1	99.9	2400.25	11.914	2.524	71.746		chang4+5
塬3	2400.375	70.486	49.997	14.506	65.544	215.931	0.137	10.233	42.607	2400.38	13.355	2.513	63.353		chang4+5
塬3	2400.500	78.148	50.36	18.366	56.619	226.423	0.158	10.298	37.365	2400.5	15.435	2.511	54.223		chang4+5
塬3	2400.625	89.669	50.738	24.228	48.1	234.321	0.162	10.363	40.316	2400.63	17.098	2.509	45.997		chang4+5
塬3	2400.750	100.869	51.107	29.727	41.344	238.337	0.166	10.425	43.069	2400.75	18.218	2.508	39.8		chang4+5
塬3	2400.875	107.145	51.448	32.276	36.92	238.806	0.178	10.606	44.542	2400.88	19.181	2.504	36.01		chang4+5
塬3	2401.000	107.962	51.759	32.015	34.732	236.927	0.206	10.98	44.119	2401.0	20.021	2.496	34.371		chang4+5
塬3	2401.125	104.602	52.056	29.613	34.577	234.341	0.24	11.368	42.393	2401.13	20.297	2.487	34.731		chang4+5
塬3	2401.250	99.097	52.366	26.525	36.153	232.319	0.256	11.508	40.628	2401.25	19.914	2.483	36.717		chang4+5
塬3	2401.375	92.67	52.714	23.188	38.948	231.222	0.236	11.243	39.791	2401.38	19.141	2.488	39.771		chang4+5
塬3	2401.500	87.008	53.11	20.683	41.782	230.678	0.181	10.531	40.907	2401.5	18.201	2.503	42.466		chang4+5
塬3	2401.625	83.796	53.551	19.541	43.012	229.964	0.116	9.451	45.03	2401.63	17.16	2.527	43.111		chang4+5
塬3	2401.750	84.188	54.015	20.204	41.898	228.671	0.066	8.273	52.397	2401.75	16.302	2.554	41.374		chang4+5
塬3	2401.875	89.297	54.483	23.287	39.565	227.008	0.035	7.141	62.52	2401.88	16.197	2.58	38.91		chang4+5
塬3	2402.000	98.669	54.949	44.065	38.158	225.666	0.013	0.1	95.663	2402.0	16.828	2.601	37.968		chang4+5
塬3	2402.125	106.485	55.424	52.096	38.065	225.725	0.01	0.1	99.9	2402.13	17.459	2.614	38.141		chang4+5
塬3	2402.250	109.319	55.915	53.637	32.396	227.737	0.01	0.1	99.9	2402.25	17.873	2.623	29.986		chang4+5
塬3	2402.375	110.749	56.415	55.384	21.872	231.519	0.01	0.1	99.9	2402.38	18.634	2.625	18.942		chang4+5
塬3	2402.500	115.154	56.901	61.504	14.6	236.33	0.01	0.1	99.9	2402.5	20.099	2.621	13.341	干层	chang4+5
塬3	2402.625	120.433	57.329	67.353	12.058	240.853	0.01	0.1	99.9	2402.63	21.705	2.615	11.76	干层	chang4+5
塬3	2402.750	121.166	57.669	66.159	11.616	243.88	0.01	0.1	99.9	2402.75	22.647	2.608	11.612	干层	chang4+5
塬3	2402.875	118.753	57.912	62.989	11.984	244.818	0.01	0.1	99.9	2402.88	22.867	2.601	12.139	干层	chang4+5
塬3	2403.000	116.326	58.066	60.392	12.954	243.789	0.01	0.1	99.9	2403.0	22.859	2.597	13.264	干层	chang4+5
塬3	2403.125	114.575	58.147	58.636	14.588	241.638	0.01	0.1	99.9	2403.13	22.991	2.598	15.081	干层	chang4+5
塬3	2403.250	112.688	58.185	56.387	16.874	239.782	0.01	0.1	99.9	2403.25	23.33	2.599	17.529	干层	chang4+5
塬3	2403.375	110.421	58.202	53.91	19.308	239.486	0.01	0.1	99.9	2403.38	23.681	2.597	19.927	干层	chang4+5
塬3	2403.500	108.762	58.213	52.477	20.594	241.46	0.01	0.1	99.9	2403.5	23.861	2.592	20.756	干层	chang4+5
塬3	2403.625	109.616	58.226	54.284	19.509	245.911	0.01	0.1	99.9	2403.63	23.987	2.58	18.959	干层	chang4+5
塬3	2403.750	112.96	58.242	58.46	16.84	251.996	0.01	0.1	99.9	2403.75	24.102	2.562	16.06	干层	chang4+5
塬3	2403.875	116.692	58.252	62.51	14.045	258.52	0.01	0.1	99.9	2403.88	24.292	2.545	13.352	干层	chang4+5
塬3	2404.000	119.487	58.235	65.429	11.778	264.539	0.01	0.1	99.9	2404.0	25.033	2.535	11.251	干层	chang4+5
塬3	2404.125	121.073	58.169	66.944	10.126	269.42	0.01	0.1	99.9	2404.13	26.635	2.526	9.755	干层	chang4+5
塬3	2404.250	122.457	58.054	68.766	8.979	273.306	0.01	0.1	99.9	2404.25	28.232	2.518	8.725	干层	chang4+5
塬3	2404.375	123.97	57.917	70.63	8.249	276.74	0.01	0.1	99.9	2404.38	28.641	2.51	8.098	干层	chang4+5
塬3	2404.500	125.088	57.79	71.84	7.854	280.146	0.01	0.1	99.9	2404.5	27.916	2.491	7.781	干层	chang4+5
塬3	2404.625	126.01	57.707	73.033	7.753	283.437	0.01	0.1	99.9	2404.63	27.279	2.471	7.755	干层	chang4+5
塬3	2404.750	126.223	57.671	72.915	7.933	285.852	0.01	0.1	99.9	2404.75	27.807	2.456	8.007	干层	chang4+5
塬3	2404.875	128.062	57.666	76.441	8.423	286.256	0.01	0.1	99.9	2404.88	29.363	2.454	8.583	干层	chang4+5
塬3	2405.000	130.839	57.676	79.996	9.263	283.647	0.01	0.1	99.9	2405.0	30.597	2.467	9.516	干层	chang4+5
塬3	2405.125	129.065	57.699	75.204	10.541	277.406	0.01	0.1	99.9	2405.13	29.809	2.492	10.92	干层	chang4+5
塬3	2405.250	124.179	57.74	68.758	12.274	268.561	0.01	0.1	99.9	2405.25	27.235	2.523	12.768	干层	chang4+5
塬3	2405.375	121.506	57.803	66.751	14.314	259.116	0.01	0.1	99.9	2405.38	24.629	2.547	14.866	干层	chang4+5
塬3	2405.500	121.592	57.879	67.484	16.156	251.171	0.01	0.1	99.9	2405.5	23.012	2.566	16.59	干层	chang4+5
塬3	2405.625	122.314	57.946	68.304	16.981	246.921	0.01	0.1	99.9	2405.63	22.369	2.577	17.062	干层	chang4+5
塬3	2405.750	123.288	57.98	69.673	16.467	246.893	0.01	0.1	99.9	2405.75	22.479	2.581	16.203	干层	chang4+5
塬3	2405.875	123.274	57.974	69.044	15.169	250.171	0.01	0.1	99.9	2405.88	23.373	2.584	14.788	干层	chang4+5
塬3	2406.000	121.817	57.936	66.898	13.911	255.16	0.01	0.1	99.9	2406.0	24.508	2.587	13.617	干层	chang4+5
塬3	2406.125	120.779	57.894	66.076	13.119	259.722	0.01	0.1	99.9	2406.13	24.758	2.59	12.967	干层	chang4+5
塬3	2406.250	120.986	57.869	66.69	12.819	262.258	0.01	0.1	99.9	2406.25	24.126	2.589	12.785	干层	chang4+5
塬3	2406.375	122.589	57.866	69.136	12.894	262.217	0.01	0.1	99.9	2406.38	23.549	2.589	12.946	干层	chang4+5
塬3	2406.500	124.193	57.872	70.831	13.159	259.9	0.01	0.1	99.9	2406.5	23.419	2.593	13.238	干层	chang4+5
塬3	2406.625	124.772	57.866	71.204	13.338	256.177	0.01	0.1	99.9	2406.63	23.658	2.599	13.365	干层	chang4+5
塬3	2406.750	125.169	57.833	71.824	13.192	252.254	0.01	0.1	99.9	2406.75	24.025	2.606	13.114	干层	chang4+5
塬3	2406.875	126.771	57.764	74.458	12.633	249.053	0.01	0.1	99.9	2406.88	24.349	2.612	12.447	干层	chang4+5
塬3	2407.000	130.299	57.656	79.876	11.8	247.053	0.01	0.1	99.9	2407.0	24.757	2.614	11.566	干层	chang4+5
塬3	2407.125	132.295	57.505	81.282	10.936	246.574	0.01	0.1	99.9	2407.13	25.388	2.616	10.717	干层	chang4+5
塬3	2407.250	131.993	57.319	80.349	10.228	247.49	0.01	0.1	99.9	2407.25	25.942	2.618	10.065	干层	chang4+5
塬3	2407.375	132.129	57.116	81.099	9.798	249.462	0.01	0.1	99.9	2407.38	25.904	2.621	9.717	干层	chang4+5
塬3	2407.500	132.301	56.906	81.014	9.675	252.042	0.01	0.1	99.9	2407.5	25.217	2.619	9.672	干层	chang4+5
塬3	2407.625	130.693	56.701	78.015	9.872	254.404	0.01	0.1	99.9	2407.63	24.601	2.61	9.956	干层	chang4+5
塬3	2407.750	130.241	56.499	78.54	10.405	255.537	0.01	0.1	99.9	2407.75	24.646	2.592	10.577	干层	chang4+5
塬3	2407.875	132.573	56.288	82.642	11.316	254.557	0.01	0.1	99.9	2407.88	24.851	2.567	11.592	干层	chang4+5
塬3	2408.000	134.068	56.046	83.69	12.647	250.957	0.01	0.1	99.9	2408.0	24.12	2.542	13.034	干层	chang4+5
塬3	2408.125	128.729	55.738	73.33	14.472	244.709	0.01	0.1	99.9	2408.13	22.345	2.529	14.999	干层	chang6
塬3	2408.250	118.411	55.347	60.186	16.727	236.952	0.01	0.1	99.9	2408.25	20.727	2.528	17.349	干层	chang6
塬3	2408.375	109.285	54.875	34.452	19.015	229.305	0.138	10.132	79.445	2408.38	20.059	2.528	19.593	干层	chang6
塬3	2408.500	104.265	54.335	29.634	20.513	223.212	0.138	9.704	77.907	2408.5	19.811	2.535	20.788	干层	chang6
塬3	2408.625	102.51	53.747	29.03	20.43	219.982	0.116	9.133	83.765	2408.63	19.114	2.546	20.23	干层	chang6
塬3	2408.750	101.626	53.143	28.539	18.998	219.658	0.099	8.634	92.682	2408.75	17.954	2.557	18.523	干层	chang6
塬3	2408.875	99.644	52.564	27.255	17.235	221.396	0.094	8.512	99.181	2408.88	16.79	2.56	16.788	干层	chang6
塬3	2286.000--2408.875(平均)	116.51	52.218	55.692	16.666	246.392	0.027	1.532	94.198	2347.443	22.712	2.538	16.668		
塬3	2286.000--2408.875(最大)	200.052	58.252	99.9	169.131	323.568	0.711	14.544	99.9	2408.88	44.572	2.652	170.745		
塬3	2286.000--2408.875(最小)	61.116	30.02	12.831	6.371	182.649	0.01	0.1	32.722	2286.0	9.185	2.157	6.361		
