井名	深度	SH	SS	RT	RT	PERM2024	PERM	POR2024	POR	SW	SW2024	AC	SP	CAL	GR	DEN	CNL	RT	解释结论	层位
耿181	2367.125	99.9	0.1	7.881	6.979	0.0	0.01	0.0	0.1	99.9	0.0	271.718	110.761	22.458	144.357	2.176	31.43	7.881		
耿181	2367.250	95.66	4.34	7.748	7.093	0.0	0.01	0.0	0.1	99.9	0.0	271.126	111.107	22.522	138.58	2.15	36.537	7.748		长4+5!1^(1_1)
耿181	2367.375	80.494	19.506	7.712	7.415	0.0	0.01	0.0	0.1	99.9	0.0	271.413	111.368	22.615	128.504	2.187	36.225	7.712		长4+5!1^(1_1)
耿181	2367.500	65.774	34.226	7.739	7.751	0.0	0.01	0.0	0.1	99.9	0.0	272.504	111.551	22.729	118.601	2.26	31.389	7.739		长4+5!1^(1_1)
耿181	2367.625	61.857	38.143	7.831	8.006	0.0	0.01	0.0	0.1	99.9	0.0	271.023	111.653	22.809	115.686	2.339	28.626	7.831		长4+5!1^(1_1)
耿181	2367.750	66.051	33.949	8.001	8.275	0.0	0.01	0.0	0.1	99.9	0.0	266.179	111.693	22.788	118.774	2.42	29.378	8.001		长4+5!1^(1_1)
耿181	2367.875	69.441	30.559	8.274	8.665	0.0	0.01	0.0	0.1	99.9	0.0	260.7	111.679	22.631	121.22	2.484	30.394	8.274		长4+5!1^(1_1)
耿181	2368.000	65.709	34.291	8.661	9.191	0.0	0.01	0.0	0.1	99.9	0.0	256.294	111.615	22.364	118.554	2.512	29.699	8.661		长4+5!1^(1_1)
耿181	2368.125	59.987	40.013	9.166	9.775	0.0	0.01	0.0	0.1	99.9	0.0	252.459	111.502	22.079	114.258	2.528	27.33	9.165		长4+5!1^(1_1)
耿181	2368.250	56.42	43.58	9.746	10.338	0.0	0.01	0.0	0.1	99.9	0.0	247.846	111.353	21.868	111.449	2.549	24.769	9.747		长4+5!1^(1_1)
耿181	2368.375	53.137	46.863	10.38	10.901	0.0	0.01	0.0	0.1	99.9	0.0	242.575	111.175	21.757	108.76	2.579	23.351	10.38		长4+5!1^(1_1)
耿181	2368.500	47.985	52.015	11.038	11.52	0.0	0.01	0.0	0.1	99.9	0.0	237.7	110.971	21.716	104.331	2.601	22.545	11.038		长4+5!1^(1_1)
耿181	2368.625	43.266	56.734	11.69	12.224	0.0	0.01	0.0	0.1	99.9	0.0	234.302	110.745	21.702	100.016	2.61	21.767	11.69		长4+5!1^(1_1)
耿181	2368.750	41.394	58.606	12.298	12.952	0.0	0.01	0.0	0.1	99.9	0.0	232.227	110.508	21.689	98.233	2.613	21.234	12.299		长4+5!1^(1_1)
耿181	2368.875	42.566	57.434	12.842	13.66	0.0	0.01	0.0	0.1	99.9	0.0	230.846	110.264	21.678	99.35	2.617	20.67	12.842		长4+5!1^(1_1)
耿181	2369.000	43.232	56.768	13.305	14.33	0.0	0.01	0.0	0.1	99.9	0.0	229.605	110.018	21.671	99.986	2.619	20.194	13.305		长4+5!1^(1_1)
耿181	2369.125	40.15	59.85	13.669	14.956	0.0	0.01	0.0	0.1	99.9	0.0	228.474	109.777	21.668	97.017	2.618	19.835	13.669		长4+5!1^(1_1)
耿181	2369.250	37.048	62.952	13.933	15.5	0.0	0.01	0.0	0.1	99.9	0.0	227.599	109.546	21.669	93.908	2.617	19.477	13.933		长4+5!1^(1_1)
耿181	2369.375	36.958	63.042	14.076	15.874	0.0	0.01	0.0	0.1	99.9	0.0	227.145	109.329	21.672	93.816	2.622	19.155	14.076		长4+5!1^(1_1)
耿181	2369.500	39.562	60.438	14.085	15.978	0.0	0.01	0.0	0.1	99.9	0.0	227.303	109.131	21.685	96.443	2.625	19.093	14.085		长4+5!1^(1_1)
耿181	2369.625	43.944	56.056	13.93	15.708	0.0	0.01	0.0	0.1	99.9	0.0	228.192	108.956	21.724	100.619	2.626	19.54	13.93		长4+5!1^(1_1)
耿181	2369.750	50.664	49.336	13.632	15.15	0.0	0.01	0.0	0.1	99.9	0.0	229.818	108.792	21.791	106.608	2.624	20.154	13.632		长4+5!1^(1_1)
耿181	2369.875	58.731	41.269	13.136	14.249	0.0	0.01	0.0	0.1	99.9	0.0	232.719	108.656	21.878	113.237	2.624	20.508	13.136		长4+5!1^(1_1)
耿181	2370.000	69.864	30.136	12.535	13.161	0.0	0.01	0.0	0.1	99.9	0.0	236.712	108.56	21.969	121.518	2.619	20.648	12.535		长4+5!1^(1_1)
耿181	2370.125	82.167	17.833	11.931	12.006	0.0	0.01	0.0	0.1	99.9	0.0	241.708	108.491	22.075	129.587	2.609	21.032	11.931		长4+5!1^(1_1)
耿181	2370.250	92.072	7.928	11.374	10.908	0.0	0.01	0.0	0.1	99.9	0.0	247.346	108.445	22.201	135.555	2.577	22.066	11.374		长4+5!1^(1_1)
耿181	2370.375	95.322	4.678	10.916	10.075	0.0	0.01	0.0	0.1	99.9	0.0	253.194	108.417	22.319	137.423	2.536	23.916	10.916		长4+5!1^(1_1)
耿181	2370.500	96.447	3.553	10.578	9.672	0.0	0.01	0.0	0.1	99.9	0.0	258.524	108.405	22.373	138.051	2.495	26.168	10.578		长4+5!1^(1_1)
耿181	2370.625	97.957	2.043	10.348	9.765	0.0	0.01	0.0	0.1	99.9	0.0	262.471	108.406	22.294	138.882	2.472	27.9	10.348		长4+5!1^(1_1)
耿181	2370.750	99.698	0.302	10.15	10.122	0.0	0.01	0.0	0.1	99.9	0.0	264.363	108.412	22.122	140.288	2.468	28.855	10.15		长4+5!1^(1_1)
耿181	2370.875	99.9	0.1	9.98	10.454	0.0	0.01	0.0	0.1	99.9	0.0	264.103	108.419	21.932	142.335	2.488	29.74	9.98		长4+5!1^(1_1)
耿181	2371.000	99.9	0.1	9.871	10.567	0.0	0.01	0.0	0.1	99.9	0.0	262.482	108.422	21.802	144.989	2.511	30.431	9.871		长4+5!1^(1_1)
耿181	2371.125	99.9	0.1	9.86	10.503	0.0	0.01	0.0	0.1	99.9	0.0	259.894	108.413	21.768	147.008	2.528	29.509	9.86		长4+5!1^(1_1)
耿181	2371.250	99.9	0.1	9.966	10.429	0.0	0.01	0.0	0.1	99.9	0.0	256.913	108.388	21.772	149.224	2.541	28.05	9.966		长4+5!1^(1_1)
耿181	2371.375	99.9	0.1	10.18	10.452	0.0	0.01	0.0	0.1	99.9	0.0	253.614	108.343	21.774	154.634	2.548	27.264	10.18		长4+5!1^(1_1)
耿181	2371.500	99.9	0.1	10.459	10.599	0.0	0.01	0.0	0.1	99.9	0.0	250.266	108.272	21.766	162.033	2.548	27.213	10.459		长4+5!1^(1_1)
耿181	2371.625	99.9	0.1	10.721	10.817	0.0	0.01	0.0	0.1	99.9	0.0	247.366	108.167	21.762	163.391	2.549	26.413	10.721		长4+5!1^(1_1)
耿181	2371.750	99.9	0.1	10.892	10.986	0.0	0.01	0.0	0.1	99.9	0.0	245.8	108.028	21.773	156.451	2.556	25.005	10.892		长4+5!1^(1_1)
耿181	2371.875	99.9	0.1	10.935	11.024	0.0	0.01	0.0	0.1	99.9	0.0	245.057	107.855	21.8	146.75	2.569	23.897	10.935		长4+5!1^(1_1)
耿181	2372.000	99.9	0.1	10.852	10.886	0.0	0.01	0.0	0.1	99.9	0.0	245.359	107.645	21.845	140.055	2.589	24.194	10.852		长4+5!1^(1_1)
耿181	2372.125	98.522	1.478	10.676	10.558	0.0	0.01	0.0	0.1	99.9	0.0	247.169	107.392	21.907	139.885	2.618	26.117	10.676		长4+5!1^(1_1)
耿181	2372.250	99.9	0.1	10.489	10.149	0.0	0.01	0.0	0.1	99.9	0.0	250.426	107.104	21.962	146.718	2.63	27.394	10.489		长4+5!1^(1_1)
耿181	2372.375	99.9	0.1	10.343	9.768	0.0	0.01	0.0	0.1	99.9	0.0	253.987	106.783	21.989	157.29	2.622	27.037	10.343		长4+5!1^(1_1)
耿181	2372.500	99.9	0.1	10.266	9.525	0.0	0.01	0.0	0.1	99.9	0.0	257.042	106.433	21.976	164.066	2.595	26.051	10.266		长4+5!1^(1_1)
耿181	2372.625	99.9	0.1	10.271	9.527	0.0	0.01	0.0	0.1	99.9	0.0	258.133	106.056	21.926	159.056	2.571	26.091	10.271		长4+5!1^(1_1)
耿181	2372.750	99.9	0.1	10.332	9.729	0.0	0.01	0.0	0.1	99.9	0.0	256.432	105.665	21.863	150.511	2.561	27.149	10.332		长4+5!1^(1_1)
耿181	2372.875	99.9	0.1	10.442	10.067	0.0	0.01	0.0	0.1	99.9	0.0	252.774	105.266	21.796	147.909	2.564	28.294	10.442		长4+5!1^(1_1)
耿181	2373.000	99.9	0.1	10.61	10.472	0.0	0.01	0.0	0.1	99.9	0.0	248.154	104.867	21.716	152.489	2.579	28.284	10.61		长4+5!1^(1_1)
耿181	2373.125	99.9	0.1	10.88	10.922	0.0	0.01	0.0	0.1	99.9	0.0	242.645	104.482	21.651	153.317	2.596	26.135	10.88		长4+5!1^(1_1)
耿181	2373.250	99.9	0.1	11.282	11.442	0.0	0.01	0.0	0.1	99.9	0.0	237.235	104.12	21.598	145.522	2.596	23.162	11.283		长4+5!1^(1_1)
耿181	2373.375	91.585	8.415	11.867	12.091	0.0	0.01	0.0	0.1	99.9	0.0	232.675	103.79	21.568	135.618	2.589	20.962	11.867		长4+5!1^(1_1)
耿181	2373.500	78.659	21.341	12.658	12.925	0.0	0.01	0.0	0.1	99.9	0.0	228.74	103.5	21.559	127.418	2.584	19.861	12.658		长4+5!1^(1_1)
耿181	2373.625	69.274	30.726	13.628	14.01	0.0	0.01	0.0	0.1	99.9	0.0	225.615	103.27	21.56	121.086	2.585	19.44	13.628		长4+5!1^(1_1)
耿181	2373.750	61.838	38.162	14.592	15.244	0.0	0.01	0.0	0.1	99.9	0.0	223.309	103.097	21.564	115.659	2.589	18.915	14.593		长4+5!1^(1_1)
耿181	2373.875	57.502	42.498	15.378	16.455	0.0	0.01	0.0	0.1	99.9	0.0	221.279	102.989	21.567	112.314	2.597	18.039	15.378		长4+5!1^(1_1)
耿181	2374.000	57.327	42.673	15.835	17.377	0.0	0.01	0.0	0.1	99.9	0.0	219.499	102.948	21.569	112.175	2.608	17.18	15.835		长4+5!1^(1_1)
耿181	2374.125	59.577	40.423	15.824	17.571	0.0	0.01	0.0	0.1	99.9	0.0	219.72	102.988	21.568	113.939	2.624	17.395	15.824		长4+5!1^(1_1)
耿181	2374.250	61.918	38.082	15.469	16.913	0.0	0.01	0.0	0.1	99.9	0.0	222.938	103.098	21.575	115.731	2.642	19.305	15.469		长4+5!1^(1_1)
耿181	2374.375	65.427	34.573	14.925	15.475	0.0	0.01	0.0	0.1	99.9	0.0	231.249	103.275	21.638	118.335	2.632	22.244	14.925		长4+5!1^(1_1)
耿181	2374.500	73.691	26.309	14.353	13.651	0.0	0.01	0.0	0.1	99.9	0.0	245.04	103.515	21.798	124.145	2.564	24.665	14.353		长4+5!1^(1_1)
耿181	2374.625	91.874	8.126	13.871	12.185	0.0	0.01	0.0	0.1	99.9	0.0	262.525	103.823	22.024	136.765	2.418	27.574	13.871		长4+5!1^(1_1)
耿181	2374.750	99.9	0.1	13.468	11.56	0.0	0.01	0.0	0.1	99.9	0.0	279.183	104.18	22.207	149.905	2.267	33.23	13.468		长4+5!1^(1_1)
耿181	2374.875	99.9	0.1	13.071	11.742	0.0	0.01	0.0	0.1	99.9	0.0	292.161	104.579	22.283	156.034	2.146	40.685	13.071		长4+5!1^(1_1)
耿181	2375.000	99.9	0.1	12.592	12.275	0.0	0.01	0.0	0.1	99.9	0.0	299.174	105.011	22.258	151.044	2.075	46.106	12.592		长4+5!1^(1_1)
耿181	2375.125	99.551	0.449	11.989	12.435	0.0	0.01	0.0	0.1	99.9	0.0	298.238	105.471	22.223	142.702	2.078	44.391	11.989		长4+5!1^(1_1)
耿181	2375.250	96.037	3.963	11.374	11.962	0.0	0.01	0.0	0.1	99.9	0.0	291.882	105.943	22.271	137.816	2.132	37.852	11.374		长4+5!1^(1_1)
耿181	2375.375	90.317	9.683	10.871	11.065	0.0	0.01	0.0	0.1	99.9	0.0	281.527	106.42	22.39	134.559	2.212	30.556	10.871		长4+5!1^(1_2)
耿181	2375.500	83.096	16.904	10.579	10.185	0.0	0.01	0.0	0.1	99.9	0.0	270.653	106.892	22.476	130.221	2.304	26.493	10.579		长4+5!1^(1_2)
耿181	2375.625	79.125	20.875	10.572	9.764	0.0	0.01	0.0	0.1	99.9	0.0	264.072	107.351	22.424	127.715	2.403	27.216	10.572		长4+5!1^(1_2)
耿181	2375.750	82.116	17.884	10.779	9.801	0.0	0.01	0.0	0.1	99.9	0.0	262.953	107.787	22.285	129.595	2.491	28.765	10.779		长4+5!1^(1_2)
耿181	2375.875	87.22	12.78	11.122	10.199	0.0	0.01	0.0	0.1	99.9	0.0	267.449	108.196	22.128	132.718	2.532	29.288	11.122		长4+5!1^(1_2)
耿181	2376.000	92.249	7.751	11.511	10.869	0.0	0.01	0.0	0.1	99.9	0.0	275.402	108.574	22.01	135.68	2.539	28.92	11.511		长4+5!1^(1_2)
耿181	2376.125	97.579	2.421	11.869	11.707	0.0	0.01	0.0	0.1	99.9	0.0	283.526	108.908	21.95	139.514	2.533	30.947	11.869		长4+5!1^(1_2)
耿181	2376.250	99.9	0.1	12.169	12.48	0.0	0.01	0.0	0.1	99.9	0.0	290.12	109.2	21.91	147.924	2.503	36.342	12.17		长4+5!1^(1_2)
耿181	2376.375	99.9	0.1	12.427	13.005	0.0	0.01	0.0	0.1	99.9	0.0	293.917	109.449	21.87	160.749	2.445	41.464	12.427		长4+5!1^(1_2)
耿181	2376.500	99.9	0.1	12.69	13.216	0.0	0.01	0.0	0.1	99.9	0.0	293.981	109.652	21.839	169.741	2.396	42.245	12.69		长4+5!1^(1_2)
耿181	2376.625	99.9	0.1	13.06	13.269	0.0	0.01	0.0	0.1	99.9	0.0	289.665	109.801	21.838	163.038	2.379	38.502	13.06		长4+5!1^(1_2)
耿181	2376.750	99.9	0.1	13.578	13.481	0.0	0.01	0.0	0.1	99.9	0.0	281.264	109.903	21.85	147.341	2.393	35.594	13.579		长4+5!1^(1_2)
耿181	2376.875	90.321	9.679	14.233	13.997	0.0	0.01	0.0	0.1	99.9	0.0	270.82	109.959	21.853	134.714	2.433	34.357	14.233		长4+5!1^(1_2)
耿181	2377.000	80.628	19.372	14.966	14.771	0.0	0.01	0.0	0.1	99.9	0.0	259.616	109.969	21.841	128.675	2.496	32.795	14.966		长4+5!1^(1_2)
耿181	2377.125	71.136	28.864	15.686	15.646	0.0	0.01	0.0	0.1	99.9	0.0	249.775	109.928	21.82	122.361	2.546	29.163	15.686		长4+5!1^(1_2)
耿181	2377.250	60.338	39.662	16.309	16.49	0.0	0.01	0.0	0.1	99.9	0.0	240.617	109.847	21.801	114.481	2.58	24.487	16.31		长4+5!1^(1_2)
耿181	2377.375	52.219	47.781	16.785	17.254	0.0	0.01	0.0	0.1	99.9	0.0	232.806	109.727	21.789	107.973	2.603	20.184	16.785		长4+5!1^(1_2)
耿181	2377.500	44.01	55.99	17.09	17.865	0.0	0.01	0.0	0.1	99.9	0.0	227.224	109.572	21.782	100.715	2.61	17.115	17.09		长4+5!1^(1_2)
耿181	2377.625	32.597	67.403	17.193	18.133	0.0	0.01	0.0	0.1	99.9	0.0	223.373	109.38	21.778	89.1	2.617	15.731	17.193		长4+5!1^(1_2)
耿181	2377.750	24.065	75.935	17.136	17.979	0.0	0.01	0.0	0.1	99.9	0.0	221.441	109.16	21.775	79.158	2.628	15.391	17.136		长4+5!1^(1_2)
耿181	2377.875	22.675	77.325	16.963	17.394	0.0	0.01	0.0	0.1	99.9	0.0	221.54	108.915	21.774	77.429	2.639	16.024	16.963		长4+5!1^(1_2)
耿181	2378.000	27.385	72.615	16.732	16.499	0.0	0.01	0.0	0.1	99.9	0.0	224.044	108.651	21.774	83.258	2.643	17.328	16.732		长4+5!1^(1_2)
耿181	2378.125	33.602	66.398	16.501	15.543	0.0	0.01	0.0	0.1	99.9	0.0	229.419	108.366	21.777	90.245	2.65	19.448	16.501		长4+5!1^(1_2)
耿181	2378.250	40.037	59.963	16.297	14.819	0.0	0.01	0.0	0.1	99.9	0.0	236.038	108.069	21.783	96.847	2.653	21.973	16.297		长4+5!1^(1_2)
耿181	2378.375	48.873	51.127	16.116	14.483	0.0	0.01	0.0	0.1	99.9	0.0	242.814	107.762	21.787	105.032	2.652	24.088	16.116		长4+5!1^(1_2)
耿181	2378.500	62.414	37.586	15.939	14.557	0.0	0.01	0.0	0.1	99.9	0.0	248.767	107.448	21.789	116.113	2.648	25.345	15.939		长4+5!1^(1_2)
耿181	2378.625	75.951	24.049	15.745	14.957	0.0	0.01	0.0	0.1	99.9	0.0	252.189	107.13	21.788	125.621	2.635	25.999	15.745		长4+5!1^(1_2)
耿181	2378.750	79.85	20.15	15.532	15.431	0.0	0.01	0.0	0.1	99.9	0.0	252.533	106.812	21.789	128.184	2.61	26.268	15.532		长4+5!1^(1_2)
耿181	2378.875	72.462	27.538	15.313	15.827	0.0	0.01	0.0	0.1	99.9	0.0	250.125	106.496	21.792	123.281	2.58	25.287	15.313		长4+5!1^(1_2)
耿181	2379.000	59.769	40.231	15.113	16.039	0.0	0.01	0.0	0.1	99.9	0.0	246.116	106.184	21.798	114.092	2.555	23.302	15.113		长4+5!1^(1_2)
耿181	2379.125	51.916	48.084	14.971	15.969	0.0	0.01	0.0	0.1	99.9	0.0	243.568	105.881	21.803	107.736	2.538	21.787	14.971		长4+5!1^(1_2)
耿181	2379.250	52.711	47.289	14.899	15.678	0.0	0.01	0.0	0.1	99.9	0.0	243.327	105.589	21.807	108.37	2.528	21.733	14.899		长4+5!1^(1_2)
耿181	2379.375	63.273	36.727	14.887	15.271	0.0	0.01	0.0	0.1	99.9	0.0	245.048	105.312	21.809	116.647	2.522	24.002	14.887		长4+5!1^(1_2)
耿181	2379.500	80.7	19.3	14.907	14.899	0.0	0.01	0.0	0.1	99.9	0.0	247.329	105.054	21.808	128.721	2.526	27.466	14.907		长4+5!1^(1_2)
耿181	2379.625	91.597	8.403	14.915	14.716	0.0	0.01	0.0	0.1	99.9	0.0	249.587	104.825	21.805	135.304	2.532	28.572	14.915		长4+5!1^(1_2)
耿181	2379.750	86.305	13.695	14.889	14.723	0.0	0.01	0.0	0.1	99.9	0.0	250.898	104.626	21.798	132.122	2.539	26.64	14.889		长4+5!1^(1_2)
耿181	2379.875	69.253	30.747	14.83	14.878	0.0	0.01	0.0	0.1	99.9	0.0	250.278	104.463	21.789	120.968	2.552	23.883	14.83		长4+5!1^(1_2)
耿181	2380.000	52.956	47.044	14.772	15.142	0.0	0.01	0.0	0.1	99.9	0.0	247.487	104.342	21.779	108.611	2.571	22.164	14.772		长4+5!1^(1_2)
耿181	2380.125	45.861	54.139	14.784	15.54	0.0	0.01	0.0	0.1	99.9	0.0	243.552	104.278	21.771	102.42	2.572	20.932	14.784		长4+5!1^(1_2)
耿181	2380.250	43.776	56.224	14.91	16.082	0.0	0.01	0.0	0.1	99.9	0.0	240.155	104.269	21.767	100.497	2.57	19.969	14.91		长4+5!1^(1_2)
耿181	2380.375	43.873	56.127	15.174	16.759	0.0	0.01	0.0	0.1	99.9	0.0	238.085	104.318	21.768	100.587	2.556	20.003	15.174		长4+5!1^(1_2)
耿181	2380.500	43.211	56.789	15.566	17.507	0.0	0.01	0.0	0.1	99.9	0.0	237.421	104.429	21.773	99.967	2.538	21.319	15.566		长4+5!1^(1_2)
耿181	2380.625	36.982	63.018	16.039	18.189	0.0	0.01	0.0	0.1	99.9	0.0	238.904	104.614	21.78	93.776	2.521	23.109	16.039		长4+5!1^(1_2)
耿181	2380.750	27.074	72.926	16.477	18.656	0.0	0.01	0.0	0.1	99.9	0.0	241.679	104.861	21.787	82.738	2.513	24.267	16.477		长4+5!1^(1_2)
耿181	2380.875	19.547	80.453	16.772	18.791	0.0	0.01	0.0	0.1	99.9	0.0	244.767	105.166	21.793	73.252	2.503	23.864	16.772		长4+5!1^(1_2)
耿181	2381.000	19.285	80.715	16.826	18.527	0.0	0.01	0.0	0.1	99.9	0.0	246.75	105.524	21.795	72.93	2.491	22.192	16.826		长4+5!1^(1_2)
耿181	2381.125	22.87	77.13	16.523	17.803	0.0	0.01	0.0	0.1	99.9	0.0	246.919	105.934	21.796	77.658	2.485	21.81	16.523		长4+5!1^(1_2)
耿181	2381.250	30.312	69.688	15.916	16.748	0.0	0.01	0.0	0.1	99.9	0.0	247.156	106.378	21.8	86.389	2.492	22.051	15.915		长4+5!1^(1_2)
耿181	2381.375	45.232	54.768	15.066	15.424	0.0	0.01	0.0	0.1	99.9	0.0	248.554	106.844	21.822	101.624	2.509	23.925	15.066		长4+5!1^(1_2)
耿181	2381.500	59.501	40.499	14.078	13.917	0.0	0.01	0.0	0.1	99.9	0.0	251.285	107.321	21.889	113.885	2.532	25.569	14.078		长4+5!1^(1_2)
耿181	2381.625	65.137	34.863	13.078	12.373	0.0	0.01	0.0	0.1	99.9	0.0	255.136	107.796	22.02	118.131	2.543	24.864	13.078		长4+5!1^(1_2)
耿181	2381.750	69.899	30.101	12.18	11.018	0.0	0.01	0.0	0.1	99.9	0.0	259.066	108.252	22.186	121.492	2.527	24.628	12.179		长4+5!1^(1_2)
耿181	2381.875	85.305	14.695	11.437	10.016	0.0	0.01	0.0	0.1	99.9	0.0	263.903	108.679	22.347	131.424	2.494	26.978	11.437		长4+5!1^(1_2)
耿181	2382.000	99.9	0.1	10.862	9.441	0.0	0.01	0.0	0.1	99.9	0.0	269.087	109.068	22.453	145.881	2.459	30.452	10.862		长4+5!1^(1_2)
耿181	2382.125	99.9	0.1	10.447	9.267	0.0	0.01	0.0	0.1	99.9	0.0	272.274	109.399	22.452	153.338	2.438	31.958	10.447		长4+5!1^(1_2)
耿181	2382.250	99.9	0.1	10.137	9.277	0.0	0.01	0.0	0.1	99.9	0.0	272.109	109.672	22.363	151.656	2.444	31.674	10.137		长4+5!1^(1_2)
耿181	2382.375	99.9	0.1	9.917	9.353	0.0	0.01	0.0	0.1	99.9	0.0	268.603	109.883	22.226	148.017	2.469	31.446	9.917		长4+5!1^(1_2)
耿181	2382.500	99.9	0.1	9.795	9.45	0.0	0.01	0.0	0.1	99.9	0.0	262.933	110.03	22.086	146.111	2.499	31.065	9.795		长4+5!1^(1_2)
耿181	2382.625	99.311	0.689	9.806	9.59	0.0	0.01	0.0	0.1	99.9	0.0	256.652	110.1	21.988	142.733	2.519	29.129	9.806		长4+5!1^(1_2)
耿181	2382.750	89.645	10.355	9.931	9.79	0.0	0.01	0.0	0.1	99.9	0.0	250.796	110.108	21.938	134.039	2.536	26.24	9.931		长4+5!1^(1_2)
耿181	2382.875	69.842	30.158	10.151	10.045	0.0	0.01	0.0	0.1	99.9	0.0	246.074	110.055	21.922	121.374	2.55	23.91	10.151		长4+5!1^(1_2)
耿181	2383.000	53.074	46.926	10.429	10.335	0.0	0.01	0.0	0.1	99.9	0.0	242.29	109.949	21.918	108.71	2.562	22.599	10.429		长4+5!1^(1_2)
耿181	2383.125	46.077	53.923	10.713	10.62	0.0	0.01	0.0	0.1	99.9	0.0	239.926	109.787	21.916	102.619	2.575	22.29	10.713		长4+5!1^(1_2)
耿181	2383.250	46.961	53.039	10.965	10.853	0.0	0.01	0.0	0.1	99.9	0.0	238.702	109.586	21.914	103.405	2.591	22.497	10.965		长4+5!1^(1_2)
耿181	2383.375	49.446	50.554	11.185	10.991	0.0	0.01	0.0	0.1	99.9	0.0	238.556	109.356	21.913	105.61	2.605	23.049	11.185		长4+5!1^(1_2)
耿181	2383.500	49.041	50.959	11.408	11.038	0.0	0.01	0.0	0.1	99.9	0.0	240.588	109.102	21.911	105.261	2.615	23.24	11.408		长4+5!1^(1_2)
耿181	2383.625	47.687	52.313	11.693	11.101	0.0	0.01	0.0	0.1	99.9	0.0	243.292	108.833	21.902	104.062	2.618	22.455	11.693		长4+5!1^(1_3)
耿181	2383.750	51.479	48.521	12.059	11.351	0.0	0.01	0.0	0.1	99.9	0.0	245.596	108.56	21.887	107.315	2.611	21.644	12.059		长4+5!1^(1_3)
耿181	2383.875	60.59	39.41	12.488	11.887	0.0	0.01	0.0	0.1	99.9	0.0	246.379	108.291	21.88	114.655	2.602	21.75	12.488		长4+5!1^(1_3)
耿181	2384.000	71.465	28.535	12.899	12.646	0.0	0.01	0.0	0.1	99.9	0.0	244.718	108.031	21.943	122.629	2.599	23.182	12.899		长4+5!1^(1_3)
耿181	2384.125	74.798	25.202	13.108	13.32	0.0	0.01	0.0	0.1	99.9	0.0	240.63	107.79	22.212	124.886	2.598	24.238	13.108		长4+5!1^(1_3)
耿181	2384.250	68.731	31.269	13.003	13.521	0.0	0.01	0.0	0.1	99.9	0.0	236.45	107.572	22.712	120.684	2.6	23.721	13.002		长4+5!1^(1_3)
耿181	2384.375	58.898	41.102	12.548	13.037	0.0	0.01	0.0	0.1	99.9	0.0	233.242	107.382	23.393	113.378	2.602	21.996	12.547		长4+5!1^(1_3)
耿181	2384.500	52.349	47.651	11.8	11.897	0.0	0.01	0.0	0.1	99.9	0.0	231.544	107.223	24.118	108.102	2.591	20.122	11.8		长4+5!1^(1_3)
耿181	2384.625	52.044	47.956	10.885	10.328	0.0	0.01	0.0	0.1	99.9	0.0	232.86	107.105	24.706	107.842	2.538	19.074	10.885		长4+5!1^(1_3)
耿181	2384.750	53.907	46.093	9.996	8.77	0.0	0.01	0.0	0.1	99.9	0.0	239.683	107.026	25.126	109.391	2.466	19.204	9.995		长4+5!1^(1_3)
耿181	2384.875	58.544	41.456	9.235	7.475	0.0	0.01	0.0	0.1	99.9	0.0	251.17	106.987	25.461	113.111	2.357	21.231	9.235		长4+5!1^(1_3)
耿181	2385.000	68.077	31.923	8.65	6.612	0.0	0.01	0.0	0.1	99.9	0.0	265.909	106.991	25.787	120.259	2.217	24.647	8.65		长4+5!1^(1_3)
耿181	2385.125	82.974	17.026	8.259	6.365	0.0	0.01	0.0	0.1	99.9	0.0	278.799	107.046	25.965	130.068	2.088	28.094	8.259		长4+5!1^(1_3)
耿181	2385.250	94.475	5.525	7.999	6.662	0.0	0.01	0.0	0.1	99.9	0.0	285.754	107.145	25.783	136.924	1.994	31.459	7.999		长4+5!1^(1_3)
耿181	2385.375	98.377	1.623	7.82	7.384	0.0	0.01	0.0	0.1	99.9	0.0	287.006	107.288	25.149	139.114	1.933	35.859	7.82		长4+5!1^(1_3)
耿181	2385.500	99.9	0.1	7.685	8.276	0.0	0.01	0.0	0.1	99.9	0.0	283.607	107.473	24.176	140.223	1.927	40.987	7.685		长4+5!1^(1_3)
耿181	2385.625	99.9	0.1	7.601	8.982	0.0	0.01	0.0	0.1	99.9	0.0	276.673	107.705	23.182	142.241	1.998	42.662	7.601		长4+5!1^(1_3)
耿181	2385.750	99.9	0.1	7.617	9.344	0.0	0.01	0.0	0.1	99.9	0.0	268.112	107.971	22.458	142.273	2.106	39.083	7.617		长4+5!1^(1_3)
耿181	2385.875	98.897	1.103	7.796	9.422	0.0	0.01	0.0	0.1	99.9	0.0	260.851	108.268	22.064	139.838	2.234	32.542	7.796		长4+5!1^(1_3)
耿181	2386.000	93.207	6.793	8.181	9.402	0.0	0.01	0.0	0.1	99.9	0.0	257.823	108.589	21.901	136.228	2.379	27.298	8.181		长4+5!1^(1_3)
耿181	2386.125	89.013	10.987	8.803	9.49	0.0	0.01	0.0	0.1	99.9	0.0	260.966	108.93	21.841	133.797	2.5	26.158	8.802		长4+5!1^(1_3)
耿181	2386.250	91.672	8.328	9.553	9.719	0.0	0.01	0.0	0.1	99.9	0.0	266.694	109.279	21.815	135.318	2.532	27.466	9.553		长4+5!1^(1_3)
耿181	2386.375	98.58	1.42	10.323	10.032	0.0	0.01	0.0	0.1	99.9	0.0	271.154	109.628	21.814	142.487	2.508	30.4	10.323		长4+5!1^(1_3)
耿181	2386.500	99.9	0.1	10.997	10.359	0.0	0.01	0.0	0.1	99.9	0.0	272.625	109.97	21.826	152.046	2.474	33.818	10.997		长4+5!1^(1_3)
耿181	2386.625	99.9	0.1	11.463	10.67	0.0	0.01	0.0	0.1	99.9	0.0	270.44	110.295	21.839	154.593	2.468	34.805	11.463		长4+5!1^(1_3)
耿181	2386.750	99.9	0.1	11.734	10.988	0.0	0.01	0.0	0.1	99.9	0.0	265.117	110.596	21.847	149.17	2.481	32.436	11.734		长4+5!1^(1_3)
耿181	2386.875	95.75	4.25	11.853	11.351	0.0	0.01	0.0	0.1	99.9	0.0	257.321	110.868	21.851	139.106	2.51	28.265	11.853		长4+5!1^(1_3)
耿181	2387.000	80.869	19.131	11.881	11.776	0.0	0.01	0.0	0.1	99.9	0.0	248.416	111.106	21.851	128.828	2.547	24.978	11.881		长4+5!1^(1_3)
耿181	2387.125	71.225	28.775	11.867	12.218	0.0	0.01	0.0	0.1	99.9	0.0	240.649	111.3	21.857	122.457	2.579	23.535	11.867		长4+5!1^(1_3)
耿181	2387.250	66.252	33.748	11.838	12.553	0.0	0.01	0.0	0.1	99.9	0.0	235.341	111.453	21.873	118.945	2.594	22.706	11.838		长4+5!1^(1_3)
耿181	2387.375	62.406	37.594	11.791	12.676	0.0	0.01	0.0	0.1	99.9	0.0	232.767	111.565	21.896	116.105	2.598	21.842	11.791		长4+5!1^(1_3)
耿181	2387.500	57.992	42.008	11.727	12.537	0.0	0.01	0.0	0.1	99.9	0.0	232.272	111.635	21.918	112.703	2.594	21.013	11.727		长4+5!1^(1_3)
耿181	2387.625	55.437	44.563	11.654	12.168	0.0	0.01	0.0	0.1	99.9	0.0	234.047	111.658	21.926	110.656	2.59	20.95	11.654		长4+5!1^(1_3)
耿181	2387.750	55.39	44.61	11.585	11.737	0.0	0.01	0.0	0.1	99.9	0.0	237.679	111.641	21.925	110.615	2.589	21.563	11.585		长4+5!1^(1_3)
耿181	2387.875	57.063	42.937	11.525	11.361	0.0	0.01	0.0	0.1	99.9	0.0	242.961	111.587	21.931	111.96	2.596	22.449	11.525		长4+5!1^(1_3)
耿181	2388.000	59.93	40.07	11.467	11.11	0.0	0.01	0.0	0.1	99.9	0.0	248.69	111.499	21.954	114.213	2.603	23.106	11.467		长4+5!1^(1_3)
耿181	2388.125	65.156	34.844	11.394	11.019	0.0	0.01	0.0	0.1	99.9	0.0	253.224	111.374	21.983	118.119	2.602	23.582	11.394		长4+5!1^(1_3)
耿181	2388.250	74.562	25.438	11.304	11.031	0.0	0.01	0.0	0.1	99.9	0.0	255.55	111.218	21.991	124.651	2.594	24.856	11.304		长4+5!1^(1_3)
耿181	2388.375	86.441	13.559	11.204	11.1	0.0	0.01	0.0	0.1	99.9	0.0	255.478	111.036	21.96	132.205	2.584	27.129	11.204		长4+5!1^(1_3)
耿181	2388.500	95.655	4.345	11.113	11.179	0.0	0.01	0.0	0.1	99.9	0.0	253.614	110.828	21.893	137.611	2.576	28.87	11.113		长4+5!1^(1_3)
耿181	2388.625	92.96	7.04	11.069	11.241	0.0	0.01	0.0	0.1	99.9	0.0	250.62	110.592	21.813	136.066	2.573	28.016	11.069		长4+5!1^(1_3)
耿181	2388.750	82.94	17.06	11.092	11.3	0.0	0.01	0.0	0.1	99.9	0.0	247.359	110.334	21.746	130.084	2.582	25.562	11.092		长4+5!1^(1_3)
耿181	2388.875	72.884	27.116	11.19	11.385	0.0	0.01	0.0	0.1	99.9	0.0	244.333	110.056	21.701	123.578	2.596	23.524	11.19		长4+5!1^(1_3)
耿181	2389.000	65.986	34.014	11.353	11.513	0.0	0.01	0.0	0.1	99.9	0.0	242.167	109.758	21.67	118.757	2.605	23.006	11.353		长4+5!1^(1_3)
耿181	2389.125	64.681	35.319	11.565	11.681	0.0	0.01	0.0	0.1	99.9	0.0	241.236	109.439	21.649	117.801	2.614	23.219	11.565		长4+5!1^(1_3)
耿181	2389.250	65.986	34.014	11.793	11.867	0.0	0.01	0.0	0.1	99.9	0.0	241.023	109.104	21.63	118.751	2.626	23.107	11.793		长4+5!1^(1_3)
耿181	2389.375	67.828	32.172	12.018	12.067	0.0	0.01	0.0	0.1	99.9	0.0	241.121	108.755	21.612	120.077	2.641	22.621	12.018		长4+5!1^(1_3)
耿181	2389.500	69.872	30.128	12.234	12.297	0.0	0.01	0.0	0.1	99.9	0.0	241.084	108.392	21.593	121.521	2.654	22.081	12.234		长4+5!1^(1_3)
耿181	2389.625	74.082	25.918	12.432	12.585	0.0	0.01	0.0	0.1	99.9	0.0	240.407	108.015	21.577	124.396	2.659	21.792	12.432		长4+5!1^(1_3)
耿181	2389.750	78.062	21.938	12.609	12.913	0.0	0.01	0.0	0.1	99.9	0.0	238.948	107.628	21.565	127.032	2.653	21.573	12.609		长4+5!1^(1_3)
耿181	2389.875	75.871	24.129	12.764	13.233	0.0	0.01	0.0	0.1	99.9	0.0	236.898	107.232	21.556	125.597	2.641	21.342	12.764		长4+5!1^(1_3)
耿181	2390.000	66.534	33.466	12.906	13.485	0.0	0.01	0.0	0.1	99.9	0.0	234.865	106.829	21.551	119.161	2.624	20.844	12.906		长4+5!1^(1_3)
耿181	2390.125	57.185	42.815	13.054	13.623	0.0	0.01	0.0	0.1	99.9	0.0	233.308	106.415	21.549	112.047	2.619	19.858	13.053		长4+5!1^(1_3)
耿181	2390.250	54.102	45.898	13.219	13.695	0.0	0.01	0.0	0.1	99.9	0.0	232.318	105.996	21.549	109.557	2.621	18.766	13.219		长4+5!1^(1_3)
耿181	2390.375	58.581	41.419	13.393	13.756	0.0	0.01	0.0	0.1	99.9	0.0	231.818	105.568	21.549	113.131	2.622	18.363	13.394		长4+5!1^(1_3)
耿181	2390.500	67.576	32.424	13.549	13.831	0.0	0.01	0.0	0.1	99.9	0.0	231.696	105.133	21.549	119.893	2.62	19.239	13.549		长4+5!1^(1_3)
耿181	2390.625	76.894	23.106	13.632	13.877	0.0	0.01	0.0	0.1	99.9	0.0	231.901	104.686	21.549	126.245	2.61	21.05	13.632		长4+5!1^(1_3)
耿181	2390.750	83.222	16.778	13.622	13.825	0.0	0.01	0.0	0.1	99.9	0.0	232.149	104.228	21.549	130.295	2.595	21.868	13.622		长4+5!1^(1_3)
耿181	2390.875	81.431	18.569	13.522	13.639	0.0	0.01	0.0	0.1	99.9	0.0	232.193	103.759	21.55	129.179	2.584	20.989	13.522		长4+5!1^(1_3)
耿181	2391.000	70.593	29.407	13.366	13.338	0.0	0.01	0.0	0.1	99.9	0.0	232.123	103.275	21.551	122.038	2.585	19.351	13.366		长4+5!1^(1_3)
耿181	2391.125	58.263	41.737	13.212	12.981	0.0	0.01	0.0	0.1	99.9	0.0	232.511	102.773	21.551	112.888	2.597	18.797	13.213		长4+5!1^(1_3)
耿181	2391.250	53.988	46.012	13.121	12.659	0.0	0.01	0.0	0.1	99.9	0.0	233.739	102.256	21.551	109.462	2.615	19.561	13.121		长4+5!1^(1_3)
耿181	2391.375	58.672	41.328	13.127	12.44	0.0	0.01	0.0	0.1	99.9	0.0	235.628	101.722	21.55	113.2	2.641	20.685	13.127		长4+5!1^(1_3)
耿181	2391.500	68.076	31.924	13.243	12.384	0.0	0.01	0.0	0.1	99.9	0.0	237.725	101.172	21.547	120.251	2.666	21.525	13.244		长4+5!1^(1_3)
耿181	2391.625	75.856	24.144	13.477	12.582	0.0	0.01	0.0	0.1	99.9	0.0	239.483	100.602	21.543	125.576	2.678	22.498	13.477		长4+5!1^(1_3)
耿181	2391.750	81.714	18.286	13.787	13.005	0.0	0.01	0.0	0.1	99.9	0.0	240.48	100.019	21.542	129.339	2.68	23.694	13.787		长4+5!1^(1_3)
耿181	2391.875	87.025	12.975	14.15	13.596	0.0	0.01	0.0	0.1	99.9	0.0	240.25	99.424	21.546	132.602	2.671	24.275	14.15		长4+5!1^(1_3)
耿181	2392.000	87.526	12.474	14.552	14.249	0.0	0.01	0.0	0.1	99.9	0.0	238.635	98.819	21.558	132.921	2.65	23.622	14.552		长4+5!1^(1_3)
耿181	2392.125	78.38	21.62	14.992	14.83	0.0	0.01	0.0	0.1	99.9	0.0	235.761	98.205	21.583	127.188	2.63	22.117	14.992		长4+5!1^(2_1)
耿181	2392.250	66.221	33.779	15.462	15.269	0.014	0.01	1.372	0.1	99.9	0.089	232.601	97.588	21.613	118.858	2.613	20.583	15.463		长4+5!1^(2_1)
耿181	2392.375	36.046	63.954	15.952	15.56	0.06	0.813	5.9	8.834	70.961	0.379	229.604	96.971	21.641	110.667	2.602	19.249	15.952		长4+5!1^(2_1)
耿181	2392.500	24.631	75.369	16.431	15.74	0.084	1.007	7.308	11.551	61.449	0.437	227.123	96.357	21.656	103.87	2.594	18.357	16.432	干层	长4+5!1^(2_1)
耿181	2392.625	22.801	77.199	16.824	15.818	0.089	0.941	7.424	11.376	61.518	0.429	225.312	95.749	21.653	100.599	2.594	18.374	16.824	干层	长4+5!1^(2_1)
耿181	2392.750	22.49	77.51	17.074	15.777	0.088	0.9	7.391	11.261	61.591	0.425	224.13	95.151	21.637	100.234	2.59	18.655	17.074	干层	长4+5!1^(2_1)
耿181	2392.875	22.221	77.779	17.146	15.576	0.088	0.884	7.399	11.216	61.665	0.423	223.672	94.566	21.614	99.782	2.578	18.745	17.146	干层	长4+5!1^(2_1)
耿181	2393.000	21.496	78.504	17.054	15.217	0.095	0.888	7.547	11.227	61.784	0.425	223.78	93.995	21.59	98.224	2.562	18.752	17.054	干层	长4+5!1^(2_1)
耿181	2393.125	21.921	78.079	16.843	14.786	0.091	0.9	7.444	11.26	62.014	0.429	224.124	93.444	21.565	99.032	2.554	18.903	16.843	干层	长4+5!1^(2_1)
耿181	2393.250	24.008	75.992	16.616	14.432	0.077	0.909	7.09	11.285	62.321	0.433	224.378	92.912	21.536	103.237	2.548	19.075	16.616	干层	长4+5!1^(2_1)
耿181	2393.375	25.983	74.017	16.442	14.242	0.064	0.911	6.754	11.291	62.619	0.437	224.447	92.401	21.505	107.105	2.548	19.202	16.442	干层	长4+5!1^(2_1)
耿181	2393.500	25.852	74.148	16.363	14.236	0.063	0.91	6.713	11.289	62.782	0.439	224.419	91.911	21.478	106.876	2.553	19.432	16.363	干层	长4+5!1^(2_1)
耿181	2393.625	24.339	75.661	16.418	14.389	0.072	0.909	6.976	11.287	62.683	0.437	224.406	91.446	21.46	103.923	2.563	19.661	16.418	干层	长4+5!1^(2_1)
耿181	2393.750	24.171	75.829	16.583	14.639	0.071	0.905	6.959	11.275	62.431	0.434	224.273	91.002	21.454	103.613	2.57	19.687	16.583	干层	长4+5!1^(2_1)
耿181	2393.875	25.825	74.175	16.828	14.985	0.062	0.894	6.665	11.245	62.113	0.43	223.966	90.578	21.457	106.908	2.573	19.404	16.828	干层	长4+5!1^(2_1)
耿181	2394.000	27.336	72.664	17.111	15.428	0.052	0.879	6.306	11.2	61.802	0.425	223.508	90.171	21.464	109.881	2.575	18.911	17.112	干层	长4+5!1^(2_1)
耿181	2394.125	27.095	72.905	17.379	15.951	0.052	0.865	6.328	11.16	61.511	0.42	223.094	89.781	21.471	109.53	2.575	18.387	17.379	干层	长4+5!1^(2_1)
耿181	2394.250	25.999	74.001	17.595	16.46	0.057	0.859	6.506	11.141	61.224	0.416	222.891	89.401	21.478	107.512	2.575	17.991	17.595	干层	长4+5!1^(2_1)
耿181	2394.375	24.636	75.364	17.74	16.87	0.066	0.86	6.795	11.144	60.956	0.413	222.926	89.027	21.485	104.86	2.573	17.988	17.74	干层	长4+5!1^(2_1)
耿181	2394.500	22.562	77.438	17.809	17.121	0.081	0.867	7.23	11.165	60.744	0.411	223.138	88.654	21.496	100.623	2.567	18.336	17.809	干层	长4+5!1^(2_1)
耿181	2394.625	20.341	79.659	17.789	17.172	0.107	0.884	7.777	11.215	60.546	0.411	223.661	88.274	21.512	95.742	2.569	19.043	17.789	干层	长4+5!1^(2_1)
耿181	2394.750	18.898	81.102	17.694	17.083	0.132	0.919	8.209	11.313	60.267	0.412	224.664	87.843	21.531	92.282	2.576	19.713	17.694	干层	长4+5!1^(2_1)
耿181	2394.875	18.883	81.117	17.505	16.878	0.147	0.98	8.442	11.481	59.841	0.415	226.404	87.394	21.547	91.838	2.581	20.261	17.505	干层	长4+5!1^(2_1)
耿181	2395.000	20.229	79.771	17.267	16.647	0.146	1.056	8.43	11.677	59.397	0.42	228.421	86.963	21.559	94.383	2.585	20.595	17.266	干层	长4+5!1^(2_1)
耿181	2395.125	22.804	77.196	17.039	16.495	0.122	1.12	8.042	11.835	59.121	0.424	230.049	86.5	21.566	99.454	2.59	20.608	17.039	干层	长4+5!1^(2_1)
耿181	2395.250	26.233	73.767	16.855	16.468	0.094	1.166	7.479	11.942	58.992	0.428	231.153	86.011	21.571	105.966	2.593	20.621	16.854	干层	长4+5!1^(2_1)
耿181	2395.375	30.301	69.699	16.744	16.6	0.066	1.184	6.77	11.984	59.012	0.431	231.585	85.492	21.575	113.239	2.597	21.06	16.744	干层	长4+5!1^(2_1)
耿181	2395.500	35.245	64.755	16.727	16.884	0.042	1.171	5.905	11.956	59.159	0.433	231.296	84.944	21.577	121.529	2.601	21.833	16.727	干层	长4+5!1^(2_1)
耿181	2395.625	36.943	63.057	16.848	17.317	0.038	1.13	5.642	11.859	59.354	0.43	230.292	84.365	21.573	124.39	2.599	22.104	16.847	干层	长4+5!1^(2_1)
耿181	2395.750	32.75	67.25	17.163	17.957	0.05	1.075	6.147	11.724	59.376	0.423	228.909	83.765	21.561	117.97	2.596	21.637	17.163	干层	长4+5!1^(2_1)
耿181	2395.875	25.665	74.335	17.688	18.837	0.08	1.018	7.124	11.58	59.1	0.414	227.426	83.148	21.542	105.698	2.592	20.642	17.689	干层	长4+5!1^(2_1)
耿181	2396.000	20.117	79.883	18.387	19.993	0.125	0.955	8.104	11.413	58.681	0.401	225.7	82.519	21.52	94.786	2.584	19.897	18.388	干层	长4+5!1^(2_1)
耿181	2396.125	18.223	81.777	19.258	21.596	0.13	0.873	8.176	11.181	58.347	0.387	223.309	81.887	21.501	91.044	2.574	20.176	19.256	干层	长4+5!1^(2_1)
耿181	2396.250	17.964	82.036	20.176	23.46	0.115	0.778	7.93	10.89	58.287	0.374	220.315	81.263	21.49	91.144	2.572	21.053	20.177	干层	长4+5!1^(2_1)
耿181	2396.375	17.406	82.594	21.047	25.314	0.102	0.682	7.699	10.572	58.512	0.363	217.033	80.653	21.491	90.594	2.584	21.314	21.047	干层	长4+5!1^(2_1)
耿181	2396.500	15.373	84.627	21.807	26.823	0.106	0.602	7.764	10.276	58.871	0.353	213.986	80.066	21.503	86.325	2.596	20.045	21.808	干层	长4+5!1^(2_1)
耿181	2396.625	12.805	87.195	22.445	27.619	0.127	0.417	8.129	10.042	59.176	0.345	211.558	79.517	21.526	80.096	2.601	17.704	22.444	干层	长4+5!1^(2_1)
耿181	2396.750	11.522	88.478	23.035	27.775	0.138	0.01	8.307	9.91	59.066	0.339	210.203	79.009	21.55	76.824	2.596	15.909	23.035	干层	长4+5!1^(2_1)
耿181	2396.875	11.745	88.255	23.625	27.481	0.136	0.01	8.288	9.917	58.29	0.332	210.272	78.548	21.571	77.44	2.58	15.309	23.626	干层	长4+5!1^(2_1)
耿181	2397.000	12.903	87.097	24.223	27.015	0.128	0.548	8.155	10.061	56.867	0.326	211.757	78.14	21.585	80.333	2.557	15.901	24.224	干层	长4+5!1^(2_1)
耿181	2397.125	13.736	86.264	24.761	26.683	0.131	0.597	8.203	10.258	55.334	0.321	213.798	77.797	21.592	82.106	2.538	17.119	24.761	干层	长4+5!1^(2_1)
耿181	2397.250	13.726	86.274	25.143	26.623	0.142	0.628	8.36	10.378	54.376	0.318	215.027	77.513	21.594	81.792	2.523	18.095	25.143	干层	长4+5!1^(2_1)
耿181	2397.375	12.754	87.246	25.279	26.803	0.156	0.622	8.561	10.352	54.341	0.316	214.766	77.29	21.592	79.215	2.519	18.45	25.279	干层	长4+5!1^(2_1)
耿181	2397.500	11.721	88.279	25.119	27.024	0.164	0.579	8.664	10.185	55.27	0.317	213.04	77.125	21.585	76.731	2.523	18.359	25.119	干层	长4+5!1^(2_1)
耿181	2397.625	11.293	88.707	24.645	26.873	0.152	0.403	8.504	9.962	56.852	0.322	210.743	77.026	21.575	76.036	2.531	18.187	24.645	干层	长4+5!1^(2_1)
耿181	2397.750	11.012	88.988	24.005	26.138	0.147	0.01	8.441	9.81	58.362	0.328	209.172	76.979	21.568	75.591	2.545	17.751	24.004	干层	长4+5!1^(2_1)
耿181	2397.875	10.284	89.716	23.324	24.84	0.16	0.01	8.606	9.785	59.329	0.335	208.921	76.98	21.567	73.492	2.558	16.935	23.324	干层	长4+5!1^(2_1)
耿181	2398.000	9.434	90.566	22.717	23.246	0.193	0.01	8.996	9.902	59.515	0.341	210.124	77.023	21.575	70.617	2.56	16.223	22.716	干层	长4+5!1^(2_1)
耿181	2398.125	9.526	90.474	22.265	21.782	0.221	0.572	9.266	10.158	58.837	0.346	212.771	77.109	21.588	70.277	2.555	16.708	22.266	干层	长4+5!1^(2_1)
耿181	2398.250	10.769	89.231	21.942	20.71	0.223	0.657	9.286	10.479	57.737	0.35	216.069	77.225	21.603	73.214	2.543	18.202	21.942	干层	长4+5!1^(2_1)
耿181	2398.375	13.108	86.892	21.717	20.075	0.201	0.75	9.069	10.803	56.56	0.353	219.414	77.365	21.616	79.045	2.529	19.719	21.717	干层	长4+5!1^(2_1)
耿181	2398.500	15.756	84.244	21.576	19.832	0.168	0.833	8.711	11.065	55.605	0.355	222.114	77.526	21.623	85.366	2.527	20.577	21.576	干层	长4+5!1^(2_1)
耿181	2398.625	17.409	82.591	21.567	20.031	0.146	0.864	8.417	11.157	55.228	0.356	223.064	77.705	21.618	89.181	2.539	20.738	21.567	干层	长4+5!1^(2_1)
耿181	2398.750	18.018	81.982	21.72	20.653	0.105	0.833	6.567	11.065	55.421	0.284	222.115	77.896	21.6	90.841	2.551	20.757	21.721	干层	长4+5!1^(2_1)
耿181	2398.875	19.094	80.906	22.057	21.704	0.019	0.76	1.218	10.836	55.976	0.053	219.755	78.095	21.571	93.867	2.568	20.77	22.057	干层	长4+5!1^(2_1)
耿181	2399.000	20.832	79.168	22.561	23.077	0.0	0.67	0.0	10.531	56.696	0.0	216.61	78.302	21.542	98.482	2.59	20.654	22.562	干层	长4+5!1^(2_2)
耿181	2399.125	20.26	79.74	23.188	24.527	0.0	0.451	0.0	10.187	57.524	0.0	213.051	78.516	21.527	98.037	2.606	19.773	23.187		长4+5!1^(2_2)
耿181	2399.250	16.549	83.451	23.828	25.734	0.0	0.01	0.0	9.839	58.434	0.0	209.473	78.735	21.536	90.186	2.618	18.049	23.828		长4+5!1^(2_2)
耿181	2399.375	12.031	87.969	24.4	26.481	0.0	0.01	0.0	9.543	59.247	0.0	206.426	78.957	21.571	79.079	2.634	16.092	24.4		长4+5!1^(2_2)
耿181	2399.500	9.139	90.861	24.824	26.647	0.0	0.01	0.0	9.331	59.864	0.0	204.233	79.184	21.625	71.086	2.646	14.65	24.824		长4+5!1^(2_2)
耿181	2399.625	8.652	91.348	24.991	26.146	0.0	0.01	0.0	9.265	60.021	0.0	203.553	79.414	21.682	69.697	2.649	13.959	24.991		长4+5!1^(2_2)
耿181	2399.750	9.838	90.162	24.899	25.21	0.0	0.01	0.0	9.358	59.629	0.0	204.51	79.647	21.725	73.139	2.641	13.84	24.899		长4+5!1^(2_2)
耿181	2399.875	11.615	88.385	24.552	24.032	0.0	0.01	0.0	9.593	58.808	0.0	206.931	79.883	21.748	77.833	2.629	14.538	24.551		长4+5!1^(2_2)
耿181	2400.000	12.606	87.394	23.984	22.818	0.0	0.01	0.0	9.907	57.897	0.0	210.174	80.122	21.754	79.888	2.61	16.174	23.983		长4+5!1^(2_2)
耿181	2400.125	12.462	87.538	23.236	21.758	0.0	0.595	0.0	10.246	57.178	0.0	213.678	80.365	21.756	78.667	2.592	18.153	23.237		长4+5!1^(2_2)
耿181	2400.250	12.511	87.489	22.412	20.895	0.0	0.678	0.0	10.558	56.77	0.0	216.881	80.611	21.768	78.043	2.573	19.519	22.412		长4+5!1^(2_2)
耿181	2400.375	13.667	86.333	21.587	20.2	0.0	0.755	0.0	10.818	56.664	0.0	219.567	80.863	21.791	80.547	2.558	20.041	21.587		长4+5!1^(2_2)
耿181	2400.500	15.849	84.151	20.832	19.628	0.0	0.812	0.0	10.999	56.878	0.0	221.43	81.123	21.819	85.758	2.549	20.077	20.831		长4+5!1^(2_2)
耿181	2400.625	18.089	81.911	20.223	19.155	0.015	0.834	1.15	11.067	57.425	0.057	222.137	81.395	21.843	90.991	2.552	20.018	20.224		长4+5!1^(2_2)
耿181	2400.750	19.965	80.035	19.77	18.764	0.076	0.834	6.046	11.066	58.085	0.305	222.127	81.682	21.856	95.259	2.561	20.035	19.77	干层	长4+5!1^(2_2)
耿181	2400.875	22.16	77.84	19.464	18.461	0.079	0.831	7.166	11.058	58.579	0.385	222.035	81.985	21.858	100.008	2.576	20.282	19.464	干层	长4+5!1^(2_2)
耿181	2401.000	25.178	74.822	19.278	18.245	0.059	0.843	6.59	11.093	58.699	0.388	222.404	82.31	21.852	106.039	2.594	20.64	19.278	干层	长4+5!1^(2_2)
耿181	2401.125	27.39	72.61	19.179	18.103	0.055	0.892	6.433	11.236	58.221	0.39	223.879	82.663	21.839	109.894	2.604	20.771	19.179	干层	长4+5!1^(2_2)
耿181	2401.250	26.967	73.033	19.112	18.0	0.067	0.966	6.798	11.441	57.441	0.391	225.987	83.042	21.825	108.61	2.596	20.868	19.112	干层	长4+5!1^(2_2)
耿181	2401.375	24.08	75.92	19.051	17.926	0.101	1.047	7.599	11.654	56.644	0.391	228.182	83.449	21.813	102.501	2.569	21.114	19.051	干层	长4+5!1^(2_2)
耿181	2401.500	20.12	79.88	18.976	17.881	0.166	1.126	8.682	11.849	55.964	0.391	230.195	83.883	21.806	93.74	2.53	21.349	18.975	干层	长4+5!1^(2_2)
耿181	2401.625	16.651	83.349	18.87	17.848	0.293	1.227	9.779	12.082	55.209	0.391	232.596	84.346	21.802	85.094	2.487	20.974	18.87	干层	长4+5!1^(2_2)
耿181	2401.750	14.641	85.359	18.736	17.8	0.417	1.326	10.533	12.297	54.587	0.393	234.809	84.828	21.798	79.544	2.453	20.253	18.736	干层	长4+5!1^(2_2)
耿181	2401.875	14.271	85.729	18.573	17.728	0.479	1.391	10.841	12.433	54.32	0.395	236.211	85.325	21.794	78.256	2.431	20.009	18.572	干层	长4+5!1^(2_2)
耿181	2402.000	15.393	84.607	18.383	17.645	0.443	1.414	10.681	12.479	54.427	0.398	236.693	85.83	21.791	81.026	2.423	20.467	18.383	干层	长4+5!1^(2_2)
耿181	2402.125	17.317	82.683	18.169	17.57	0.335	1.381	10.084	12.412	54.997	0.402	235.995	86.334	21.792	85.908	2.431	21.272	18.17	干层	长4+5!1^(2_2)
耿181	2402.250	19.499	80.501	17.946	17.491	0.237	1.319	9.349	12.282	55.834	0.407	234.655	86.826	21.799	91.254	2.45	21.789	17.946	干层	长4+5!1^(2_2)
耿181	2402.375	22.998	77.002	17.723	17.374	0.149	1.249	8.366	12.131	56.771	0.412	233.105	87.299	21.813	99.104	2.477	22.359	17.723	干层	长4+5!1^(2_2)
耿181	2402.500	28.775	71.225	17.508	17.189	0.074	1.174	7.045	11.963	57.795	0.417	231.369	87.745	21.832	110.647	2.507	23.227	17.508	干层	长4+5!1^(2_2)
耿181	2402.625	33.821	66.179	17.306	16.941	0.047	1.108	6.071	11.804	58.791	0.422	229.731	88.151	21.859	119.622	2.54	23.945	17.306	干层	长4+5!1^(2_2)
耿181	2402.750	34.249	65.751	17.105	16.702	0.041	1.057	5.845	11.679	59.668	0.426	228.447	88.515	21.892	120.62	2.571	24.038	17.105	干层	长4+5!1^(2_2)
耿181	2402.875	31.324	68.676	16.887	16.519	0.05	1.047	6.209	11.654	60.16	0.429	228.189	88.832	21.931	115.841	2.588	23.691	16.887	干层	长4+5!1^(2_2)
耿181	2403.000	27.877	72.123	16.636	16.392	0.069	1.071	6.884	11.715	60.346	0.433	228.816	89.102	21.972	109.638	2.591	23.318	16.635	干层	长4+5!1^(2_2)
耿181	2403.125	24.394	75.606	16.344	16.266	0.107	1.124	7.743	11.844	60.324	0.438	230.145	89.314	22.004	102.654	2.586	22.97	16.345	干层	长4+5!1^(2_2)
耿181	2403.250	21.421	78.579	16.047	16.079	0.153	1.186	8.487	11.989	60.259	0.443	231.638	89.478	22.02	96.203	2.575	22.329	16.047	干层	长4+5!1^(2_2)
耿181	2403.375	20.371	79.629	15.786	15.824	0.184	1.235	8.89	12.1	60.284	0.448	232.779	89.595	22.014	93.678	2.562	21.289	15.786	干层	长4+5!1^(2_2)
耿181	2403.500	21.024	78.976	15.609	15.548	0.184	1.263	8.891	12.161	60.365	0.452	233.413	89.67	21.985	94.946	2.551	20.455	15.609	干层	长4+5!1^(2_2)
耿181	2403.625	22.142	77.858	15.567	15.344	0.157	1.24	8.563	12.112	60.656	0.453	232.903	89.7	21.942	97.441	2.543	20.553	15.567	干层	长4+5!1^(2_2)
耿181	2403.750	23.337	76.663	15.642	15.269	0.128	1.186	8.142	11.99	61.031	0.452	231.646	89.696	21.903	100.197	2.537	21.179	15.642	干层	长4+5!1^(2_2)
耿181	2403.875	24.778	75.222	15.814	15.358	0.102	1.118	7.673	11.83	61.388	0.449	230.001	89.663	21.877	103.466	2.539	21.671	15.814	干层	长4+5!1^(2_2)
耿181	2404.000	25.036	74.964	16.053	15.635	0.084	1.029	7.301	11.608	61.908	0.445	227.717	89.605	21.863	104.524	2.548	21.62	16.054	干层	长4+5!1^(2_2)
耿181	2404.125	23.008	76.992	16.334	16.144	0.086	0.924	7.357	11.327	62.665	0.439	224.806	89.522	21.857	101.125	2.564	20.892	16.333	干层	长4+5!1^(2_2)
耿181	2404.250	20.74	79.26	16.624	16.784	0.09	0.818	7.427	11.015	63.597	0.433	221.599	89.422	21.851	97.099	2.581	19.906	16.624	干层	长4+5!1^(2_2)
耿181	2404.375	19.033	80.967	16.918	17.406	0.094	0.733	7.521	10.748	64.358	0.427	218.845	89.307	21.85	93.955	2.595	19.045	16.918	干层	长4+5!1^(2_2)
耿181	2404.500	16.817	83.183	17.225	17.835	0.108	0.687	7.809	10.591	64.573	0.421	217.231	89.177	21.864	89.14	2.604	18.345	17.225	干层	长4+5!1^(2_2)
耿181	2404.625	14.214	85.786	17.563	17.945	0.145	0.676	8.395	10.551	64.159	0.414	216.815	89.031	21.894	82.649	2.608	17.401	17.562	干层	长4+5!1^(2_2)
耿181	2404.750	13.082	86.918	17.913	17.892	0.165	0.678	8.661	10.56	63.483	0.408	216.904	88.872	21.925	79.613	2.606	16.461	17.913	干层	长4+5!1^(2_2)
耿181	2404.875	13.815	86.185	18.222	17.844	0.155	0.68	8.528	10.564	62.92	0.403	216.948	88.697	21.946	81.563	2.601	16.387	18.223	干层	长4+5!1^(2_2)
耿181	2405.000	15.656	84.344	18.405	17.864	0.125	0.686	8.104	10.588	62.489	0.401	217.191	88.505	21.954	86.271	2.592	17.428	18.404	干层	长4+5!1^(2_2)
耿181	2405.125	17.64	82.36	18.35	17.799	0.11	0.723	7.833	10.714	61.961	0.402	218.495	88.289	21.963	90.796	2.583	18.833	18.35	干层	长4+5!1^(2_2)
耿181	2405.250	18.567	81.433	18.108	17.474	0.118	0.798	7.972	10.953	61.224	0.406	220.96	88.053	21.985	92.399	2.572	19.333	18.108	干层	长4+5!1^(2_2)
耿181	2405.375	17.623	82.377	17.781	16.909	0.159	0.905	8.547	11.273	60.301	0.411	224.259	87.792	22.018	89.412	2.564	18.483	17.781	干层	长4+5!1^(2_2)
耿181	2405.500	15.742	84.258	17.492	16.352	0.235	1.016	9.391	11.576	59.448	0.415	227.379	87.505	22.041	84.1	2.562	16.923	17.492	干层	长4+5!1^(2_2)
耿181	2405.625	15.255	84.745	17.316	16.183	0.27	1.082	9.669	11.743	59.033	0.418	229.099	87.185	22.023	82.464	2.568	16.32	17.316	干层	长4+5!1^(2_2)
耿181	2405.750	16.063	83.937	17.173	16.38	0.261	1.108	9.601	11.806	59.009	0.421	229.756	86.837	21.969	84.332	2.577	17.453	17.172	干层	长4+5!1^(2_2)
耿181	2405.875	16.708	83.292	16.949	16.649	0.243	1.101	9.459	11.788	59.474	0.425	229.57	86.458	21.897	85.965	2.59	19.146	16.949	干层	长4+5!1^(2_2)
耿181	2406.000	16.334	83.666	16.577	16.622	0.243	1.083	9.463	11.745	60.323	0.432	229.129	86.051	21.834	85.161	2.603	19.501	16.576	干层	长4+5!1^(2_2)
耿181	2406.125	14.948	85.052	16.078	16.071	0.277	1.056	9.726	11.677	61.555	0.441	228.423	85.61	21.799	81.832	2.606	17.759	16.079	干层	长4+5!1^(2_2)
耿181	2406.250	13.987	86.013	15.604	15.265	0.296	1.041	9.864	11.638	62.661	0.451	228.021	85.144	21.786	79.427	2.601	16.028	15.604	干层	长4+5!1^(2_2)
耿181	2406.375	14.98	85.02	15.268	14.5	0.273	1.063	9.687	11.695	63.086	0.458	228.605	84.654	21.782	81.857	2.596	16.011	15.268	干层	长4+5!1^(2_2)
耿181	2406.500	18.431	81.569	15.124	13.989	0.206	1.141	9.128	11.885	62.527	0.463	230.563	84.144	21.781	89.814	2.592	17.919	15.124	干层	长4+5!1^(2_2)
耿181	2406.625	22.337	77.663	15.184	13.829	0.164	1.264	8.645	12.164	61.197	0.462	233.446	83.615	21.78	97.7	2.592	20.393	15.184	干层	长4+5!1^(2_2)
耿181	2406.750	24.671	75.329	15.37	13.955	0.139	1.341	8.313	12.329	60.135	0.458	235.146	83.075	21.782	102.045	2.597	22.151	15.37	干层	长4+5!1^(2_2)
耿181	2406.875	26.101	73.899	15.65	14.399	0.114	1.31	7.906	12.263	59.864	0.452	234.464	82.529	21.785	104.979	2.605	23.261	15.651	干层	长4+5!1^(2_2)
耿181	2407.000	27.749	72.251	16.014	15.192	0.082	1.177	7.245	11.968	60.408	0.445	231.427	81.981	21.791	108.781	2.611	23.934	16.014	干层	长4+5!1^(2_2)
耿181	2407.125	28.54	71.46	16.47	16.31	0.06	0.999	6.586	11.528	61.491	0.437	226.874	81.436	21.797	111.288	2.618	23.778	16.469	干层	长4+5!1^(2_2)
耿181	2407.250	26.754	73.246	16.996	17.492	0.055	0.844	6.413	11.094	62.521	0.427	222.416	80.903	21.801	109.03	2.619	22.941	16.996	干层	长4+5!1^(2_2)
耿181	2407.375	22.37	77.63	17.576	18.528	0.067	0.731	6.792	10.738	63.195	0.416	218.739	80.385	21.803	101.189	2.611	21.588	17.577	干层	长4+5!1^(2_2)
耿181	2407.500	16.891	83.109	18.188	19.275	0.101	0.662	7.669	10.5	63.3	0.405	216.292	79.889	21.8	89.545	2.596	19.847	18.189	干层	长4+5!1^(2_2)
耿181	2407.625	12.883	87.117	18.786	19.656	0.129	0.642	7.211	10.429	62.646	0.337	215.561	79.425	21.795	79.358	2.574	18.149	18.785	干层	长4+5!1^(2_2)
耿181	2407.750	11.332	88.668	19.3	19.777	0.033	0.67	1.731	10.531	61.306	0.079	216.602	78.998	21.791	74.771	2.547	16.987	19.3	干层	长4+5!1^(2_2)
耿181	2407.875	11.983	88.017	19.659	19.686	0.034	0.743	1.401	10.779	59.563	0.057	219.16	78.612	21.79	76.02	2.524	16.363	19.659	干层	长4+5!1^(2_2)
耿181	2408.000	13.691	86.309	19.806	19.406	0.228	0.85	9.332	11.116	57.814	0.378	222.629	78.273	21.793	79.907	2.506	16.16	19.806	差油层	长4+5!1^(2_2)
耿181	2408.125	14.82	85.18	19.694	18.951	0.249	0.973	9.507	11.459	56.509	0.379	226.183	77.999	21.799	82.039	2.489	16.803	19.695	差油层	长4+5!1^(2_3)
耿181	2408.250	15.107	84.893	19.41	18.424	0.287	1.091	9.792	11.763	55.681	0.383	229.306	77.786	21.804	82.039	2.475	18.319	19.409	差油层	长4+5!1^(2_3)
耿181	2408.375	15.39	84.61	19.033	17.917	0.324	1.196	10.044	12.011	55.246	0.389	231.863	77.641	21.805	82.157	2.464	20.166	19.033	差油层	长4+5!1^(2_3)
耿181	2408.500	15.736	84.264	18.653	17.516	0.351	1.276	10.207	12.19	55.112	0.394	233.709	77.569	21.802	82.596	2.456	21.785	18.653	差油层	长4+5!1^(2_3)
耿181	2408.625	16.149	83.851	18.36	17.302	0.349	1.323	10.196	12.291	55.163	0.399	234.752	77.589	21.797	83.377	2.452	22.598	18.36	差油层	长4+5!1^(2_3)
耿181	2408.750	17.208	82.792	18.181	17.261	0.307	1.336	9.919	12.318	55.33	0.402	235.034	77.69	21.793	85.87	2.45	22.582	18.181	差油层	长4+5!1^(2_3)
耿181	2408.875	19.612	80.388	18.117	17.378	0.229	1.309	9.285	12.261	55.649	0.404	234.438	77.878	21.792	91.559	2.451	22.279	18.117	差油层	长4+5!1^(2_3)
耿181	2409.000	23.804	76.196	18.153	17.622	0.135	1.254	8.266	12.143	56.048	0.405	233.224	78.153	21.795	100.769	2.455	22.554	18.153	差油层	长4+5!1^(2_3)
耿181	2409.125	30.604	69.396	18.295	17.963	0.071	1.199	6.806	12.02	56.312	0.404	231.957	78.533	21.801	113.587	2.466	23.624	18.295	差油层	长4+5!1^(2_3)
耿181	2409.250	38.504	61.496	18.537	18.357	0.038	1.16	5.516	11.93	56.3	0.401	231.027	79.002	21.805	126.445	2.479	24.326	18.537	差油层	长4+5!1^(2_3)
耿181	2409.375	42.399	57.601	18.889	18.817	0.025	1.131	4.851	11.86	56.051	0.396	230.305	79.557	21.806	132.304	2.49	24.179	18.889	差油层	长4+5!1^(2_3)
耿181	2409.500	38.584	61.416	19.335	19.385	0.029	1.094	5.13	11.772	55.745	0.389	229.406	80.198	21.806	127.085	2.494	23.878	19.336	差油层	长4+5!1^(2_3)
耿181	2409.625	30.189	69.811	19.821	20.122	0.057	1.049	6.383	11.658	55.514	0.381	228.228	80.936	21.806	113.763	2.494	24.125	19.821	差油层	长4+5!1^(2_3)
耿181	2409.750	23.424	76.576	20.239	20.936	0.1	1.013	7.543	11.567	55.304	0.374	227.285	81.747	21.812	101.315	2.491	24.277	20.239	差油层	长4+5!1^(2_3)
耿181	2409.875	19.036	80.964	20.5	21.657	0.161	1.009	8.554	11.558	54.988	0.37	227.19	82.628	21.827	91.969	2.485	23.672	20.5	差油层	长4+5!1^(2_3)
耿181	2410.000	15.964	84.036	20.547	22.053	0.25	1.071	9.517	11.715	54.299	0.368	228.811	83.572	21.846	84.324	2.48	22.356	20.547	差油层	长4+5!1^(2_3)
耿181	2410.125	14.23	85.77	20.368	21.85	0.421	1.247	10.513	12.123	52.993	0.369	233.027	84.58	21.855	78.895	2.475	21.121	20.369	差油层	长4+5!1^(2_3)
耿181	2410.250	13.525	86.475	20.084	21.167	0.473	1.529	8.987	12.694	51.338	0.297	238.907	85.629	21.847	75.644	2.466	20.611	20.084	差油层	长4+5!1^(2_3)
耿181	2410.375	13.651	86.349	19.78	20.235	0.098	1.894	1.717	13.329	49.64	0.056	245.454	86.713	21.821	74.444	2.449	20.974	19.78	差油层	长4+5!1^(2_3)
耿181	2410.500	15.082	84.918	19.506	19.352	0.0	2.293	0.0	13.927	48.161	0.0	251.615	87.822	21.787	76.72	2.424	22.13	19.506	差油层	长4+5!1^(2_3)
耿181	2410.625	31.843	68.157	19.256	18.758	0.0	0.01	0.0	0.1	99.9	0.0	255.532	88.947	21.76	88.095	2.404	24.09	19.256		长4+5!1^(2_3)
耿181	2410.750	51.114	48.886	18.987	18.407	0.0	0.01	0.0	0.1	99.9	0.0	256.239	90.073	21.746	106.576	2.406	25.848	18.987		长4+5!1^(2_3)
耿181	2410.875	73.609	26.391	18.686	18.193	0.0	0.01	0.0	0.1	99.9	0.0	253.831	91.19	21.744	123.876	2.431	26.418	18.686		长4+5!1^(2_3)
耿181	2411.000	84.612	15.388	18.383	18.043	0.0	0.01	0.0	0.1	99.9	0.0	248.921	92.29	21.747	131.16	2.47	25.747	18.383		长4+5!1^(2_3)
耿181	2411.125	77.379	22.621	18.173	17.997	0.0	0.01	0.0	0.1	99.9	0.0	242.355	93.358	21.751	126.542	2.521	24.384	18.173		长4+5!1^(2_3)
耿181	2411.250	65.485	34.515	18.118	18.113	0.0	0.01	0.0	0.1	99.9	0.0	236.165	94.387	21.754	118.324	2.568	23.035	18.118		长4+5!1^(2_3)
耿181	2411.375	56.0	44.0	18.238	18.405	0.0	0.01	0.0	0.1	99.9	0.0	231.517	95.37	21.754	111.087	2.597	22.06	18.238		长4+5!1^(2_3)
耿181	2411.500	50.458	49.542	18.496	18.812	0.0	0.01	0.0	0.1	99.9	0.0	228.824	96.299	21.752	106.497	2.607	21.737	18.496		长4+5!1^(2_3)
耿181	2411.625	46.673	53.327	18.789	19.217	0.0	0.01	0.0	0.1	99.9	0.0	228.241	97.157	21.746	103.151	2.608	21.504	18.788		长4+5!1^(2_3)
耿181	2411.750	42.895	57.105	18.976	19.496	0.0	0.01	0.0	0.1	99.9	0.0	229.436	97.945	21.74	99.658	2.605	20.585	18.976		长4+5!1^(2_3)
耿181	2411.875	39.594	60.406	18.961	19.549	0.0	0.01	0.0	0.1	99.9	0.0	232.953	98.657	21.736	96.472	2.6	19.34	18.961		长4+5!1^(2_3)
耿181	2412.000	39.79	60.21	18.691	19.286	0.0	0.01	0.0	0.1	99.9	0.0	239.412	99.289	21.734	96.659	2.594	18.666	18.69		长4+5!1^(2_3)
耿181	2412.125	47.434	52.566	18.144	18.584	0.0	0.01	0.0	0.1	99.9	0.0	248.963	99.821	21.735	103.742	2.583	19.466	18.144		长4+5!1^(2_3)
耿181	2412.250	60.334	39.666	17.449	17.546	0.0	0.01	0.0	0.1	99.9	0.0	259.707	100.264	21.739	114.376	2.566	21.321	17.449		长4+5!1^(2_3)
耿181	2412.375	73.106	26.894	16.719	16.31	0.0	0.01	0.0	0.1	99.9	0.0	270.067	100.616	21.745	123.684	2.548	23.736	16.719		长4+5!1^(2_3)
耿181	2412.500	79.439	20.561	16.066	15.092	0.0	0.01	0.0	0.1	99.9	0.0	279.211	100.876	21.753	127.917	2.529	26.676	16.066		长4+5!1^(2_3)
耿181	2412.625	81.054	18.946	15.591	14.172	0.0	0.01	0.0	0.1	99.9	0.0	287.24	101.032	21.763	128.942	2.52	29.59	15.591		长4+5!1^(2_3)
耿181	2412.750	83.255	16.745	15.287	13.652	0.0	0.01	0.0	0.1	99.9	0.0	294.607	101.101	21.774	130.315	2.515	30.989	15.287		长4+5!1^(2_3)
耿181	2412.875	88.903	11.097	15.139	13.536	0.0	0.01	0.0	0.1	99.9	0.0	300.263	101.088	21.791	133.707	2.505	32.202	15.139		长4+5!1^(2_3)
耿181	2413.000	96.895	3.105	15.134	13.773	0.0	0.01	0.0	0.1	99.9	0.0	302.374	101.003	21.823	138.294	2.487	31.717	15.134		长4+5!1^(2_3)
耿181	2413.125	99.9	0.1	15.305	14.346	0.0	0.01	0.0	0.1	99.9	0.0	299.39	100.843	21.871	142.072	2.455	30.795	15.304		长4+5!1^(2_3)
耿181	2413.250	99.9	0.1	15.643	15.156	0.0	0.01	0.0	0.1	99.9	0.0	292.422	100.635	21.921	145.324	2.417	32.157	15.644		长4+5!1^(2_3)
耿181	2413.375	99.9	0.1	16.153	16.145	0.0	0.01	0.0	0.1	99.9	0.0	282.03	100.39	21.955	146.364	2.397	35.569	16.153		长4+5!1^(2_3)
耿181	2413.500	99.9	0.1	16.804	17.198	0.0	0.01	0.0	0.1	99.9	0.0	268.943	100.124	21.963	142.057	2.404	37.992	16.805		长4+5!2^(1_1)
耿181	2413.625	82.557	17.443	17.538	18.135	0.0	0.01	0.0	0.1	99.9	0.0	254.439	99.853	21.943	129.68	2.434	37.809	17.538		长4+5!2^(1_1)
耿181	2413.750	57.307	42.693	18.24	18.822	0.0	0.01	0.0	0.1	99.9	0.0	240.97	99.597	21.909	111.745	2.476	35.96	18.24		长4+5!2^(1_1)
耿181	2413.875	35.49	64.51	18.812	19.183	0.045	0.01	1.486	0.1	99.9	0.058	230.73	99.371	21.875	91.998	2.515	31.159	18.812		长4+5!2^(1_1)
耿181	2414.000	12.948	87.052	19.165	19.182	0.301	0.944	9.897	11.385	57.598	0.387	225.409	99.19	21.851	77.26	2.532	24.166	19.165	干层	长4+5!2^(1_1)
耿181	2414.125	11.034	88.966	19.192	18.764	0.384	0.929	10.383	11.342	57.741	0.387	224.968	99.078	21.846	71.943	2.525	19.703	19.192	干层	长4+5!2^(1_1)
耿181	2414.250	10.588	89.412	18.954	18.05	0.467	0.992	10.777	11.511	57.384	0.39	226.712	99.039	21.856	70.22	2.514	18.181	18.953	干层	长4+5!2^(1_1)
耿181	2414.375	10.298	89.702	18.533	17.158	0.563	1.09	11.162	11.762	56.987	0.395	229.294	99.081	21.876	68.75	2.5	18.246	18.533	干层	长4+5!2^(1_1)
耿181	2414.500	10.531	89.469	18.038	16.245	0.643	1.194	11.441	12.007	56.764	0.403	231.822	99.207	21.897	68.844	2.483	18.317	18.037	干层	长4+5!2^(1_1)
耿181	2414.625	11.394	88.606	17.548	15.496	0.642	1.282	11.438	12.203	56.767	0.412	233.85	99.436	21.912	70.895	2.466	18.102	17.549	干层	长4+5!2^(1_1)
耿181	2414.750	12.075	87.925	17.079	14.969	0.647	1.35	11.454	12.348	56.975	0.42	235.337	99.748	21.92	72.49	2.453	18.348	17.079	干层	长4+5!2^(1_1)
耿181	2414.875	11.997	88.003	16.603	14.64	0.684	1.386	11.564	12.421	57.498	0.429	236.091	100.139	21.923	72.099	2.441	19.254	16.603	干层	长4+5!2^(1_1)
耿181	2415.000	11.11	88.89	16.092	14.422	0.76	1.374	11.782	12.398	58.494	0.439	235.858	100.598	21.925	69.61	2.438	20.244	16.091	干层	长4+5!2^(1_1)
耿181	2415.125	10.308	89.692	15.523	14.143	0.805	1.333	11.9	12.313	59.904	0.451	234.977	101.121	21.934	67.441	2.444	20.826	15.524	干层	长4+5!2^(1_1)
耿181	2415.250	10.637	89.363	14.94	13.645	0.811	1.381	11.913	12.41	60.664	0.464	235.975	101.681	21.956	68.171	2.455	20.806	14.94	干层	长4+5!2^(1_1)
耿181	2415.375	12.97	87.03	14.398	12.901	0.664	1.602	10.063	12.832	60.078	0.403	240.331	102.261	21.994	73.741	2.479	20.174	14.398	干层	长4+5!2^(1_1)
耿181	2415.500	17.357	82.643	13.947	12.086	0.0	2.049	0.0	13.576	58.199	0.0	247.983	102.844	22.042	83.187	2.514	19.303	13.946	干层	长4+5!2^(1_1)
耿181	2415.625	28.148	71.852	13.606	11.618	0.0	1.911	0.0	10.728	67.252	0.0	256.458	103.406	22.09	94.865	2.543	19.238	13.607		长4+5!2^(1_1)
耿181	2415.750	53.386	46.614	13.298	11.656	0.0	0.01	0.0	0.1	99.9	0.0	262.6	103.93	22.135	108.697	2.549	20.5	13.298		长4+5!2^(1_1)
耿181	2415.875	73.532	26.468	12.934	12.017	0.0	0.01	0.0	0.1	99.9	0.0	266.177	104.4	22.19	123.829	2.534	22.199	12.934		长4+5!2^(1_1)
耿181	2416.000	92.63	7.37	12.453	12.277	0.0	0.01	0.0	0.1	99.9	0.0	267.414	104.802	22.268	135.894	2.517	24.134	12.452		长4+5!2^(1_1)
耿181	2416.125	92.948	7.052	11.869	11.98	0.0	0.01	0.0	0.1	99.9	0.0	266.033	105.112	22.363	136.024	2.496	26.873	11.869		长4+5!2^(1_1)
耿181	2416.250	73.917	26.083	11.314	11.263	0.0	0.01	0.0	0.1	99.9	0.0	262.332	105.335	22.437	124.015	2.476	27.938	11.314		长4+5!2^(1_1)
耿181	2416.375	51.527	48.473	10.901	10.483	0.0	0.01	0.0	0.1	99.9	0.0	257.184	105.466	22.452	107.186	2.465	25.714	10.901		长4+5!2^(1_1)
耿181	2416.500	38.805	61.195	10.688	9.994	0.0	0.01	0.0	0.1	99.9	0.0	253.125	105.506	22.397	95.69	2.469	21.353	10.688		长4+5!2^(1_1)
耿181	2416.625	40.38	59.62	10.689	9.962	0.0	0.01	0.0	0.1	99.9	0.0	252.052	105.446	22.288	97.185	2.48	19.556	10.688		长4+5!2^(1_1)
耿181	2416.750	50.789	49.211	10.8	10.165	0.0	0.01	0.0	0.1	99.9	0.0	252.968	105.309	22.18	106.614	2.501	21.352	10.8		长4+5!2^(1_1)
耿181	2416.875	63.838	36.162	10.964	10.457	0.0	0.01	0.0	0.1	99.9	0.0	253.631	105.104	22.098	117.085	2.535	25.108	10.964		长4+5!2^(1_1)
耿181	2417.000	72.785	27.215	11.161	10.798	0.0	0.01	0.0	0.1	99.9	0.0	252.451	104.846	22.044	123.53	2.573	28.742	11.162		长4+5!2^(1_1)
耿181	2417.125	74.294	25.706	11.433	11.248	0.0	0.01	0.0	0.1	99.9	0.0	249.68	104.545	22.001	124.55	2.607	29.632	11.432		长4+5!2^(1_1)
耿181	2417.250	73.346	26.654	11.813	11.833	0.0	0.01	0.0	0.1	99.9	0.0	246.165	104.225	21.953	123.912	2.619	28.278	11.813		长4+5!2^(1_1)
耿181	2417.375	73.467	26.533	12.323	12.565	0.0	0.01	0.0	0.1	99.9	0.0	242.009	103.901	21.901	123.993	2.615	26.852	12.323		长4+5!2^(1_1)
耿181	2417.500	75.211	24.789	12.955	13.433	0.0	0.01	0.0	0.1	99.9	0.0	237.183	103.589	21.853	125.164	2.608	26.775	12.957		长4+5!2^(1_1)
耿181	2417.625	72.342	27.658	13.684	14.434	0.0	0.01	0.0	0.1	99.9	0.0	232.01	103.306	21.821	123.196	2.609	27.421	13.683		长4+5!2^(1_1)
耿181	2417.750	58.172	41.828	14.417	15.491	0.0	0.01	0.0	0.1	99.9	0.0	226.996	103.061	21.805	112.593	2.608	27.292	14.418		长4+5!2^(1_1)
耿181	2417.875	37.204	62.796	15.079	16.514	0.0	0.01	0.0	0.1	99.9	0.0	222.341	102.861	21.801	93.725	2.605	26.413	15.079		长4+5!2^(1_1)
耿181	2418.000	20.654	79.346	15.589	17.372	0.0	0.01	0.0	0.1	99.9	0.0	218.564	102.709	21.802	74.8	2.598	24.847	15.59		长4+5!2^(1_1)
耿181	2418.125	14.016	85.984	15.854	17.87	0.0	0.01	0.0	0.1	99.9	0.0	216.751	102.615	21.805	65.306	2.586	21.912	15.854		长4+5!2^(1_1)
耿181	2418.250	11.874	88.126	15.878	17.957	0.0	0.01	0.0	0.1	99.9	0.0	217.433	102.567	21.806	61.979	2.571	18.36	15.878		长4+5!2^(1_1)
耿181	2418.375	11.248	88.752	15.673	17.604	0.0	0.01	0.0	0.1	99.9	0.0	220.866	102.558	21.804	60.975	2.564	15.67	15.673		长4+5!2^(1_1)
耿181	2418.500	12.083	87.917	15.279	16.851	0.0	0.01	0.0	0.1	99.9	0.0	226.915	102.579	21.8	62.303	2.561	14.631	15.278		长4+5!2^(1_1)
耿181	2418.625	16.89	83.11	14.755	15.771	0.0	0.01	0.0	0.1	99.9	0.0	235.344	102.622	21.795	69.455	2.565	14.541	14.755		长4+5!2^(1_1)
耿181	2418.750	26.596	73.404	14.199	14.594	0.0	0.01	0.0	0.1	99.9	0.0	244.924	102.668	21.793	82.05	2.569	14.7	14.199		长4+5!2^(1_1)
耿181	2418.875	41.86	58.14	13.66	13.481	0.0	0.01	0.0	0.1	99.9	0.0	254.814	102.705	21.794	98.413	2.571	15.611	13.66		长4+5!2^(1_1)
耿181	2419.000	61.8	38.2	13.161	12.56	0.0	0.01	0.0	0.1	99.9	0.0	263.997	102.719	21.797	115.631	2.568	17.532	13.16		长4+5!2^(1_1)
耿181	2419.125	77.072	22.928	12.71	11.92	0.0	0.01	0.0	0.1	99.9	0.0	271.246	102.688	21.801	126.359	2.565	20.03	12.71		长4+5!2^(1_1)
耿181	2419.250	83.43	16.57	12.31	11.498	0.0	0.01	0.0	0.1	99.9	0.0	276.324	102.606	21.805	130.421	2.564	22.725	12.31		长4+5!2^(1_1)
耿181	2419.375	85.298	14.702	11.986	11.245	0.0	0.01	0.0	0.1	99.9	0.0	279.572	102.462	21.807	131.571	2.565	25.406	11.986		长4+5!2^(1_1)
耿181	2419.500	85.274	14.726	11.782	11.135	0.0	0.01	0.0	0.1	99.9	0.0	281.401	102.248	21.809	131.562	2.568	27.439	11.782		长4+5!2^(1_1)
耿181	2419.625	80.061	19.939	11.777	11.208	0.0	0.01	0.0	0.1	99.9	0.0	281.739	101.942	21.813	128.295	2.572	28.055	11.776		长4+5!2^(1_1)
耿181	2419.750	72.009	27.991	11.974	11.491	0.0	0.01	0.0	0.1	99.9	0.0	280.93	101.646	21.821	122.983	2.575	27.749	11.974		长4+5!2^(1_1)
耿181	2419.875	67.933	32.067	12.278	11.897	0.0	0.01	0.0	0.1	99.9	0.0	279.357	101.288	21.837	120.156	2.57	27.202	12.278		长4+5!2^(1_1)
耿181	2420.000	68.797	31.203	12.674	12.454	0.0	0.01	0.0	0.1	99.9	0.0	276.541	100.765	21.858	120.769	2.56	26.767	12.675		长4+5!2^(1_1)
耿181	2420.125	67.703	32.297	13.32	13.438	0.0	0.01	0.0	0.1	99.9	0.0	270.082	100.145	21.878	119.982	2.555	26.65	13.319		长4+5!2^(1_1)
耿181	2420.250	62.745	37.255	14.011	14.546	0.0	0.01	0.0	0.1	99.9	0.0	261.621	99.449	21.889	116.356	2.558	26.885	14.012		长4+5!2^(1_1)
耿181	2420.375	51.993	48.007	14.705	15.637	0.053	0.01	1.531	0.1	99.9	0.068	252.444	98.683	21.889	107.69	2.569	27.148	14.705		长4+5!2^(1_1)
耿181	2420.500	21.198	78.802	15.381	16.587	0.35	1.798	10.201	13.179	56.82	0.456	243.919	97.857	21.885	92.879	2.585	26.628	15.382	水层	长4+5!2^(1_1)
耿181	2420.625	15.168	84.832	16.038	17.331	0.456	1.443	10.73	12.531	58.076	0.442	237.223	96.977	21.885	80.276	2.611	24.049	16.037	水层	长4+5!2^(1_1)
耿181	2420.750	12.975	87.025	16.541	17.834	0.456	1.245	10.727	12.12	58.809	0.431	232.993	96.069	21.892	75.542	2.629	20.233	16.542	水层	长4+5!2^(1_1)
耿181	2420.875	13.995	86.005	16.973	18.247	0.356	1.126	10.201	11.849	59.18	0.423	230.19	95.149	21.904	78.921	2.632	16.828	16.973	水层	长4+5!2^(1_1)
耿181	2421.000	16.235	83.765	17.332	18.623	0.24	1.068	9.437	11.706	59.16	0.418	228.722	94.236	21.919	85.002	2.625	14.937	17.332	水层	长4+5!2^(1_1)
耿181	2421.125	18.438	81.562	17.301	18.659	0.206	1.121	9.123	11.835	58.674	0.419	230.051	93.356	21.935	89.942	2.613	14.915	17.301	水层	长4+5!2^(1_1)
耿181	2421.250	20.281	79.719	16.865	18.252	0.208	1.276	9.138	12.186	57.982	0.428	233.669	92.531	21.952	93.254	2.591	15.959	16.865	水层	长4+5!2^(1_1)
耿181	2421.375	21.581	78.419	16.064	17.359	0.233	1.476	9.362	12.598	57.77	0.443	237.913	91.778	21.97	95.08	2.563	17.065	16.064	水层	长4+5!2^(1_1)
耿181	2421.500	22.35	77.65	15.008	16.059	0.274	1.69	9.702	12.994	58.22	0.465	241.99	91.12	21.989	95.743	2.537	17.64	15.006	水层	长4+5!2^(1_1)
耿181	2421.625	23.563	76.437	13.834	14.506	0.279	1.839	9.741	13.246	59.676	0.495	244.595	90.594	22.007	97.615	2.513	18.459	13.836	水层	长4+5!2^(1_1)
耿181	2421.750	25.171	74.829	12.668	12.931	0.263	1.913	9.623	13.365	61.907	0.529	245.823	90.2	22.021	100.519	2.489	20.445	12.667	水层	长4+5!2^(1_1)
耿181	2421.875	25.35	74.65	11.561	11.451	0.259	1.891	9.589	13.33	64.943	0.565	245.464	89.949	22.031	100.961	2.48	23.306	11.561	水层	长4+5!2^(1_1)
耿181	2422.000	22.136	77.864	10.54	10.139	0.3	1.752	9.889	13.101	68.996	0.605	243.103	89.85	22.034	95.06	2.485	25.062	10.538	水层	长4+5!2^(1_1)
耿181	2422.125	15.877	84.123	9.648	9.061	0.523	1.553	10.935	12.745	73.843	0.644	239.425	89.933	22.028	81.422	2.497	23.64	9.649	水层	长4+5!2^(1_1)
耿181	2422.250	10.19	89.81	8.887	8.185	0.858	1.357	11.951	12.36	78.962	0.682	235.469	90.17	22.017	66.805	2.509	20.301	8.887	水层	长4+5!2^(1_1)
耿181	2422.375	6.973	93.027	8.275	7.498	1.188	1.231	12.672	12.09	83.342	0.718	232.682	90.554	22.006	57.285	2.52	17.418	8.275	水层	长4+5!2^(1_1)
耿181	2422.500	5.823	94.177	7.822	6.994	1.401	1.19	13.027	11.999	86.244	0.75	231.745	91.075	21.997	53.517	2.519	16.524	7.822	水层	长4+5!2^(1_1)
耿181	2422.625	5.566	94.434	7.562	6.708	1.546	1.23	13.225	12.088	87.17	0.767	232.664	91.737	21.989	52.374	2.511	16.956	7.562	水层	长4+5!2^(1_1)
耿181	2422.750	5.888	94.112	7.466	6.616	1.58	1.307	13.27	12.256	86.715	0.774	234.39	92.497	21.982	53.118	2.503	17.195	7.466	水层	长4+5!2^(1_1)
耿181	2422.875	7.2	92.8	7.53	6.727	1.402	1.379	13.01	12.407	85.461	0.77	235.949	93.335	21.973	57.29	2.499	17.142	7.53	水层	长4+5!2^(1_1)
耿181	2423.000	9.682	90.318	7.742	7.041	1.02	1.432	12.381	12.514	83.67	0.757	237.05	94.226	21.968	65.041	2.5	17.368	7.742	水层	长4+5!2^(1_1)
耿181	2423.125	13.235	86.765	8.109	7.582	0.64	1.449	11.349	12.548	81.584	0.732	237.399	95.153	21.958	75.119	2.508	18.076	8.108	水层	长4+5!2^(1_1)
耿181	2423.250	17.611	82.389	8.6	8.295	0.335	1.448	8.404	12.545	79.241	0.569	237.37	96.081	21.951	86.162	2.522	18.973	8.6	水层	长4+5!2^(1_1)
耿181	2423.375	23.025	76.975	9.211	9.153	0.053	1.447	1.529	12.545	76.568	0.105	237.365	96.99	21.945	98.102	2.543	19.933	9.211	水层	长4+5!2^(1_1)
耿181	2423.500	29.382	70.618	9.937	10.114	0.0	1.457	0.0	12.564	73.603	0.0	237.563	97.858	21.939	110.271	2.569	21.01	9.938	水层	长4+5!2^(1_1)
耿181	2423.625	65.384	34.616	10.763	11.123	0.0	0.01	0.0	0.1	99.9	0.0	237.771	98.657	21.933	118.302	2.592	21.356	10.762		长4+5!2^(1_1)
耿181	2423.750	68.232	31.768	11.625	12.105	0.0	0.01	0.0	0.1	99.9	0.0	238.09	99.377	21.93	120.369	2.608	20.838	11.626		长4+5!2^(1_1)
耿181	2423.875	65.684	34.316	12.471	13.003	0.0	0.01	0.0	0.1	99.9	0.0	238.32	100.006	21.928	118.534	2.613	20.25	12.471		长4+5!2^(1_2)
耿181	2424.000	62.915	37.085	13.253	13.771	0.0	0.01	0.0	0.1	99.9	0.0	238.624	100.532	21.928	116.492	2.605	20.192	13.254		长4+5!2^(1_2)
耿181	2424.125	60.817	39.183	13.924	14.376	0.0	0.01	0.0	0.1	99.9	0.0	239.163	100.928	21.927	114.898	2.596	20.47	13.924		长4+5!2^(1_2)
耿181	2424.250	58.139	41.861	14.481	14.867	0.0	0.01	0.0	0.1	99.9	0.0	239.484	101.206	21.924	112.817	2.589	20.419	14.481		长4+5!2^(1_2)
耿181	2424.375	55.478	44.522	14.902	15.263	0.0	0.01	0.0	0.1	99.9	0.0	239.419	101.361	21.921	110.689	2.589	20.227	14.902		长4+5!2^(1_2)
耿181	2424.500	52.998	47.002	15.156	15.553	0.0	0.01	0.0	0.1	99.9	0.0	238.866	101.391	21.919	108.646	2.594	20.37	15.156		长4+5!2^(1_2)
耿181	2424.625	53.871	46.129	15.174	15.646	0.0	0.01	0.0	0.1	99.9	0.0	237.681	101.275	21.923	109.368	2.596	21.212	15.174		长4+5!2^(1_2)
耿181	2424.750	54.913	45.087	14.976	15.485	0.0	0.01	0.0	0.1	99.9	0.0	235.908	101.035	21.941	110.229	2.593	22.376	14.976		长4+5!2^(1_2)
耿181	2424.875	49.346	50.654	14.596	15.004	0.0	0.01	0.0	0.1	99.9	0.0	234.223	100.675	21.981	105.494	2.593	22.847	14.596		长4+5!2^(1_2)
耿181	2425.000	37.949	62.051	14.111	14.212	0.0	0.01	0.0	0.1	99.9	0.0	233.88	100.201	22.043	94.842	2.599	21.765	14.11		长4+5!2^(1_2)
耿181	2425.125	31.384	68.616	13.647	13.233	0.0	0.01	0.0	0.1	99.9	0.0	235.596	99.601	22.106	87.858	2.603	19.857	13.648		长4+5!2^(1_2)
耿181	2425.250	33.877	66.123	13.308	12.361	0.0	0.01	0.0	0.1	99.9	0.0	239.362	98.908	22.14	90.523	2.605	18.72	13.308		长4+5!2^(1_2)
耿181	2425.375	42.135	57.865	13.142	11.853	0.0	0.01	0.0	0.1	99.9	0.0	244.327	98.13	22.124	98.862	2.605	18.306	13.142		长4+5!2^(1_2)
耿181	2425.500	52.283	47.717	13.144	11.89	0.0	0.01	0.0	0.1	99.9	0.0	248.57	97.284	22.049	108.034	2.599	17.869	13.144		长4+5!2^(1_2)
耿181	2425.625	61.438	38.562	13.268	12.557	0.0	0.01	0.0	0.1	99.9	0.0	250.077	96.377	21.928	115.355	2.587	18.069	13.268		长4+5!2^(1_2)
耿181	2425.750	64.714	35.286	13.431	13.56	0.0	0.01	0.0	0.1	99.9	0.0	248.53	95.44	21.802	117.826	2.578	20.154	13.431		长4+5!2^(1_2)
耿181	2425.875	61.935	38.065	13.616	14.653	0.015	0.01	1.148	0.1	99.9	0.074	243.889	94.491	21.696	115.748	2.574	23.68	13.616		长4+5!2^(1_2)
耿181	2426.000	29.168	70.832	13.85	15.64	0.1	1.41	7.644	12.471	62.738	0.496	236.621	93.551	21.623	110.146	2.567	26.495	13.85	干层	长4+5!2^(1_2)
耿181	2426.125	22.222	77.779	14.214	16.401	0.127	1.069	8.098	11.702	65.366	0.485	228.674	92.646	21.59	98.424	2.556	26.329	14.214	干层	长4+5!2^(1_2)
耿181	2426.250	15.31	84.69	14.736	16.985	0.18	0.834	8.807	11.061	67.321	0.472	222.075	91.796	21.581	84.056	2.549	23.994	14.737	干层	长4+5!2^(1_2)
耿181	2426.375	11.082	88.918	15.394	17.418	0.237	0.703	9.396	10.644	68.03	0.456	217.772	91.018	21.582	73.727	2.547	20.913	15.394	干层	长4+5!2^(1_2)
耿181	2426.500	10.015	89.985	16.088	17.683	0.261	0.662	9.606	10.502	67.292	0.441	216.311	90.334	21.588	70.943	2.549	18.402	16.089	干层	长4+5!2^(1_2)
耿181	2426.625	10.266	89.734	16.644	17.687	0.279	0.701	9.741	10.639	65.451	0.431	217.721	89.777	21.596	71.372	2.55	17.384	16.644	干层	长4+5!2^(1_2)
耿181	2426.750	10.225	89.775	16.955	17.438	0.32	0.771	10.017	10.87	63.679	0.425	220.105	89.348	21.603	70.688	2.543	17.555	16.955	干层	长4+5!2^(1_2)
耿181	2426.875	10.384	89.616	16.985	16.982	0.358	0.847	10.247	11.105	62.486	0.424	222.52	89.055	21.608	70.595	2.528	18.285	16.985	干层	长4+5!2^(1_2)
耿181	2427.000	11.349	88.651	16.776	16.42	0.36	0.916	10.262	11.306	61.927	0.427	224.593	88.908	21.609	72.938	2.509	18.873	16.775	干层	长4+5!2^(1_2)
耿181	2427.125	13.416	86.584	16.437	15.894	0.293	0.971	9.816	11.458	61.86	0.434	226.162	88.939	21.605	78.293	2.498	19.274	16.438	干层	长4+5!2^(1_2)
耿181	2427.250	16.835	83.165	16.146	15.521	0.21	1.018	9.108	11.58	61.859	0.44	227.42	89.124	21.599	86.671	2.495	19.774	16.146	干层	长4+5!2^(1_2)
耿181	2427.375	20.735	79.265	16.028	15.399	0.144	1.047	8.357	11.654	61.753	0.443	228.185	89.46	21.592	95.489	2.494	20.502	16.028	干层	长4+5!2^(1_2)
耿181	2427.500	22.392	77.608	16.17	15.648	0.113	1.042	7.9	11.642	61.533	0.441	228.062	89.944	21.587	99.116	2.493	21.163	16.171	干层	长4+5!2^(1_2)
耿181	2427.625	19.29	80.71	16.66	16.497	0.151	0.979	8.446	11.476	61.369	0.43	226.345	90.589	21.585	92.687	2.494	21.302	16.659	干层	长4+5!2^(1_2)
耿181	2427.750	14.215	85.785	17.418	17.967	0.16	0.864	7.23	11.153	61.489	0.336	223.018	91.358	21.588	81.062	2.5	21.227	17.418	干层	长4+5!2^(1_2)
耿181	2427.875	9.983	90.017	18.376	20.028	0.033	0.71	1.385	10.664	62.171	0.062	217.983	92.239	21.598	70.377	2.515	21.122	18.376	干层	长4+5!2^(1_2)
耿181	2428.000	12.367	87.633	19.439	22.429	0.0	0.01	0.0	0.1	99.9	0.0	211.645	93.214	21.622	62.768	2.538	20.955	19.441		长4+5!2^(1_2)
耿181	2428.125	10.373	89.627	20.449	24.571	0.0	0.01	0.0	0.1	99.9	0.0	204.837	94.279	21.666	59.543	2.566	20.575	20.448		长4+5!2^(1_2)
耿181	2428.250	10.239	89.761	21.222	25.84	0.0	0.01	0.0	0.1	99.9	0.0	199.34	95.397	21.726	59.321	2.593	19.644	21.223		长4+5!2^(1_2)
耿181	2428.375	11.056	88.944	21.61	25.872	0.0	0.01	0.0	0.1	99.9	0.0	196.46	96.549	21.79	60.658	2.61	17.757	21.61		长4+5!2^(1_2)
耿181	2428.500	12.532	87.468	21.515	24.65	0.0	0.01	0.0	0.1	99.9	0.0	196.87	97.716	21.845	63.014	2.616	15.149	21.514		长4+5!2^(1_2)
耿181	2428.625	16.505	83.495	20.836	22.431	0.0	0.01	0.0	0.1	99.9	0.0	200.656	98.878	21.88	68.942	2.621	12.988	20.837		长4+5!2^(1_2)
耿181	2428.750	23.637	76.363	19.716	19.884	0.0	0.01	0.0	0.1	99.9	0.0	206.612	100.014	21.904	78.516	2.634	11.819	19.715		长4+5!2^(1_2)
耿181	2428.875	33.268	66.732	18.268	17.328	0.0	0.01	0.0	0.1	99.9	0.0	215.064	101.11	21.925	89.803	2.651	11.863	18.268		长4+5!2^(1_2)
耿181	2429.000	44.003	55.997	16.66	14.948	0.0	0.01	0.0	0.1	99.9	0.0	225.959	102.152	21.95	100.694	2.657	13.411	16.657		长4+5!2^(1_2)
耿181	2429.125	54.16	45.84	15.105	12.978	0.0	0.01	0.0	0.1	99.9	0.0	237.638	103.118	21.977	109.551	2.632	16.305	15.107		长4+5!2^(1_2)
耿181	2429.250	63.683	36.317	13.766	11.579	0.0	0.01	0.0	0.1	99.9	0.0	247.289	104.009	22.001	117.003	2.586	19.326	13.766		长4+5!2^(1_2)
耿181	2429.375	72.204	27.796	12.707	10.843	0.0	0.01	0.0	0.1	99.9	0.0	253.913	104.821	22.027	123.1	2.542	21.585	12.707		长4+5!2^(1_2)
耿181	2429.500	77.884	22.116	11.914	10.66	0.0	0.01	0.0	0.1	99.9	0.0	257.867	105.55	22.061	126.922	2.516	23.007	11.913		长4+5!2^(1_2)
耿181	2429.625	72.157	27.843	11.344	10.726	0.0	0.01	0.0	0.1	99.9	0.0	259.136	106.186	22.104	123.049	2.51	24.357	11.345		长4+5!2^(1_2)
耿181	2429.750	59.756	40.244	10.906	10.691	0.0	0.01	0.0	0.1	99.9	0.0	257.811	106.743	22.143	113.995	2.523	25.899	10.905		长4+5!2^(1_2)
耿181	2429.875	50.969	49.031	10.577	10.481	0.0	0.01	0.0	0.1	99.9	0.0	253.707	107.229	22.167	106.914	2.551	26.588	10.577		长4+5!2^(1_2)
耿181	2430.000	50.328	49.672	10.351	10.183	0.0	0.01	0.0	0.1	99.9	0.0	247.72	107.649	22.172	106.374	2.582	25.69	10.351		长4+5!2^(1_2)
耿181	2430.125	54.206	45.794	10.229	9.923	0.0	0.01	0.0	0.1	99.9	0.0	242.868	108.007	22.166	109.645	2.6	24.078	10.229		长4+5!2^(1_2)
耿181	2430.250	54.416	45.584	10.18	9.717	0.0	0.01	0.0	0.1	99.9	0.0	241.409	108.321	22.165	109.819	2.612	23.303	10.18		长4+5!2^(1_2)
耿181	2430.375	49.99	50.01	10.203	9.534	0.0	0.01	0.0	0.1	99.9	0.0	242.797	108.605	22.173	106.076	2.616	23.452	10.203		长4+5!2^(1_2)
耿181	2430.500	45.591	54.409	10.305	9.409	0.0	0.01	0.0	0.1	99.9	0.0	245.139	108.867	22.181	102.175	2.614	23.476	10.305		长4+5!2^(1_2)
耿181	2430.625	46.851	53.149	10.512	9.487	0.0	0.01	0.0	0.1	99.9	0.0	247.271	109.121	22.176	103.295	2.599	22.714	10.512		长4+5!2^(1_2)
耿181	2430.750	53.699	46.301	10.818	9.833	0.0	0.01	0.0	0.1	99.9	0.0	248.707	109.379	22.155	109.152	2.579	21.847	10.818		长4+5!2^(1_2)
耿181	2430.875	64.101	35.899	11.205	10.439	0.0	0.01	0.0	0.1	99.9	0.0	249.014	109.652	22.122	117.302	2.562	22.158	11.205		长4+5!2^(1_2)
耿181	2431.000	73.864	26.136	11.631	11.22	0.0	0.01	0.0	0.1	99.9	0.0	247.954	109.946	22.084	124.259	2.551	23.886	11.632		长4+5!2^(1_2)
耿181	2431.125	74.769	25.231	12.042	12.046	0.0	0.01	0.0	0.1	99.9	0.0	245.722	110.275	22.041	124.857	2.548	25.479	12.042		长4+5!2^(1_3)
耿181	2431.250	65.726	34.274	12.393	12.795	0.0	0.01	0.0	0.1	99.9	0.0	242.838	110.639	21.997	118.484	2.548	25.824	12.394		长4+5!2^(1_3)
耿181	2431.375	53.469	46.531	12.648	13.374	0.0	0.01	0.0	0.1	99.9	0.0	240.139	111.041	21.965	108.975	2.549	25.015	12.648		长4+5!2^(1_3)
耿181	2431.500	46.543	53.457	12.767	13.661	0.0	0.01	0.0	0.1	99.9	0.0	239.336	111.479	21.972	103.04	2.554	23.872	12.766		长4+5!2^(1_3)
耿181	2431.625	47.118	52.882	12.707	13.442	0.0	0.01	0.0	0.1	99.9	0.0	242.629	111.96	22.045	103.553	2.549	23.001	12.707		长4+5!2^(1_3)
耿181	2431.750	48.849	51.151	12.519	12.756	0.0	0.01	0.0	0.1	99.9	0.0	250.066	112.472	22.155	105.092	2.515	22.814	12.519		长4+5!2^(1_3)
耿181	2431.875	48.606	51.394	12.256	11.754	0.0	0.01	0.0	0.1	99.9	0.0	260.902	113.011	22.256	104.881	2.453	23.352	12.256		长4+5!2^(1_3)
耿181	2432.000	49.831	50.169	11.978	10.728	0.0	0.01	0.0	0.1	99.9	0.0	273.593	113.568	22.311	105.939	2.386	24.151	11.978		长4+5!2^(1_3)
耿181	2432.125	59.715	40.285	11.735	10.063	0.0	0.01	0.0	0.1	99.9	0.0	286.452	114.14	22.311	113.926	2.342	25.483	11.735		长4+5!2^(1_3)
耿181	2432.250	76.282	23.718	11.523	9.862	0.0	0.01	0.0	0.1	99.9	0.0	298.002	114.712	22.284	125.69	2.322	28.757	11.523		长4+5!2^(1_3)
耿181	2432.375	93.252	6.748	11.314	10.046	0.0	0.01	0.0	0.1	99.9	0.0	306.927	115.278	22.244	136.161	2.325	33.956	11.314		长4+5!2^(1_3)
耿181	2432.500	99.9	0.1	11.094	10.413	0.0	0.01	0.0	0.1	99.9	0.0	311.715	115.828	22.189	142.992	2.347	39.342	11.094		长4+5!2^(1_3)
耿181	2432.625	99.9	0.1	10.893	10.748	0.0	0.01	0.0	0.1	99.9	0.0	310.915	116.35	22.112	144.864	2.378	42.31	10.893		长4+5!2^(1_3)
耿181	2432.750	99.9	0.1	10.786	10.977	0.0	0.01	0.0	0.1	99.9	0.0	306.269	116.839	22.03	143.364	2.404	42.515	10.786		长4+5!2^(1_3)
耿181	2432.875	97.154	2.846	10.851	11.159	0.0	0.01	0.0	0.1	99.9	0.0	298.795	117.289	21.968	139.017	2.425	40.96	10.851		长4+5!2^(1_3)
耿181	2433.000	86.58	13.42	11.139	11.401	0.0	0.01	0.0	0.1	99.9	0.0	289.688	117.694	21.934	132.348	2.449	38.591	11.139		长4+5!2^(1_3)
耿181	2433.125	77.62	22.38	11.671	11.806	0.0	0.01	0.0	0.1	99.9	0.0	279.52	118.043	21.927	126.738	2.48	35.964	11.67		长4+5!2^(1_3)
耿181	2433.250	73.204	26.796	12.315	12.324	0.0	0.01	0.0	0.1	99.9	0.0	269.284	118.339	21.925	123.815	2.51	33.621	12.315		长4+5!2^(1_3)
耿181	2433.375	68.862	31.138	12.953	12.856	0.0	0.01	0.0	0.1	99.9	0.0	260.039	118.582	21.924	120.815	2.534	32.303	12.954		长4+5!2^(1_3)
耿181	2433.500	60.489	39.511	13.481	13.296	0.0	0.01	0.0	0.1	99.9	0.0	252.276	118.77	21.918	114.648	2.554	31.755	13.481		长4+5!2^(1_3)
耿181	2433.625	52.26	47.74	13.812	13.566	0.0	0.01	0.0	0.1	99.9	0.0	246.156	118.895	21.9	108.015	2.574	29.962	13.812		长4+5!2^(1_3)
耿181	2433.750	49.519	50.481	13.98	13.7	0.0	0.01	0.0	0.1	99.9	0.0	241.708	118.967	21.868	105.678	2.591	26.456	13.98		长4+5!2^(1_3)
耿181	2433.875	51.872	48.128	14.032	13.726	0.0	0.01	0.0	0.1	99.9	0.0	239.861	118.988	21.824	107.681	2.601	22.8	14.032		长4+5!2^(1_3)
耿181	2434.000	58.282	41.718	14.022	13.663	0.0	0.01	0.0	0.1	99.9	0.0	241.654	118.961	21.778	112.931	2.606	20.762	14.022		长4+5!2^(1_3)
耿181	2434.125	67.295	32.705	13.999	13.551	0.0	0.01	0.0	0.1	99.9	0.0	246.805	118.88	21.745	119.673	2.605	20.877	13.999		长4+5!2^(1_3)
耿181	2434.250	72.854	27.146	13.989	13.492	0.0	0.01	0.0	0.1	99.9	0.0	252.881	118.758	21.73	123.573	2.598	21.457	13.989		长4+5!2^(1_3)
耿181	2434.375	72.866	27.134	13.992	13.565	0.0	0.01	0.0	0.1	99.9	0.0	257.567	118.595	21.733	123.589	2.585	21.449	13.992		长4+5!2^(1_3)
耿181	2434.500	70.147	29.853	13.989	13.779	0.0	0.01	0.0	0.1	99.9	0.0	259.751	118.396	21.747	121.716	2.571	21.368	13.989		长4+5!2^(1_3)
耿181	2434.625	66.72	33.28	13.934	14.019	0.0	0.01	0.0	0.1	99.9	0.0	259.463	118.155	21.762	119.281	2.556	23.13	13.934		长4+5!2^(1_3)
耿181	2434.750	61.397	38.603	13.805	14.107	0.0	0.01	0.0	0.1	99.9	0.0	257.275	117.882	21.769	115.325	2.549	25.982	13.804		长4+5!2^(1_3)
耿181	2434.875	54.567	45.433	13.6	13.955	0.0	0.01	0.0	0.1	99.9	0.0	253.216	117.575	21.763	109.931	2.547	27.382	13.6		长4+5!2^(1_3)
耿181	2435.000	48.14	51.86	13.339	13.584	0.0	0.01	0.0	0.1	99.9	0.0	247.615	117.236	21.747	104.468	2.553	25.699	13.339		长4+5!2^(1_3)
耿181	2435.125	43.972	56.028	13.044	13.079	0.0	0.01	0.0	0.1	99.9	0.0	242.174	116.858	21.732	100.677	2.564	22.258	13.044		长4+5!2^(1_3)
耿181	2435.250	43.397	56.603	12.733	12.551	0.0	0.01	0.0	0.1	99.9	0.0	239.319	116.446	21.725	100.137	2.578	20.196	12.733		长4+5!2^(2_1)
耿181	2435.375	45.572	54.428	12.408	12.029	0.0	0.01	0.0	0.1	99.9	0.0	239.756	115.996	21.727	102.15	2.593	20.177	12.407		长4+5!2^(2_1)
耿181	2435.500	45.483	54.517	12.067	11.53	0.0	0.01	0.0	0.1	99.9	0.0	242.519	115.509	21.732	102.077	2.606	21.358	12.067		长4+5!2^(2_1)
耿181	2435.625	40.549	59.451	11.718	11.1	0.0	0.01	0.0	0.1	99.9	0.0	245.756	114.972	21.729	97.397	2.608	22.219	11.719		长4+5!2^(2_1)
耿181	2435.750	37.56	62.44	11.379	10.774	0.0	0.01	0.0	0.1	99.9	0.0	248.516	114.393	21.715	94.435	2.602	22.202	11.378		长4+5!2^(2_1)
耿181	2435.875	40.728	59.272	11.061	10.552	0.0	0.01	0.0	0.1	99.9	0.0	250.944	113.768	21.696	97.55	2.593	21.87	11.06		长4+5!2^(2_1)
耿181	2436.000	48.398	51.602	10.775	10.399	0.0	0.01	0.0	0.1	99.9	0.0	253.087	113.098	21.68	104.696	2.584	22.047	10.775		长4+5!2^(2_1)
耿181	2436.125	54.246	45.754	10.54	10.256	0.0	0.01	0.0	0.1	99.9	0.0	254.286	112.374	21.67	109.671	2.576	23.17	10.54		长4+5!2^(2_1)
耿181	2436.250	58.157	41.843	10.359	10.093	0.0	0.01	0.0	0.1	99.9	0.0	254.249	111.609	21.667	112.815	2.571	24.43	10.359		长4+5!2^(2_1)
耿181	2436.375	64.075	35.925	10.246	9.93	0.0	0.01	0.0	0.1	99.9	0.0	253.285	110.805	21.668	117.317	2.571	25.104	10.246		长4+5!2^(2_1)
耿181	2436.500	73.049	26.951	10.206	9.806	0.0	0.01	0.0	0.1	99.9	0.0	252.146	109.97	21.671	123.711	2.573	25.075	10.206		长4+5!2^(2_1)
耿181	2436.625	78.596	21.404	10.247	9.768	0.0	0.01	0.0	0.1	99.9	0.0	251.337	109.107	21.674	127.379	2.576	24.863	10.247		长4+5!2^(2_1)
耿181	2436.750	76.228	23.772	10.349	9.817	0.0	0.01	0.0	0.1	99.9	0.0	250.644	108.232	21.674	125.825	2.58	25.069	10.35		长4+5!2^(2_1)
耿181	2436.875	69.415	30.585	10.505	9.95	0.0	0.01	0.0	0.1	99.9	0.0	249.816	107.354	21.672	121.193	2.586	25.814	10.505		长4+5!2^(2_1)
耿181	2437.000	64.241	35.759	10.709	10.165	0.0	0.01	0.0	0.1	99.9	0.0	248.682	106.49	21.671	117.477	2.591	26.826	10.709		长4+5!2^(2_1)
耿181	2437.125	62.717	37.283	10.97	10.488	0.0	0.01	0.0	0.1	99.9	0.0	247.2	105.652	21.672	116.342	2.599	27.254	10.969		长4+5!2^(2_1)
耿181	2437.250	60.362	39.638	11.274	10.905	0.0	0.01	0.0	0.1	99.9	0.0	245.239	104.854	21.674	114.546	2.611	26.614	11.275		长4+5!2^(2_1)
耿181	2437.375	55.278	44.722	11.617	11.404	0.0	0.01	0.0	0.1	99.9	0.0	242.417	104.104	21.676	110.518	2.621	25.35	11.617		长4+5!2^(2_1)
耿181	2437.500	49.483	50.517	11.988	11.951	0.0	0.01	0.0	0.1	99.9	0.0	238.731	103.414	21.675	105.648	2.627	24.464	11.988		长4+5!2^(2_1)
耿181	2437.625	44.387	55.613	12.387	12.496	0.0	0.01	0.0	0.1	99.9	0.0	234.472	102.799	21.674	101.045	2.626	24.154	12.386		长4+5!2^(2_1)
耿181	2437.750	36.943	63.057	12.809	12.99	0.0	0.01	0.0	0.1	99.9	0.0	230.334	102.257	21.673	93.717	2.614	23.307	12.81		长4+5!2^(2_1)
耿181	2437.875	26.491	73.509	13.258	13.42	0.0	0.01	0.0	0.1	99.9	0.0	226.817	101.784	21.673	82.075	2.588	21.672	13.259		长4+5!2^(2_1)
耿181	2438.000	16.851	83.149	13.719	13.786	0.0	0.01	0.0	0.1	99.9	0.0	224.3	101.381	21.675	69.513	2.56	20.038	13.719		长4+5!2^(2_1)
耿181	2438.125	12.187	87.813	14.152	14.099	0.0	0.01	0.0	0.1	99.9	0.0	223.684	101.049	21.677	62.473	2.532	19.165	14.152		长4+5!2^(2_1)
耿181	2438.250	12.355	87.645	14.507	14.376	0.0	0.01	0.0	0.1	99.9	0.0	225.113	100.769	21.678	62.718	2.515	18.393	14.507		长4+5!2^(2_1)
耿181	2438.375	17.011	82.989	14.742	14.614	0.0	0.01	0.0	0.1	99.9	0.0	228.468	100.529	21.678	69.655	2.511	17.483	14.742		长4+5!2^(2_1)
耿181	2438.500	25.413	74.587	14.835	14.796	0.0	0.01	0.0	0.1	99.9	0.0	233.209	100.315	21.677	80.877	2.516	17.127	14.835		长4+5!2^(2_1)
耿181	2438.625	37.867	62.133	14.78	14.875	0.0	0.01	0.0	0.1	99.9	0.0	238.68	100.111	21.675	94.567	2.525	18.328	14.78		长4+5!2^(2_1)
耿181	2438.750	51.954	48.046	14.642	14.839	0.0	0.01	0.0	0.1	99.9	0.0	243.825	99.898	21.674	107.599	2.531	20.515	14.642		长4+5!2^(2_1)
耿181	2438.875	62.972	37.028	14.463	14.681	0.0	0.01	0.0	0.1	99.9	0.0	247.809	99.66	21.674	116.479	2.529	21.972	14.463		长4+5!2^(2_1)
耿181	2439.000	67.16	32.84	14.275	14.416	0.0	0.01	0.0	0.1	99.9	0.0	250.092	99.384	21.675	119.603	2.525	23.244	14.275		长4+5!2^(2_1)
耿181	2439.125	64.379	35.621	14.081	14.066	0.0	0.01	0.0	0.1	99.9	0.0	250.032	99.041	21.675	117.571	2.53	24.534	14.082		长4+5!2^(2_1)
耿181	2439.250	59.212	40.788	13.867	13.681	0.0	0.01	0.0	0.1	99.9	0.0	248.094	98.629	21.677	113.647	2.549	25.376	13.867		长4+5!2^(2_1)
耿181	2439.375	54.029	45.971	13.607	13.275	0.0	0.01	0.0	0.1	99.9	0.0	244.984	98.137	21.681	109.497	2.574	25.413	13.607		长4+5!2^(2_1)
耿181	2439.500	50.59	49.41	13.286	12.848	0.0	0.01	0.0	0.1	99.9	0.0	241.537	97.558	21.691	106.605	2.595	24.829	13.286		长4+5!2^(2_1)
耿181	2439.625	49.514	50.486	12.898	12.38	0.0	0.01	0.0	0.1	99.9	0.0	238.79	96.868	21.708	105.675	2.602	24.157	12.898		长4+5!2^(2_1)
耿181	2439.750	48.434	51.566	12.482	11.869	0.0	0.01	0.0	0.1	99.9	0.0	237.574	96.081	21.73	104.728	2.601	23.772	12.482		长4+5!2^(2_1)
耿181	2439.875	47.875	52.125	12.084	11.327	0.0	0.01	0.0	0.1	99.9	0.0	238.132	95.196	21.752	104.231	2.592	23.349	12.083		长4+5!2^(2_1)
耿181	2440.000	50.023	49.977	11.76	10.802	0.0	0.01	0.0	0.1	99.9	0.0	239.869	94.218	21.771	106.117	2.578	22.75	11.76		长4+5!2^(2_1)
耿181	2440.125	53.779	46.221	11.593	10.409	0.0	0.01	0.0	0.1	99.9	0.0	241.817	93.131	21.784	109.289	2.564	22.579	11.593		长4+5!2^(2_1)
耿181	2440.250	55.885	44.115	11.594	10.241	0.0	0.01	0.0	0.1	99.9	0.0	243.192	91.963	21.79	111.017	2.553	23.13	11.595		长4+5!2^(2_1)
耿181	2440.375	55.058	44.942	11.765	10.37	0.0	0.01	0.0	0.1	99.9	0.0	243.486	90.718	21.792	110.35	2.546	23.92	11.765		长4+5!2^(2_1)
耿181	2440.500	51.837	48.163	12.085	10.824	0.0	0.01	0.0	0.1	99.9	0.0	242.507	89.412	21.792	107.669	2.542	24.166	12.085		长4+5!2^(2_1)
耿181	2440.625	48.062	51.938	12.552	11.633	0.0	0.01	0.0	0.1	99.9	0.0	240.276	88.04	21.791	104.395	2.545	23.848	12.551		长4+5!2^(2_1)
耿181	2440.750	44.558	55.442	13.15	12.704	0.0	0.01	0.0	0.1	99.9	0.0	237.534	86.631	21.789	101.218	2.545	23.341	13.15		长4+5!2^(2_1)
耿181	2440.875	39.931	60.069	13.926	14.013	0.035	0.01	1.412	0.1	99.9	0.07	235.023	85.192	21.787	96.799	2.533	22.972	13.927		长4+5!2^(2_1)
耿181	2441.000	18.732	81.268	14.948	15.547	0.236	1.335	9.405	12.316	46.614	0.466	233.337	83.743	21.785	89.936	2.511	22.773	14.948	油层	长4+5!2^(2_1)
耿181	2441.125	15.422	84.578	16.331	17.342	0.332	1.276	10.073	12.191	45.0	0.436	232.434	82.287	21.782	82.134	2.485	22.2	16.33	油层	长4+5!2^(2_2)
耿181	2441.250	13.518	86.482	18.01	19.304	0.389	1.215	10.412	12.055	43.263	0.405	231.449	80.846	21.781	77.412	2.46	21.23	18.012	油层	长4+5!2^(2_2)
耿181	2441.375	13.283	86.717	19.893	21.314	0.378	1.133	10.354	11.865	41.712	0.377	230.077	79.425	21.78	77.073	2.445	20.518	19.895	油层	长4+5!2^(2_2)
耿181	2441.500	13.989	86.011	21.802	23.162	0.312	1.03	9.971	11.61	40.568	0.351	228.225	78.039	21.781	79.369	2.445	20.523	21.802	油层	长4+5!2^(2_2)
耿181	2441.625	14.249	85.751	23.496	24.539	0.268	0.915	9.654	11.3	39.99	0.333	225.976	76.699	21.782	80.541	2.457	20.532	23.494	油层	长4+5!2^(2_2)
耿181	2441.750	13.648	86.352	24.868	25.381	0.25	0.816	9.512	11.011	39.726	0.32	223.888	75.411	21.777	79.404	2.475	19.816	24.869	油层	长4+5!2^(2_2)
耿181	2441.875	13.267	86.733	25.92	25.765	0.231	0.739	9.352	10.766	39.656	0.31	222.111	74.176	21.767	78.764	2.494	18.529	25.92	油层	长4+5!2^(2_2)
耿181	2442.000	14.066	85.934	26.701	25.899	0.192	0.677	8.979	10.554	39.732	0.303	220.569	73.005	21.748	81.236	2.504	17.508	26.701	油层	长4+5!2^(2_2)
耿181	2442.125	15.994	84.006	27.231	26.039	0.14	0.629	8.304	10.379	39.901	0.299	219.306	71.906	21.702	86.421	2.503	17.717	27.231	油层	长4+5!2^(2_2)
耿181	2442.250	18.236	81.764	27.55	26.35	0.102	0.59	7.645	10.229	40.161	0.297	218.218	70.874	21.615	92.04	2.492	18.96	27.55	油层	长4+5!2^(2_2)
耿181	2442.375	20.033	79.967	27.643	26.863	0.079	0.564	7.147	10.124	40.444	0.296	217.457	69.907	21.482	96.308	2.484	20.261	27.643	油层	长4+5!2^(2_2)
耿181	2442.500	20.427	79.573	27.521	27.475	0.071	0.556	6.968	10.094	40.635	0.297	217.238	69.008	21.325	97.238	2.478	20.776	27.521	油层	长4+5!2^(2_2)
耿181	2442.625	18.669	81.331	27.25	27.833	0.095	0.583	7.523	10.201	40.475	0.299	218.016	68.184	21.205	93.101	2.478	20.229	27.25	油层	长4+5!2^(2_2)
耿181	2442.750	16.309	83.691	26.97	27.625	0.139	0.647	8.273	10.443	39.89	0.301	219.766	67.425	21.162	87.11	2.484	19.06	26.97	油层	长4+5!2^(2_2)
耿181	2442.875	14.806	85.194	26.747	26.76	0.197	0.759	9.004	10.83	38.848	0.302	222.566	66.727	21.196	82.732	2.495	17.967	26.747	油层	长4+5!2^(2_2)
耿181	2443.000	14.541	85.459	26.584	25.473	0.259	0.935	9.589	11.358	37.426	0.303	226.398	66.092	21.267	81.214	2.5	17.625	26.584	油层	长4+5!2^(2_2)
耿181	2443.125	15.144	84.856	26.427	24.255	0.319	1.181	9.998	11.972	35.912	0.304	230.855	65.526	21.317	81.796	2.496	18.318	26.428	油层	长4+5!2^(2_2)
耿181	2443.250	15.413	84.587	26.216	23.427	0.395	1.444	10.433	12.532	34.691	0.306	234.905	65.021	21.335	81.6	2.486	19.437	26.216	油层	长4+5!2^(2_2)
耿181	2443.375	15.185	84.815	25.924	22.939	0.48	1.657	10.838	12.935	33.963	0.308	237.823	64.576	21.341	80.389	2.473	20.673	25.924	油层	长4+5!2^(2_2)
耿181	2443.500	14.893	85.107	25.584	22.562	0.548	1.765	11.116	13.122	33.773	0.311	239.184	64.194	21.356	79.344	2.46	21.693	25.584	油层	长4+5!2^(2_2)
耿181	2443.625	14.584	85.416	25.306	22.18	0.565	1.751	11.179	13.098	34.011	0.313	239.01	63.884	21.382	78.583	2.449	21.852	25.306	油层	长4+5!2^(2_2)
耿181	2443.750	13.833	86.167	25.201	22.015	0.592	1.668	11.272	12.956	34.399	0.314	237.978	63.641	21.392	76.833	2.438	20.952	25.201	油层	长4+5!2^(2_2)
耿181	2443.875	12.523	87.477	25.325	22.38	0.638	1.552	11.424	12.745	34.792	0.313	236.452	63.466	21.37	73.607	2.427	19.693	25.326	油层	长4+5!2^(2_2)
耿181	2444.000	11.218	88.782	25.664	23.413	0.686	1.418	11.575	12.486	35.164	0.31	234.575	63.363	21.324	70.313	2.42	18.808	25.664	油层	长4+5!2^(2_2)
耿181	2444.125	10.255	89.745	26.146	25.041	0.652	1.227	11.467	12.077	35.838	0.306	231.607	63.344	21.281	68.109	2.417	18.651	26.146	油层	长4+5!2^(2_2)
耿181	2444.250	9.474	90.526	26.653	26.942	0.577	0.997	11.212	11.517	36.952	0.301	227.556	63.401	21.253	66.612	2.422	18.663	26.653	油层	长4+5!2^(2_2)
耿181	2444.375	8.894	91.106	27.138	29.082	0.493	0.792	10.893	10.933	38.264	0.298	223.318	63.533	21.233	65.722	2.438	18.395	27.138	油层	长4+5!2^(2_2)
耿181	2444.500	8.327	91.673	27.591	31.477	0.429	0.646	10.618	10.443	39.435	0.294	219.768	63.739	21.205	64.681	2.467	17.763	27.591	油层	长4+5!2^(2_2)
耿181	2444.625	7.327	92.673	28.001	33.901	0.451	0.566	10.715	10.135	40.148	0.291	217.536	64.03	21.164	61.858	2.499	16.546	28.0	油层	长4+5!2^(2_2)
耿181	2444.750	6.169	93.831	28.322	35.725	0.526	0.537	11.018	10.014	40.326	0.288	216.658	64.345	21.123	58.06	2.522	14.982	28.323	油层	长4+5!2^(2_2)
耿181	2444.875	5.127	94.873	28.479	36.372	0.662	0.56	11.48	10.11	39.893	0.287	217.352	64.716	21.094	54.151	2.53	13.373	28.479	油层	长4+5!2^(2_2)
耿181	2445.000	4.315	95.685	28.411	35.718	0.872	0.639	12.061	10.416	38.947	0.287	219.573	65.182	21.085	50.614	2.518	12.085	28.411	油层	长4+5!2^(2_2)
耿181	2445.125	3.946	96.054	28.039	33.923	1.17	0.782	12.639	10.898	37.748	0.29	223.067	65.705	21.096	48.426	2.488	11.849	28.04	油层	长4+5!2^(2_2)
耿181	2445.250	4.253	95.747	27.295	31.117	1.455	1.021	13.092	11.577	36.361	0.295	227.978	66.267	21.129	48.539	2.454	12.5	27.294	油层	长4+5!2^(2_2)
耿181	2445.375	5.182	94.818	26.284	27.994	1.606	1.275	13.305	12.182	35.484	0.303	232.371	66.859	21.192	51.068	2.432	13.509	26.283	油层	长4+5!2^(2_2)
耿181	2445.500	6.282	93.718	25.158	24.887	1.571	1.444	13.261	12.539	35.391	0.313	234.955	67.47	21.288	54.489	2.422	14.433	25.158	油层	长4+5!2^(2_2)
耿181	2445.625	7.468	92.532	24.127	22.18	1.322	1.488	12.896	12.624	35.934	0.323	235.574	68.092	21.407	58.399	2.422	15.328	24.128	油层	长4+5!2^(2_2)
耿181	2445.750	8.719	91.281	23.382	20.273	1.063	1.453	12.445	12.555	36.673	0.331	235.073	68.712	21.521	62.593	2.429	16.159	23.382	油层	长4+5!2^(2_2)
耿181	2445.875	9.42	90.58	22.893	19.136	0.854	1.354	12.004	12.355	37.568	0.337	233.626	69.323	21.608	65.121	2.441	16.631	22.893	油层	长4+5!2^(2_2)
耿181	2446.000	10.026	89.974	22.596	18.673	0.669	1.204	11.524	12.031	38.67	0.341	231.272	69.915	21.66	67.495	2.449	16.924	22.596	油层	长4+5!2^(2_2)
耿181	2446.125	11.34	88.66	22.481	18.848	0.473	1.041	10.775	11.636	39.88	0.343	228.409	70.479	21.685	71.989	2.452	17.424	22.481	油层	长4+5!2^(2_2)
耿181	2446.250	12.426	87.574	22.413	19.251	0.356	0.906	10.217	11.276	41.015	0.344	225.806	71.012	21.706	75.649	2.452	17.997	22.413	油层	长4+5!2^(2_2)
耿181	2446.375	11.797	88.203	22.348	19.69	0.324	0.802	10.042	10.968	42.046	0.345	223.57	71.512	21.731	74.366	2.457	18.456	22.348	油层	长4+5!2^(2_2)
耿181	2446.500	10.793	89.207	22.297	20.069	0.339	0.744	10.141	10.785	42.692	0.345	222.244	71.974	21.76	71.75	2.467	18.568	22.297	油层	长4+5!2^(2_2)
耿181	2446.625	12.168	87.832	22.324	20.345	0.275	0.738	9.696	10.763	42.74	0.345	222.085	72.391	21.791	75.706	2.473	18.11	22.324	油层	长4+5!2^(2_2)
耿181	2446.750	14.215	85.785	22.481	20.564	0.223	0.75	9.269	10.803	42.458	0.343	222.374	72.768	21.817	81.212	2.477	17.505	22.481	油层	长4+5!2^(2_2)
耿181	2446.875	14.591	85.409	22.8	20.794	0.214	0.769	9.193	10.864	41.96	0.34	222.816	73.107	21.829	82.127	2.479	17.195	22.8	油层	长4+5!2^(2_2)
耿181	2447.000	13.304	86.696	23.302	21.106	0.254	0.795	9.554	10.949	41.233	0.335	223.432	73.407	21.815	78.579	2.478	17.1	23.302	油层	长4+5!2^(2_2)
耿181	2447.125	12.64	87.36	24.025	21.599	0.279	0.81	9.742	10.995	40.467	0.327	223.766	73.664	21.762	76.69	2.471	17.266	24.024	油层	长4+5!2^(2_2)
耿181	2447.250	12.738	87.262	24.883	22.353	0.276	0.8	9.718	10.962	39.862	0.318	223.529	73.887	21.686	77.012	2.467	17.806	24.884	油层	长4+5!2^(2_2)
耿181	2447.375	12.563	87.437	25.764	23.451	0.265	0.748	9.632	10.797	39.678	0.31	222.337	74.076	21.611	76.791	2.472	18.537	25.765	油层	长4+5!2^(2_2)
耿181	2447.500	11.815	88.185	26.518	24.791	0.256	0.659	9.564	10.491	40.069	0.304	220.119	74.235	21.564	75.169	2.486	19.007	26.518	油层	长4+5!2^(2_2)
耿181	2447.625	10.828	89.172	26.959	25.938	0.208	0.427	8.052	10.043	41.24	0.256	216.866	74.361	21.567	73.017	2.504	18.628	26.959	油层	长4+5!2^(2_2)
耿181	2447.750	9.868	90.132	27.071	26.452	0.048	0.01	1.89	9.613	42.704	0.06	213.754	74.463	21.609	70.82	2.52	17.398	27.071	油层	长4+5!2^(2_2)
耿181	2447.875	14.21	85.79	26.878	26.16	0.0	0.01	0.0	2.434	85.785	0.0	211.32	74.542	21.679	68.437	2.532	15.418	26.878		长4+5!2^(2_2)
耿181	2448.000	15.298	84.702	26.454	25.235	0.0	0.01	0.0	0.1	99.9	0.0	209.681	74.602	21.747	67.245	2.535	13.693	26.454		长4+5!2^(2_2)
耿181	2448.125	15.649	84.351	25.859	24.131	0.0	0.01	0.0	0.1	99.9	0.0	209.416	74.643	21.84	67.76	2.529	13.321	25.86		长4+5!2^(2_2)
耿181	2448.250	17.332	82.668	25.174	23.295	0.033	0.01	1.74	0.1	99.9	0.065	210.318	74.673	21.925	70.179	2.524	14.044	25.174		长4+5!2^(2_2)
耿181	2448.375	13.469	86.531	24.41	22.834	0.135	0.01	7.303	7.126	59.233	0.277	212.207	74.693	21.984	75.548	2.522	15.118	24.409		长4+5!2^(2_2)
耿181	2448.500	14.655	85.345	23.561	22.658	0.122	0.01	8.064	9.732	45.292	0.333	214.616	74.708	22.004	84.07	2.521	16.101	23.561	油层	长4+5!2^(2_2)
耿181	2448.625	18.322	81.678	22.621	22.642	0.095	0.556	7.543	10.09	44.839	0.344	217.214	74.72	21.98	92.466	2.515	17.012	22.622	油层	长4+5!2^(2_2)
耿181	2448.750	19.96	80.04	21.636	22.63	0.094	0.648	7.528	10.448	44.523	0.356	219.802	74.734	21.931	95.649	2.5	17.782	21.635	油层	长4+5!2^(2_2)
耿181	2448.875	18.942	81.058	20.654	22.501	0.124	0.754	8.037	10.816	44.257	0.368	222.465	74.752	21.872	92.78	2.479	18.233	20.653	油层	长4+5!2^(2_2)
耿181	2449.000	16.5	83.5	19.739	22.129	0.19	0.89	8.959	11.232	43.845	0.379	225.484	74.777	21.816	86.353	2.454	18.156	19.739	油层	长4+5!2^(2_2)
耿181	2449.125	14.672	85.328	18.986	21.373	0.287	1.044	9.765	11.644	43.37	0.39	228.472	74.816	21.779	81.1	2.435	17.709	18.987	油层	长4+5!2^(2_2)
耿181	2449.250	13.861	86.139	18.433	20.355	0.36	1.174	10.252	11.96	43.03	0.397	230.763	74.869	21.768	78.478	2.43	17.424	18.432	油层	长4+5!2^(2_2)
耿181	2449.375	13.956	86.044	18.11	19.292	0.386	1.249	10.398	12.13	42.896	0.403	231.995	74.941	21.787	78.458	2.43	17.513	18.11	油层	长4+5!2^(2_2)
耿181	2449.500	15.098	84.902	18.029	18.477	0.346	1.264	10.181	12.165	42.889	0.405	232.244	75.036	21.827	81.378	2.438	17.716	18.029	油层	长4+5!2^(2_2)
耿181	2449.625	20.197	79.803	18.216	18.264	0.196	1.273	8.85	12.183	42.616	0.403	232.376	75.165	21.876	93.161	2.454	17.575	18.216	油层	长4+5!2^(2_2)
耿181	2449.750	30.701	69.299	18.594	18.664	0.086	1.318	6.976	12.281	41.898	0.398	233.083	75.328	21.919	113.183	2.465	17.557	18.595	油层	长4+5!2^(2_2)
耿181	2449.875	43.885	56.115	19.127	19.658	0.033	1.415	5.194	12.48	40.753	0.392	234.529	75.532	21.943	133.156	2.474	18.286	19.127		长4+5!2^(2_2)
耿181	2450.000	48.453	51.547	19.79	21.238	0.018	1.542	4.187	12.727	39.405	0.383	236.317	75.784	21.936	143.078	2.48	19.699	19.79		长4+5!2^(2_2)
耿181	2450.125	46.11	53.89	20.624	23.529	0.032	1.63	5.213	12.889	38.196	0.371	237.491	76.103	21.895	135.602	2.479	21.175	20.623		长4+5!2^(2_2)
耿181	2450.250	34.557	65.443	21.635	26.396	0.078	1.63	6.842	12.888	37.294	0.356	237.486	76.486	21.84	118.803	2.482	22.66	21.636		长4+5!2^(2_2)
耿181	2450.375	23.66	76.34	22.822	29.747	0.166	1.495	8.533	12.635	36.923	0.341	235.654	76.943	21.789	99.792	2.493	23.835	22.824		长4+5!2^(2_2)
耿181	2450.500	16.053	83.947	24.123	33.363	0.289	1.207	9.815	12.039	37.406	0.326	231.33	77.479	21.755	83.979	2.509	23.534	24.123		长4+5!2^(2_2)
耿181	2450.625	11.598	88.402	25.386	36.738	0.284	0.844	8.595	11.075	39.155	0.268	224.341	78.119	21.719	73.564	2.527	20.744	25.385	油层	长4+5!2^(2_2)
耿181	2450.750	8.885	91.115	26.428	39.245	0.069	0.325	2.034	10.009	41.812	0.063	216.628	78.85	21.652	67.13	2.544	17.049	26.429	油层	长4+5!2^(2_2)
耿181	2450.875	11.433	88.567	27.109	40.329	0.0	0.01	0.0	2.468	85.707	0.0	210.166	79.679	21.551	63.663	2.554	13.955	27.109	油层	长4+5!2^(2_2)
耿181	2451.000	9.909	90.091	27.351	39.633	0.0	0.01	0.0	0.1	99.9	0.0	206.538	80.603	21.441	58.774	2.555	11.733	27.351	油层	长4+5!2^(2_2)
耿181	2451.125	7.923	92.077	27.096	36.982	0.0	0.01	0.0	0.1	99.9	0.0	206.638	81.64	21.366	55.377	2.542	10.395	27.097	油层	长4+5!2^(2_2)
耿181	2451.250	6.581	93.419	26.507	33.331	0.113	0.01	2.235	0.1	99.9	0.062	209.249	82.765	21.338	52.997	2.524	10.042	26.507	油层	长4+5!2^(2_2)
耿181	2451.375	5.1	94.9	25.693	29.503	0.486	0.01	9.526	7.31	57.658	0.265	213.481	83.974	21.343	53.048	2.504	10.936	25.692	油层	长4+5!2^(2_2)
耿181	2451.500	5.908	94.092	24.754	26.189	0.612	0.608	11.341	10.3	42.122	0.318	218.73	85.252	21.356	56.692	2.486	12.793	24.754	油层	长4+5!2^(2_2)
耿181	2451.625	7.926	92.074	23.757	23.903	0.595	0.816	11.286	11.006	40.666	0.328	223.852	86.597	21.354	62.459	2.476	14.74	23.758	油层	长4+5!2^(2_2)
耿181	2451.750	9.38	90.62	22.746	22.439	0.601	1.004	11.305	11.54	39.93	0.339	227.712	87.978	21.352	66.276	2.474	16.01	22.745	油层	长4+5!2^(2_2)
耿181	2451.875	9.757	90.243	21.733	21.487	0.633	1.112	11.409	11.815	40.041	0.351	229.712	89.382	21.37	67.018	2.475	16.631	21.732	油层	长4+5!2^(2_2)
耿181	2452.000	9.419	90.581	20.715	20.702	0.67	1.115	11.527	11.823	40.985	0.364	229.77	90.781	21.419	65.962	2.481	16.986	20.715	油层	长4+5!2^(2_2)
耿181	2452.125	8.72	91.28	19.671	19.784	0.711	1.061	11.645	11.69	42.467	0.378	228.804	92.156	21.497	63.975	2.492	17.07	19.673	油层	长4+5!2^(2_2)
耿181	2452.250	8.191	91.809	18.603	18.633	0.788	1.065	11.849	11.699	43.644	0.394	228.871	93.482	21.584	62.262	2.503	16.618	18.602	油层	长4+5!2^(2_2)
耿181	2452.375	8.134	91.866	17.531	17.269	0.755	1.212	10.281	12.046	43.866	0.347	231.377	94.744	21.659	61.529	2.512	15.56	17.53	油层	长4+5!2^(2_2)
耿181	2452.500	8.673	91.327	16.503	15.8	0.0	1.545	0.0	12.732	43.136	0.0	236.356	95.919	21.709	62.184	2.519	14.357	16.503	油层	长4+5!2^(2_2)
耿181	2452.625	11.776	88.224	15.593	14.425	0.0	1.52	0.0	10.185	56.38	0.0	243.881	96.974	21.728	66.084	2.519	13.768	15.594		长4+5!2^(2_2)
耿181	2452.750	21.466	78.534	14.81	13.308	0.0	0.01	0.0	0.1	99.9	0.0	252.258	97.91	21.734	75.651	2.52	14.477	14.81		长4+5!2^(2_2)
耿181	2452.875	34.395	65.605	14.127	12.52	0.0	0.01	0.0	0.1	99.9	0.0	259.621	98.718	21.739	90.874	2.529	17.048	14.127		长4+5!2^(2_2)
耿181	2453.000	52.093	47.907	13.501	12.038	0.0	0.01	0.0	0.1	99.9	0.0	264.101	99.387	21.751	107.886	2.545	21.262	13.501		长4+5!2^(2_3)
耿181	2453.125	68.274	31.726	12.894	11.772	0.0	0.01	0.0	0.1	99.9	0.0	263.677	99.889	21.771	120.356	2.563	25.093	12.895		长4+5!2^(2_3)
耿181	2453.250	73.592	26.408	12.314	11.556	0.0	0.01	0.0	0.1	99.9	0.0	259.2	100.246	21.795	124.079	2.581	26.406	12.314		长4+5!2^(2_3)
耿181	2453.375	66.81	33.19	11.805	11.311	0.0	0.01	0.0	0.1	99.9	0.0	251.928	100.459	21.817	119.326	2.598	24.942	11.804		长4+5!2^(2_3)
耿181	2453.500	54.922	45.078	11.424	11.025	0.0	0.01	0.0	0.1	99.9	0.0	244.052	100.529	21.84	110.236	2.603	21.901	11.424		长4+5!2^(2_3)
耿181	2453.625	49.538	50.462	11.253	10.762	0.0	0.01	0.0	0.1	99.9	0.0	237.68	100.44	21.864	105.695	2.598	18.901	11.253		长4+5!2^(2_3)
耿181	2453.750	50.568	49.432	11.275	10.609	0.0	0.01	0.0	0.1	99.9	0.0	233.366	100.222	21.887	106.577	2.586	17.302	11.275		长4+5!2^(2_3)
耿181	2453.875	52.831	47.169	11.465	10.619	0.0	0.01	0.0	0.1	99.9	0.0	231.604	99.88	21.904	108.502	2.573	17.788	11.466		长4+5!2^(2_3)
耿181	2454.000	52.869	47.131	11.783	10.8	0.0	0.01	0.0	0.1	99.9	0.0	231.949	99.425	21.911	108.538	2.563	19.581	11.783		长4+5!2^(2_3)
耿181	2454.125	48.849	51.151	12.197	11.159	0.0	0.01	0.0	0.1	99.9	0.0	233.275	98.846	21.911	105.081	2.562	20.669	12.196		长4+5!2^(2_3)
耿181	2454.250	44.081	55.919	12.66	11.652	0.0	0.01	0.0	0.1	99.9	0.0	234.019	98.173	21.91	100.77	2.572	20.579	12.66		长4+5!2^(2_3)
耿181	2454.375	41.259	58.741	13.162	12.278	0.0	0.01	0.0	0.1	99.9	0.0	234.026	97.413	21.91	98.1	2.58	20.25	13.163		长4+5!2^(2_3)
耿181	2454.500	43.075	56.925	13.704	13.038	0.0	0.01	0.0	0.1	99.9	0.0	233.82	96.578	21.911	99.838	2.573	20.364	13.704		长4+5!2^(2_3)
耿181	2454.625	48.852	51.148	14.301	13.932	0.0	0.01	0.0	0.1	99.9	0.0	234.102	95.666	21.906	105.071	2.55	20.769	14.3		长4+5!2^(2_3)
耿181	2454.750	52.743	47.257	14.946	14.896	0.0	0.01	0.0	0.1	99.9	0.0	234.737	94.702	21.891	108.429	2.533	20.847	14.946		长4+5!2^(2_3)
耿181	2454.875	52.92	47.08	15.633	15.888	0.0	0.01	0.0	0.1	99.9	0.0	235.354	93.692	21.864	108.58	2.523	20.804	15.634		长4+5!2^(2_3)
耿181	2455.000	53.595	46.405	16.34	16.867	0.0	0.01	0.0	0.1	99.9	0.0	235.765	92.652	21.829	109.143	2.52	21.343	16.34		长4+5!2^(2_3)
耿181	2455.125	57.218	42.782	17.017	17.756	0.0	0.01	0.0	0.1	99.9	0.0	235.813	91.585	21.79	112.077	2.517	22.792	17.017		长4+5!2^(2_3)
耿181	2455.250	59.392	40.608	17.608	18.461	0.019	0.01	1.499	0.1	99.9	0.081	235.636	90.51	21.751	113.8	2.513	24.014	17.608		长4+5!2^(2_3)
耿181	2455.375	35.876	64.124	18.075	18.892	0.086	1.082	6.501	9.428	56.205	0.345	235.039	89.434	21.719	109.975	2.502	23.676	18.075		长4+5!2^(2_3)
耿181	2455.500	23.722	76.278	18.408	19.017	0.14	1.358	8.334	12.365	41.864	0.4	233.695	88.372	21.695	100.583	2.487	21.577	18.408	油水同层	长4+5!2^(2_3)
耿181	2455.625	19.487	80.513	18.625	18.898	0.19	1.228	8.94	12.083	42.441	0.396	231.648	87.335	21.68	91.998	2.478	19.128	18.625	油水同层	长4+5!2^(2_3)
耿181	2455.750	17.696	82.304	18.801	18.753	0.206	1.114	9.119	11.819	43.035	0.393	229.741	86.331	21.672	88.304	2.481	17.885	18.801	油水同层	长4+5!2^(2_3)
耿181	2455.875	17.943	82.057	18.993	18.729	0.192	1.045	8.982	11.648	43.345	0.39	228.501	85.366	21.666	89.149	2.488	17.778	18.994	油水同层	长4+5!2^(2_3)
耿181	2456.000	18.497	81.503	19.246	18.914	0.172	1.008	8.762	11.555	43.352	0.387	227.825	84.452	21.661	90.593	2.49	17.846	19.246	油水同层	长4+5!2^(2_3)
耿181	2456.125	18.593	81.407	19.585	19.383	0.163	0.972	8.649	11.458	43.282	0.382	227.125	83.603	21.657	90.966	2.485	17.517	19.585	油水同层	长4+5!2^(2_3)
耿181	2456.250	18.362	81.638	19.958	20.095	0.156	0.904	8.553	11.27	43.479	0.377	225.764	82.818	21.655	90.726	2.484	17.088	19.958	油水同层	长4+5!2^(2_3)
耿181	2456.375	17.361	82.639	20.303	20.994	0.154	0.807	8.534	10.984	44.053	0.372	223.694	82.1	21.656	88.824	2.488	16.82	20.304	油水同层	长4+5!2^(2_3)
耿181	2456.500	15.841	84.159	20.556	21.931	0.161	0.712	8.619	10.678	44.838	0.368	221.469	81.457	21.661	85.596	2.501	16.575	20.556	油水同层	长4+5!2^(2_3)
耿181	2456.625	14.347	85.653	20.664	22.628	0.173	0.634	8.77	10.396	45.743	0.367	219.429	80.902	21.668	82.216	2.518	15.938	20.664	油水同层	长4+5!2^(2_3)
耿181	2456.750	12.817	87.183	20.673	22.917	0.193	0.573	8.986	10.162	46.623	0.366	217.729	80.427	21.676	78.475	2.529	14.921	20.673	油水同层	长4+5!2^(2_3)
耿181	2456.875	11.393	88.607	20.641	22.778	0.22	0.145	9.249	10.019	47.216	0.367	216.697	80.031	21.682	74.703	2.524	14.254	20.641	油水同层	长4+5!2^(2_3)
耿181	2457.000	10.555	89.445	20.62	22.339	0.247	0.535	9.496	10.003	47.303	0.367	216.583	79.719	21.685	72.275	2.508	14.336	20.62	油水同层	长4+5!2^(2_3)
耿181	2457.125	10.776	89.224	20.621	21.802	0.252	0.568	9.53	10.143	46.754	0.367	217.595	79.501	21.685	72.704	2.487	14.686	20.621	油水同层	长4+5!2^(2_3)
耿181	2457.250	11.922	88.078	20.6	21.333	0.236	0.631	9.392	10.385	45.86	0.367	219.345	79.365	21.681	75.618	2.471	14.92	20.6	油水同层	长4+5!2^(2_3)
耿181	2457.375	13.934	86.066	20.511	20.967	0.202	0.7	9.07	10.633	45.05	0.368	221.142	79.309	21.673	80.718	2.464	15.45	20.511	油水同层	长4+5!2^(2_3)
耿181	2457.500	16.379	83.621	20.333	20.687	0.159	0.75	8.596	10.803	44.64	0.371	222.379	79.33	21.659	86.73	2.465	16.588	20.333	油水同层	长4+5!2^(2_3)
耿181	2457.625	17.427	82.573	20.071	20.466	0.152	0.78	8.504	10.9	44.597	0.375	223.077	79.44	21.638	89.115	2.472	17.434	20.071	油水同层	长4+5!2^(2_3)
耿181	2457.750	16.307	83.693	19.784	20.273	0.188	0.813	8.893	11.003	44.561	0.379	223.828	79.623	21.614	86.217	2.486	17.119	19.784	油水同层	长4+5!2^(2_3)
耿181	2457.875	13.662	86.338	19.52	20.101	0.272	0.861	9.638	11.147	44.373	0.382	224.87	79.876	21.591	79.204	2.5	16.18	19.519	油水同层	长4+5!2^(2_3)
耿181	2458.000	11.358	88.642	19.309	19.952	0.399	0.924	10.468	11.328	44.014	0.384	226.178	80.198	21.572	72.543	2.51	15.716	19.309	油水同层	长4+5!2^(2_3)
耿181	2458.125	10.708	89.292	19.173	19.842	0.48	1.004	10.84	11.544	43.472	0.386	227.744	80.597	21.56	70.304	2.515	16.259	19.173	油水同层	长4+5!2^(2_3)
耿181	2458.250	10.618	89.382	19.088	19.786	0.547	1.094	11.106	11.769	42.863	0.387	229.379	81.06	21.551	69.684	2.515	17.138	19.088	油水同层	长4+5!2^(2_3)
耿181	2458.375	10.413	89.587	19.022	19.81	0.618	1.189	11.355	11.996	42.252	0.388	231.016	81.588	21.536	68.716	2.509	17.867	19.022	油水同层	长4+5!2^(2_3)
耿181	2458.500	10.511	89.489	18.94	19.952	0.676	1.288	11.543	12.217	41.695	0.389	232.621	82.178	21.503	68.659	2.506	18.307	18.94	油水同层	长4+5!2^(2_3)
耿181	2458.625	11.568	88.432	18.801	20.278	0.617	1.371	11.354	12.391	41.352	0.391	233.882	82.842	21.442	71.454	2.509	18.466	18.801	油水同层	长4+5!2^(2_3)
耿181	2458.750	13.216	86.784	18.601	20.748	0.519	1.433	10.988	12.515	41.224	0.394	234.783	83.57	21.36	75.844	2.51	18.783	18.601	油水同层	长4+5!2^(2_3)
耿181	2458.875	15.455	84.545	18.346	21.252	0.404	1.477	10.47	12.602	41.27	0.399	235.409	84.364	21.272	81.55	2.506	19.236	18.346	油水同层	长4+5!2^(2_3)
耿181	2459.000	18.409	81.591	18.051	21.586	0.289	1.516	9.815	12.678	41.395	0.405	235.96	85.223	21.19	88.621	2.497	20.679	18.051	油水同层	长4+5!2^(2_3)
耿181	2459.125	20.07	79.93	17.738	21.469	0.257	1.549	9.571	12.741	41.584	0.41	236.417	86.159	21.133	92.282	2.484	22.096	17.738	油水同层	长4+5!2^(2_3)
耿181	2459.250	19.027	80.973	17.442	20.91	0.294	1.563	9.825	12.765	41.868	0.415	236.595	87.158	21.109	89.881	2.471	21.898	17.442	油水同层	长4+5!2^(2_3)
耿181	2459.375	16.345	83.655	17.195	20.049	0.386	1.552	10.377	12.746	42.222	0.419	236.453	88.224	21.124	83.567	2.463	20.099	17.195	油水同层	长4+5!2^(2_3)
耿181	2459.500	14.067	85.933	17.029	19.123	0.501	1.518	10.934	12.681	42.609	0.421	235.983	89.348	21.18	77.888	2.457	18.247	17.029	油水同层	长4+5!2^(2_3)
耿181	2459.625	13.195	86.805	16.992	18.396	0.532	1.465	11.057	12.579	42.948	0.422	235.245	90.539	21.274	75.716	2.451	17.482	16.992	油水同层	长4+5!2^(2_3)
耿181	2459.750	12.814	87.186	17.081	17.96	0.529	1.393	11.046	12.436	43.25	0.42	234.212	91.778	21.382	74.9	2.446	17.092	17.081	油水同层	长4+5!2^(2_3)
耿181	2459.875	12.429	87.571	17.295	17.842	0.509	1.287	10.964	12.214	43.641	0.417	232.605	93.062	21.485	74.186	2.446	16.64	17.296	油水同层	长4+5!2^(2_3)
耿181	2460.000	11.716	88.284	17.609	18.05	0.482	1.132	10.853	11.863	44.327	0.411	230.059	94.378	21.57	72.726	2.457	16.208	17.609	油水同层	长4+5!2^(2_3)
耿181	2460.125	11.019	88.981	17.975	18.61	0.072	0.937	1.629	11.36	45.515	0.062	226.413	95.72	21.625	71.506	2.485	15.993	17.975	油水同层	长4+5!2^(2_3)
耿181	2460.250	14.221	85.779	18.317	19.352	0.0	0.416	0.0	5.567	73.131	0.0	222.533	97.071	21.656	70.943	2.522	15.781	18.317		长4+5!2^(2_3)
耿181	2460.375	17.235	82.765	18.588	20.084	0.0	0.01	0.0	0.1	99.9	0.0	219.098	98.423	21.668	70.067	2.559	15.236	18.588		长4+5!2^(2_3)
耿181	2460.500	15.601	84.399	18.756	20.588	0.0	0.01	0.0	0.1	99.9	0.0	216.773	99.761	21.668	67.693	2.588	14.111	18.756		
耿181	2460.625	14.587	85.413	18.801	20.644	0.0	0.01	0.0	0.1	99.9	0.0	216.413	101.068	21.665	66.178	2.6	12.643	18.801		
耿181	2460.750	17.593	82.407	18.745	20.308	0.0	0.01	0.0	0.1	99.9	0.0	217.958	102.337	21.663	70.495	2.599	11.863	18.745		
耿181	2460.875	25.11	74.89	18.59	19.688	0.0	0.01	0.0	0.1	99.9	0.0	221.332	103.562	21.663	80.373	2.593	12.428	18.59		
耿181	2367.125--2460.875(平均)	42.8	57.2	15.969	16.106	0.122	0.44	3.642	5.033	79.637	0.158	238.669	95.466	21.833	102.047	2.531	21.923	15.969		
耿181	2367.125--2460.875(最大)	99.9	96.054	28.479	40.329	1.606	2.293	13.305	13.927	99.9	0.774	311.715	118.988	25.965	169.741	2.68	46.106	28.479		
耿181	2367.125--2460.875(最小)	3.946	0.1	7.466	6.365	0.0	0.01	0.0	0.1	33.773	0.0	196.46	63.344	21.085	48.426	1.927	10.042	7.466		
