井名	深度	GR	SP	SH	SS	RT	RT.1	PERM2024	PERM	POR2024	POR	SW	SW2024	AC	DEN	CAL	CNL	RT.2	解释结论	层位
耿219	2414.500	139.716	84.806	99.418	0.582	18.572	16.509	0.0	0.01	0.0	0.1	99.9	0.0	274.935	2.414	23.143	40.374	18.572		
耿219	2414.625	146.794	84.764	99.9	0.1	18.485	16.996	0.0	0.01	0.0	0.1	99.9	0.0	287.27	2.405	23.176	49.464	18.485		
耿219	2414.750	153.17	84.713	99.9	0.1	18.185	17.297	0.0	0.01	0.0	0.1	99.9	0.0	300.391	2.39	23.196	59.759	18.185		
耿219	2414.875	154.38	84.692	99.9	0.1	18.146	17.627	0.0	0.01	0.0	0.1	99.9	0.0	307.605	2.371	23.172	68.529	18.146		
耿219	2415.000	152.005	84.705	99.9	0.1	18.186	17.736	0.0	0.01	0.0	0.1	99.9	0.0	306.552	2.363	23.13	65.887	18.186		
耿219	2415.125	150.274	84.657	99.9	0.1	18.379	18.154	0.0	0.01	0.0	0.1	99.9	0.0	302.243	2.364	23.083	59.908	18.379		
耿219	2415.250	145.633	84.448	99.9	0.1	18.639	18.828	0.0	0.01	0.0	0.1	99.9	0.0	291.041	2.388	23.048	53.595	18.639		
耿219	2415.375	137.926	84.141	95.808	4.192	18.894	19.72	0.0	0.01	0.0	0.1	99.9	0.0	277.701	2.433	23.037	43.35	18.894		
耿219	2415.500	130.024	83.905	81.008	18.992	19.121	20.282	0.0	0.01	0.0	0.1	99.9	0.0	267.519	2.474	23.043	37.839	19.121		长4+5!1^(1_1)
耿219	2415.625	121.079	83.61	66.291	33.709	19.518	19.891	0.0	0.01	0.0	0.1	99.9	0.0	256.945	2.516	23.038	33.617	19.518		长4+5!1^(1_1)
耿219	2415.750	112.037	83.073	53.338	46.662	19.814	19.523	0.0	0.01	0.0	0.1	99.9	0.0	242.313	2.563	23.01	29.907	19.814		长4+5!1^(1_1)
耿219	2415.875	105.619	82.353	45.18	54.82	19.988	19.045	0.0	0.01	0.0	0.1	99.9	0.0	228.823	2.605	22.908	24.921	19.988		长4+5!1^(1_1)
耿219	2416.000	102.753	81.805	41.789	58.211	19.847	18.873	0.0	0.01	0.0	0.1	99.9	0.0	223.213	2.619	22.855	22.654	19.847		长4+5!1^(1_1)
耿219	2416.125	101.731	81.284	40.617	59.383	19.138	17.94	0.0	0.01	0.0	0.1	99.9	0.0	220.523	2.623	22.822	21.563	19.138		长4+5!1^(1_1)
耿219	2416.250	103.322	80.72	42.451	57.549	18.509	16.794	0.0	0.01	0.0	0.1	99.9	0.0	223.327	2.621	22.811	21.159	18.509		长4+5!1^(1_1)
耿219	2416.375	107.535	80.212	47.532	52.468	17.886	15.619	0.0	0.01	0.0	0.1	99.9	0.0	230.996	2.613	22.836	22.94	17.886		长4+5!1^(1_1)
耿219	2416.500	112.702	80.0	54.231	45.769	17.352	14.857	0.0	0.01	0.0	0.1	99.9	0.0	239.255	2.606	22.86	25.674	17.352		长4+5!1^(1_1)
耿219	2416.625	117.309	79.877	60.671	39.329	16.128	14.673	0.0	0.01	0.0	0.1	99.9	0.0	248.216	2.597	22.88	29.192	16.128		长4+5!1^(1_1)
耿219	2416.750	119.812	79.84	64.366	35.634	15.646	14.492	0.0	0.01	0.0	0.1	99.9	0.0	253.516	2.589	22.892	32.937	15.646		长4+5!1^(1_1)
耿219	2416.875	125.398	79.88	73.144	26.856	15.168	14.218	0.0	0.01	0.0	0.1	99.9	0.0	265.308	2.585	22.87	36.661	15.168		长4+5!1^(1_1)
耿219	2417.000	129.516	79.986	80.116	19.884	14.764	13.994	0.0	0.01	0.0	0.1	99.9	0.0	267.08	2.587	22.836	37.434	14.764		长4+5!1^(1_1)
耿219	2417.125	133.448	80.12	87.2	12.8	14.248	14.146	0.0	0.01	0.0	0.1	99.9	0.0	266.695	2.592	22.794	37.192	14.248		长4+5!1^(1_1)
耿219	2417.250	133.022	80.214	86.413	13.587	14.144	14.541	0.0	0.01	0.0	0.1	99.9	0.0	265.387	2.599	22.75	37.296	14.144		长4+5!1^(1_1)
耿219	2417.375	128.993	80.189	79.206	20.794	14.045	14.766	0.0	0.01	0.0	0.1	99.9	0.0	263.483	2.602	22.678	38.398	14.045		长4+5!1^(1_1)
耿219	2417.500	127.208	80.031	76.155	23.845	13.933	14.718	0.0	0.01	0.0	0.1	99.9	0.0	262.861	2.601	22.644	38.981	13.933		长4+5!1^(1_1)
耿219	2417.625	127.213	79.817	76.162	23.838	14.056	13.866	0.0	0.01	0.0	0.1	99.9	0.0	261.741	2.597	22.617	38.671	14.056		长4+5!1^(1_1)
耿219	2417.750	126.061	79.502	74.237	25.763	14.225	13.6	0.0	0.01	0.0	0.1	99.9	0.0	259.445	2.593	22.594	37.506	14.225		长4+5!1^(1_1)
耿219	2417.875	119.519	79.078	63.926	36.074	14.416	13.568	0.0	0.01	0.0	0.1	99.9	0.0	250.948	2.592	22.57	33.889	14.416		长4+5!1^(1_1)
耿219	2418.000	114.998	78.651	57.384	42.616	14.604	13.627	0.0	0.01	0.0	0.1	99.9	0.0	244.845	2.592	22.567	30.671	14.604		长4+5!1^(1_1)
耿219	2418.125	108.724	78.107	49.026	50.974	14.723	13.749	0.0	0.01	0.0	0.1	99.9	0.0	238.746	2.592	22.574	28.045	14.723		长4+5!1^(1_1)
耿219	2418.250	101.712	77.198	40.595	59.405	14.66	13.725	0.0	0.01	0.0	0.1	99.9	0.0	232.917	2.59	22.585	25.547	14.66		长4+5!1^(1_1)
耿219	2418.375	93.264	76.057	17.088	82.912	14.568	13.66	0.0	1.625	0.0	11.3	85.827	0.0	224.539	2.585	22.604	22.43	14.568		长4+5!1^(1_1)
耿219	2418.500	87.856	75.254	14.426	85.574	14.493	13.522	0.0	1.46	0.0	11.028	87.838	0.0	221.73	2.58	22.608	20.872	14.493		长4+5!1^(1_1)
耿219	2418.625	82.808	74.468	12.289	87.711	14.118	13.132	0.0	1.421	0.0	10.961	89.457	0.0	221.038	2.572	22.603	20.919	14.118		长4+5!1^(1_1)
耿219	2418.750	80.507	73.339	11.445	88.555	13.77	12.949	0.0	1.459	0.0	11.027	90.12	0.0	221.723	2.544	22.594	21.954	13.77		长4+5!1^(1_1)
耿219	2418.875	80.421	72.051	11.668	88.332	13.438	12.73	0.0	1.645	0.0	11.331	89.155	0.0	224.859	2.484	22.58	25.368	13.438		长4+5!1^(1_1)
耿219	2419.000	79.817	71.313	11.568	88.432	13.092	12.432	0.0	1.749	0.0	11.49	89.268	0.0	226.498	2.413	22.583	28.12	13.092		长4+5!1^(1_1)
耿219	2419.125	79.721	70.759	11.586	88.414	12.38	11.726	0.0	1.793	0.0	11.555	91.363	0.0	227.167	2.347	22.602	29.062	12.38		长4+5!1^(1_1)
耿219	2419.250	81.48	70.16	12.266	87.734	11.946	11.351	0.0	1.785	0.0	11.544	93.082	0.0	227.054	2.286	22.637	28.931	11.946		长4+5!1^(1_1)
耿219	2419.375	84.345	69.574	13.333	86.667	11.591	10.934	0.0	1.716	0.0	11.441	95.219	0.0	225.989	2.242	22.741	27.449	11.591		长4+5!1^(1_1)
耿219	2419.500	86.151	69.336	14.086	85.914	11.337	10.332	0.0	1.717	0.0	11.442	96.272	0.0	226.001	2.232	22.825	26.229	11.337		长4+5!1^(1_1)
耿219	2419.625	88.051	69.294	15.04	84.96	10.978	9.375	0.0	1.819	0.0	11.593	96.754	0.0	227.558	2.256	22.908	26.12	10.978		长4+5!1^(1_1)
耿219	2419.750	89.206	69.482	15.889	84.111	10.927	9.187	0.0	2.077	0.0	11.949	94.539	0.0	231.226	2.298	22.999	27.106	10.927		长4+5!1^(1_1)
耿219	2419.875	94.242	69.872	19.107	80.893	10.95	9.343	0.0	2.812	0.0	12.8	89.112	0.0	243.948	2.359	23.163	32.237	10.95		长4+5!1^(1_1)
耿219	2420.000	99.891	70.272	21.978	78.022	11.056	9.708	0.0	2.812	0.0	12.8	88.683	0.0	253.866	2.416	23.249	38.654	11.056		长4+5!1^(1_1)
耿219	2420.125	104.463	70.722	43.795	56.205	11.388	10.585	0.0	0.01	0.0	0.1	99.9	0.0	261.268	2.455	23.284	42.967	11.388		长4+5!1^(1_1)
耿219	2420.250	108.343	71.485	48.544	51.456	11.653	11.194	0.0	0.01	0.0	0.1	99.9	0.0	265.635	2.496	23.273	44.246	11.653		长4+5!1^(1_1)
耿219	2420.375	114.002	72.495	56.002	43.998	11.995	11.844	0.0	0.01	0.0	0.1	99.9	0.0	262.087	2.545	23.136	39.166	11.995		长4+5!1^(1_1)
耿219	2420.500	114.815	73.204	57.128	42.872	12.328	12.868	0.0	0.01	0.0	0.1	99.9	0.0	254.884	2.588	23.011	32.727	12.328		长4+5!1^(1_1)
耿219	2420.625	113.198	73.763	54.903	45.097	13.106	15.464	0.0	0.01	0.0	0.1	99.9	0.0	246.508	2.607	22.903	29.055	13.106		长4+5!1^(1_1)
耿219	2420.750	112.539	74.342	54.011	45.989	13.674	16.468	0.0	0.01	0.0	0.1	99.9	0.0	238.477	2.62	22.815	26.402	13.674		长4+5!1^(1_1)
耿219	2420.875	109.63	74.9	50.184	49.816	14.348	16.488	0.0	0.01	0.0	0.1	99.9	0.0	228.841	2.63	22.737	24.143	14.348		长4+5!1^(1_1)
耿219	2421.000	107.533	75.213	47.53	52.47	15.104	16.051	0.0	0.01	0.0	0.1	99.9	0.0	224.343	2.637	22.72	22.749	15.104		长4+5!1^(1_1)
耿219	2421.125	107.45	75.464	47.426	52.574	16.535	15.639	0.0	0.01	0.0	0.1	99.9	0.0	222.798	2.639	22.733	22.47	16.535		长4+5!1^(1_1)
耿219	2421.250	107.729	75.73	47.774	52.226	17.507	15.576	0.0	0.01	0.0	0.1	99.9	0.0	222.082	2.64	22.757	22.526	17.507		长4+5!1^(1_1)
耿219	2421.375	107.092	75.988	46.983	53.017	18.215	15.753	0.0	0.01	0.0	0.1	99.9	0.0	221.602	2.638	22.811	22.939	18.215		长4+5!1^(1_1)
耿219	2421.500	108.073	76.161	48.204	51.796	18.66	15.995	0.0	0.01	0.0	0.1	99.9	0.0	221.209	2.63	22.85	23.28	18.66		长4+5!1^(1_1)
耿219	2421.625	111.045	76.346	52.025	47.975	18.99	15.998	0.0	0.01	0.0	0.1	99.9	0.0	220.856	2.618	22.883	23.147	18.99		长4+5!1^(1_1)
耿219	2421.750	113.466	76.707	55.267	44.733	19.039	15.593	0.0	0.01	0.0	0.1	99.9	0.0	220.802	2.6	22.921	22.798	19.039		长4+5!1^(1_1)
耿219	2421.875	118.25	77.205	62.042	37.958	18.834	14.918	0.0	0.01	0.0	0.1	99.9	0.0	223.902	2.571	23.015	22.974	18.834		长4+5!1^(1_1)
耿219	2422.000	121.957	77.579	67.648	32.352	18.353	14.431	0.0	0.01	0.0	0.1	99.9	0.0	229.502	2.547	23.1	24.691	18.353		长4+5!1^(1_1)
耿219	2422.125	124.671	77.887	71.958	28.042	17.276	14.699	0.0	0.01	0.0	0.1	99.9	0.0	237.566	2.551	23.184	28.481	17.276		长4+5!1^(1_1)
耿219	2422.250	127.157	78.242	76.068	23.932	16.491	15.211	0.0	0.01	0.0	0.1	99.9	0.0	247.939	2.567	23.27	34.62	16.491		长4+5!1^(1_1)
耿219	2422.375	130.555	78.62	81.947	18.053	15.669	15.526	0.0	0.01	0.0	0.1	99.9	0.0	264.727	2.597	23.377	44.025	15.669		长4+5!1^(1_1)
耿219	2422.500	133.491	78.842	87.28	12.72	14.769	15.386	0.0	0.01	0.0	0.1	99.9	0.0	274.806	2.624	23.414	50.735	14.769		长4+5!1^(1_1)
耿219	2422.625	136.625	78.982	93.245	6.755	13.223	13.647	0.0	0.01	0.0	0.1	99.9	0.0	276.333	2.617	23.401	47.978	13.223		长4+5!1^(1_1)
耿219	2422.750	141.293	79.065	99.9	0.1	12.424	12.453	0.0	0.01	0.0	0.1	99.9	0.0	274.18	2.59	23.371	43.067	12.424		长4+5!1^(1_1)
耿219	2422.875	151.83	79.105	99.9	0.1	11.871	11.782	0.0	0.01	0.0	0.1	99.9	0.0	270.17	2.535	23.339	39.463	11.871		长4+5!1^(1_1)
耿219	2423.000	160.635	79.112	99.9	0.1	11.426	11.54	0.0	0.01	0.0	0.1	99.9	0.0	270.378	2.477	23.342	40.494	11.426		长4+5!1^(1_1)
耿219	2423.125	163.947	79.088	99.9	0.1	10.943	11.543	0.0	0.01	0.0	0.1	99.9	0.0	275.415	2.466	23.361	46.51	10.943		长4+5!1^(1_1)
耿219	2423.250	164.714	79.012	99.9	0.1	10.762	11.409	0.0	0.01	0.0	0.1	99.9	0.0	281.559	2.479	23.364	52.348	10.762		长4+5!1^(1_1)
耿219	2423.375	161.748	78.89	99.9	0.1	10.694	11.209	0.0	0.01	0.0	0.1	99.9	0.0	282.705	2.525	23.246	49.655	10.694		长4+5!1^(1_1)
耿219	2423.500	158.436	78.753	99.9	0.1	10.732	11.164	0.0	0.01	0.0	0.1	99.9	0.0	275.44	2.586	23.091	38.162	10.732		长4+5!1^(1_1)
耿219	2423.625	154.604	78.588	99.9	0.1	11.211	12.212	0.0	0.01	0.0	0.1	99.9	0.0	262.382	2.616	22.936	31.411	11.211		长4+5!1^(1_1)
耿219	2423.750	147.943	78.324	99.9	0.1	11.649	13.541	0.0	0.01	0.0	0.1	99.9	0.0	247.576	2.628	22.795	26.841	11.649		长4+5!1^(1_1)
耿219	2423.875	132.333	77.941	85.149	14.851	12.136	14.994	0.0	0.01	0.0	0.1	99.9	0.0	230.362	2.623	22.662	24.128	12.136		长4+5!1^(1_1)
耿219	2424.000	117.06	77.591	60.311	39.689	12.716	16.019	0.0	0.01	0.0	0.1	99.9	0.0	219.782	2.604	22.614	22.986	12.716		长4+5!1^(1_2)
耿219	2424.125	108.219	77.29	48.389	51.611	13.985	16.057	0.0	0.01	0.0	0.1	99.9	0.0	217.716	2.581	22.616	23.167	13.985		长4+5!1^(1_2)
耿219	2424.250	101.199	76.983	40.013	59.987	14.893	15.914	0.0	0.01	0.0	0.1	99.9	0.0	217.01	2.55	22.626	23.154	14.893		长4+5!1^(1_2)
耿219	2424.375	96.602	76.712	34.999	65.001	15.732	16.052	0.0	0.01	0.0	0.1	99.9	0.0	215.598	2.5	22.649	22.58	15.732		长4+5!1^(1_2)
耿219	2424.500	94.66	76.65	32.985	67.015	16.554	16.289	0.0	0.01	0.0	0.1	99.9	0.0	213.761	2.44	22.675	21.479	16.554		长4+5!1^(1_2)
耿219	2424.625	94.335	76.737	32.654	67.346	17.218	16.028	0.0	0.01	0.0	0.1	99.9	0.0	212.711	2.403	22.705	20.961	17.218		长4+5!1^(1_2)
耿219	2424.750	94.344	76.991	32.663	67.337	17.25	15.323	0.0	0.01	0.0	0.1	99.9	0.0	212.542	2.384	22.745	20.748	17.25		长4+5!1^(1_2)
耿219	2424.875	95.953	77.439	34.32	65.68	16.986	14.503	0.0	0.01	0.0	0.1	99.9	0.0	215.414	2.375	22.843	21.356	16.986		长4+5!1^(1_2)
耿219	2425.000	99.344	77.909	37.947	62.053	16.614	13.94	0.0	0.01	0.0	0.1	99.9	0.0	220.925	2.377	22.942	23.689	16.614		长4+5!1^(1_2)
耿219	2425.125	104.411	78.435	43.732	56.268	15.777	14.144	0.0	0.01	0.0	0.1	99.9	0.0	227.283	2.383	23.036	26.913	15.777		长4+5!1^(1_2)
耿219	2425.250	111.996	79.245	53.284	46.716	15.231	14.767	0.0	0.01	0.0	0.1	99.9	0.0	235.142	2.397	23.138	31.733	15.231		长4+5!1^(1_2)
耿219	2425.375	122.418	80.269	68.368	31.632	14.929	15.45	0.0	0.01	0.0	0.1	99.9	0.0	246.751	2.433	23.26	38.212	14.929		长4+5!1^(1_2)
耿219	2425.500	130.923	81.022	82.602	17.398	14.814	16.044	0.0	0.01	0.0	0.1	99.9	0.0	256.965	2.496	23.304	44.845	14.814		长4+5!1^(1_2)
耿219	2425.625	134.228	81.592	88.657	11.343	15.015	17.559	0.0	0.01	0.0	0.1	99.9	0.0	259.007	2.559	23.263	43.659	15.015		长4+5!1^(1_2)
耿219	2425.750	137.49	82.239	94.944	5.056	15.149	19.377	0.0	0.01	0.0	0.1	99.9	0.0	257.3	2.609	23.177	40.58	15.149		长4+5!1^(1_2)
耿219	2425.875	140.466	82.948	99.9	0.1	15.229	21.497	0.0	0.01	0.0	0.1	99.9	0.0	249.558	2.649	23.01	36.663	15.229		长4+5!1^(1_2)
耿219	2426.000	141.071	83.453	99.9	0.1	15.344	23.074	0.0	0.01	0.0	0.1	99.9	0.0	239.153	2.671	22.893	31.649	15.344		长4+5!1^(1_2)
耿219	2426.125	138.38	83.768	96.714	3.286	15.537	21.417	0.0	0.01	0.0	0.1	99.9	0.0	233.413	2.674	22.853	29.809	15.537		长4+5!1^(1_2)
耿219	2426.250	135.164	84.044	90.429	9.571	15.568	18.969	0.0	0.01	0.0	0.1	99.9	0.0	229.401	2.666	22.843	28.442	15.568		长4+5!1^(1_2)
耿219	2426.375	132.219	84.333	84.94	15.06	15.528	16.817	0.0	0.01	0.0	0.1	99.9	0.0	228.052	2.651	22.873	27.387	15.528		长4+5!1^(1_2)
耿219	2426.500	131.419	84.514	83.492	16.508	15.503	14.853	0.0	0.01	0.0	0.1	99.9	0.0	230.193	2.624	22.913	26.425	15.503		长4+5!1^(1_2)
耿219	2426.625	134.478	84.606	89.128	10.872	15.298	12.7	0.0	0.01	0.0	0.1	99.9	0.0	235.303	2.594	22.95	26.763	15.298		长4+5!1^(1_2)
耿219	2426.750	138.19	84.696	96.334	3.666	15.148	11.875	0.0	0.01	0.0	0.1	99.9	0.0	243.046	2.567	22.991	28.434	15.148		长4+5!1^(1_2)
耿219	2426.875	142.106	84.795	99.9	0.1	15.074	11.982	0.0	0.01	0.0	0.1	99.9	0.0	256.5	2.545	23.058	32.796	15.074		长4+5!1^(1_2)
耿219	2427.000	144.771	84.825	99.9	0.1	14.971	12.361	0.0	0.01	0.0	0.1	99.9	0.0	272.67	2.536	23.104	43.022	14.971		长4+5!1^(1_2)
耿219	2427.125	143.374	84.794	99.9	0.1	14.591	12.941	0.0	0.01	0.0	0.1	99.9	0.0	278.132	2.543	23.108	44.423	14.591		长4+5!1^(1_2)
耿219	2427.250	140.318	84.677	99.9	0.1	14.324	13.403	0.0	0.01	0.0	0.1	99.9	0.0	278.213	2.559	23.085	40.938	14.324		长4+5!1^(1_2)
耿219	2427.375	134.863	84.45	89.856	10.144	14.245	13.917	0.0	0.01	0.0	0.1	99.9	0.0	268.794	2.576	23.014	35.047	14.245		长4+5!1^(1_2)
耿219	2427.500	127.18	84.245	76.107	23.893	14.198	14.839	0.0	0.01	0.0	0.1	99.9	0.0	250.763	2.588	22.954	26.457	14.198		长4+5!1^(1_2)
耿219	2427.625	121.831	84.103	67.452	32.548	14.055	16.273	0.0	0.01	0.0	0.1	99.9	0.0	239.82	2.591	22.938	23.895	14.055		长4+5!1^(1_2)
耿219	2427.750	117.54	83.967	61.005	38.995	14.035	16.113	0.0	0.01	0.0	0.1	99.9	0.0	231.802	2.588	22.948	22.415	14.035		长4+5!1^(1_2)
耿219	2427.875	114.667	83.83	56.922	43.078	14.101	14.537	0.0	0.01	0.0	0.1	99.9	0.0	228.13	2.586	23.015	21.966	14.101		长4+5!1^(1_2)
耿219	2428.000	114.938	83.792	57.299	42.701	14.169	13.061	0.0	0.01	0.0	0.1	99.9	0.0	229.583	2.586	23.1	23.882	14.169		长4+5!1^(1_2)
耿219	2428.125	119.528	83.875	63.939	36.061	14.327	12.323	0.0	0.01	0.0	0.1	99.9	0.0	234.059	2.586	23.177	26.618	14.327		长4+5!1^(1_2)
耿219	2428.250	123.566	84.078	70.181	29.819	14.418	12.228	0.0	0.01	0.0	0.1	99.9	0.0	239.478	2.584	23.264	30.175	14.418		长4+5!1^(1_2)
耿219	2428.375	127.818	84.4	77.188	22.812	14.401	12.126	0.0	0.01	0.0	0.1	99.9	0.0	245.544	2.578	23.4	33.617	14.401		长4+5!1^(1_2)
耿219	2428.500	131.858	84.726	84.285	15.715	14.277	11.857	0.0	0.01	0.0	0.1	99.9	0.0	251.387	2.566	23.519	36.171	14.277		长4+5!1^(1_2)
耿219	2428.625	131.315	85.009	83.305	16.695	14.105	12.04	0.0	0.01	0.0	0.1	99.9	0.0	251.834	2.554	23.586	35.494	14.105		长4+5!1^(1_2)
耿219	2428.750	128.859	85.31	78.974	21.026	13.981	12.801	0.0	0.01	0.0	0.1	99.9	0.0	251.038	2.551	23.647	34.761	13.981		长4+5!1^(1_2)
耿219	2428.875	124.773	85.639	72.124	27.876	13.81	14.041	0.0	0.01	0.0	0.1	99.9	0.0	249.859	2.553	23.737	34.416	13.81		长4+5!1^(1_2)
耿219	2429.000	118.111	85.866	61.839	38.161	13.612	15.176	0.0	0.01	0.0	0.1	99.9	0.0	248.916	2.563	23.812	33.392	13.612		长4+5!1^(1_2)
耿219	2429.125	115.456	85.962	58.026	41.974	13.533	15.219	0.0	0.01	0.0	0.1	99.9	0.0	248.65	2.576	23.836	31.8	13.533		长4+5!1^(1_2)
耿219	2429.250	114.89	86.013	57.232	42.768	13.647	14.806	0.0	0.01	0.0	0.1	99.9	0.0	247.793	2.584	23.831	29.761	13.647		长4+5!1^(1_2)
耿219	2429.375	114.764	86.06	57.057	42.943	13.827	14.864	0.0	0.01	0.0	0.1	99.9	0.0	245.7	2.591	23.774	27.976	13.827		长4+5!1^(1_2)
耿219	2429.500	117.097	86.086	60.364	39.636	14.022	15.515	0.0	0.01	0.0	0.1	99.9	0.0	241.773	2.602	23.705	27.068	14.022		长4+5!1^(1_2)
耿219	2429.625	119.277	86.085	63.564	36.436	14.381	16.008	0.0	0.01	0.0	0.1	99.9	0.0	240.116	2.615	23.659	27.92	14.381		长4+5!1^(1_2)
耿219	2429.750	122.389	86.071	68.322	31.678	14.564	15.9	0.0	0.01	0.0	0.1	99.9	0.0	239.102	2.624	23.611	29.331	14.564		长4+5!1^(1_2)
耿219	2429.875	126.803	86.061	75.473	24.527	14.588	15.598	0.0	0.01	0.0	0.1	99.9	0.0	238.595	2.633	23.511	30.763	14.588		长4+5!1^(1_2)
耿219	2430.000	133.103	86.059	86.561	13.439	14.589	15.53	0.0	0.01	0.0	0.1	99.9	0.0	238.479	2.643	23.39	32.328	14.589		长4+5!1^(1_2)
耿219	2430.125	134.956	86.07	90.032	9.968	14.459	15.903	0.0	0.01	0.0	0.1	99.9	0.0	238.728	2.65	23.297	32.557	14.459		长4+5!1^(1_2)
耿219	2430.250	134.586	86.128	89.332	10.668	14.31	16.112	0.0	0.01	0.0	0.1	99.9	0.0	239.03	2.65	23.21	32.419	14.31		长4+5!1^(1_2)
耿219	2430.375	132.005	86.227	84.552	15.448	14.209	15.991	0.0	0.01	0.0	0.1	99.9	0.0	239.226	2.644	23.106	32.126	14.209		长4+5!1^(1_2)
耿219	2430.500	127.492	86.306	76.635	23.365	14.203	15.679	0.0	0.01	0.0	0.1	99.9	0.0	239.401	2.624	23.021	31.352	14.203		长4+5!1^(1_2)
耿219	2430.625	128.142	86.354	77.741	22.259	14.425	15.318	0.0	0.01	0.0	0.1	99.9	0.0	240.519	2.594	22.985	31.211	14.425		长4+5!1^(1_2)
耿219	2430.750	128.843	86.375	78.947	21.053	14.727	15.253	0.0	0.01	0.0	0.1	99.9	0.0	243.677	2.573	22.962	32.151	14.727		长4+5!1^(1_2)
耿219	2430.875	130.228	86.334	81.368	18.632	15.029	15.395	0.0	0.01	0.0	0.1	99.9	0.0	250.875	2.56	22.947	35.203	15.029		长4+5!1^(1_2)
耿219	2431.000	132.569	86.224	85.579	14.421	15.377	15.573	0.0	0.01	0.0	0.1	99.9	0.0	270.269	2.562	22.94	51.436	15.377		长4+5!1^(1_2)
耿219	2431.125	131.76	86.044	84.107	15.893	15.879	15.83	0.0	0.01	0.0	0.1	99.9	0.0	281.186	2.579	22.934	62.931	15.879		长4+5!1^(1_2)
耿219	2431.250	130.34	85.69	81.565	18.435	16.252	16.029	0.0	0.01	0.0	0.1	99.9	0.0	289.03	2.598	22.923	64.814	16.252		长4+5!1^(1_2)
耿219	2431.375	129.04	85.091	79.289	20.711	16.409	16.15	0.0	0.01	0.0	0.1	99.9	0.0	290.879	2.616	22.895	57.504	16.409		长4+5!1^(1_2)
耿219	2431.500	125.764	84.46	73.747	26.253	16.47	16.296	0.0	0.01	0.0	0.1	99.9	0.0	278.202	2.63	22.861	41.03	16.47		长4+5!1^(1_2)
耿219	2431.625	120.61	83.898	65.575	34.425	16.452	16.531	0.0	0.01	0.0	0.1	99.9	0.0	265.874	2.64	22.844	33.393	16.452		长4+5!1^(1_2)
耿219	2431.750	115.727	83.194	58.407	41.593	16.491	16.602	0.0	0.01	0.0	0.1	99.9	0.0	253.406	2.645	22.836	29.555	16.491		长4+5!1^(1_2)
耿219	2431.875	110.754	82.292	51.643	48.357	16.766	16.412	0.0	0.01	0.0	0.1	99.9	0.0	243.032	2.649	22.85	27.255	16.766		长4+5!1^(1_2)
耿219	2432.000	104.548	81.519	43.895	56.105	17.45	16.126	0.0	0.01	0.0	0.1	99.9	0.0	232.948	2.645	22.883	26.324	17.45		长4+5!1^(1_2)
耿219	2432.125	102.256	81.008	41.216	58.784	19.697	15.921	0.0	0.01	0.0	0.1	99.9	0.0	232.306	2.621	22.92	26.938	19.697		长4+5!1^(1_2)
耿219	2432.250	101.475	80.505	40.325	59.675	22.099	16.028	0.0	0.01	0.0	0.1	99.9	0.0	233.273	2.569	22.967	28.209	22.099		长4+5!1^(1_2)
耿219	2432.375	102.367	79.948	41.344	58.656	23.492	16.429	0.0	0.01	0.0	0.1	99.9	0.0	234.829	2.481	23.06	29.501	23.492		长4+5!1^(1_2)
耿219	2432.500	109.131	79.478	49.544	50.456	24.342	16.946	0.0	0.01	0.0	0.1	99.9	0.0	236.405	2.302	23.191	30.396	24.342		长4+5!1^(1_2)
耿219	2432.625	113.854	79.159	55.798	44.202	22.687	17.237	0.0	0.01	0.0	0.1	99.9	0.0	235.264	2.059	23.305	30.128	22.687		长4+5!1^(1_2)
耿219	2432.750	116.185	78.875	59.057	40.943	19.354	16.483	0.0	0.01	0.0	0.1	99.9	0.0	232.636	1.907	23.442	29.284	19.354		长4+5!1^(1_2)
耿219	2432.875	117.355	78.601	60.738	39.262	16.537	14.2	0.0	0.01	0.0	0.1	99.9	0.0	229.013	1.835	23.69	28.329	16.537		长4+5!1^(1_2)
耿219	2433.000	118.777	78.36	62.821	37.179	14.313	11.157	0.0	0.01	0.0	0.1	99.9	0.0	223.556	1.809	24.03	27.461	14.313		长4+5!1^(1_2)
耿219	2433.125	117.962	78.136	61.622	38.378	12.14	8.291	0.0	0.01	0.0	0.1	99.9	0.0	224.913	1.819	24.309	28.14	12.14		长4+5!1^(1_2)
耿219	2433.250	117.429	77.823	60.845	39.155	10.589	6.87	0.0	0.01	0.0	0.1	99.9	0.0	231.974	1.842	24.644	31.284	10.589		长4+5!1^(1_2)
耿219	2433.375	117.541	77.421	61.007	38.993	9.988	6.793	0.0	0.01	0.0	0.1	99.9	0.0	245.955	1.867	25.207	38.865	9.988		长4+5!1^(1_2)
耿219	2433.500	112.784	77.121	54.342	45.658	9.524	6.927	0.0	0.01	0.0	0.1	99.9	0.0	288.686	1.889	25.886	73.668	9.524		长4+5!1^(1_2)
耿219	2433.625	110.875	76.987	51.801	48.199	9.019	7.323	0.0	0.01	0.0	0.1	99.9	0.0	311.446	1.909	26.182	96.727	9.019		长4+5!1^(1_3)
耿219	2433.750	111.711	76.873	52.904	47.096	8.707	7.829	0.0	0.01	0.0	0.1	99.9	0.0	324.074	1.931	26.255	92.483	8.707		长4+5!1^(1_3)
耿219	2433.875	111.823	76.792	53.053	46.947	8.779	8.593	0.0	0.01	0.0	0.1	99.9	0.0	323.833	1.967	25.81	74.705	8.779		长4+5!1^(1_3)
耿219	2434.000	109.255	76.772	49.703	50.297	8.986	10.408	0.0	0.01	0.0	0.1	99.9	0.0	289.967	2.053	24.889	50.242	8.986		长4+5!1^(1_3)
耿219	2434.125	110.148	76.764	50.853	49.147	9.458	15.536	0.0	0.01	0.0	0.1	99.9	0.0	264.272	2.204	24.192	37.095	9.458		长4+5!1^(1_3)
耿219	2434.250	110.986	76.667	51.947	48.053	10.102	19.965	0.0	0.01	0.0	0.1	99.9	0.0	244.178	2.352	23.595	32.403	10.102		长4+5!1^(1_3)
耿219	2434.375	111.607	76.422	52.766	47.234	10.788	19.51	0.0	0.01	0.0	0.1	99.9	0.0	231.665	2.458	23.118	29.666	10.788		长4+5!1^(1_3)
耿219	2434.500	113.858	76.063	55.805	44.195	11.722	17.694	0.0	0.01	0.0	0.1	99.9	0.0	227.727	2.53	22.805	27.944	11.722		长4+5!1^(1_3)
耿219	2434.625	113.517	75.619	55.337	44.663	14.122	15.594	0.0	0.01	0.0	0.1	99.9	0.0	229.745	2.564	22.76	27.321	14.122		长4+5!1^(1_3)
耿219	2434.750	111.768	74.937	52.981	47.019	17.66	14.503	0.0	0.01	0.0	0.1	99.9	0.0	232.143	2.571	22.744	27.254	17.66		长4+5!1^(1_3)
耿219	2434.875	111.571	73.873	52.718	47.282	20.769	14.778	0.0	0.01	0.0	0.1	99.9	0.0	233.375	2.566	22.74	27.256	20.769		长4+5!1^(1_3)
耿219	2435.000	116.083	72.766	16.22	83.78	23.714	15.397	0.0	2.183	0.0	12.085	63.565	0.0	232.625	2.561	22.739	27.701	23.714		长4+5!1^(1_3)
耿219	2435.125	121.719	71.914	17.656	82.344	26.359	16.97	0.0	2.09	0.0	11.966	60.797	0.0	231.398	2.556	22.74	28.464	26.359		长4+5!1^(1_3)
耿219	2435.250	128.376	70.956	19.457	80.543	27.77	19.237	0.0	2.003	0.0	11.85	59.721	0.0	230.204	2.552	22.742	29.354	27.77		长4+5!1^(1_3)
耿219	2435.375	133.815	69.718	21.006	78.994	27.226	21.35	0.0	1.938	0.0	11.762	60.693	0.0	229.299	2.548	22.748	30.308	27.226		长4+5!1^(1_3)
耿219	2435.500	140.769	68.556	23.186	76.814	26.198	23.831	0.014	1.92	3.669	11.737	61.983	0.311	229.042	2.543	22.761	31.423	26.198		长4+5!1^(1_3)
耿219	2435.625	147.795	67.748	25.634	74.366	25.716	27.159	0.01	1.972	3.014	11.808	62.246	0.316	229.772	2.531	22.773	32.073	25.716	干层	长4+5!1^(1_3)
耿219	2435.750	155.623	66.809	28.625	71.375	26.135	30.337	0.007	2.08	2.354	11.952	61.116	0.313	231.256	2.517	22.785	32.235	26.135	干层	长4+5!1^(1_3)
耿219	2435.875	161.812	65.524	31.247	68.753	26.927	32.02	0.006	2.23	1.916	12.143	59.41	0.306	233.227	2.505	22.798	32.458	26.927	干层	长4+5!1^(1_3)
耿219	2436.000	170.958	64.245	35.495	64.505	27.831	33.694	0.004	2.522	1.335	12.488	57.073	0.299	236.78	2.492	22.805	33.176	27.831	干层	长4+5!1^(1_3)
耿219	2436.125	171.467	63.316	36.008	63.992	29.132	35.271	0.005	2.695	1.485	12.677	55.079	0.289	238.734	2.478	22.799	33.934	29.132	干层	长4+5!1^(1_3)
耿219	2436.250	167.577	62.298	34.492	65.508	30.381	35.855	0.006	2.777	1.983	12.764	53.626	0.28	239.625	2.467	22.786	34.238	30.381	干层	长4+5!1^(1_3)
耿219	2436.375	164.009	61.052	33.075	66.925	30.71	34.985	0.008	2.811	2.393	12.8	53.212	0.277	239.995	2.465	22.768	34.168	30.71	干层	长4+5!1^(1_3)
耿219	2436.500	160.213	59.94	31.524	68.476	30.794	33.716	0.009	2.79	2.764	12.777	53.217	0.276	239.766	2.463	22.749	33.483	30.794	干层	长4+5!1^(1_3)
耿219	2436.625	158.274	59.256	30.719	69.281	30.566	32.071	0.01	2.758	2.929	12.744	53.534	0.278	239.42	2.462	22.747	32.803	30.566	干层	长4+5!1^(1_3)
耿219	2436.750	158.411	58.599	30.733	69.267	30.127	30.683	0.01	2.731	2.885	12.716	54.023	0.281	239.132	2.462	22.749	32.716	30.127	干层	长4+5!1^(1_3)
耿219	2436.875	159.121	57.888	30.983	69.017	30.033	30.283	0.009	2.714	2.791	12.698	54.173	0.282	238.942	2.462	22.753	33.007	30.033	干层	长4+5!1^(1_3)
耿219	2437.000	161.181	57.314	31.792	68.208	30.089	30.039	0.008	2.714	2.577	12.698	54.122	0.281	238.945	2.463	22.755	34.211	30.089	干层	长4+5!1^(1_3)
耿219	2437.125	162.785	57.019	32.447	67.553	30.373	30.155	0.008	2.724	2.421	12.708	53.832	0.279	239.052	2.466	22.75	35.808	30.373	干层	长4+5!1^(1_3)
耿219	2437.250	163.024	56.786	32.554	67.446	30.961	30.722	0.008	2.731	2.405	12.716	53.289	0.275	239.134	2.471	22.743	36.734	30.961	干层	长4+5!1^(1_3)
耿219	2437.375	161.612	56.593	31.983	68.017	31.569	31.385	0.008	2.727	2.547	12.712	52.79	0.271	239.087	2.475	22.731	37.034	31.569	干层	长4+5!1^(1_3)
耿219	2437.500	159.213	56.488	30.944	69.056	32.433	32.184	0.009	2.665	2.725	12.645	52.314	0.266	238.399	2.481	22.709	35.722	32.433	干层	长4+5!1^(1_3)
耿219	2437.625	154.741	56.529	29.11	70.89	33.568	33.568	0.011	2.581	3.092	12.554	51.737	0.259	237.459	2.493	22.693	33.362	33.568	干层	长4+5!1^(1_3)
耿219	2437.750	146.572	56.691	26.016	73.984	34.862	35.521	0.015	2.486	3.828	12.447	51.135	0.251	236.359	2.506	22.674	31.657	34.862	干层	长4+5!1^(1_3)
耿219	2437.875	136.58	57.039	22.515	77.485	35.695	36.953	0.024	2.377	4.731	12.32	50.972	0.246	235.054	2.514	22.653	30.307	35.695	干层	长4+5!1^(1_3)
耿219	2438.000	119.199	57.49	17.082	82.918	36.626	38.619	0.051	2.191	6.296	12.094	51.114	0.241	232.722	2.52	22.628	29.057	36.626		长4+5!1^(1_3)
耿219	2438.125	107.9	57.926	13.915	86.085	38.033	40.833	0.083	2.042	7.266	11.903	50.838	0.233	230.75	2.527	22.618	27.44	38.033	差油层	长4+5!1^(1_3)
耿219	2438.250	104.525	58.497	12.94	87.06	39.716	43.253	0.091	1.928	7.451	11.748	50.303	0.226	229.153	2.536	22.607	26.651	39.716	差油层	长4+5!1^(1_3)
耿219	2438.375	104.121	59.348	12.672	87.328	40.531	44.548	0.083	1.792	7.285	11.554	50.498	0.223	227.157	2.548	22.586	25.867	40.531	差油层	长4+5!1^(1_3)
耿219	2438.500	101.429	60.262	11.595	88.405	40.864	45.934	0.073	1.469	7.018	11.045	52.243	0.221	221.905	2.566	22.539	24.138	40.864	差油层	长4+5!1^(1_3)
耿219	2438.625	97.694	60.945	10.28	89.72	40.034	47.805	0.066	1.167	6.801	10.481	55.168	0.225	216.093	2.598	22.5	22.896	40.034	差油层	长4+5!1^(1_3)
耿219	2438.750	95.233	61.732	33.573	66.427	37.757	49.04	0.058	0.01	6.538	0.1	99.9	0.235	211.114	2.636	22.459	21.362	37.757	差油层	长4+5!1^(1_3)
耿219	2438.875	94.672	62.83	32.997	67.003	35.653	47.491	0.047	0.01	6.119	0.1	99.9	0.246	206.534	2.654	22.42	19.671	35.653	差油层	长4+5!1^(1_3)
耿219	2439.000	96.148	63.948	34.523	65.477	33.51	44.382	0.036	0.01	5.559	0.1	99.9	0.258	202.634	2.664	22.387	17.142	33.51	差油层	长4+5!1^(1_3)
耿219	2439.125	97.378	64.692	35.821	64.179	31.086	38.891	0.032	0.01	5.338	0.1	99.9	0.273	201.741	2.666	22.401	16.746	31.086	差油层	长4+5!1^(1_3)
耿219	2439.250	97.599	65.522	36.056	63.944	28.61	31.622	0.035	0.01	5.537	0.1	99.9	0.29	203.869	2.66	22.444	17.347	28.61	差油层	长4+5!1^(1_3)
耿219	2439.375	97.38	66.712	35.823	64.177	27.546	27.924	0.043	0.01	5.929	0.1	99.9	0.298	207.408	2.654	22.513	18.869	27.546	差油层	长4+5!1^(1_3)
耿219	2439.500	99.628	67.984	38.259	61.741	26.563	24.844	0.054	0.01	6.401	0.1	99.9	0.306	214.19	2.647	22.717	23.306	26.563	差油层	长4+5!1^(1_3)
耿219	2439.625	103.417	68.903	42.562	57.438	25.799	21.82	0.061	0.01	6.659	0.1	99.9	0.312	220.45	2.642	22.84	25.523	25.799	差油层	长4+5!1^(1_3)
耿219	2439.750	106.506	69.896	46.26	53.74	25.361	18.91	0.063	0.01	6.7	0.1	99.9	0.316	223.927	2.642	22.962	26.822	25.361	差油层	长4+5!1^(1_3)
耿219	2439.875	109.339	71.441	49.811	50.189	25.188	18.034	0.0	0.01	0.0	0.1	99.9	0.0	226.535	2.645	23.078	27.404	25.188	差油层	长4+5!1^(1_3)
耿219	2440.000	112.732	73.135	54.272	45.728	24.661	17.603	0.0	0.01	0.0	0.1	99.9	0.0	228.513	2.648	23.274	27.209	24.661		长4+5!1^(1_3)
耿219	2440.125	115.785	73.993	58.49	41.51	23.612	17.448	0.0	0.01	0.0	0.1	99.9	0.0	229.25	2.648	23.369	26.764	23.612		长4+5!1^(1_3)
耿219	2440.250	117.591	75.055	61.08	38.92	22.19	17.304	0.0	0.01	0.0	0.1	99.9	0.0	228.724	2.637	23.468	26.298	22.19		长4+5!1^(1_3)
耿219	2440.375	119.05	76.131	63.226	36.774	21.765	16.976	0.0	0.01	0.0	0.1	99.9	0.0	228.092	2.605	23.585	26.048	21.765		长4+5!1^(1_3)
耿219	2440.500	122.834	76.682	69.021	30.979	21.722	16.379	0.0	0.01	0.0	0.1	99.9	0.0	230.1	2.538	23.917	27.304	21.722		长4+5!1^(1_3)
耿219	2440.625	127.714	77.185	77.012	22.988	22.505	15.088	0.0	0.01	0.0	0.1	99.9	0.0	235.968	2.352	24.163	29.635	22.505		长4+5!1^(1_3)
耿219	2440.750	131.688	77.905	83.977	16.023	24.558	12.982	0.0	0.01	0.0	0.1	99.9	0.0	244.598	2.063	24.457	33.637	24.558		长4+5!1^(1_3)
耿219	2440.875	135.569	78.752	91.203	8.797	25.923	12.204	0.0	0.01	0.0	0.1	99.9	0.0	255.58	1.847	24.81	39.824	25.923		长4+5!1^(1_3)
耿219	2441.000	137.505	79.269	94.973	5.027	26.386	12.166	0.0	0.01	0.0	0.1	99.9	0.0	270.367	1.668	25.636	56.133	26.386		长4+5!1^(1_3)
耿219	2441.125	137.066	79.732	94.109	5.891	24.052	12.876	0.0	0.01	0.0	0.1	99.9	0.0	281.488	1.505	26.104	64.386	24.052		长4+5!1^(1_3)
耿219	2441.250	135.312	80.359	90.711	9.289	18.113	13.314	0.0	0.01	0.0	0.1	99.9	0.0	280.857	1.374	26.492	65.161	18.113		长4+5!1^(1_3)
耿219	2441.375	133.532	81.086	87.356	12.644	14.836	11.352	0.0	0.01	0.0	0.1	99.9	0.0	274.658	1.331	26.78	60.59	14.836		长4+5!1^(1_3)
耿219	2441.500	127.589	81.535	76.799	23.201	12.384	8.919	0.0	0.01	0.0	0.1	99.9	0.0	260.841	1.313	27.053	48.548	12.384		长4+5!1^(1_3)
耿219	2441.625	118.53	81.938	62.455	37.545	10.466	6.93	0.0	0.01	0.0	0.1	99.9	0.0	247.904	1.307	27.192	42.83	10.466		长4+5!1^(1_3)
耿219	2441.750	114.993	82.432	57.376	42.624	8.655	5.443	0.0	0.01	0.0	0.1	99.9	0.0	246.533	1.306	27.43	42.739	8.655		长4+5!1^(2_1)
耿219	2441.875	108.984	82.955	49.357	50.643	8.07	5.26	0.0	0.01	0.0	0.1	99.9	0.0	254.52	1.308	27.84	48.947	8.07		长4+5!1^(2_1)
耿219	2442.000	105.233	83.273	44.715	55.285	7.643	5.201	0.0	0.01	0.0	0.1	99.9	0.0	272.989	1.313	28.923	88.813	7.643		长4+5!1^(2_1)
耿219	2442.125	101.326	83.604	40.157	59.843	7.337	5.179	0.0	0.01	0.0	0.1	99.9	0.0	321.865	1.337	29.389	119.168	7.337		长4+5!1^(2_1)
耿219	2442.250	101.875	84.133	40.78	59.22	7.211	5.324	0.0	0.01	0.0	0.1	99.9	0.0	337.839	1.386	29.444	120.692	7.211		长4+5!1^(2_1)
耿219	2442.375	102.805	84.801	41.85	58.15	7.41	5.87	0.0	0.01	0.0	0.1	99.9	0.0	338.894	1.453	29.042	99.485	7.41		长4+5!1^(2_1)
耿219	2442.500	104.105	85.286	43.37	56.63	7.795	7.023	0.0	0.01	0.0	0.1	99.9	0.0	325.144	1.56	27.168	61.139	7.795		长4+5!1^(2_1)
耿219	2442.625	105.479	85.768	45.011	54.989	8.473	10.005	0.0	0.01	0.0	0.1	99.9	0.0	274.887	1.786	25.846	41.701	8.473		长4+5!1^(2_1)
耿219	2442.750	107.18	86.442	47.091	52.909	10.409	19.756	0.0	0.01	0.0	0.1	99.9	0.0	249.636	2.111	24.732	34.443	10.409		长4+5!1^(2_1)
耿219	2442.875	108.47	87.233	48.706	51.294	11.565	21.089	0.0	0.01	0.0	0.1	99.9	0.0	233.048	2.349	23.86	30.331	11.565		长4+5!1^(2_1)
耿219	2443.000	108.168	87.744	48.325	51.675	13.306	20.485	0.0	0.01	0.0	0.1	99.9	0.0	224.21	2.514	23.01	28.335	13.306		长4+5!1^(2_1)
耿219	2443.125	109.049	88.199	49.439	50.561	19.712	18.53	0.0	0.01	0.0	0.1	99.9	0.0	222.288	2.602	22.788	28.313	19.712		长4+5!1^(2_1)
耿219	2443.250	109.939	88.729	50.583	49.417	24.783	18.028	0.0	0.01	0.0	0.1	99.9	0.0	224.385	2.629	22.743	28.989	24.783		长4+5!1^(2_1)
耿219	2443.375	111.791	89.275	53.011	46.989	30.14	17.866	0.0	0.01	0.0	0.1	99.9	0.0	227.042	2.627	22.748	29.519	30.14		长4+5!1^(2_1)
耿219	2443.500	114.874	89.58	57.21	42.79	34.814	17.817	0.0	0.01	0.0	0.1	99.9	0.0	229.422	2.607	22.78	29.796	34.814		长4+5!1^(2_1)
耿219	2443.625	123.585	89.821	70.212	29.788	36.124	18.234	0.0	0.01	0.0	0.1	99.9	0.0	232.934	2.525	22.8	30.105	36.124		长4+5!1^(2_1)
耿219	2443.750	127.019	90.113	75.837	24.163	32.535	18.812	0.0	0.01	0.0	0.1	99.9	0.0	235.273	2.362	22.825	30.935	32.535		长4+5!1^(2_1)
耿219	2443.875	129.732	90.44	80.495	19.505	28.495	19.629	0.0	0.01	0.0	0.1	99.9	0.0	238.162	2.191	22.867	32.576	28.495		长4+5!1^(2_1)
耿219	2444.000	133.561	90.658	87.41	12.59	25.085	20.433	0.0	0.01	0.0	0.1	99.9	0.0	241.821	2.031	23.001	36.342	25.085		长4+5!1^(2_1)
耿219	2444.125	138.881	90.85	97.721	2.279	19.817	21.55	0.0	0.01	0.0	0.1	99.9	0.0	248.172	1.888	23.111	38.915	19.817		长4+5!1^(2_1)
耿219	2444.250	140.808	91.073	99.9	0.1	17.442	21.177	0.0	0.01	0.0	0.1	99.9	0.0	250.123	1.781	23.221	39.118	17.442		长4+5!1^(2_1)
耿219	2444.375	140.654	91.29	99.9	0.1	15.823	18.705	0.0	0.01	0.0	0.1	99.9	0.0	249.227	1.744	23.335	37.819	15.823		长4+5!1^(2_1)
耿219	2444.500	138.343	91.397	96.641	3.359	14.637	15.531	0.0	0.01	0.0	0.1	99.9	0.0	246.223	1.742	23.56	34.011	14.637		长4+5!1^(2_1)
耿219	2444.625	132.296	91.478	85.08	14.92	13.128	11.524	0.0	0.01	0.0	0.1	99.9	0.0	238.591	1.759	23.726	31.087	13.128		长4+5!1^(2_1)
耿219	2444.750	131.291	91.517	83.261	16.739	12.491	10.628	0.0	0.01	0.0	0.1	99.9	0.0	235.714	1.79	23.902	30.894	12.491		长4+5!1^(2_1)
耿219	2444.875	131.704	91.484	84.005	15.995	12.118	10.507	0.0	0.01	0.0	0.1	99.9	0.0	237.857	1.819	24.117	33.449	12.118		长4+5!1^(2_1)
耿219	2445.000	132.339	91.41	85.158	14.842	11.839	10.641	0.0	0.01	0.0	0.1	99.9	0.0	245.501	1.85	24.584	48.377	11.839		长4+5!1^(2_1)
耿219	2445.125	131.109	91.308	82.935	17.065	11.493	11.002	0.0	0.01	0.0	0.1	99.9	0.0	270.969	1.922	24.86	67.074	11.493		长4+5!1^(2_1)
耿219	2445.250	131.835	91.132	84.242	15.758	11.524	11.296	0.0	0.01	0.0	0.1	99.9	0.0	288.279	2.046	24.985	75.457	11.524		长4+5!1^(2_1)
耿219	2445.375	132.179	90.893	84.868	15.132	11.788	12.045	0.0	0.01	0.0	0.1	99.9	0.0	297.183	2.174	24.961	71.357	11.788		长4+5!1^(2_1)
耿219	2445.500	131.909	90.698	84.376	15.624	12.159	13.705	0.0	0.01	0.0	0.1	99.9	0.0	298.29	2.292	24.524	54.776	12.159		长4+5!1^(2_1)
耿219	2445.625	137.535	90.51	95.032	4.968	13.064	21.143	0.0	0.01	0.0	0.1	99.9	0.0	282.636	2.408	24.138	41.488	13.064		长4+5!1^(2_1)
耿219	2445.750	141.07	90.27	99.9	0.1	13.823	25.914	0.0	0.01	0.0	0.1	99.9	0.0	268.709	2.499	23.836	38.011	13.823		长4+5!1^(2_1)
耿219	2445.875	141.335	89.99	99.9	0.1	14.563	27.541	0.0	0.01	0.0	0.1	99.9	0.0	259.61	2.531	23.627	36.999	14.563		长4+5!1^(2_1)
耿219	2446.000	137.972	89.781	95.899	4.101	15.318	25.933	0.0	0.01	0.0	0.1	99.9	0.0	254.72	2.535	23.508	36.353	15.318		长4+5!1^(2_1)
耿219	2446.125	133.189	89.585	86.721	13.279	16.697	20.275	0.0	0.01	0.0	0.1	99.9	0.0	253.365	2.54	23.495	34.561	16.697		长4+5!1^(2_1)
耿219	2446.250	128.781	89.309	78.84	21.16	17.442	17.46	0.0	0.01	0.0	0.1	99.9	0.0	252.452	2.543	23.512	31.956	17.442		长4+5!1^(2_1)
耿219	2446.375	126.33	88.976	74.684	25.316	17.564	16.473	0.0	0.01	0.0	0.1	99.9	0.0	250.27	2.529	23.539	29.613	17.564		长4+5!1^(2_1)
耿219	2446.500	126.66	88.738	75.234	24.766	17.238	16.083	0.0	0.01	0.0	0.1	99.9	0.0	247.482	2.496	23.673	29.535	17.238		长4+5!1^(2_1)
耿219	2446.625	124.947	88.513	72.408	27.592	16.129	14.842	0.0	0.01	0.0	0.1	99.9	0.0	247.704	2.445	23.835	32.627	16.129		长4+5!1^(2_1)
耿219	2446.750	122.136	88.208	67.926	32.074	15.214	13.666	0.0	0.01	0.0	0.1	99.9	0.0	252.736	2.388	24.027	37.849	15.214		长4+5!1^(2_1)
耿219	2446.875	121.908	87.863	67.572	32.428	14.497	12.867	0.0	0.01	0.0	0.1	99.9	0.0	261.342	2.354	24.241	44.272	14.497		长4+5!1^(2_1)
耿219	2447.000	125.39	87.631	73.131	26.869	13.92	12.731	0.0	0.01	0.0	0.1	99.9	0.0	271.563	2.342	24.557	53.085	13.92		长4+5!1^(2_1)
耿219	2447.125	131.755	87.439	84.097	15.903	13.573	14.72	0.0	0.01	0.0	0.1	99.9	0.0	286.334	2.335	24.713	61.4	13.573		长4+5!1^(2_1)
耿219	2447.250	134.887	87.19	89.902	10.098	13.561	17.31	0.0	0.01	0.0	0.1	99.9	0.0	295.014	2.329	24.742	63.777	13.561		长4+5!1^(2_1)
耿219	2447.375	135.299	86.875	90.686	9.314	13.794	20.176	0.0	0.01	0.0	0.1	99.9	0.0	296.997	2.325	24.679	61.705	13.794		长4+5!1^(2_1)
耿219	2447.500	133.015	86.609	86.399	13.601	14.253	23.091	0.0	0.01	0.0	0.1	99.9	0.0	295.13	2.327	24.288	51.543	14.253		长4+5!1^(2_1)
耿219	2447.625	126.821	86.345	75.504	24.496	15.403	29.666	0.0	0.01	0.0	0.1	99.9	0.0	282.104	2.349	23.876	38.276	15.403		长4+5!1^(2_1)
耿219	2447.750	121.757	85.999	67.337	32.663	16.576	36.31	0.0	0.01	0.0	0.1	99.9	0.0	266.498	2.402	23.484	32.078	16.576		长4+5!1^(2_1)
耿219	2447.875	116.983	85.612	60.2	39.8	17.885	41.712	0.0	0.01	0.0	0.1	99.9	0.0	252.438	2.469	23.116	27.657	17.885		长4+5!1^(2_1)
耿219	2448.000	111.656	85.376	52.831	47.169	19.705	42.827	0.0	0.01	0.0	0.1	99.9	0.0	238.974	2.531	22.712	24.313	19.705		长4+5!1^(2_1)
耿219	2448.125	106.549	85.235	46.313	53.687	23.963	35.983	0.0	0.01	0.0	0.1	99.9	0.0	223.654	2.59	22.546	22.115	23.963		长4+5!1^(2_1)
耿219	2448.250	104.034	85.161	43.286	56.714	28.168	30.419	0.0	0.01	0.0	0.1	99.9	0.0	214.556	2.635	22.53	21.832	28.168		长4+5!1^(2_1)
耿219	2448.375	103.536	85.181	42.701	57.299	31.79	27.903	0.0	0.01	0.0	0.1	99.9	0.0	212.401	2.647	22.558	21.874	31.79		长4+5!1^(2_1)
耿219	2448.500	104.715	85.3	44.094	55.906	34.454	26.524	0.0	0.01	0.0	0.1	99.9	0.0	212.333	2.626	22.66	22.321	34.454		长4+5!1^(2_1)
耿219	2448.625	109.419	85.5	49.913	50.087	33.37	25.581	0.0	0.01	0.0	0.1	99.9	0.0	215.136	2.562	22.761	23.309	33.37		长4+5!1^(2_1)
耿219	2448.750	113.608	85.823	55.462	44.538	29.606	24.494	0.0	0.01	0.0	0.1	99.9	0.0	218.758	2.431	22.864	24.432	29.606		长4+5!1^(2_1)
耿219	2448.875	116.214	86.227	59.099	40.901	25.392	22.289	0.0	0.01	0.0	0.1	99.9	0.0	221.881	2.289	22.99	25.816	25.392		长4+5!1^(2_1)
耿219	2449.000	118.447	86.511	62.333	37.667	21.428	18.854	0.0	0.01	0.0	0.1	99.9	0.0	225.184	2.186	23.277	27.365	21.428		长4+5!1^(2_1)
耿219	2449.125	120.725	86.715	65.75	34.25	16.853	14.01	0.0	0.01	0.0	0.1	99.9	0.0	230.434	2.1	23.555	28.831	16.853		长4+5!1^(2_1)
耿219	2449.250	123.415	86.9	69.941	30.059	13.836	10.838	0.0	0.01	0.0	0.1	99.9	0.0	235.97	2.025	23.826	29.732	13.836		长4+5!1^(2_1)
耿219	2449.375	125.226	87.06	72.862	27.138	12.49	9.711	0.0	0.01	0.0	0.1	99.9	0.0	241.055	1.976	24.148	31.738	12.49		长4+5!1^(2_1)
耿219	2449.500	125.759	87.142	73.738	26.262	11.503	9.094	0.0	0.01	0.0	0.1	99.9	0.0	247.945	1.953	24.789	38.686	11.503		长4+5!1^(2_1)
耿219	2449.625	124.185	87.171	71.173	28.827	10.571	8.748	0.0	0.01	0.0	0.1	99.9	0.0	262.057	1.934	25.312	54.002	10.571		长4+5!1^(2_1)
耿219	2449.750	122.914	87.163	69.147	30.853	10.004	8.721	0.0	0.01	0.0	0.1	99.9	0.0	276.72	1.914	25.638	65.292	10.004		长4+5!1^(2_1)
耿219	2449.875	123.922	87.135	70.751	29.249	9.841	9.073	0.0	0.01	0.0	0.1	99.9	0.0	283.696	1.906	25.829	72.191	9.841		长4+5!1^(2_1)
耿219	2450.000	125.004	87.119	72.5	27.5	9.772	9.884	0.0	0.01	0.0	0.1	99.9	0.0	286.177	1.925	25.641	68.917	9.772		长4+5!1^(2_1)
耿219	2450.125	124.35	87.108	71.439	28.561	9.901	12.193	0.0	0.01	0.0	0.1	99.9	0.0	278.913	1.993	25.218	54.114	9.901		长4+5!1^(2_2)
耿219	2450.250	121.573	87.106	67.052	32.948	10.155	14.908	0.0	0.01	0.0	0.1	99.9	0.0	265.429	2.149	24.711	44.838	10.155		长4+5!1^(2_2)
耿219	2450.375	118.28	87.125	62.087	37.913	10.454	16.713	0.0	0.01	0.0	0.1	99.9	0.0	254.004	2.334	24.186	37.415	10.454		长4+5!1^(2_2)
耿219	2450.500	115.486	87.163	58.068	41.932	10.892	17.74	0.0	0.01	0.0	0.1	99.9	0.0	243.287	2.473	23.536	31.483	10.892		长4+5!1^(2_2)
耿219	2450.625	113.846	87.224	55.787	44.213	11.977	17.127	0.0	0.01	0.0	0.1	99.9	0.0	232.26	2.584	23.161	26.069	11.977		长4+5!1^(2_2)
耿219	2450.750	113.109	87.306	54.781	45.219	13.255	15.556	0.0	0.01	0.0	0.1	99.9	0.0	224.099	2.652	23.057	24.967	13.255		长4+5!1^(2_2)
耿219	2450.875	112.198	87.387	53.554	46.446	14.072	14.35	0.0	0.01	0.0	0.1	99.9	0.0	222.754	2.676	23.037	24.791	14.072		长4+5!1^(2_2)
耿219	2451.000	110.787	87.436	51.686	48.314	14.767	13.486	0.0	0.01	0.0	0.1	99.9	0.0	223.553	2.669	23.123	25.549	14.767		长4+5!1^(2_2)
耿219	2451.125	109.455	87.472	49.96	50.04	15.201	12.82	0.0	0.01	0.0	0.1	99.9	0.0	227.353	2.639	23.234	27.631	15.201		长4+5!1^(2_2)
耿219	2451.250	108.878	87.503	49.223	50.777	14.991	12.32	0.0	0.01	0.0	0.1	99.9	0.0	232.686	2.558	23.336	28.92	14.991		长4+5!1^(2_2)
耿219	2451.375	109.916	87.506	50.553	49.447	14.175	11.974	0.0	0.01	0.0	0.1	99.9	0.0	235.774	2.447	23.442	30.069	14.175		长4+5!1^(2_2)
耿219	2451.500	112.114	87.481	53.441	46.559	13.185	11.555	0.0	0.01	0.0	0.1	99.9	0.0	238.122	2.353	23.611	31.138	13.185		长4+5!1^(2_2)
耿219	2451.625	114.019	87.43	56.025	43.975	11.955	10.749	0.0	0.01	0.0	0.1	99.9	0.0	240.222	2.266	23.751	32.631	11.955		长4+5!1^(2_2)
耿219	2451.750	114.911	87.315	57.261	42.739	10.854	9.968	0.0	0.01	0.0	0.1	99.9	0.0	242.56	2.192	23.842	33.879	10.854		长4+5!1^(2_2)
耿219	2451.875	114.404	87.115	56.557	43.443	10.401	9.895	0.0	0.01	0.0	0.1	99.9	0.0	245.047	2.156	23.927	36.115	10.401		长4+5!1^(2_2)
耿219	2452.000	114.714	86.886	56.987	43.013	10.109	10.07	0.0	0.01	0.0	0.1	99.9	0.0	249.122	2.172	24.043	40.153	10.109		长4+5!1^(2_2)
耿219	2452.125	117.938	86.636	61.586	38.414	9.951	10.536	0.0	0.01	0.0	0.1	99.9	0.0	257.474	2.209	24.128	48.409	9.951		长4+5!1^(2_2)
耿219	2452.250	123.159	86.256	69.535	30.465	9.94	11.181	0.0	0.01	0.0	0.1	99.9	0.0	269.049	2.274	24.157	51.034	9.94		长4+5!1^(2_2)
耿219	2452.375	127.0	85.703	75.805	24.195	10.081	11.7	0.0	0.01	0.0	0.1	99.9	0.0	274.182	2.346	24.151	50.874	10.081		长4+5!1^(2_2)
耿219	2452.500	129.766	85.157	80.554	19.446	10.343	12.331	0.0	0.01	0.0	0.1	99.9	0.0	276.003	2.397	24.029	47.719	10.343		长4+5!1^(2_2)
耿219	2452.625	130.137	84.61	81.208	18.792	10.877	13.857	0.0	0.01	0.0	0.1	99.9	0.0	271.582	2.448	23.85	39.855	10.877		长4+5!1^(2_2)
耿219	2452.750	128.431	83.83	78.236	21.764	11.645	16.148	0.0	0.01	0.0	0.1	99.9	0.0	260.397	2.507	23.665	36.685	11.645		长4+5!1^(2_2)
耿219	2452.875	128.826	82.779	78.917	21.083	12.322	17.282	0.0	0.01	0.0	0.1	99.9	0.0	252.025	2.555	23.465	34.405	12.322		长4+5!1^(2_2)
耿219	2453.000	128.308	81.84	78.026	21.974	13.181	17.643	0.0	0.01	0.0	0.1	99.9	0.0	244.512	2.569	23.191	32.884	13.181		长4+5!1^(2_2)
耿219	2453.125	123.573	81.013	70.192	29.808	14.682	17.587	0.0	0.01	0.0	0.1	99.9	0.0	237.847	2.574	22.986	31.48	14.682		长4+5!1^(2_2)
耿219	2453.250	114.478	79.931	56.659	43.341	16.939	17.771	0.0	0.01	0.0	0.1	99.9	0.0	231.957	2.571	22.905	31.025	16.939		长4+5!1^(2_2)
耿219	2453.375	107.531	78.553	47.527	52.473	18.86	18.338	0.0	0.01	0.0	0.1	99.9	0.0	230.554	2.566	22.862	30.498	18.86		长4+5!1^(2_2)
耿219	2453.500	101.323	77.383	40.153	59.847	21.109	19.277	0.0	0.01	0.0	0.1	99.9	0.0	229.99	2.559	22.846	30.009	21.109		长4+5!1^(2_2)
耿219	2453.625	96.352	76.444	19.128	80.872	23.854	21.262	0.0	2.003	0.0	11.851	64.431	0.0	230.215	2.55	22.847	29.596	23.854		长4+5!1^(2_2)
耿219	2453.750	91.616	75.308	16.988	83.012	27.055	24.497	0.0	2.083	0.0	11.957	60.048	0.0	231.306	2.533	22.858	29.604	27.055		长4+5!1^(2_2)
耿219	2453.875	88.972	73.922	15.889	84.111	28.756	26.334	0.0	2.161	0.0	12.056	57.838	0.0	232.333	2.512	22.871	29.693	28.756		长4+5!1^(2_2)
耿219	2454.000	86.878	72.78	15.088	84.912	30.2	28.314	0.281	2.262	9.754	12.183	55.943	0.276	233.639	2.499	22.895	29.912	30.2		长4+5!1^(2_2)
耿219	2454.125	84.924	71.886	14.435	85.565	31.306	30.866	0.345	2.431	10.173	12.384	54.193	0.268	235.708	2.487	22.918	30.779	31.306	差油层	长4+5!1^(2_2)
耿219	2454.250	82.27	70.798	13.645	86.355	32.787	34.02	0.476	2.754	10.831	12.739	51.704	0.258	239.374	2.473	22.932	31.323	32.787	差油层	长4+5!1^(2_2)
耿219	2454.375	81.447	69.484	13.36	86.64	33.929	35.072	0.557	2.812	11.15	12.8	50.623	0.252	241.616	2.462	22.945	31.746	33.929	差油层	长4+5!1^(2_2)
耿219	2454.500	80.301	68.444	12.891	87.109	34.719	35.764	0.657	2.812	11.485	12.8	50.044	0.247	243.684	2.458	22.962	31.939	34.719	差油层	长4+5!1^(2_2)
耿219	2454.625	80.132	67.723	12.823	87.177	35.301	36.58	0.724	2.812	11.684	12.8	49.63	0.244	245.422	2.455	22.979	31.928	35.301	差油层	长4+5!1^(2_2)
耿219	2454.750	80.159	66.968	12.834	87.166	36.186	37.503	0.777	2.812	11.828	12.8	49.019	0.239	246.838	2.453	22.989	32.093	36.186	差油层	长4+5!1^(2_2)
耿219	2454.875	79.443	66.152	12.546	87.454	36.361	37.463	0.806	2.812	11.902	12.8	48.901	0.239	246.827	2.452	22.999	32.398	36.361	差油层	长4+5!1^(2_2)
耿219	2455.000	78.517	65.587	12.177	87.823	36.145	37.18	0.832	2.812	11.967	12.8	49.047	0.24	246.531	2.452	23.01	32.655	36.145	差油层	长4+5!1^(2_2)
耿219	2455.125	77.921	65.314	11.942	88.058	35.554	36.441	0.832	2.812	11.967	12.8	49.453	0.243	245.931	2.454	23.02	32.253	35.554	差油层	长4+5!1^(2_2)
耿219	2455.250	77.395	65.202	11.737	88.263	33.998	34.797	0.791	2.812	11.865	12.8	50.572	0.251	244.427	2.461	23.024	31.503	33.998	差油层	长4+5!1^(2_2)
耿219	2455.375	79.691	65.295	12.645	87.355	32.671	33.948	0.654	2.812	11.476	12.8	51.589	0.259	242.984	2.473	23.025	30.513	32.671	差油层	长4+5!1^(2_2)
耿219	2455.500	83.742	65.567	14.319	85.681	31.183	32.888	0.48	2.812	10.845	12.8	52.805	0.268	240.975	2.486	23.016	29.403	31.183	差油层	长4+5!1^(2_2)
耿219	2455.625	86.99	65.97	15.552	84.448	29.461	31.054	0.351	2.639	10.209	12.617	54.991	0.28	238.113	2.504	22.998	27.491	29.461	差油层	长4+5!1^(2_2)
耿219	2455.750	92.396	66.639	17.489	82.511	26.656	27.759	0.202	2.191	9.085	12.094	59.914	0.303	232.725	2.538	22.981	26.782	26.656	差油层	长4+5!1^(2_2)
耿219	2455.875	95.859	67.66	18.897	81.103	25.112	26.033	0.15	2.011	8.474	11.861	62.753	0.317	230.316	2.583	22.961	26.618	25.112	差油层	长4+5!1^(2_2)
耿219	2456.000	99.983	68.661	20.779	79.221	23.628	24.138	0.0	1.893	0.0	11.7	65.444	0.0	228.655	2.611	22.927	26.734	23.628	差油层	长4+5!1^(2_2)
耿219	2456.125	104.405	69.494	43.726	56.274	22.154	22.049	0.0	0.01	0.0	0.1	99.9	0.0	227.979	2.635	22.886	26.889	22.154		长4+5!1^(2_2)
耿219	2456.250	112.86	70.484	54.445	45.555	20.147	19.559	0.0	0.01	0.0	0.1	99.9	0.0	228.979	2.652	22.851	26.886	20.147		长4+5!1^(2_2)
耿219	2456.375	115.899	71.687	58.651	41.349	19.304	18.885	0.0	0.01	0.0	0.1	99.9	0.0	230.577	2.66	22.813	27.044	19.304		长4+5!1^(2_2)
耿219	2456.500	117.829	72.646	61.427	38.573	18.641	18.489	0.0	0.01	0.0	0.1	99.9	0.0	232.853	2.656	22.754	27.656	18.641		长4+5!1^(2_2)
耿219	2456.625	120.287	73.22	65.082	34.918	18.072	18.143	0.0	0.01	0.0	0.1	99.9	0.0	235.965	2.647	22.688	30.222	18.072		长4+5!1^(2_2)
耿219	2456.750	123.271	73.712	69.713	30.287	17.283	17.735	0.0	0.01	0.0	0.1	99.9	0.0	242.539	2.632	22.643	31.884	17.283		长4+5!1^(2_2)
耿219	2456.875	123.188	74.126	69.581	30.419	17.109	17.664	0.0	0.01	0.0	0.1	99.9	0.0	244.842	2.617	22.598	32.384	17.109		长4+5!1^(2_2)
耿219	2457.000	120.656	74.324	65.644	34.356	17.037	17.765	0.0	0.01	0.0	0.1	99.9	0.0	245.274	2.611	22.545	31.652	17.037		长4+5!1^(2_2)
耿219	2457.125	116.23	74.312	59.122	40.878	17.046	18.112	0.0	0.01	0.0	0.1	99.9	0.0	243.278	2.608	22.502	28.189	17.046		长4+5!1^(2_2)
耿219	2457.250	107.635	74.202	47.656	52.344	17.353	18.751	0.0	0.01	0.0	0.1	99.9	0.0	234.017	2.605	22.493	25.624	17.353		长4+5!1^(2_2)
耿219	2457.375	103.686	73.999	42.877	57.123	17.706	18.807	0.0	0.01	0.0	0.1	99.9	0.0	228.871	2.599	22.492	23.83	17.706		长4+5!1^(2_2)
耿219	2457.500	100.649	73.811	39.394	60.606	18.142	18.755	0.0	0.01	0.0	0.1	99.9	0.0	225.188	2.591	22.49	22.725	18.142		长4+5!1^(2_2)
耿219	2457.625	100.271	73.704	38.972	61.028	18.563	18.922	0.0	0.01	0.0	0.1	99.9	0.0	223.924	2.583	22.483	23.804	18.563		长4+5!1^(2_2)
耿219	2457.750	104.153	73.639	43.428	56.572	19.495	19.696	0.0	0.01	0.0	0.1	99.9	0.0	229.65	2.572	22.473	26.413	19.495		长4+5!1^(2_2)
耿219	2457.875	105.064	73.625	44.512	55.488	19.79	19.926	0.0	0.01	0.0	0.1	99.9	0.0	235.708	2.563	22.463	29.941	19.79		长4+5!1^(2_2)
耿219	2458.000	106.389	73.675	46.117	53.883	19.89	20.038	0.0	0.01	0.0	0.1	99.9	0.0	242.336	2.56	22.455	33.405	19.89		长4+5!1^(2_2)
耿219	2458.125	109.34	73.77	49.812	50.188	19.843	20.103	0.0	0.01	0.0	0.1	99.9	0.0	248.172	2.56	22.45	34.673	19.843		长4+5!1^(2_2)
耿219	2458.250	113.473	73.892	55.277	44.723	19.261	20.005	0.0	0.01	0.0	0.1	99.9	0.0	252.942	2.568	22.451	33.111	19.261		长4+5!1^(2_2)
耿219	2458.375	116.514	74.04	59.526	40.474	18.75	19.548	0.0	0.01	0.0	0.1	99.9	0.0	251.698	2.584	22.452	30.671	18.75		长4+5!1^(2_2)
耿219	2458.500	118.928	74.168	63.045	36.955	18.165	18.943	0.0	0.01	0.0	0.1	99.9	0.0	248.439	2.6	22.453	28.714	18.165		长4+5!1^(2_2)
耿219	2458.625	117.857	74.251	61.468	38.532	17.679	18.229	0.0	0.01	0.0	0.1	99.9	0.0	244.519	2.618	22.452	27.839	17.679		长4+5!1^(2_2)
耿219	2458.750	114.326	74.328	56.449	43.551	17.005	16.787	0.0	0.01	0.0	0.1	99.9	0.0	238.903	2.636	22.451	28.297	17.005		长4+5!1^(2_2)
耿219	2458.875	113.21	74.401	54.918	45.082	16.757	16.43	0.0	0.01	0.0	0.1	99.9	0.0	237.353	2.65	22.451	29.233	16.757		长4+5!1^(2_3)
耿219	2459.000	113.361	74.456	55.124	44.876	16.597	16.356	0.0	0.01	0.0	0.1	99.9	0.0	236.857	2.657	22.454	29.757	16.597		长4+5!1^(2_3)
耿219	2459.125	114.026	74.502	56.035	43.965	16.499	16.465	0.0	0.01	0.0	0.1	99.9	0.0	236.438	2.661	22.458	28.24	16.499		长4+5!1^(2_3)
耿219	2459.250	114.321	74.582	56.442	43.558	16.681	16.914	0.0	0.01	0.0	0.1	99.9	0.0	233.53	2.661	22.459	25.946	16.681		长4+5!1^(2_3)
耿219	2459.375	112.072	74.711	53.385	46.615	16.941	17.494	0.0	0.01	0.0	0.1	99.9	0.0	230.267	2.656	22.458	23.679	16.941		长4+5!1^(2_3)
耿219	2459.500	108.764	74.841	49.077	50.923	17.308	18.271	0.0	0.01	0.0	0.1	99.9	0.0	226.263	2.65	22.452	21.55	17.308		长4+5!1^(2_3)
耿219	2459.625	107.072	74.954	46.957	53.043	17.761	19.225	0.0	0.01	0.0	0.1	99.9	0.0	221.883	2.642	22.442	19.177	17.761		长4+5!1^(2_3)
耿219	2459.750	103.039	75.097	42.121	57.879	18.812	21.485	0.0	0.01	0.0	0.1	99.9	0.0	214.849	2.634	22.435	17.89	18.812		长4+5!1^(2_3)
耿219	2459.875	99.71	75.295	38.349	61.651	19.593	22.647	0.0	0.01	0.0	0.1	99.9	0.0	211.763	2.628	22.429	17.588	19.593		长4+5!1^(2_3)
耿219	2460.000	97.78	75.491	17.797	82.203	20.465	23.493	0.0	0.01	0.0	9.925	80.791	0.0	210.364	2.627	22.422	17.497	20.465		长4+5!1^(2_3)
耿219	2460.125	96.703	75.64	17.244	82.756	21.482	24.165	0.0	0.01	0.0	9.877	79.184	0.0	209.861	2.63	22.418	17.49	21.482		长4+5!1^(2_3)
耿219	2460.250	95.51	75.785	16.75	83.25	23.52	25.643	0.0	0.01	0.0	9.932	75.316	0.0	210.436	2.636	22.42	17.574	23.52		长4+5!1^(2_3)
耿219	2460.375	95.333	75.914	16.732	83.268	24.682	26.676	0.0	0.01	0.0	9.996	73.13	0.0	211.088	2.645	22.423	17.774	24.682		长4+5!1^(2_3)
耿219	2460.500	94.473	75.984	16.391	83.609	25.588	27.653	0.0	0.968	0.0	10.046	71.52	0.0	211.606	2.65	22.428	17.997	25.588		长4+5!1^(2_3)
耿219	2460.625	91.565	75.974	15.121	84.879	26.387	28.656	0.072	0.977	6.994	10.067	70.304	0.307	211.824	2.653	22.434	17.75	26.387		长4+5!1^(2_3)
耿219	2460.750	88.376	75.921	13.665	86.335	27.499	30.642	0.08	0.01	7.21	9.96	69.494	0.297	210.717	2.652	22.436	17.025	27.499	差油层	长4+5!1^(2_3)
耿219	2460.875	87.219	75.808	13.053	86.947	28.116	32.111	0.079	0.01	7.168	9.808	69.622	0.293	209.156	2.648	22.437	16.184	28.116	差油层	长4+5!1^(2_3)
耿219	2461.000	86.219	75.67	12.497	87.503	28.59	33.446	0.076	0.01	7.087	9.636	70.083	0.289	207.38	2.646	22.436	15.481	28.59	差油层	长4+5!1^(2_3)
耿219	2461.125	84.899	75.544	11.835	88.165	29.058	34.577	0.074	0.01	7.05	9.474	70.518	0.286	205.709	2.646	22.429	15.306	29.058	差油层	长4+5!1^(2_3)
耿219	2461.250	82.745	75.388	10.899	89.101	30.036	36.145	0.078	0.01	7.136	9.345	70.166	0.278	204.382	2.649	22.416	15.706	30.036	差油层	长4+5!1^(2_3)
耿219	2461.375	82.089	75.196	10.66	89.34	30.68	37.014	0.081	0.01	7.215	9.356	69.361	0.274	204.489	2.654	22.397	16.319	30.68	差油层	长4+5!1^(2_3)
耿219	2461.500	82.495	75.018	10.885	89.115	31.351	37.749	0.083	0.01	7.267	9.443	68.079	0.27	205.388	2.658	22.368	16.824	31.351	差油层	长4+5!1^(2_3)
耿219	2461.625	83.558	74.886	11.375	88.625	31.942	38.569	0.083	0.01	7.265	9.545	66.839	0.266	206.437	2.661	22.327	16.844	31.942	差油层	长4+5!1^(2_3)
耿219	2461.750	83.042	74.745	11.239	88.761	32.519	39.726	0.088	0.01	7.398	9.618	65.815	0.262	207.197	2.663	22.304	16.3	32.519	差油层	长4+5!1^(2_3)
耿219	2461.875	81.981	74.597	10.801	89.199	32.712	40.041	0.091	0.01	7.464	9.577	65.861	0.261	206.768	2.662	22.282	15.47	32.712	差油层	长4+5!1^(2_3)
耿219	2462.000	81.434	74.475	10.487	89.513	32.717	40.092	0.087	0.01	7.379	9.444	66.634	0.261	205.403	2.657	22.254	14.548	32.717	差油层	长4+5!1^(2_3)
耿219	2462.125	81.666	74.399	10.426	89.574	32.631	39.931	0.078	0.01	7.159	9.262	67.827	0.262	203.526	2.651	22.219	13.632	32.631	差油层	长4+5!1^(2_3)
耿219	2462.250	82.655	74.33	10.55	89.45	32.091	39.094	0.0	0.01	0.0	8.96	70.334	0.0	200.416	2.643	22.208	13.267	32.091	差油层	长4+5!1^(2_3)
耿219	2462.375	83.595	74.251	10.764	89.236	31.681	38.125	0.0	0.01	0.0	8.792	71.933	0.0	198.676	2.637	22.208	13.778	31.681		长4+5!1^(2_3)
耿219	2462.500	84.916	74.192	11.231	88.769	31.176	36.745	0.0	0.01	0.0	8.75	72.807	0.0	198.242	2.635	22.221	14.685	31.176		长4+5!1^(2_3)
耿219	2462.625	85.872	74.18	11.606	88.394	30.521	34.849	0.0	0.01	0.0	8.757	73.533	0.0	198.317	2.637	22.248	16.041	30.521		长4+5!1^(2_3)
耿219	2462.750	87.614	74.175	12.392	87.608	29.125	31.371	0.0	0.01	0.0	8.874	74.434	0.0	199.527	2.64	22.259	17.224	29.125		长4+5!1^(2_3)
耿219	2462.875	90.928	74.151	13.902	86.098	28.035	29.127	0.0	0.01	0.0	9.05	74.623	0.0	201.337	2.64	22.262	17.623	28.035		长4+5!1^(2_3)
耿219	2463.000	93.706	74.126	15.31	84.69	27.177	27.789	0.0	0.01	0.0	9.283	74.181	0.0	203.74	2.64	22.253	18.019	27.177		长4+5!1^(2_3)
耿219	2463.125	95.375	74.142	16.346	83.654	26.314	26.759	0.0	0.01	0.0	9.586	73.369	0.0	206.869	2.637	22.227	18.298	26.314		长4+5!1^(2_3)
耿219	2463.250	97.035	74.18	17.646	82.354	25.046	25.407	0.0	1.0	0.0	10.12	71.843	0.0	212.369	2.634	22.209	20.071	25.046		长4+5!1^(2_3)
耿219	2463.375	97.393	74.238	18.218	81.782	24.274	24.494	0.0	1.181	0.0	10.51	70.683	0.0	216.392	2.629	22.191	21.278	24.274		长4+5!1^(2_3)
耿219	2463.500	96.267	74.269	17.861	82.139	23.976	24.095	0.0	1.269	0.0	10.682	70.153	0.0	218.164	2.625	22.169	22.415	23.976		长4+5!1^(2_3)
耿219	2463.625	95.215	74.242	17.461	82.539	24.127	24.04	0.0	1.317	0.0	10.773	69.433	0.0	219.106	2.621	22.137	23.213	24.127		长4+5!1^(2_3)
耿219	2463.750	93.176	74.16	16.569	83.431	26.046	24.602	0.0	1.343	0.0	10.821	66.577	0.0	219.599	2.616	22.12	23.026	26.046		长4+5!1^(2_3)
耿219	2463.875	89.604	73.991	14.997	85.003	27.891	25.31	0.0	1.351	0.0	10.836	64.263	0.0	219.751	2.608	22.106	22.114	27.891		长4+5!1^(2_3)
耿219	2464.000	86.132	73.768	24.821	75.179	28.966	26.192	0.0	0.01	0.0	0.1	99.9	0.0	219.611	2.6	22.099	20.904	28.966		长4+5!1^(2_3)
耿219	2464.125	84.872	73.55	23.704	76.296	29.701	27.379	0.0	0.01	0.0	0.1	99.9	0.0	219.154	2.592	22.113	19.674	29.701		长4+5!1^(2_3)
耿219	2464.250	93.861	73.274	32.174	67.826	29.69	28.499	0.0	0.01	0.0	0.1	99.9	0.0	217.258	2.577	22.142	17.959	29.69		长4+5!1^(2_3)
耿219	2464.375	109.045	72.891	49.435	50.565	28.275	28.329	0.0	0.01	0.0	0.1	99.9	0.0	215.008	2.547	22.185	17.322	28.275		长4+5!1^(2_3)
耿219	2464.500	123.781	72.531	70.526	29.474	26.001	26.716	0.0	0.01	0.0	0.1	99.9	0.0	213.746	2.512	22.243	17.195	26.001		长4+5!1^(2_3)
耿219	2464.625	137.538	72.34	95.038	4.962	23.783	23.379	0.0	0.01	0.0	0.1	99.9	0.0	214.142	2.471	22.413	17.519	23.783		长4+5!1^(2_3)
耿219	2464.750	154.447	72.189	99.9	0.1	21.177	17.406	0.0	0.01	0.0	0.1	99.9	0.0	223.429	2.397	22.53	20.197	21.177		长4+5!1^(2_3)
耿219	2464.875	169.657	72.074	99.9	0.1	19.442	13.768	0.0	0.01	0.0	0.1	99.9	0.0	239.823	2.278	22.672	23.822	19.442		长4+5!1^(2_3)
耿219	2465.000	178.849	72.014	99.9	0.1	18.768	13.322	0.0	0.01	0.0	0.1	99.9	0.0	259.153	2.158	22.842	29.421	18.768		长4+5!1^(2_3)
耿219	2465.125	184.777	72.005	99.9	0.1	18.35	13.893	0.0	0.01	0.0	0.1	99.9	0.0	282.603	2.129	23.255	38.247	18.35		长4+5!1^(2_3)
耿219	2465.250	184.575	72.026	99.9	0.1	17.931	15.719	0.0	0.01	0.0	0.1	99.9	0.0	317.214	2.131	23.467	62.82	17.931		长4+5!1^(2_3)
耿219	2465.375	177.81	72.073	99.9	0.1	17.673	17.463	0.0	0.01	0.0	0.1	99.9	0.0	345.204	2.16	23.633	78.848	17.673		长4+5!1^(2_3)
耿219	2465.500	167.24	72.08	99.9	0.1	17.776	18.84	0.0	0.01	0.0	0.1	99.9	0.0	351.305	2.198	23.699	82.385	17.776		长4+5!1^(2_3)
耿219	2465.625	155.409	71.997	99.9	0.1	18.187	21.485	0.0	0.01	0.0	0.1	99.9	0.0	347.108	2.215	23.405	76.599	18.187		长4+5!1^(2_3)
耿219	2465.750	139.104	71.884	99.9	0.1	19.183	35.862	0.0	0.01	0.0	0.1	99.9	0.0	324.621	2.227	23.079	58.373	19.183		长4+5!1^(2_3)
耿219	2465.875	122.46	71.675	75.339	24.661	20.414	55.111	0.0	0.01	0.0	0.1	99.9	0.0	295.44	2.25	22.714	45.216	20.414		长4+5!1^(2_3)
耿219	2466.000	112.445	71.389	58.961	41.039	21.846	59.61	0.0	0.01	0.0	0.1	99.9	0.0	277.195	2.292	22.384	38.569	21.846		长4+5!1^(2_3)
耿219	2466.125	103.722	71.19	46.722	53.278	24.239	49.461	0.0	0.01	0.0	0.1	99.9	0.0	262.69	2.336	22.003	33.805	24.239		长4+5!1^(2_3)
耿219	2466.250	91.021	71.003	31.744	68.256	31.74	35.992	0.0	0.01	0.0	0.1	99.9	0.0	250.215	2.382	21.952	29.158	31.74		长4+5!1^(2_3)
耿219	2466.375	77.158	70.83	18.575	81.425	44.037	29.336	0.0	0.01	0.0	0.1	99.9	0.0	241.548	2.422	21.958	26.264	44.037		长4+5!1^(2_3)
耿219	2466.500	70.382	70.778	13.144	86.856	59.787	28.911	0.0	0.01	0.0	0.1	99.9	0.0	239.145	2.439	21.999	25.018	59.787		长4+5!2^(1_1)
耿219	2466.625	66.461	70.938	10.265	89.735	78.28	29.525	0.0	0.01	0.0	0.1	99.9	0.0	237.674	2.42	22.142	24.055	78.28		长4+5!2^(1_1)
耿219	2466.750	69.156	71.225	12.224	87.776	83.395	31.21	0.0	0.01	0.0	0.1	99.9	0.0	234.547	2.376	22.235	22.881	83.395		长4+5!2^(1_1)
耿219	2466.875	74.829	71.901	16.64	83.36	68.436	32.21	0.0	0.01	0.0	0.1	99.9	0.0	232.838	2.267	22.339	22.002	68.436		长4+5!2^(1_1)
耿219	2467.000	81.24	72.93	22.149	77.851	48.757	30.049	0.0	0.01	0.0	0.1	99.9	0.0	231.003	2.109	22.454	21.87	48.757		长4+5!2^(1_1)
耿219	2467.125	88.159	73.824	28.776	71.224	34.441	24.611	0.0	0.01	0.0	0.1	99.9	0.0	229.601	2.007	22.718	22.31	34.441		长4+5!2^(1_1)
耿219	2467.250	99.647	74.808	41.575	58.425	24.133	16.585	0.0	0.01	0.0	0.1	99.9	0.0	232.018	1.942	22.874	24.335	24.133		长4+5!2^(1_1)
耿219	2467.375	106.399	76.32	50.295	49.705	17.263	10.482	0.0	0.01	0.0	0.1	99.9	0.0	238.447	1.904	23.051	27.287	17.263		长4+5!2^(1_1)
耿219	2467.500	112.756	78.154	59.431	40.569	15.065	9.05	0.0	0.01	0.0	0.1	99.9	0.0	249.886	1.891	23.26	30.054	15.065		长4+5!2^(1_1)
耿219	2467.625	118.611	79.389	68.726	31.274	13.489	8.468	0.0	0.01	0.0	0.1	99.9	0.0	266.233	1.896	23.799	33.794	13.489		长4+5!2^(1_1)
耿219	2467.750	124.737	80.527	79.449	20.551	12.701	8.345	0.0	0.01	0.0	0.1	99.9	0.0	302.786	1.905	24.138	43.473	12.701		长4+5!2^(1_1)
耿219	2467.875	124.372	81.89	78.78	21.22	10.761	8.544	0.0	0.01	0.0	0.1	99.9	0.0	316.838	1.915	24.506	57.597	10.761		长4+5!2^(1_1)
耿219	2468.000	123.785	83.291	77.712	22.288	10.175	8.532	0.0	0.01	0.0	0.1	99.9	0.0	320.667	1.925	24.852	64.906	10.175		长4+5!2^(1_1)
耿219	2468.125	123.321	84.059	76.875	23.125	9.916	8.663	0.0	0.01	0.0	0.1	99.9	0.0	314.988	1.937	25.178	65.327	9.916		长4+5!2^(1_1)
耿219	2468.250	124.159	84.673	78.392	21.608	9.832	9.379	0.0	0.01	0.0	0.1	99.9	0.0	288.717	1.964	25.033	57.833	9.832		长4+5!2^(1_1)
耿219	2468.375	124.032	85.338	78.161	21.839	10.034	13.983	0.0	0.01	0.0	0.1	99.9	0.0	274.422	2.046	24.685	47.757	10.034		长4+5!2^(1_1)
耿219	2468.500	123.296	85.98	76.831	23.169	10.348	17.63	0.0	0.01	0.0	0.1	99.9	0.0	265.305	2.188	24.21	44.167	10.348		长4+5!2^(1_1)
耿219	2468.625	121.719	86.311	74.033	25.967	10.801	20.032	0.0	0.01	0.0	0.1	99.9	0.0	259.586	2.322	23.301	41.66	10.801		长4+5!2^(1_1)
耿219	2468.750	118.53	86.564	68.592	31.408	11.479	19.816	0.0	0.01	0.0	0.1	99.9	0.0	251.732	2.441	23.014	38.771	11.479		长4+5!2^(1_1)
耿219	2468.875	118.524	86.872	68.582	31.418	13.82	17.105	0.0	0.01	0.0	0.1	99.9	0.0	247.06	2.534	22.857	34.736	13.82		长4+5!2^(1_1)
耿219	2469.000	118.459	87.206	68.474	31.526	15.573	16.785	0.0	0.01	0.0	0.1	99.9	0.0	244.39	2.571	22.795	32.625	15.573		长4+5!2^(1_1)
耿219	2469.125	120.119	87.404	71.268	28.732	17.317	17.112	0.0	0.01	0.0	0.1	99.9	0.0	245.226	2.541	22.81	31.167	17.317		长4+5!2^(1_1)
耿219	2469.250	128.084	87.56	85.779	14.221	18.698	17.433	0.0	0.01	0.0	0.1	99.9	0.0	260.797	2.476	22.846	31.215	18.698		长4+5!2^(1_1)
耿219	2469.375	131.762	87.698	93.142	6.858	19.685	16.29	0.0	0.01	0.0	0.1	99.9	0.0	276.204	2.38	22.893	34.334	19.685		长4+5!2^(1_1)
耿219	2469.500	134.049	87.805	97.948	2.052	19.344	15.686	0.0	0.01	0.0	0.1	99.9	0.0	291.593	2.277	22.945	39.17	19.344		长4+5!2^(1_1)
耿219	2469.625	136.274	87.844	99.9	0.1	18.676	15.395	0.0	0.01	0.0	0.1	99.9	0.0	305.055	2.221	23.065	46.088	18.676		长4+5!2^(1_1)
耿219	2469.750	138.555	87.86	99.9	0.1	17.966	15.216	0.0	0.01	0.0	0.1	99.9	0.0	314.917	2.204	23.131	53.399	17.966		长4+5!2^(1_1)
耿219	2469.875	137.967	87.857	99.9	0.1	16.897	15.688	0.0	0.01	0.0	0.1	99.9	0.0	312.195	2.221	23.194	57.255	16.897		长4+5!2^(1_1)
耿219	2470.000	135.306	87.84	99.9	0.1	16.664	16.376	0.0	0.01	0.0	0.1	99.9	0.0	302.12	2.277	23.243	53.284	16.664		长4+5!2^(1_1)
耿219	2470.125	130.021	87.822	89.601	10.399	16.673	17.522	0.0	0.01	0.0	0.1	99.9	0.0	288.066	2.341	23.26	48.145	16.673		长4+5!2^(1_1)
耿219	2470.250	114.746	87.801	62.491	37.509	16.881	18.991	0.0	0.01	0.0	0.1	99.9	0.0	259.61	2.41	23.222	42.426	16.881		长4+5!2^(1_1)
耿219	2470.375	104.261	87.774	47.429	52.571	17.092	22.924	0.0	0.01	0.0	0.1	99.9	0.0	241.026	2.496	23.161	32.58	17.092		长4+5!2^(1_1)
耿219	2470.500	98.007	87.74	39.598	60.402	17.15	25.172	0.0	0.01	0.0	0.1	99.9	0.0	228.131	2.591	23.087	28.038	17.15		长4+5!2^(1_1)
耿219	2470.625	94.479	87.72	35.52	64.48	17.14	26.012	0.0	0.01	0.0	0.1	99.9	0.0	217.919	2.647	22.96	24.113	17.14		长4+5!2^(1_1)
耿219	2470.750	92.731	87.702	33.585	66.415	16.834	24.922	0.0	0.01	0.0	0.1	99.9	0.0	209.415	2.669	22.929	20.88	16.834		长4+5!2^(1_1)
耿219	2470.875	92.379	87.639	33.202	66.798	15.696	19.804	0.0	0.01	0.0	0.1	99.9	0.0	208.843	2.677	22.928	17.119	15.696		长4+5!2^(1_1)
耿219	2471.000	93.852	87.549	34.819	65.181	14.983	16.805	0.0	0.01	0.0	0.1	99.9	0.0	213.645	2.677	22.958	16.753	14.983		长4+5!2^(1_1)
耿219	2471.125	96.265	87.503	37.555	62.445	14.326	14.639	0.0	0.01	0.0	0.1	99.9	0.0	221.455	2.674	23.1	17.51	14.326		长4+5!2^(1_1)
耿219	2471.250	102.329	87.469	44.925	55.075	13.664	13.091	0.0	0.01	0.0	0.1	99.9	0.0	238.44	2.672	23.198	19.454	13.664		长4+5!2^(1_1)
耿219	2471.375	107.335	87.427	51.582	48.418	12.785	11.53	0.0	0.01	0.0	0.1	99.9	0.0	251.098	2.668	23.3	26.221	12.785		长4+5!2^(1_1)
耿219	2471.500	111.001	87.408	56.814	43.186	12.417	11.083	0.0	0.01	0.0	0.1	99.9	0.0	259.874	2.658	23.395	30.452	12.417		长4+5!2^(1_1)
耿219	2471.625	114.128	87.431	61.53	38.47	12.192	11.194	0.0	0.01	0.0	0.1	99.9	0.0	267.606	2.642	23.492	34.227	12.192		长4+5!2^(1_1)
耿219	2471.750	115.656	87.486	63.924	36.076	12.06	11.858	0.0	0.01	0.0	0.1	99.9	0.0	278.442	2.62	23.468	37.782	12.06		长4+5!2^(1_1)
耿219	2471.875	116.811	87.63	65.773	34.227	12.288	14.487	0.0	0.01	0.0	0.1	99.9	0.0	285.543	2.583	23.388	45.666	12.288		长4+5!2^(1_1)
耿219	2472.000	117.231	87.837	66.454	33.546	12.601	16.654	0.0	0.01	0.0	0.1	99.9	0.0	288.74	2.531	23.259	50.243	12.601		长4+5!2^(1_1)
耿219	2472.125	116.823	87.985	65.793	34.207	13.113	18.834	0.0	0.01	0.0	0.1	99.9	0.0	289.387	2.494	22.922	52.679	13.113		长4+5!2^(1_1)
耿219	2472.250	113.596	88.121	60.712	39.288	13.894	21.368	0.0	0.01	0.0	0.1	99.9	0.0	283.006	2.48	22.755	52.676	13.894		长4+5!2^(1_1)
耿219	2472.375	110.918	88.288	56.692	43.308	16.14	26.67	0.0	0.01	0.0	0.1	99.9	0.0	274.466	2.488	22.615	46.479	16.14		长4+5!2^(1_1)
耿219	2472.500	108.93	88.447	53.82	46.18	17.995	29.301	0.0	0.01	0.0	0.1	99.9	0.0	266.187	2.52	22.513	41.188	17.995		长4+5!2^(1_1)
耿219	2472.625	107.055	88.534	51.196	48.804	19.898	29.947	0.0	0.01	0.0	0.1	99.9	0.0	258.194	2.554	22.42	36.815	19.898		长4+5!2^(1_1)
耿219	2472.750	108.074	88.582	52.611	47.389	22.143	29.233	0.0	0.01	0.0	0.1	99.9	0.0	249.576	2.575	22.412	33.256	22.143		长4+5!2^(1_1)
耿219	2472.875	110.032	88.565	55.401	44.599	26.345	26.964	0.0	0.01	0.0	0.1	99.9	0.0	245.847	2.58	22.415	29.498	26.345		长4+5!2^(1_1)
耿219	2473.000	111.379	88.485	57.372	42.628	28.423	26.127	0.0	0.01	0.0	0.1	99.9	0.0	247.293	2.567	22.423	28.174	28.423		长4+5!2^(1_1)
耿219	2473.125	112.818	88.418	59.525	40.475	29.127	25.576	0.0	0.01	0.0	0.1	99.9	0.0	251.219	2.544	22.442	28.445	29.127		长4+5!2^(1_1)
耿219	2473.250	119.416	88.358	70.075	29.925	28.582	25.132	0.0	0.01	0.0	0.1	99.9	0.0	260.186	2.524	22.452	29.627	28.582		长4+5!2^(1_1)
耿219	2473.375	125.513	88.299	80.886	19.114	25.785	23.95	0.0	0.01	0.0	0.1	99.9	0.0	267.836	2.508	22.463	33.121	25.785		长4+5!2^(1_1)
耿219	2473.500	127.684	88.265	85.002	14.998	23.579	23.026	0.0	0.01	0.0	0.1	99.9	0.0	271.357	2.499	22.475	36.009	23.579		长4+5!2^(1_1)
耿219	2473.625	128.754	88.276	87.087	12.913	21.74	22.142	0.0	0.01	0.0	0.1	99.9	0.0	272.973	2.499	22.501	37.815	21.74		长4+5!2^(1_1)
耿219	2473.750	128.535	88.324	86.658	13.342	20.08	20.769	0.0	0.01	0.0	0.1	99.9	0.0	272.543	2.505	22.515	38.828	20.08		长4+5!2^(1_1)
耿219	2473.875	128.11	88.486	85.829	14.171	17.808	17.601	0.0	0.01	0.0	0.1	99.9	0.0	271.945	2.513	22.532	38.516	17.808		长4+5!2^(1_1)
耿219	2474.000	128.385	88.764	86.364	13.636	16.662	15.97	0.0	0.01	0.0	0.1	99.9	0.0	272.92	2.522	22.551	37.814	16.662		长4+5!2^(1_1)
耿219	2474.125	128.632	88.99	86.847	13.153	15.928	15.367	0.0	0.01	0.0	0.1	99.9	0.0	275.538	2.53	22.606	37.769	15.928		长4+5!2^(1_1)
耿219	2474.250	124.604	89.181	79.205	20.795	15.358	15.239	0.0	0.01	0.0	0.1	99.9	0.0	280.233	2.537	22.643	39.0	15.358		长4+5!2^(1_2)
耿219	2474.375	119.592	89.424	70.373	29.627	14.633	15.158	0.0	0.01	0.0	0.1	99.9	0.0	282.452	2.552	22.684	42.717	14.633		长4+5!2^(1_2)
耿219	2474.500	118.118	89.697	67.909	32.091	14.203	14.875	0.0	0.01	0.0	0.1	99.9	0.0	279.26	2.578	22.722	44.452	14.203		长4+5!2^(1_2)
耿219	2474.625	118.098	89.864	67.875	32.125	13.972	14.559	0.0	0.01	0.0	0.1	99.9	0.0	272.861	2.606	22.755	41.964	13.972		长4+5!2^(1_2)
耿219	2474.750	119.651	89.969	70.473	29.527	13.89	14.528	0.0	0.01	0.0	0.1	99.9	0.0	262.389	2.623	22.74	37.781	13.89		长4+5!2^(1_2)
耿219	2474.875	120.186	90.075	71.382	28.618	13.911	15.495	0.0	0.01	0.0	0.1	99.9	0.0	254.538	2.63	22.713	32.902	13.911		长4+5!2^(1_2)
耿219	2475.000	118.614	90.165	68.731	31.269	14.021	16.254	0.0	0.01	0.0	0.1	99.9	0.0	253.859	2.622	22.683	30.465	14.021		长4+5!2^(1_2)
耿219	2475.125	117.268	90.205	66.516	33.484	14.264	16.493	0.0	0.01	0.0	0.1	99.9	0.0	254.971	2.608	22.661	31.71	14.264		长4+5!2^(1_2)
耿219	2475.250	117.987	90.211	67.693	32.307	14.673	16.203	0.0	0.01	0.0	0.1	99.9	0.0	254.37	2.599	22.666	33.897	14.673		长4+5!2^(1_2)
耿219	2475.375	120.681	90.177	72.231	27.769	15.834	15.897	0.0	0.01	0.0	0.1	99.9	0.0	250.17	2.6	22.666	34.458	15.834		长4+5!2^(1_2)
耿219	2475.500	122.424	90.093	75.274	24.726	16.936	16.32	0.0	0.01	0.0	0.1	99.9	0.0	243.96	2.613	22.65	32.274	16.936		长4+5!2^(1_2)
耿219	2475.625	121.93	89.998	74.403	25.597	18.116	17.233	0.0	0.01	0.0	0.1	99.9	0.0	237.002	2.634	22.563	29.433	18.116		长4+5!2^(1_2)
耿219	2475.750	115.711	89.889	64.011	35.989	19.486	18.376	0.0	0.01	0.0	0.1	99.9	0.0	228.279	2.648	22.51	27.062	19.486		长4+5!2^(1_2)
耿219	2475.875	107.385	89.714	51.651	48.349	22.378	20.765	0.0	0.01	0.0	0.1	99.9	0.0	219.901	2.659	22.467	24.962	22.378		长4+5!2^(1_2)
耿219	2476.000	103.292	89.484	46.163	53.837	24.587	22.754	0.0	0.01	0.0	0.1	99.9	0.0	215.366	2.666	22.439	22.885	24.587		长4+5!2^(1_2)
耿219	2476.125	99.891	89.308	41.874	58.126	26.344	24.643	0.0	0.01	0.0	0.1	99.9	0.0	210.93	2.668	22.429	21.304	26.344		长4+5!2^(1_2)
耿219	2476.250	96.369	89.187	37.676	62.324	27.879	26.706	0.0	0.01	0.0	0.1	99.9	0.0	205.878	2.668	22.439	19.443	27.879		长4+5!2^(1_2)
耿219	2476.375	93.504	89.093	34.434	65.566	29.428	29.355	0.0	0.01	0.0	0.1	99.9	0.0	202.053	2.67	22.455	17.181	29.428		长4+5!2^(1_2)
耿219	2476.500	92.87	89.034	33.737	66.263	29.697	29.979	0.0	0.01	0.0	0.1	99.9	0.0	202.695	2.673	22.474	14.902	29.697		长4+5!2^(1_2)
耿219	2476.625	93.37	89.027	34.286	65.714	28.862	28.841	0.0	0.01	0.0	0.1	99.9	0.0	205.574	2.675	22.516	14.545	28.862		长4+5!2^(1_2)
耿219	2476.750	97.602	89.05	39.118	60.882	27.205	26.531	0.0	0.01	0.0	0.1	99.9	0.0	212.764	2.672	22.542	14.97	27.205		长4+5!2^(1_2)
耿219	2476.875	104.632	89.11	47.92	52.08	23.444	21.855	0.0	0.01	0.0	0.1	99.9	0.0	223.299	2.664	22.575	16.729	23.444		长4+5!2^(1_2)
耿219	2477.000	109.797	89.206	55.061	44.939	20.713	18.868	0.0	0.01	0.0	0.1	99.9	0.0	230.386	2.644	22.616	20.44	20.713		长4+5!2^(1_2)
耿219	2477.125	115.927	89.283	64.355	35.645	18.901	17.288	0.0	0.01	0.0	0.1	99.9	0.0	237.284	2.618	22.722	23.114	18.901		长4+5!2^(1_2)
耿219	2477.250	121.559	89.327	73.753	26.247	17.339	16.069	0.0	0.01	0.0	0.1	99.9	0.0	244.708	2.599	22.774	25.944	17.339		长4+5!2^(1_2)
耿219	2477.375	125.161	89.341	80.233	19.767	15.366	14.059	0.0	0.01	0.0	0.1	99.9	0.0	251.482	2.582	22.81	29.129	15.366		长4+5!2^(1_2)
耿219	2477.500	126.564	89.301	82.862	17.138	14.167	12.728	0.0	0.01	0.0	0.1	99.9	0.0	252.711	2.569	22.821	33.276	14.167		长4+5!2^(1_2)
耿219	2477.625	127.375	89.201	84.409	15.591	13.531	12.131	0.0	0.01	0.0	0.1	99.9	0.0	252.612	2.563	22.765	34.37	13.531		长4+5!2^(1_2)
耿219	2477.750	128.332	89.058	86.26	13.74	13.063	11.975	0.0	0.01	0.0	0.1	99.9	0.0	252.404	2.564	22.721	34.608	13.063		长4+5!2^(1_2)
耿219	2477.875	130.999	88.847	91.578	8.422	12.61	12.259	0.0	0.01	0.0	0.1	99.9	0.0	253.528	2.565	22.685	34.426	12.61		长4+5!2^(1_2)
耿219	2478.000	133.786	88.561	97.385	2.615	12.391	12.486	0.0	0.01	0.0	0.1	99.9	0.0	255.902	2.559	22.661	34.721	12.391		长4+5!2^(1_2)
耿219	2478.125	135.046	88.3	99.9	0.1	12.291	12.494	0.0	0.01	0.0	0.1	99.9	0.0	258.783	2.547	22.64	36.065	12.291		长4+5!2^(1_2)
耿219	2478.250	135.662	88.063	99.9	0.1	12.223	12.431	0.0	0.01	0.0	0.1	99.9	0.0	261.411	2.534	22.624	38.515	12.223		长4+5!2^(1_2)
耿219	2478.375	136.088	87.751	99.9	0.1	12.245	12.504	0.0	0.01	0.0	0.1	99.9	0.0	262.636	2.523	22.599	42.061	12.245		长4+5!2^(1_2)
耿219	2478.500	135.58	87.36	99.9	0.1	12.373	12.572	0.0	0.01	0.0	0.1	99.9	0.0	260.868	2.519	22.569	46.866	12.373		长4+5!2^(1_2)
耿219	2478.625	135.118	87.04	99.9	0.1	12.602	12.562	0.0	0.01	0.0	0.1	99.9	0.0	257.906	2.525	22.529	44.724	12.602		长4+5!2^(1_2)
耿219	2478.750	133.915	86.783	97.661	2.339	12.954	12.466	0.0	0.01	0.0	0.1	99.9	0.0	253.874	2.538	22.533	40.278	12.954		长4+5!2^(1_2)
耿219	2478.875	128.817	86.426	87.21	12.79	13.559	12.567	0.0	0.01	0.0	0.1	99.9	0.0	248.857	2.554	22.554	35.735	13.559		长4+5!2^(1_2)
耿219	2479.000	124.866	85.974	79.688	20.313	13.952	12.771	0.0	0.01	0.0	0.1	99.9	0.0	246.856	2.576	22.585	30.416	13.952		长4+5!2^(1_2)
耿219	2479.125	120.545	85.652	71.997	28.003	14.121	13.042	0.0	0.01	0.0	0.1	99.9	0.0	244.657	2.594	22.645	29.542	14.121		长4+5!2^(1_2)
耿219	2479.250	116.02	85.457	64.503	35.497	14.202	13.347	0.0	0.01	0.0	0.1	99.9	0.0	240.585	2.594	22.668	29.374	14.202		长4+5!2^(1_2)
耿219	2479.375	110.652	85.235	56.302	43.698	13.856	13.822	0.0	0.01	0.0	0.1	99.9	0.0	232.474	2.583	22.691	29.168	13.856		长4+5!2^(1_2)
耿219	2479.500	108.396	84.987	53.065	46.935	13.299	13.849	0.0	0.01	0.0	0.1	99.9	0.0	227.961	2.555	22.722	27.849	13.299		长4+5!2^(1_2)
耿219	2479.625	106.953	84.814	51.055	48.945	12.814	13.043	0.0	0.01	0.0	0.1	99.9	0.0	224.988	2.516	22.831	26.967	12.814		长4+5!2^(1_2)
耿219	2479.750	106.066	84.722	49.843	50.157	12.406	11.785	0.0	0.01	0.0	0.1	99.9	0.0	225.593	2.488	22.914	26.239	12.406		长4+5!2^(1_2)
耿219	2479.875	107.6	84.669	51.95	48.05	11.911	10.517	0.0	0.01	0.0	0.1	99.9	0.0	234.003	2.461	23.017	25.606	11.911		长4+5!2^(1_2)
耿219	2480.000	108.322	84.647	52.96	47.04	11.583	10.174	0.0	0.01	0.0	0.1	99.9	0.0	243.499	2.428	23.139	25.557	11.583		长4+5!2^(1_2)
耿219	2480.125	109.124	84.62	54.096	45.904	11.453	10.523	0.0	0.01	0.0	0.1	99.9	0.0	254.423	2.404	23.399	27.356	11.453		长4+5!2^(1_2)
耿219	2480.250	110.767	84.604	56.47	43.53	11.341	10.882	0.0	0.01	0.0	0.1	99.9	0.0	264.491	2.41	23.482	31.568	11.341		长4+5!2^(1_2)
耿219	2480.375	115.116	84.659	63.071	36.929	11.143	11.252	0.0	0.01	0.0	0.1	99.9	0.0	271.109	2.431	23.486	38.162	11.143		长4+5!2^(1_2)
耿219	2480.500	118.189	84.807	68.027	31.973	11.104	11.763	0.0	0.01	0.0	0.1	99.9	0.0	266.372	2.483	23.392	46.069	11.104		长4+5!2^(1_2)
耿219	2480.625	119.593	84.996	70.375	29.625	11.248	12.766	0.0	0.01	0.0	0.1	99.9	0.0	258.102	2.552	22.991	44.693	11.248		长4+5!2^(1_2)
耿219	2480.750	119.191	85.208	69.697	30.303	11.397	14.496	0.0	0.01	0.0	0.1	99.9	0.0	248.539	2.586	22.775	39.322	11.397		长4+5!2^(1_2)
耿219	2480.875	119.085	85.519	69.518	30.482	11.707	16.719	0.0	0.01	0.0	0.1	99.9	0.0	237.049	2.607	22.608	34.42	11.707		长4+5!2^(1_2)
耿219	2481.000	119.957	85.954	70.991	29.009	12.132	17.199	0.0	0.01	0.0	0.1	99.9	0.0	235.162	2.635	22.507	30.234	12.132		长4+5!2^(1_2)
耿219	2481.125	120.842	86.377	72.508	27.492	12.634	16.106	0.0	0.01	0.0	0.1	99.9	0.0	235.0	2.662	22.452	28.889	12.634		长4+5!2^(1_2)
耿219	2481.250	122.56	86.739	75.516	24.484	13.284	15.205	0.0	0.01	0.0	0.1	99.9	0.0	235.82	2.672	22.452	28.9	13.284		长4+5!2^(1_2)
耿219	2481.375	129.455	87.163	88.471	11.529	14.726	14.955	0.0	0.01	0.0	0.1	99.9	0.0	238.737	2.676	22.454	28.979	14.726		长4+5!2^(1_2)
耿219	2481.500	130.763	87.663	91.097	8.903	16.122	15.215	0.0	0.01	0.0	0.1	99.9	0.0	241.467	2.675	22.454	28.923	16.122		长4+5!2^(1_3)
耿219	2481.625	133.437	88.065	96.645	3.355	16.885	15.738	0.0	0.01	0.0	0.1	99.9	0.0	245.165	2.668	22.45	29.129	16.885		长4+5!2^(1_3)
耿219	2481.750	135.076	88.337	99.9	0.1	17.442	16.418	0.0	0.01	0.0	0.1	99.9	0.0	249.645	2.659	22.447	30.005	17.442		长4+5!2^(1_3)
耿219	2481.875	135.047	88.635	99.9	0.1	18.035	17.644	0.0	0.01	0.0	0.1	99.9	0.0	256.966	2.649	22.444	31.64	18.035		长4+5!2^(1_3)
耿219	2482.000	135.36	88.97	99.9	0.1	18.391	18.779	0.0	0.01	0.0	0.1	99.9	0.0	258.27	2.641	22.443	34.171	18.391		长4+5!2^(1_3)
耿219	2482.125	135.292	89.214	99.9	0.1	18.4	19.498	0.0	0.01	0.0	0.1	99.9	0.0	257.369	2.641	22.446	35.04	18.4		长4+5!2^(1_3)
耿219	2482.250	135.554	89.344	99.9	0.1	18.387	20.215	0.0	0.01	0.0	0.1	99.9	0.0	254.53	2.652	22.449	33.799	18.387		长4+5!2^(1_3)
耿219	2482.375	129.723	89.466	89.005	10.995	18.804	21.204	0.0	0.01	0.0	0.1	99.9	0.0	246.17	2.664	22.453	31.996	18.804		长4+5!2^(1_3)
耿219	2482.500	127.316	89.59	84.295	15.705	19.301	21.894	0.0	0.01	0.0	0.1	99.9	0.0	241.979	2.674	22.456	29.909	19.301		长4+5!2^(1_3)
耿219	2482.625	124.102	89.695	78.289	21.711	19.464	21.958	0.0	0.01	0.0	0.1	99.9	0.0	238.233	2.679	22.46	28.599	19.464		长4+5!2^(1_3)
耿219	2482.750	122.911	89.763	76.14	23.86	19.511	21.75	0.0	0.01	0.0	0.1	99.9	0.0	234.868	2.679	22.461	28.242	19.511		长4+5!2^(1_3)
耿219	2482.875	123.752	89.814	77.652	22.348	19.389	21.018	0.0	0.01	0.0	0.1	99.9	0.0	229.445	2.677	22.462	27.828	19.389		长4+5!2^(1_3)
耿219	2483.000	123.88	89.863	77.885	22.115	19.031	20.171	0.0	0.01	0.0	0.1	99.9	0.0	227.771	2.672	22.464	26.798	19.031		长4+5!2^(1_3)
耿219	2483.125	123.746	89.911	77.642	22.358	18.521	19.551	0.0	0.01	0.0	0.1	99.9	0.0	227.398	2.666	22.478	25.608	18.521		长4+5!2^(1_3)
耿219	2483.250	122.709	89.946	75.78	24.22	18.004	18.741	0.0	0.01	0.0	0.1	99.9	0.0	228.393	2.66	22.491	25.073	18.004		长4+5!2^(1_3)
耿219	2483.375	120.76	89.974	72.366	27.634	17.309	16.992	0.0	0.01	0.0	0.1	99.9	0.0	234.238	2.654	22.508	24.83	17.309		长4+5!2^(1_3)
耿219	2483.500	120.477	90.009	71.879	28.121	16.69	15.459	0.0	0.01	0.0	0.1	99.9	0.0	239.221	2.643	22.528	25.165	16.69		长4+5!2^(1_3)
耿219	2483.625	121.381	90.04	73.443	26.557	16.471	15.161	0.0	0.01	0.0	0.1	99.9	0.0	244.983	2.628	22.579	26.244	16.471		长4+5!2^(1_3)
耿219	2483.750	122.585	90.065	75.56	24.44	16.398	15.337	0.0	0.01	0.0	0.1	99.9	0.0	250.997	2.616	22.611	27.874	16.398		长4+5!2^(1_3)
耿219	2483.875	121.96	90.088	74.455	25.545	16.454	15.896	0.0	0.01	0.0	0.1	99.9	0.0	258.479	2.609	22.644	30.355	16.454		长4+5!2^(1_3)
耿219	2484.000	120.595	90.097	72.082	27.918	16.525	16.38	0.0	0.01	0.0	0.1	99.9	0.0	258.33	2.611	22.667	33.655	16.525		长4+5!2^(1_3)
耿219	2484.125	120.266	90.095	71.519	28.481	16.533	16.622	0.0	0.01	0.0	0.1	99.9	0.0	254.105	2.621	22.657	35.873	16.533		长4+5!2^(1_3)
耿219	2484.250	119.569	90.086	70.333	29.667	16.518	16.947	0.0	0.01	0.0	0.1	99.9	0.0	247.323	2.631	22.624	34.008	16.518		长4+5!2^(1_3)
耿219	2484.375	117.112	90.064	66.262	33.738	16.28	17.878	0.0	0.01	0.0	0.1	99.9	0.0	234.575	2.637	22.586	30.97	16.28		长4+5!2^(1_3)
耿219	2484.500	116.635	90.024	65.49	34.51	15.866	18.659	0.0	0.01	0.0	0.1	99.9	0.0	229.918	2.629	22.554	27.545	15.866		长4+5!2^(1_3)
耿219	2484.625	115.846	89.984	64.226	35.774	15.487	18.106	0.0	0.01	0.0	0.1	99.9	0.0	228.84	2.604	22.539	24.452	15.487		长4+5!2^(1_3)
耿219	2484.750	113.942	89.954	61.244	38.756	15.073	16.643	0.0	0.01	0.0	0.1	99.9	0.0	229.615	2.575	22.554	24.291	15.073		长4+5!2^(1_3)
耿219	2484.875	111.708	89.934	57.859	42.141	14.451	14.456	0.0	0.01	0.0	0.1	99.9	0.0	232.985	2.548	22.578	24.88	14.451		长4+5!2^(1_3)
耿219	2485.000	112.29	89.919	58.729	41.271	13.837	12.86	0.0	0.01	0.0	0.1	99.9	0.0	235.569	2.524	22.608	25.858	13.837		长4+5!2^(1_3)
耿219	2485.125	113.325	89.908	60.296	39.704	13.513	12.581	0.0	0.01	0.0	0.1	99.9	0.0	238.494	2.51	22.687	26.973	13.513		长4+5!2^(1_3)
耿219	2485.250	114.582	89.914	62.236	37.764	13.198	12.543	0.0	0.01	0.0	0.1	99.9	0.0	242.139	2.515	22.731	27.387	13.198		长4+5!2^(1_3)
耿219	2485.375	118.372	89.952	68.33	31.67	12.732	12.5	0.0	0.01	0.0	0.1	99.9	0.0	248.842	2.53	22.765	28.106	12.732		长4+5!2^(1_3)
耿219	2485.500	119.892	90.027	70.88	29.12	12.278	12.403	0.0	0.01	0.0	0.1	99.9	0.0	251.827	2.556	22.778	29.642	12.278		长4+5!2^(1_3)
耿219	2485.625	121.548	90.081	73.734	26.266	12.095	12.465	0.0	0.01	0.0	0.1	99.9	0.0	252.369	2.589	22.721	33.08	12.095		长4+5!2^(1_3)
耿219	2485.750	124.066	90.074	78.223	21.777	11.973	12.759	0.0	0.01	0.0	0.1	99.9	0.0	251.413	2.615	22.665	34.553	11.973		长4+5!2^(1_3)
耿219	2485.875	127.445	90.038	84.543	15.457	11.885	13.395	0.0	0.01	0.0	0.1	99.9	0.0	247.962	2.632	22.609	35.147	11.885		长4+5!2^(1_3)
耿219	2486.000	126.933	89.979	83.563	16.437	11.882	13.909	0.0	0.01	0.0	0.1	99.9	0.0	245.738	2.641	22.567	34.803	11.882		长4+5!2^(1_3)
耿219	2486.125	125.814	89.897	81.449	18.551	12.013	13.732	0.0	0.01	0.0	0.1	99.9	0.0	244.387	2.639	22.533	33.099	12.013		长4+5!2^(1_3)
耿219	2486.250	124.834	89.789	79.629	20.371	12.193	13.326	0.0	0.01	0.0	0.1	99.9	0.0	243.431	2.629	22.534	32.094	12.193		长4+5!2^(1_3)
耿219	2486.375	122.231	89.618	74.934	25.066	12.597	13.035	0.0	0.01	0.0	0.1	99.9	0.0	242.89	2.618	22.54	31.052	12.597		长4+5!2^(1_3)
耿219	2486.500	119.634	89.326	70.444	29.556	13.2	13.045	0.0	0.01	0.0	0.1	99.9	0.0	243.254	2.608	22.549	30.066	13.2		长4+5!2^(1_3)
耿219	2486.625	117.346	88.999	66.643	33.357	13.704	13.252	0.0	0.01	0.0	0.1	99.9	0.0	244.211	2.603	22.575	29.031	13.704		长4+5!2^(1_3)
耿219	2486.750	115.709	88.752	64.009	35.991	14.27	13.57	0.0	0.01	0.0	0.1	99.9	0.0	245.275	2.603	22.591	29.269	14.27		长4+5!2^(1_3)
耿219	2486.875	111.35	88.464	57.329	42.671	15.162	14.343	0.0	0.01	0.0	0.1	99.9	0.0	245.457	2.607	22.603	30.024	15.162		长4+5!2^(1_3)
耿219	2487.000	107.047	88.041	51.184	48.816	16.308	15.532	0.0	0.01	0.0	0.1	99.9	0.0	243.998	2.612	22.607	30.957	16.308		长4+5!2^(1_3)
耿219	2487.125	103.113	87.587	45.932	54.068	17.114	16.547	0.0	0.01	0.0	0.1	99.9	0.0	241.123	2.615	22.588	30.588	17.114		长4+5!2^(1_3)
耿219	2487.250	100.115	87.226	42.149	57.851	17.948	17.772	0.0	0.01	0.0	0.1	99.9	0.0	237.32	2.614	22.567	28.692	17.948		长4+5!2^(1_3)
耿219	2487.375	97.842	86.793	39.402	60.598	19.019	19.664	0.0	0.01	0.0	0.1	99.9	0.0	231.077	2.61	22.545	26.217	19.019		长4+5!2^(1_3)
耿219	2487.500	95.821	86.199	37.044	62.956	20.179	21.915	0.0	0.01	0.0	0.1	99.9	0.0	227.662	2.604	22.526	23.904	20.179		长4+5!2^(1_3)
耿219	2487.625	94.099	85.628	35.094	64.906	20.78	22.913	0.0	0.01	0.0	0.1	99.9	0.0	227.407	2.594	22.512	21.761	20.78		长4+5!2^(1_3)
耿219	2487.750	93.312	85.255	34.222	65.778	21.22	23.323	0.0	0.01	0.0	0.1	99.9	0.0	229.119	2.586	22.515	21.998	21.22		长4+5!2^(1_3)
耿219	2487.875	95.532	84.854	36.712	63.288	21.625	22.997	0.0	0.01	0.0	0.1	99.9	0.0	235.753	2.58	22.521	23.602	21.625		长4+5!2^(1_3)
耿219	2488.000	98.556	84.355	40.254	59.746	21.837	22.042	0.0	0.01	0.0	0.1	99.9	0.0	242.158	2.576	22.531	26.173	21.837		长4+5!2^(1_3)
耿219	2488.125	101.746	83.9	44.184	55.816	21.603	21.252	0.0	0.01	0.0	0.1	99.9	0.0	246.724	2.575	22.561	32.636	21.603		长4+5!2^(1_3)
耿219	2488.250	104.686	83.644	47.991	52.009	21.055	20.456	0.0	0.01	0.0	0.1	99.9	0.0	250.038	2.58	22.584	34.138	21.055		长4+5!2^(2_1)
耿219	2488.375	107.667	83.426	52.043	47.957	19.977	19.373	0.0	0.01	0.0	0.1	99.9	0.0	250.415	2.589	22.612	34.17	19.977		长4+5!2^(2_1)
耿219	2488.500	110.66	83.223	56.314	43.686	18.463	18.036	0.0	0.01	0.0	0.1	99.9	0.0	247.807	2.603	22.647	33.081	18.463		长4+5!2^(2_1)
耿219	2488.625	112.014	83.039	58.315	41.685	17.341	17.277	0.0	0.01	0.0	0.1	99.9	0.0	243.571	2.618	22.739	29.927	17.341		长4+5!2^(2_1)
耿219	2488.750	110.468	82.899	56.034	43.966	16.08	16.614	0.0	0.01	0.0	0.1	99.9	0.0	238.894	2.625	22.795	28.496	16.08		长4+5!2^(2_1)
耿219	2488.875	107.608	82.742	51.961	48.039	14.602	15.133	0.0	0.01	0.0	0.1	99.9	0.0	233.774	2.62	22.853	27.302	14.602		长4+5!2^(2_1)
耿219	2489.000	107.301	82.529	51.535	48.465	13.185	12.637	0.0	0.01	0.0	0.1	99.9	0.0	231.994	2.602	22.909	26.206	13.185		长4+5!2^(2_1)
耿219	2489.125	108.157	82.302	52.728	47.272	12.618	11.426	0.0	0.01	0.0	0.1	99.9	0.0	234.496	2.568	23.0	24.938	12.618		长4+5!2^(2_1)
耿219	2489.250	108.037	82.127	52.56	47.44	12.227	10.797	0.0	0.01	0.0	0.1	99.9	0.0	239.633	2.537	23.034	25.648	12.227		长4+5!2^(2_1)
耿219	2489.375	108.0	81.923	52.508	47.492	11.99	10.78	0.0	0.01	0.0	0.1	99.9	0.0	250.266	2.523	23.061	28.019	11.99		长4+5!2^(2_1)
耿219	2489.500	107.861	81.618	52.313	47.687	11.878	11.186	0.0	0.01	0.0	0.1	99.9	0.0	258.727	2.532	23.077	31.793	11.878		长4+5!2^(2_1)
耿219	2489.625	108.082	81.277	52.623	47.377	11.89	11.42	0.0	0.01	0.0	0.1	99.9	0.0	260.119	2.559	23.029	37.844	11.89		长4+5!2^(2_1)
耿219	2489.750	109.708	81.009	54.933	45.067	12.053	11.713	0.0	0.01	0.0	0.1	99.9	0.0	257.102	2.575	22.954	38.01	12.053		长4+5!2^(2_1)
耿219	2489.875	109.626	80.746	54.815	45.185	12.615	12.787	0.0	0.01	0.0	0.1	99.9	0.0	245.507	2.585	22.854	35.808	12.615		长4+5!2^(2_1)
耿219	2490.000	106.258	80.36	50.103	49.897	13.601	15.436	0.0	0.01	0.0	0.1	99.9	0.0	232.623	2.587	22.75	32.719	13.601		长4+5!2^(2_1)
耿219	2490.125	102.354	79.844	44.956	55.044	14.379	17.987	0.0	0.01	0.0	0.1	99.9	0.0	224.834	2.587	22.616	26.538	14.379		长4+5!2^(2_1)
耿219	2490.250	99.273	79.481	20.815	79.185	15.366	20.289	0.0	1.293	0.0	10.728	87.318	0.0	218.634	2.591	22.598	23.005	15.366		长4+5!2^(2_1)
耿219	2490.375	96.044	79.093	18.483	81.517	17.196	21.598	0.0	1.009	0.0	10.14	86.558	0.0	212.578	2.597	22.611	20.242	17.196		长4+5!2^(2_1)
耿219	2490.500	93.551	78.555	16.833	83.167	20.51	22.205	0.0	0.01	0.0	9.739	82.006	0.0	208.44	2.604	22.64	18.074	20.51		长4+5!2^(2_1)
耿219	2490.625	92.335	77.981	16.197	83.803	23.356	23.351	0.0	0.01	0.0	9.686	77.198	0.0	207.899	2.605	22.704	16.661	23.356		长4+5!2^(2_1)
耿219	2490.750	90.75	77.663	15.559	84.441	26.758	24.958	0.0	0.01	0.0	9.8	71.42	0.0	209.066	2.598	22.737	17.236	26.758		长4+5!2^(2_1)
耿219	2490.875	89.379	77.369	15.322	84.678	31.106	27.563	0.088	1.044	7.384	10.219	63.941	0.271	213.387	2.585	22.764	18.83	31.106		长4+5!2^(2_1)
耿219	2491.000	88.881	76.972	15.583	84.417	36.476	31.637	0.118	1.295	7.988	10.732	56.651	0.24	218.685	2.569	22.787	20.774	36.476	干层	长4+5!2^(2_1)
耿219	2491.125	87.726	76.54	15.324	84.676	38.417	33.929	0.146	1.457	8.42	11.023	53.971	0.231	221.68	2.556	22.811	23.092	38.417	干层	长4+5!2^(2_1)
耿219	2491.250	86.08	76.317	14.775	85.225	39.394	35.934	0.178	1.589	8.828	11.244	52.413	0.226	223.955	2.554	22.815	23.566	39.394	干层	长4+5!2^(2_1)
耿219	2491.375	85.861	76.12	14.859	85.141	38.663	37.322	0.2	1.714	9.06	11.439	52.145	0.229	225.964	2.557	22.811	23.258	38.663	干层	长4+5!2^(2_1)
耿219	2491.500	86.069	75.875	15.099	84.901	35.771	37.711	0.214	1.818	9.203	11.592	53.606	0.243	227.544	2.563	22.802	22.913	35.771	干层	长4+5!2^(2_1)
耿219	2491.625	85.623	75.616	14.951	85.049	34.004	36.758	0.226	1.86	9.315	11.652	54.74	0.252	228.169	2.569	22.776	23.144	34.004	干层	长4+5!2^(2_1)
耿219	2491.750	85.323	75.473	14.842	85.158	32.53	34.987	0.233	1.881	9.378	11.682	55.846	0.261	228.476	2.572	22.756	23.703	32.53	干层	长4+5!2^(2_1)
耿219	2491.875	86.606	75.352	15.463	84.537	30.575	32.314	0.222	1.902	9.277	11.712	57.479	0.273	228.787	2.576	22.732	24.297	30.575	干层	长4+5!2^(2_1)
耿219	2492.000	91.979	75.223	18.064	81.936	27.695	28.642	0.169	1.902	8.718	11.712	60.394	0.295	228.784	2.586	22.7	24.738	27.695	干层	长4+5!2^(2_1)
耿219	2492.125	95.979	75.123	20.106	79.894	26.368	26.774	0.136	1.884	8.274	11.686	62.01	0.306	228.517	2.602	22.618	25.001	26.368	干层	长4+5!2^(2_1)
耿219	2492.250	100.14	75.138	42.18	57.82	25.076	24.986	0.107	0.01	7.795	0.1	99.9	0.318	228.081	2.616	22.567	25.027	25.076	干层	长4+5!2^(2_1)
耿219	2492.375	102.613	75.229	45.288	54.712	23.493	23.165	0.092	0.01	7.474	0.1	99.9	0.334	227.463	2.628	22.525	24.932	23.493	干层	长4+5!2^(2_1)
耿219	2492.500	104.68	75.471	47.984	52.016	21.222	20.904	0.076	0.01	7.083	0.1	99.9	0.361	225.776	2.64	22.491	24.767	21.222	干层	长4+5!2^(2_1)
耿219	2492.625	107.044	75.799	51.18	48.82	20.204	19.853	0.0	0.01	0.0	0.1	99.9	0.0	224.868	2.651	22.463	24.316	20.204	干层	长4+5!2^(2_1)
耿219	2492.750	109.126	76.034	54.099	45.901	19.519	19.131	0.0	0.01	0.0	0.1	99.9	0.0	224.184	2.656	22.46	23.997	19.519		长4+5!2^(2_1)
耿219	2492.875	110.863	76.246	56.612	43.388	18.787	18.452	0.0	0.01	0.0	0.1	99.9	0.0	223.893	2.659	22.466	23.895	18.787		长4+5!2^(2_1)
耿219	2493.000	113.549	76.599	60.638	39.362	17.751	17.413	0.0	0.01	0.0	0.1	99.9	0.0	224.85	2.664	22.474	24.018	17.751		长4+5!2^(2_1)
耿219	2493.125	114.697	77.093	62.415	37.585	17.33	17.035	0.0	0.01	0.0	0.1	99.9	0.0	225.974	2.67	22.495	24.808	17.33		长4+5!2^(2_1)
耿219	2493.250	114.507	77.438	62.119	37.881	17.019	16.788	0.0	0.01	0.0	0.1	99.9	0.0	227.209	2.676	22.509	25.574	17.019		长4+5!2^(2_1)
耿219	2493.375	114.833	77.707	62.628	37.372	16.834	16.599	0.0	0.01	0.0	0.1	99.9	0.0	228.279	2.68	22.525	26.167	16.834		长4+5!2^(2_1)
耿219	2493.500	117.398	77.895	66.727	33.273	16.768	16.397	0.0	0.01	0.0	0.1	99.9	0.0	229.059	2.684	22.545	26.677	16.768		长4+5!2^(2_1)
耿219	2493.625	117.893	77.988	67.538	32.462	16.884	16.402	0.0	0.01	0.0	0.1	99.9	0.0	228.76	2.684	22.595	27.217	16.884		长4+5!2^(2_1)
耿219	2493.750	117.103	77.94	66.248	33.752	17.087	16.523	0.0	0.01	0.0	0.1	99.9	0.0	228.082	2.68	22.633	27.507	17.087		长4+5!2^(2_1)
耿219	2493.875	116.295	77.813	64.944	35.056	17.407	16.717	0.0	0.01	0.0	0.1	99.9	0.0	227.236	2.671	22.671	27.606	17.407		长4+5!2^(2_1)
耿219	2494.000	112.077	77.531	58.41	41.59	18.221	17.416	0.0	0.01	0.0	0.1	99.9	0.0	225.63	2.654	22.713	27.653	18.221		长4+5!2^(2_1)
耿219	2494.125	107.866	77.072	52.32	47.68	18.853	18.024	0.0	0.01	0.0	0.1	99.9	0.0	224.915	2.63	22.793	27.441	18.853		长4+5!2^(2_1)
耿219	2494.250	105.201	76.602	48.677	51.323	19.69	18.685	0.0	0.01	0.0	0.1	99.9	0.0	224.474	2.612	22.837	26.992	19.69		长4+5!2^(2_1)
耿219	2494.375	103.114	76.048	45.933	54.067	20.683	19.415	0.0	0.01	0.0	0.1	99.9	0.0	224.317	2.601	22.864	26.389	20.683		长4+5!2^(2_1)
耿219	2494.500	94.304	75.184	18.894	81.106	22.968	20.961	0.0	1.539	0.0	11.162	69.064	0.0	224.981	2.593	22.879	25.709	22.968		长4+5!2^(2_1)
耿219	2494.625	89.451	74.162	16.546	83.454	24.486	21.96	0.0	1.603	0.0	11.265	66.374	0.0	225.726	2.59	22.872	24.93	24.486		长4+5!2^(2_1)
耿219	2494.750	86.826	73.53	15.371	84.629	26.134	23.105	0.0	1.669	0.0	11.369	63.753	0.0	226.477	2.593	22.856	24.573	26.134		长4+5!2^(2_1)
耿219	2494.875	83.264	72.938	13.799	86.201	27.718	24.543	0.0	1.715	0.0	11.44	61.58	0.0	226.989	2.599	22.838	24.587	27.718		长4+5!2^(2_1)
耿219	2495.000	78.805	72.062	11.824	88.176	32.178	27.816	0.0	1.638	0.0	11.321	57.661	0.0	226.127	2.611	22.82	24.423	32.178		长4+5!2^(2_1)
耿219	2495.125	77.294	71.028	11.059	88.941	35.674	29.55	0.282	1.473	9.765	11.05	55.89	0.243	224.17	2.629	22.792	22.786	35.674		长4+5!2^(2_1)
耿219	2495.250	76.056	70.416	10.329	89.671	39.333	31.39	0.255	1.228	9.556	10.604	55.113	0.226	220.934	2.644	22.778	20.325	39.333	差油层	长4+5!2^(2_1)
耿219	2495.375	74.135	69.873	9.266	90.734	42.834	33.707	0.223	0.01	9.284	9.978	55.595	0.212	216.398	2.654	22.777	17.948	42.834	差油层	长4+5!2^(2_1)
耿219	2495.500	71.242	69.269	7.469	92.531	49.519	39.483	0.147	0.01	8.434	8.455	59.466	0.191	205.36	2.659	22.788	15.549	49.519	差油层	长4+5!2^(2_1)
耿219	2495.625	70.503	68.68	13.236	86.764	52.401	42.194	0.109	0.01	7.821	0.1	99.9	0.183	198.731	2.654	22.844	12.589	52.401	差油层	长4+5!2^(2_1)
耿219	2495.750	69.926	68.378	12.8	87.2	53.78	42.88	0.086	0.01	7.356	0.1	99.9	0.18	193.694	2.64	22.897	10.331	53.78	差油层	长4+5!2^(2_1)
耿219	2495.875	70.013	68.099	12.866	87.134	55.296	41.254	0.072	0.01	6.977	0.1	99.9	0.177	190.15	2.619	22.953	9.494	55.296	差油层	长4+5!2^(2_2)
耿219	2496.000	72.096	67.733	14.462	85.538	53.236	33.711	0.061	0.01	6.643	0.1	99.9	0.182	189.021	2.586	23.017	9.11	53.236	差油层	长4+5!2^(2_2)
耿219	2496.125	76.673	67.335	18.167	81.833	50.167	29.727	0.054	0.01	6.395	0.1	99.9	0.19	191.211	2.545	23.175	9.676	50.167	差油层	长4+5!2^(2_2)
耿219	2496.250	81.154	67.085	22.071	77.929	46.798	27.075	0.053	0.01	6.37	0.1	99.9	0.2	195.44	2.515	23.312	11.209	46.798	差油层	长4+5!2^(2_2)
耿219	2496.375	83.996	66.756	12.063	87.937	43.994	25.487	0.062	0.01	6.668	7.873	67.003	0.21	201.143	2.497	23.444	13.423	43.994	差油层	长4+5!2^(2_2)
耿219	2496.500	86.281	66.204	14.028	85.972	39.422	24.905	0.103	0.01	7.713	9.571	60.025	0.227	213.448	2.483	23.575	16.518	39.422	差油层	长4+5!2^(2_2)
耿219	2496.625	86.229	65.572	14.595	85.405	36.565	25.073	0.0	1.203	0.0	10.553	57.393	0.0	220.565	2.474	23.718	21.735	36.565	差油层	长4+5!2^(2_2)
耿219	2496.750	85.086	65.174	14.491	85.509	34.292	25.066	0.0	1.583	0.0	11.234	56.217	0.0	225.501	2.472	23.745	26.579	34.292		长4+5!2^(2_2)
耿219	2496.875	83.409	64.758	14.037	85.963	32.457	24.98	0.0	1.916	0.0	11.731	55.711	0.0	229.104	2.474	23.694	27.813	32.457		长4+5!2^(2_2)
耿219	2497.000	78.615	64.135	12.269	87.731	30.172	27.392	0.0	2.325	0.0	12.259	55.674	0.0	232.931	2.473	23.606	27.571	30.172		长4+5!2^(2_2)
耿219	2497.125	73.346	63.378	10.267	89.733	29.346	30.512	0.0	2.542	0.0	12.51	55.494	0.0	234.75	2.467	23.441	26.091	29.346		长4+5!2^(2_2)
耿219	2497.250	68.818	62.886	8.641	91.359	29.177	34.368	0.0	2.713	0.0	12.697	54.966	0.0	236.099	2.46	23.343	24.732	29.177		长4+5!2^(2_2)
耿219	2497.375	66.406	62.486	7.848	92.152	29.367	37.416	0.0	2.876	0.0	12.866	54.179	0.0	237.322	2.455	23.29	24.831	29.367		长4+5!2^(2_2)
耿219	2497.500	67.455	62.038	8.281	91.719	30.709	37.937	0.0	2.99	0.0	12.98	52.589	0.0	238.15	2.453	23.246	25.466	30.709		长4+5!2^(2_2)
耿219	2497.625	68.467	61.525	8.607	91.393	32.304	38.204	0.0	2.899	0.0	12.889	51.579	0.0	237.494	2.454	23.157	26.198	32.304		长4+5!2^(2_2)
耿219	2497.750	69.061	61.213	8.709	91.291	34.264	40.137	0.0	2.672	0.0	12.653	50.87	0.0	235.781	2.458	23.081	26.299	34.264		长4+5!2^(2_2)
耿219	2497.875	69.425	60.941	8.678	91.322	36.157	43.997	0.0	2.374	0.0	12.318	50.656	0.0	233.351	2.46	23.018	25.442	36.157		长4+5!2^(2_2)
耿219	2498.000	67.56	60.664	7.65	92.35	39.902	50.762	0.566	1.815	11.183	11.588	50.77	0.223	228.065	2.462	22.961	24.265	39.902		长4+5!2^(2_2)
耿219	2498.125	66.303	60.454	6.988	93.012	42.168	52.562	0.506	1.509	10.954	11.111	51.168	0.214	224.612	2.465	22.9	22.779	42.168	油层	长4+5!2^(2_2)
耿219	2498.250	65.623	60.42	6.6	93.4	43.635	52.105	0.462	1.317	10.769	10.773	51.632	0.209	222.157	2.469	22.875	21.447	43.635	油层	长4+5!2^(2_2)
耿219	2498.375	64.926	60.4	6.256	93.744	44.624	51.35	0.438	1.192	10.659	10.531	52.044	0.205	220.407	2.474	22.875	21.31	44.624	油层	长4+5!2^(2_2)
耿219	2498.500	62.988	60.374	5.637	94.363	44.383	48.594	0.492	1.215	10.896	10.578	51.991	0.206	220.744	2.479	22.885	21.649	44.383	油层	长4+5!2^(2_2)
耿219	2498.625	63.101	60.378	5.819	94.181	43.63	44.603	0.553	1.392	11.135	10.909	51.089	0.209	223.147	2.483	22.908	22.693	43.63	油层	长4+5!2^(2_2)
耿219	2498.750	65.001	60.422	6.684	93.316	42.902	40.591	0.607	1.704	11.325	11.423	49.559	0.211	226.868	2.484	22.927	24.238	42.902	油层	长4+5!2^(2_2)
耿219	2498.875	67.702	60.499	7.9	92.1	42.506	37.516	0.656	2.121	11.484	12.006	47.741	0.212	231.093	2.483	22.943	25.035	42.506	油层	长4+5!2^(2_2)
耿219	2499.000	73.025	60.699	10.297	89.703	41.064	34.488	0.673	2.819	11.536	12.808	45.991	0.218	236.906	2.482	22.963	25.717	41.064	油层	长4+5!2^(2_2)
耿219	2499.125	76.995	60.981	12.079	87.921	39.489	33.259	0.62	3.146	11.367	13.131	45.924	0.225	239.247	2.484	22.998	26.448	39.489	油层	长4+5!2^(2_2)
耿219	2499.250	79.894	61.192	13.335	86.665	37.806	32.274	0.541	3.183	11.092	13.166	46.829	0.232	239.502	2.489	23.016	27.208	37.806	油层	长4+5!2^(2_2)
耿219	2499.375	82.395	61.43	14.399	85.601	35.971	31.244	0.463	3.105	10.775	13.092	48.238	0.241	238.964	2.496	23.014	27.366	35.971	油层	长4+5!2^(2_2)
耿219	2499.500	84.559	61.802	15.293	84.707	33.679	30.391	0.392	2.946	10.433	12.936	50.359	0.254	237.836	2.503	22.997	27.331	33.679	油层	长4+5!2^(2_2)
耿219	2499.625	84.381	62.237	15.192	84.808	32.884	30.338	0.391	2.917	10.429	12.907	51.061	0.258	237.625	2.509	22.943	27.174	32.884	油层	长4+5!2^(2_2)
耿219	2499.750	82.488	62.519	14.389	85.611	32.62	30.53	0.447	3.016	10.7	13.006	50.94	0.259	238.337	2.511	22.895	26.991	32.62	油层	长4+5!2^(2_2)
耿219	2499.875	80.258	62.815	13.515	86.485	32.47	30.708	0.539	3.222	11.081	13.202	50.414	0.26	239.764	2.508	22.861	27.092	32.47	油层	长4+5!2^(2_2)
耿219	2500.000	77.863	63.248	12.502	87.498	32.718	31.62	0.72	3.257	11.672	13.235	50.118	0.258	243.045	2.502	22.834	27.458	32.718	油层	长4+5!2^(2_2)
耿219	2500.125	76.735	63.778	12.028	87.972	33.079	32.646	0.844	3.257	11.997	13.235	49.844	0.256	245.035	2.495	22.812	28.435	33.079	油层	长4+5!2^(2_2)
耿219	2500.250	75.477	64.155	11.508	88.492	33.187	34.057	0.931	3.257	12.196	13.235	49.763	0.255	245.693	2.491	22.805	30.344	33.187	油层	长4+5!2^(2_2)
耿219	2500.375	73.468	64.552	10.698	89.302	32.78	35.882	1.017	3.257	12.376	13.235	50.071	0.257	245.409	2.492	22.807	31.169	32.78	油层	长4+5!2^(2_2)
耿219	2500.500	71.093	65.17	9.769	90.231	30.593	37.235	1.017	3.257	12.376	13.235	51.829	0.271	243.042	2.499	22.807	31.221	30.593	油层	长4+5!2^(2_2)
耿219	2500.625	71.627	65.928	9.975	90.025	28.507	35.279	0.892	3.257	12.107	13.235	53.692	0.286	240.997	2.514	22.793	29.854	28.507	油层	长4+5!2^(2_2)
耿219	2500.750	75.788	66.457	11.626	88.374	26.579	31.443	0.68	3.236	11.556	13.216	55.674	0.302	239.859	2.534	22.779	26.39	26.579	油层	长4+5!2^(2_2)
耿219	2500.875	81.679	67.02	14.158	85.842	24.618	27.56	0.0	3.248	0.0	13.227	57.808	0.0	239.942	2.551	22.777	24.52	24.618	油层	长4+5!2^(2_2)
耿219	2501.000	90.556	67.89	18.396	81.604	21.545	23.193	0.0	3.257	0.0	13.235	61.76	0.0	245.124	2.571	22.79	23.459	21.545		长4+5!2^(2_2)
耿219	2501.125	95.998	68.962	21.269	78.731	19.61	20.846	0.0	3.257	0.0	13.235	64.737	0.0	251.544	2.594	22.845	24.273	19.61		长4+5!2^(2_2)
耿219	2501.250	100.685	69.674	42.854	57.146	18.363	19.435	0.0	0.01	0.0	0.1	99.9	0.0	257.728	2.61	22.894	29.077	18.363		长4+5!2^(2_2)
耿219	2501.375	106.38	70.358	50.269	49.731	17.292	18.127	0.0	0.01	0.0	0.1	99.9	0.0	262.787	2.609	22.906	33.022	17.292		长4+5!2^(2_2)
耿219	2501.500	114.153	71.193	61.569	38.431	15.955	16.646	0.0	0.01	0.0	0.1	99.9	0.0	263.737	2.602	22.882	35.746	15.955		长4+5!2^(2_2)
耿219	2501.625	118.141	72.046	67.948	32.052	15.145	16.219	0.0	0.01	0.0	0.1	99.9	0.0	260.06	2.588	22.749	35.509	15.145		长4+5!2^(2_2)
耿219	2501.750	118.899	72.464	69.207	30.793	14.704	16.578	0.0	0.01	0.0	0.1	99.9	0.0	254.098	2.576	22.596	31.16	14.704		长4+5!2^(2_2)
耿219	2501.875	118.633	72.793	68.763	31.237	14.471	17.241	0.0	0.01	0.0	0.1	99.9	0.0	248.066	2.573	22.475	28.954	14.471		长4+5!2^(2_2)
耿219	2502.000	119.653	73.047	70.475	29.525	14.566	17.942	0.0	0.01	0.0	0.1	99.9	0.0	242.32	2.574	22.369	27.7	14.566		长4+5!2^(2_2)
耿219	2502.125	120.129	73.153	71.285	28.715	14.852	18.185	0.0	0.01	0.0	0.1	99.9	0.0	240.501	2.578	22.259	27.594	14.852		长4+5!2^(2_2)
耿219	2502.250	119.083	73.071	69.515	30.485	15.296	18.319	0.0	0.01	0.0	0.1	99.9	0.0	241.075	2.583	22.19	29.154	15.296		长4+5!2^(2_2)
耿219	2502.375	117.769	72.932	67.334	32.666	15.961	18.699	0.0	0.01	0.0	0.1	99.9	0.0	241.723	2.586	22.163	30.035	15.961		长4+5!2^(2_3)
耿219	2502.500	117.096	72.655	66.235	33.765	17.645	19.958	0.0	0.01	0.0	0.1	99.9	0.0	241.01	2.587	22.144	30.411	17.645		长4+5!2^(2_3)
耿219	2502.625	116.557	72.29	65.364	34.636	19.182	21.322	0.0	0.01	0.0	0.1	99.9	0.0	239.513	2.584	22.116	30.167	19.182		长4+5!2^(2_3)
耿219	2502.750	115.667	72.041	63.942	36.058	20.47	22.653	0.0	0.01	0.0	0.1	99.9	0.0	237.991	2.578	22.089	28.854	20.47		长4+5!2^(2_3)
耿219	2502.875	114.492	71.767	62.096	37.904	21.641	24.154	0.0	0.01	0.0	0.1	99.9	0.0	236.761	2.571	22.069	27.989	21.641		长4+5!2^(2_3)
耿219	2503.000	110.64	71.329	56.285	43.715	23.009	27.052	0.0	0.01	0.0	0.1	99.9	0.0	235.908	2.565	22.049	27.15	23.009		长4+5!2^(2_3)
耿219	2503.125	107.799	70.824	52.226	47.774	23.771	29.119	0.0	0.01	0.0	0.1	99.9	0.0	235.721	2.558	22.019	26.418	23.771		长4+5!2^(2_3)
耿219	2503.250	107.666	70.54	52.041	47.959	24.151	30.147	0.0	0.01	0.0	0.1	99.9	0.0	235.974	2.553	21.993	25.538	24.151		长4+5!2^(2_3)
耿219	2503.375	108.777	70.299	53.602	46.398	24.526	30.727	0.0	0.01	0.0	0.1	99.9	0.0	236.439	2.553	21.978	25.51	24.526		长4+5!2^(2_3)
耿219	2503.500	110.611	70.105	56.243	43.757	25.107	30.912	0.0	0.01	0.0	0.1	99.9	0.0	237.597	2.555	21.965	25.904	25.107		长4+5!2^(2_3)
耿219	2503.625	110.999	69.965	56.811	43.189	25.702	30.989	0.0	0.01	0.0	0.1	99.9	0.0	238.493	2.567	21.951	26.795	25.702		长4+5!2^(2_3)
耿219	2503.750	109.796	69.9	55.06	44.94	26.227	31.317	0.0	0.01	0.0	0.1	99.9	0.0	238.55	2.584	21.943	29.252	26.227		长4+5!2^(2_3)
耿219	2503.875	108.361	69.854	53.015	46.985	26.779	31.953	0.0	0.01	0.0	0.1	99.9	0.0	237.621	2.596	21.941	29.665	26.779		长4+5!2^(2_3)
耿219	2504.000	105.946	69.782	49.681	50.319	27.938	33.414	0.0	0.01	0.0	0.1	99.9	0.0	233.274	2.606	21.939	28.896	27.938		长4+5!2^(2_3)
耿219	2504.125	103.953	69.648	47.025	52.975	29.137	35.171	0.0	0.01	0.0	0.1	99.9	0.0	228.486	2.608	21.925	27.176	29.137		长4+5!2^(2_3)
耿219	2504.250	101.792	69.494	44.242	55.758	30.328	37.2	0.0	0.01	0.0	0.1	99.9	0.0	225.042	2.602	21.902	23.318	30.328		长4+5!2^(2_3)
耿219	2504.375	97.651	69.27	20.431	79.569	31.758	39.865	0.0	1.357	0.0	10.846	60.177	0.0	222.689	2.592	21.877	22.139	31.758		长4+5!2^(2_3)
耿219	2504.500	89.846	68.755	16.473	83.527	34.718	45.989	0.0	1.362	0.0	10.857	57.506	0.0	222.766	2.579	21.851	21.96	34.718		长4+5!2^(2_3)
耿219	2504.625	86.04	68.05	14.865	85.135	37.449	51.855	0.0	1.524	0.0	11.136	54.195	0.0	224.791	2.561	21.817	22.708	37.449		长4+5!2^(2_3)
耿219	2504.750	85.935	67.558	15.047	84.953	39.696	56.548	0.0	1.763	0.0	11.512	51.185	0.0	227.514	2.54	21.789	25.638	39.696		长4+5!2^(2_3)
耿219	2504.875	84.771	67.044	14.752	85.248	42.155	60.82	0.0	2.039	0.0	11.899	48.303	0.0	230.317	2.526	21.776	27.033	42.155		长4+5!2^(2_3)
耿219	2505.000	83.777	66.29	14.583	85.417	46.36	66.427	0.0	2.415	0.0	12.365	44.591	0.0	233.694	2.513	21.764	27.769	46.36		长4+5!2^(2_3)
耿219	2505.125	82.931	65.406	14.379	85.621	49.947	70.704	0.0	2.678	0.0	12.659	42.116	0.0	235.827	2.498	21.748	27.984	49.947		长4+5!2^(2_3)
耿219	2505.250	81.541	64.857	13.796	86.204	52.057	73.585	0.422	2.735	10.583	12.72	41.086	0.183	236.269	2.484	21.73	27.743	52.057		长4+5!2^(2_3)
耿219	2505.375	80.335	64.338	13.244	86.756	53.524	75.794	0.442	2.698	10.679	12.68	40.626	0.179	235.981	2.48	21.717	27.653	53.524	油层	长4+5!2^(2_3)
耿219	2505.500	81.224	63.691	13.461	86.539	54.331	75.388	0.379	2.435	10.366	12.389	41.123	0.177	233.868	2.48	21.705	27.639	54.331	油层	长4+5!2^(2_3)
耿219	2505.625	81.765	63.039	13.481	86.519	54.465	73.353	0.321	2.131	10.031	12.019	42.137	0.177	231.187	2.487	21.698	27.629	54.465	油层	长4+5!2^(2_3)
耿219	2505.750	81.242	62.756	13.09	86.91	54.503	71.038	0.297	1.92	9.873	11.737	42.973	0.177	229.148	2.5	21.701	27.454	54.503	油层	长4+5!2^(2_3)
耿219	2505.875	81.139	62.562	12.922	87.078	54.668	69.251	0.276	1.771	9.722	11.524	43.579	0.177	227.599	2.512	21.716	27.164	54.668	油层	长4+5!2^(2_3)
耿219	2506.000	81.592	62.37	13.039	86.961	55.081	68.568	0.257	1.681	9.572	11.388	43.852	0.176	226.615	2.525	21.738	26.605	55.081	油层	长4+5!2^(2_3)
耿219	2506.125	81.485	62.236	12.956	87.044	55.593	68.698	0.252	1.64	9.536	11.325	43.854	0.175	226.157	2.54	21.777	25.717	55.593	油层	长4+5!2^(2_3)
耿219	2506.250	80.6	62.26	12.553	87.447	55.957	68.708	0.259	1.612	9.594	11.281	43.856	0.174	225.837	2.55	21.817	23.651	55.957	油层	长4+5!2^(2_3)
耿219	2506.375	81.203	62.311	12.77	87.23	56.317	68.124	0.245	1.569	9.479	11.211	43.946	0.173	225.33	2.548	21.835	22.552	56.317	油层	长4+5!2^(2_3)
耿219	2506.500	80.229	62.411	12.305	87.695	57.123	67.711	0.249	1.513	9.511	11.118	43.94	0.171	224.662	2.542	21.844	21.947	57.123	油层	长4+5!2^(2_3)
耿219	2506.625	78.176	62.513	11.432	88.568	57.85	68.296	0.273	1.489	9.694	11.079	43.795	0.17	224.375	2.534	21.844	21.627	57.85	油层	长4+5!2^(2_3)
耿219	2506.750	77.262	62.505	11.079	88.921	58.121	69.413	0.289	1.509	9.814	11.112	43.583	0.169	224.613	2.53	21.839	21.648	58.121	油层	长4+5!2^(2_3)
耿219	2506.875	76.133	62.475	10.657	89.343	58.319	69.851	0.313	1.543	9.974	11.168	43.324	0.168	225.022	2.531	21.834	21.916	58.319	油层	长4+5!2^(2_3)
耿219	2507.000	76.254	62.549	10.803	89.197	58.325	67.459	0.333	1.658	10.1	11.352	42.729	0.168	226.354	2.533	21.83	22.41	58.325	油层	长4+5!2^(2_3)
耿219	2507.125	77.765	62.715	11.572	88.428	57.704	64.276	0.343	1.852	10.162	11.641	42.055	0.17	228.452	2.528	21.821	23.136	57.704	油层	长4+5!2^(2_3)
耿219	2507.250	79.563	62.862	12.499	87.501	56.409	62.082	0.352	2.085	10.215	11.96	41.577	0.173	230.759	2.516	21.811	24.516	56.409	油层	长4+5!2^(2_3)
耿219	2507.375	80.764	63.045	13.219	86.781	54.909	60.072	0.378	2.374	10.36	12.317	41.106	0.176	233.349	2.505	21.806	25.107	54.909	油层	长4+5!2^(2_3)
耿219	2507.500	82.988	63.444	14.464	85.536	53.217	57.363	0.397	2.77	10.46	12.757	40.538	0.18	236.533	2.496	21.805	25.174	53.217	油层	长4+5!2^(2_3)
耿219	2507.625	85.662	64.026	15.893	84.107	52.012	54.987	0.389	3.084	10.42	13.071	40.169	0.183	238.814	2.493	21.808	25.148	52.012	油层	长4+5!2^(2_3)
耿219	2507.750	87.14	64.498	16.642	83.358	51.481	53.796	0.37	3.155	10.318	13.14	40.2	0.185	239.308	2.498	21.812	25.717	51.481	油层	长4+5!2^(2_3)
耿219	2507.875	89.666	64.99	17.887	82.113	51.151	52.964	0.326	3.161	10.059	13.145	40.314	0.186	239.349	2.507	21.811	26.499	51.151	油层	长4+5!2^(2_3)
耿219	2508.000	91.342	65.713	18.713	81.287	50.368	52.171	0.295	3.125	9.859	13.111	40.715	0.188	239.104	2.516	21.805	27.292	50.368	油层	长4+5!2^(2_3)
耿219	2508.125	91.317	66.57	18.677	81.323	49.346	51.902	0.292	3.09	9.836	13.078	41.224	0.191	238.86	2.523	21.791	27.85	49.346	油层	长4+5!2^(2_3)
耿219	2508.250	91.332	67.111	18.672	81.328	48.771	52.365	0.29	3.071	9.821	13.059	41.515	0.193	238.728	2.527	21.776	27.433	48.771	油层	长4+5!2^(2_3)
耿219	2508.375	90.852	67.661	18.398	81.602	48.266	52.775	0.292	3.026	9.838	13.016	41.849	0.194	238.412	2.526	21.771	26.476	48.266	油层	长4+5!2^(2_3)
耿219	2508.500	90.527	68.468	18.073	81.927	46.76	52.273	0.272	2.792	9.693	12.779	43.181	0.199	236.697	2.525	21.777	25.323	46.76	油层	长4+5!2^(2_3)
耿219	2508.625	90.664	69.46	17.859	82.141	44.597	50.956	0.231	2.408	9.36	12.357	45.488	0.206	233.638	2.533	21.818	24.09	44.597	油层	长4+5!2^(2_3)
耿219	2508.750	91.17	70.179	17.808	82.192	42.605	49.356	0.191	2.043	8.965	11.904	48.03	0.213	230.354	2.554	21.903	22.136	42.605	油层	长4+5!2^(2_3)
耿219	2508.875	92.405	70.995	18.087	81.913	40.358	47.612	0.148	1.687	8.455	11.398	51.193	0.223	226.685	2.577	21.987	20.902	40.358		长4+5!2^(2_3)
耿219	2509.000	97.867	72.238	20.565	79.435	37.463	45.441	0.092	1.371	7.49	10.872	55.295	0.236	222.875	2.601	22.086	20.511	37.463		长4+5!2^(2_3)
耿219	2509.125	105.148	73.698	48.606	51.394	34.985	43.048	0.058	0.01	6.548	0.1	99.9	0.249	221.108	2.623	22.217	20.748	34.985		长4+5!2^(2_3)
耿219	2509.250	108.988	74.652	53.902	46.098	33.519	40.996	0.052	0.01	6.336	0.1	99.9	0.257	222.909	2.638	22.356	23.156	33.519		长4+5!2^(2_3)
耿219	2509.375	113.563	75.658	60.661	39.339	31.844	39.054	0.049	0.01	6.208	0.1	99.9	0.267	226.244	2.642	22.411	26.069	31.844		长4+5!2^(2_3)
耿219	2509.500	118.488	77.084	68.522	31.478	29.267	36.292	0.05	0.01	6.242	0.1	99.9	0.285	231.496	2.641	22.447	28.626	29.267		长4+5!2^(2_3)
耿219	2509.625	121.897	78.644	74.345	25.655	26.717	32.959	0.053	0.01	6.369	0.1	99.9	0.305	236.118	2.64	22.474	30.709	26.717		长4+5!2^(2_3)
耿219	2509.750	123.429	79.535	77.069	22.931	25.272	30.308	0.052	0.01	6.304	0.1	99.9	0.317	237.02	2.64	22.499	31.713	25.272		长4+5!2^(2_3)
耿219	2414.500--2509.750(平均)	111.506	78.418	52.152	47.848	21.974	22.617	0.051	0.486	1.615	3.079	89.206	0.048	242.222	2.486	22.973	31.499	21.974		
耿219	2414.500--2509.750(最大)	184.777	91.517	99.9	94.363	83.395	75.794	1.017	3.257	12.376	13.235	99.9	0.361	351.305	2.684	29.444	120.692	83.395		
耿219	2414.500--2509.750(最小)	62.988	56.488	5.637	0.1	7.211	5.179	0.0	0.01	0.0	0.1	40.169	0.0	189.021	1.306	21.698	9.11	7.211		
