井名	深度	GR	SP	RT	AC	CNL	DEN	RT.1	RT.2	RT.3	RT.4	RT.5	RT.6	RT.7	RT.8	RT.9	解释结论	层位
苏257	2239.125	135.718	70.476	15.747	290.598	40.232	2.045	8.19	14.118	8.656	15.571	15.825	14.249	13.452	11.185	10.905		chang3
苏257	2239.250	132.013	70.774	11.883	284.633	38.769	2.153	6.489	11.044	6.523	11.832	11.959	11.049	10.68	10.504	10.242		chang3
苏257	2239.375	132.386	70.992	8.368	271.244	36.795	2.362	6.31	8.089	6.126	8.383	8.425	8.044	7.957	10.791	10.74		chang3
苏257	2239.500	134.289	71.145	6.574	259.283	33.549	2.533	7.301	6.572	6.864	6.61	6.615	6.512	6.565	11.636	11.893		chang3
苏257	2239.625	132.192	71.288	6.309	255.792	31.016	2.602	8.988	6.47	8.183	6.354	6.345	6.388	6.54	12.836	13.309		chang3
苏257	2239.750	128.208	71.483	7.122	254.953	31.668	2.603	10.585	7.473	9.42	7.18	7.165	7.339	7.63	14.123	14.675		chang3
苏257	2239.875	124.299	71.761	8.394	254.642	31.634	2.602	11.644	8.995	10.305	8.463	8.454	8.78	9.265	14.837	15.445		chang3
苏257	2240.000	122.138	72.091	9.558	256.179	30.101	2.604	12.189	10.382	10.898	9.617	9.633	10.082	10.745	15.14	15.721		chang3
苏257	2240.125	120.584	72.389	10.392	259.899	30.538	2.592	12.391	11.316	11.296	10.411	10.47	10.955	11.71	15.401	15.845		chang4+5
苏257	2240.250	122.716	72.572	10.954	265.219	31.787	2.545	12.5	11.843	11.649	10.914	11.025	11.456	12.201	15.784	16.061		chang4+5
苏257	2240.375	126.268	72.617	11.356	271.336	32.864	2.473	12.683	12.127	12.077	11.256	11.415	11.734	12.407	16.362	16.423		chang4+5
苏257	2240.500	126.175	72.558	11.729	276.307	34.786	2.418	13.005	12.349	12.596	11.579	11.776	11.96	12.537	17.124	17.086		chang4+5
苏257	2240.625	124.706	72.437	12.176	278.364	34.319	2.419	13.314	12.646	13.041	11.99	12.213	12.268	12.75	17.726	17.673		chang4+5
苏257	2240.750	125.451	72.261	12.672	277.473	34.508	2.47	13.37	13.021	13.148	12.47	12.701	12.657	13.058	17.772	17.644		chang4+5
苏257	2240.875	121.92	72.022	13.038	274.565	35.411	2.524	13.053	13.309	12.797	12.845	13.065	12.97	13.308	17.161	17.036		chang4+5
苏257	2241.000	114.854	71.711	13.063	271.118	33.898	2.557	12.499	13.303	12.144	12.901	13.089	13.004	13.294	16.065	15.996		chang4+5
苏257	2241.125	114.833	71.356	12.671	267.813	32.595	2.571	11.906	12.931	11.43	12.561	12.7	12.685	12.947	14.79	14.66		chang4+5
苏257	2241.250	121.746	71.012	12.014	264.338	32.142	2.574	11.471	12.328	10.887	11.967	12.046	12.138	12.392	13.768	13.692		chang4+5
苏257	2241.375	125.586	70.745	11.343	260.147	31.457	2.573	11.213	11.72	10.544	11.357	11.379	11.582	11.838	13.127	13.145		chang4+5
苏257	2241.500	122.304	70.572	10.837	254.634	30.895	2.573	11.071	11.269	10.363	10.9	10.875	11.175	11.435	12.929	13.007		chang4+5
苏257	2241.625	112.226	70.475	10.522	248.015	30.305	2.579	11.097	10.993	10.391	10.624	10.561	10.935	11.194	13.296	13.525		chang4+5
苏257	2241.750	102.536	70.414	10.377	241.484	28.348	2.589	11.332	10.86	10.668	10.508	10.416	10.837	11.082	14.196	14.618		chang4+5
苏257	2241.875	96.562	70.342	10.454	235.985	26.192	2.595	11.734	10.922	11.18	10.607	10.492	10.934	11.15	15.486	16.092		chang4+5
苏257	2242.000	91.562	70.222	10.775	232.085	25.748	2.591	12.204	11.198	11.84	10.944	10.811	11.248	11.415	17.149	17.806		chang4+5
苏257	2242.125	84.796	70.033	11.301	229.574	25.77	2.586	12.672	11.634	12.591	11.479	11.332	11.73	11.819	18.999	19.554		chang4+5
苏257	2242.250	80.293	69.809	11.977	227.762	26.164	2.582	13.07	12.16	13.356	12.15	11.998	12.309	12.286	20.558	20.88		chang4+5
苏257	2242.375	81.848	69.617	12.726	226.425	25.753	2.579	13.385	12.699	14.065	12.88	12.734	12.908	12.738	21.695	21.668		chang4+5
苏257	2242.500	86.533	69.527	13.477	225.679	24.929	2.57	13.615	13.191	14.672	13.591	13.466	13.463	13.122	22.444	22.043		chang4+5
苏257	2242.625	91.256	69.569	14.165	226.653	25.798	2.569	13.727	13.602	15.089	14.223	14.132	13.935	13.42	22.632	21.859		chang4+5
苏257	2242.750	91.438	69.721	14.738	229.653	26.041	2.572	13.699	13.917	15.252	14.733	14.683	14.301	13.63	22.187	21.023		chang4+5
苏257	2242.875	91.354	69.901	15.108	233.688	27.128	2.567	13.551	14.085	15.16	15.039	15.034	14.505	13.717	21.321	19.822		chang4+5
苏257	2243.000	92.973	70.033	15.218	237.622	27.692	2.546	13.339	14.08	14.895	15.092	15.133	14.514	13.665	20.187	18.485		chang4+5
苏257	2243.125	95.225	70.083	15.106	240.181	27.236	2.538	13.06	13.94	14.487	14.933	15.013	14.367	13.511	18.902	17.102		chang4+5
苏257	2243.250	100.484	70.079	14.817	240.649	26.884	2.559	12.712	13.699	13.979	14.608	14.721	14.1	13.287	17.74	15.969		chang4+5
苏257	2243.375	106.503	70.048	14.389	240.014	27.523	2.594	12.387	13.37	13.513	14.157	14.297	13.731	12.993	16.856	15.276		chang4+5
苏257	2243.500	112.456	69.991	13.898	239.656	28.854	2.612	12.151	12.994	13.184	13.652	13.813	13.305	12.656	16.249	14.856		chang4+5
苏257	2243.625	121.525	69.899	13.464	240.375	30.436	2.607	12.072	12.658	13.062	13.209	13.389	12.916	12.351	15.938	14.692		chang4+5
苏257	2243.750	132.367	69.771	13.177	243.355	32.43	2.583	12.193	12.438	13.155	12.92	13.114	12.645	12.148	15.697	14.682		chang4+5
苏257	2243.875	138.588	69.622	13.087	249.472	33.037	2.548	12.527	12.387	13.433	12.833	13.036	12.544	12.102	15.045	14.306		chang4+5
苏257	2244.000	137.721	69.502	13.215	256.921	33.124	2.519	12.851	12.546	13.596	12.971	13.175	12.654	12.264	13.999	13.397		chang4+5
苏257	2244.125	131.443	69.462	13.468	263.285	32.084	2.507	12.498	12.861	12.954	13.246	13.439	12.917	12.596	12.894	12.243		chang4+5
苏257	2244.250	126.769	69.522	13.451	267.147	30.759	2.507	10.944	12.976	11.058	13.268	13.432	12.981	12.763	11.903	11.099		chang4+5
苏257	2244.375	125.105	69.653	12.536	264.414	29.076	2.519	9.082	12.267	8.96	12.411	12.526	12.23	12.144	11.372	10.374		chang4+5
苏257	2244.500	122.189	69.807	10.652	256.659	27.352	2.555	8.144	10.6	7.888	10.589	10.647	10.542	10.575	11.493	10.528		chang4+5
苏257	2244.625	114.052	69.925	8.813	248.002	26.837	2.579	8.569	8.909	8.163	8.795	8.81	8.85	8.956	12.165	11.407		chang4+5
苏257	2244.750	103.679	69.966	8.03	240.448	26.269	2.574	9.797	8.219	9.192	8.035	8.027	8.158	8.313	13.089	12.351		chang4+5
苏257	2244.875	96.936	69.906	8.392	235.848	25.708	2.573	10.941	8.687	10.195	8.409	8.385	8.614	8.837	14.1	13.205		chang4+5
苏257	2245.000	96.886	69.776	9.361	234.128	24.588	2.586	11.482	9.774	10.773	9.385	9.346	9.686	9.988	15.011	13.832		chang4+5
苏257	2245.125	100.185	69.63	10.262	233.278	23.9	2.596	11.677	10.736	11.147	10.277	10.234	10.645	10.988	15.42	13.995		chang4+5
苏257	2245.250	103.925	69.531	10.828	232.605	23.809	2.584	11.772	11.262	11.511	10.818	10.785	11.188	11.499	15.537	13.991		chang4+5
苏257	2245.375	102.14	69.512	11.211	231.648	23.722	2.57	11.815	11.512	11.891	11.161	11.152	11.472	11.69	15.677	14.028		chang4+5
苏257	2245.500	93.189	69.554	11.58	230.403	24.301	2.577	11.795	11.687	12.243	11.481	11.503	11.693	11.776	15.946	14.061		chang4+5
苏257	2245.625	87.725	69.592	11.951	228.911	23.916	2.601	11.755	11.823	12.594	11.799	11.858	11.884	11.808	16.445	14.225		chang4+5
苏257	2245.750	89.674	69.559	12.304	226.899	22.874	2.623	11.811	11.915	13.049	12.099	12.196	12.036	11.787	17.231	14.632		chang4+5
苏257	2245.875	94.903	69.432	12.679	224.841	22.383	2.63	12.022	12.013	13.657	12.419	12.554	12.2	11.77	18.335	15.35		chang4+5
苏257	2246.000	98.651	69.233	13.162	223.416	21.963	2.619	12.359	12.211	14.371	12.848	13.021	12.468	11.855	19.68	16.387		chang4+5
苏257	2246.125	100.138	68.997	13.789	223.038	22.368	2.609	12.668	12.555	14.979	13.426	13.632	12.888	12.09	20.863	17.313		chang4+5
苏257	2246.250	99.943	68.735	14.475	223.579	22.702	2.604	12.836	12.976	15.317	14.071	14.303	13.389	12.414	21.454	17.792		chang4+5
苏257	2246.375	99.956	68.445	15.027	224.792	22.62	2.598	12.866	13.325	15.358	14.601	14.846	13.811	12.692	21.468	17.87		chang4+5
苏257	2246.500	99.272	68.128	15.304	226.612	23.379	2.589	12.846	13.498	15.204	14.882	15.119	14.038	12.832	21.062	17.564		chang4+5
苏257	2246.625	100.01	67.808	15.322	228.74	24.507	2.58	12.803	13.518	14.916	14.93	15.138	14.091	12.86	20.531	17.161		chang4+5
苏257	2246.750	105.425	67.539	15.149	231.254	25.321	2.568	12.722	13.449	14.496	14.809	14.971	14.032	12.838	20.009	16.869		chang4+5
苏257	2246.875	112.055	67.37	14.833	234.619	26.126	2.551	12.591	13.321	13.977	14.563	14.665	13.895	12.787	19.298	16.457		chang4+5
苏257	2247.000	113.725	67.337	14.4	238.975	25.45	2.541	12.411	13.131	13.4	14.206	14.242	13.679	12.697	18.258	15.777		chang4+5
苏257	2247.125	114.352	67.414	13.874	244.073	25.34	2.542	12.116	12.878	12.729	13.756	13.725	13.387	12.557	16.845	14.749		chang4+5
苏257	2247.250	122.338	67.562	13.277	248.903	26.807	2.553	11.629	12.558	11.922	13.227	13.139	13.017	12.352	15.28	13.437		chang4+5
苏257	2247.375	132.967	67.732	12.58	252.271	27.767	2.569	10.992	12.119	11.053	12.582	12.454	12.52	12.021	13.881	12.167		chang4+5
苏257	2247.500	138.442	67.872	11.766	252.826	28.271	2.587	10.429	11.52	10.369	11.798	11.655	11.858	11.509	12.956	11.285		chang4+5
苏257	2247.625	136.011	67.945	10.945	250.431	27.424	2.601	10.1	10.85	9.999	10.984	10.848	11.127	10.897	12.669	11.014		chang4+5
苏257	2247.750	129.156	67.954	10.317	246.667	26.07	2.601	10.048	10.306	9.979	10.345	10.23	10.533	10.381	13.022	11.424		chang4+5
苏257	2247.875	122.227	67.943	10.017	242.999	24.517	2.587	10.235	10.031	10.286	10.017	9.932	10.224	10.108	13.981	12.441		chang4+5
苏257	2248.000	117.583	67.961	10.052	240.743	23.756	2.573	10.564	10.038	10.841	10.008	9.964	10.21	10.096	15.29	13.76		chang4+5
苏257	2248.125	115.222	68.035	10.392	240.539	24.891	2.565	10.946	10.289	11.575	10.282	10.297	10.446	10.298	16.545	14.962		chang4+5
苏257	2248.250	112.965	68.131	10.982	241.464	26.265	2.569	11.267	10.713	12.354	10.781	10.878	10.855	10.635	17.37	15.689		chang4+5
苏257	2248.375	109.142	68.165	11.714	242.336	26.634	2.576	11.531	11.201	13.144	11.405	11.602	11.32	10.999	17.744	15.961		chang4+5
苏257	2248.500	105.039	68.057	12.492	243.664	26.886	2.588	11.863	11.668	14.011	12.068	12.377	11.751	11.311	17.851	15.979		chang4+5
苏257	2248.625	103.161	67.79	13.3	248.515	27.415	2.588	12.413	12.123	15.006	12.761	13.184	12.153	11.592	17.292	15.718		chang4+5
苏257	2248.750	108.186	67.384	14.198	256.54	28.858	2.562	12.948	12.673	15.725	13.555	14.084	12.633	11.973	16.006	14.835		chang4+5
苏257	2248.875	119.0	66.885	15.122	266.818	30.694	2.493	12.267	13.342	14.65	14.404	15.012	13.207	12.509	14.384	13.496		chang4+5
苏257	2249.000	134.191	66.315	15.425	278.135	32.843	2.4	9.804	13.624	11.357	14.703	15.328	13.389	12.758	12.599	11.835		chang4+5
苏257	2249.125	148.652	65.664	13.929	281.029	34.454	2.352	7.252	12.458	8.016	13.322	13.855	12.177	11.72	10.972	9.998		chang4+5
苏257	2249.250	156.514	64.928	10.786	273.946	33.039	2.39	6.287	9.861	6.606	10.374	10.738	9.618	9.366	9.909	8.774		chang4+5
苏257	2249.375	149.93	64.107	7.929	261.645	28.948	2.479	6.519	7.481	6.551	7.691	7.901	7.302	7.216	9.463	8.37		chang4+5
苏257	2249.500	130.453	63.237	6.654	246.823	24.757	2.539	7.452	6.502	7.141	6.508	6.635	6.339	6.381	9.453	8.524		chang4+5
苏257	2249.625	109.431	62.369	6.69	234.719	23.075	2.54	8.378	6.75	7.699	6.572	6.67	6.544	6.722	9.805	9.087		chang4+5
苏257	2249.750	93.99	61.537	7.239	229.597	23.062	2.529	8.981	7.543	7.994	7.138	7.215	7.257	7.617	10.48	9.913		chang4+5
苏257	2249.875	85.704	60.741	7.739	228.009	22.993	2.535	9.368	8.287	8.158	7.647	7.707	7.92	8.469	11.28	10.771		chang4+5
苏257	2250.000	82.727	59.958	8.015	227.76	23.125	2.546	9.704	8.761	8.342	7.925	7.972	8.338	9.035	12.149	11.693		chang4+5
苏257	2250.125	85.376	59.145	8.191	227.766	23.764	2.55	10.016	9.081	8.564	8.1	8.134	8.623	9.425	13.093	12.715		chang4+5
苏257	2250.250	87.156	58.253	8.382	227.528	24.318	2.541	10.254	9.367	8.79	8.284	8.309	8.89	9.758	14.072	13.756		chang4+5
苏257	2250.375	85.353	57.271	8.604	227.402	24.185	2.528	10.336	9.637	8.955	8.495	8.511	9.155	10.054	14.951	14.685	水层	chang4+5
苏257	2250.500	80.884	56.247	8.816	227.497	23.336	2.518	10.243	9.843	9.03	8.697	8.704	9.378	10.262	15.542	15.241	水层	chang4+5
苏257	2250.625	80.041	55.269	8.964	227.75	23.341	2.507	10.029	9.919	9.046	8.837	8.833	9.499	10.312	15.742	15.263	水层	chang4+5
苏257	2250.750	81.245	54.413	9.028	227.968	24.144	2.493	9.795	9.853	9.076	8.897	8.883	9.504	10.197	15.677	14.95	水层	chang4+5
苏257	2250.875	80.243	53.733	9.052	227.595	24.324	2.487	9.586	9.708	9.161	8.918	8.896	9.444	9.987	15.593	14.557	水层	chang4+5
苏257	2251.000	78.524	53.204	9.094	226.239	23.915	2.499	9.451	9.555	9.365	8.955	8.93	9.384	9.76	15.757	14.404	水层	chang4+5
苏257	2251.125	79.473	52.757	9.205	224.072	23.187	2.521	9.421	9.446	9.748	9.055	9.034	9.372	9.567	16.421	14.802	水层	chang4+5
苏257	2251.250	81.98	52.315	9.439	221.43	22.486	2.538	9.508	9.425	10.358	9.268	9.26	9.454	9.45	17.667	15.767	水层	chang4+5
苏257	2251.375	82.093	51.848	9.868	218.236	21.287	2.553	9.703	9.536	11.235	9.659	9.675	9.677	9.443	19.677	17.463	水层	chang4+5
苏257	2251.500	84.865	51.382	10.531	214.284	20.35	2.577	9.93	9.792	12.297	10.268	10.324	10.063	9.551	22.667	20.145	水层	chang4+5
苏257	2251.625	88.618	50.94	11.428	209.543	19.757	2.605	10.16	10.167	13.515	11.096	11.207	10.591	9.743	26.843	23.886	水层	chang4+5
苏257	2251.750	84.664	50.517	12.519	204.245	18.785	2.624	10.39	10.61	14.854	12.104	12.288	11.21	9.97	32.613	29.124	水层	chang4+5
苏257	2251.875	73.734	50.087	13.759	199.118	17.714	2.639	10.583	11.085	16.154	13.249	13.522	11.878	10.201	40.232	36.147	干层	chang4+5
苏257	2252.000	65.315	49.631	15.08	194.862	16.386	2.649	10.71	11.56	17.22	14.476	14.843	12.556	10.422	48.785	43.973	干层	chang4+5
苏257	2252.125	57.621	49.147	16.326	191.991	15.31	2.651	10.781	11.975	17.848	15.649	16.101	13.162	10.6	56.475	50.492	干层	chang4+5
苏257	2252.250	50.707	48.666	17.311	190.393	15.108	2.648	10.817	12.278	17.956	16.605	17.111	13.621	10.719	62.668	55.063	干层	chang4+5
苏257	2252.375	48.145	48.238	17.847	189.836	14.818	2.645	10.85	12.442	17.496	17.181	17.688	13.875	10.786	66.745	58.221	干层	chang4+5
苏257	2252.500	49.483	47.886	17.836	190.338	14.704	2.639	10.915	12.466	16.549	17.289	17.729	13.915	10.822	68.1	59.915	干层	chang4+5
苏257	2252.625	48.535	47.605	17.304	192.014	15.115	2.63	10.944	12.384	15.253	16.953	17.255	13.774	10.865	65.99	60.24	干层	chang4+5
苏257	2252.750	47.227	47.354	16.306	195.215	16.096	2.615	10.842	12.202	13.719	16.212	16.325	13.465	10.918	58.615	57.764	干层	chang4+5
苏257	2252.875	53.423	47.09	14.966	200.193	18.156	2.593	10.566	11.889	12.103	15.128	15.049	12.971	10.917	46.793	50.201	干层	chang4+5
苏257	2253.000	71.684	46.775	13.43	206.583	19.356	2.577	10.121	11.412	10.522	13.791	13.555	12.279	10.786	34.703	39.561	干层	chang4+5
苏257	2253.125	94.734	46.402	11.829	213.722	20.926	2.58	9.571	10.767	9.16	12.317	11.973	11.411	10.479	25.257	29.128	干层	chang4+5
苏257	2253.250	106.932	46.004	10.299	220.53	22.821	2.584	9.04	10.009	8.094	10.852	10.448	10.449	10.016	18.879	21.035	干层	chang4+5
苏257	2253.375	98.614	45.641	8.986	226.061	24.492	2.562	8.62	9.247	7.325	9.549	9.126	9.519	9.479	14.877	15.978	干层	chang4+5
苏257	2253.500	86.37	45.363	7.977	229.843	25.072	2.513	8.333	8.591	6.802	8.517	8.103	8.736	8.974	12.543	13.312	干层	chang4+5
苏257	2253.625	88.907	45.196	7.249	232.035	25.562	2.472	8.12	8.093	6.428	7.764	7.363	8.144	8.579	11.268	12.034	水层	chang4+5
苏257	2253.750	101.669	45.124	6.742	233.204	26.361	2.459	7.934	7.741	6.152	7.236	6.847	7.721	8.298	10.668	11.588	水层	chang4+5
苏257	2253.875	113.358	45.084	6.386	234.193	27.183	2.471	7.776	7.484	5.963	6.859	6.483	7.409	8.089	10.486	11.661	水层	chang4+5
苏257	2254.000	113.078	45.017	6.122	235.521	27.561	2.477	7.705	7.277	5.879	6.573	6.212	7.159	7.906	10.486	11.976	水层	chang4+5
苏257	2254.125	103.601	44.908	5.952	237.557	27.753	2.468	7.762	7.131	5.925	6.38	6.034	6.979	7.767	10.53	12.341	水层	chang4+5
苏257	2254.250	95.925	44.787	5.895	240.177	27.345	2.459	7.934	7.088	6.093	6.305	5.973	6.906	7.723	10.527	12.553	水层	chang4+5
苏257	2254.375	97.334	44.699	5.96	242.342	26.65	2.464	8.163	7.166	6.351	6.357	6.034	6.954	7.798	10.502	12.645	水层	chang4+5
苏257	2254.500	102.515	44.681	6.142	243.358	26.527	2.484	8.392	7.352	6.675	6.53	6.214	7.111	7.976	10.549	12.747	水层	chang4+5
苏257	2254.625	112.655	44.765	6.412	243.39	27.019	2.508	8.617	7.604	7.057	6.79	6.483	7.333	8.203	10.68	12.954	水层	chang4+5
苏257	2254.750	128.264	44.992	6.744	243.661	27.408	2.531	8.9	7.878	7.527	7.105	6.813	7.581	8.43	10.702	13.058	水层	chang4+5
苏257	2254.875	141.946	45.389	7.144	246.219	27.519	2.547	9.244	8.186	8.078	7.483	7.212	7.866	8.67	10.499	12.797	水层	chang4+5
苏257	2255.000	148.152	45.998	7.633	260.509	29.241	2.526	9.326	8.563	8.413	7.947	7.701	8.221	8.969	10.202	12.261	水层	chang4+5
苏257	2255.125	150.45	46.875	8.133	280.918	31.885	2.436	8.748	8.93	8.112	8.415	8.202	8.575	9.252	9.905	11.572		chang4+5
苏257	2255.250	153.281	47.995	8.322	299.873	34.958	2.308	7.677	8.954	7.26	8.55	8.387	8.612	9.185	9.755	10.885		chang4+5
苏257	2255.375	156.028	49.305	7.907	307.264	38.93	2.259	7.154	8.361	6.821	8.066	7.963	8.07	8.506	9.988	10.671		chang4+5
苏257	2255.500	150.992	50.72	7.203	298.826	38.697	2.344	7.668	7.521	7.278	7.303	7.248	7.295	7.611	10.679	11.113		chang4+5
苏257	2255.625	138.194	52.143	6.96	279.976	33.974	2.473	8.786	7.236	8.23	7.029	7.004	7.043	7.311	11.743	11.901		chang4+5
苏257	2255.750	125.34	53.479	7.485	258.965	28.215	2.536	9.723	7.818	8.97	7.545	7.54	7.609	7.912	12.844	12.721		chang4+5
苏257	2255.875	116.731	54.664	8.348	244.731	25.3	2.551	10.143	8.802	9.232	8.408	8.423	8.559	8.939	13.806	13.536		chang4+5
苏257	2256.000	112.972	55.694	8.982	239.055	24.817	2.558	10.235	9.568	9.2	9.044	9.079	9.308	9.76	14.403	14.142		chang4+5
苏257	2256.125	106.648	56.59	9.21	237.078	24.438	2.557	10.206	9.899	9.069	9.277	9.323	9.652	10.142	14.528	14.6		chang4+5
苏257	2256.250	95.585	57.402	9.174	236.107	23.58	2.551	10.159	9.941	8.935	9.253	9.298	9.72	10.226	14.577	15.227		chang4+5
苏257	2256.375	85.047	58.172	9.045	235.669	22.713	2.548	10.162	9.873	8.855	9.144	9.177	9.685	10.196	14.781	15.975		chang4+5
苏257	2256.500	80.112	58.911	8.923	235.558	22.261	2.545	10.234	9.803	8.841	9.051	9.062	9.649	10.162	15.056	16.742		chang4+5
苏257	2256.625	79.391	59.593	8.856	235.785	22.342	2.543	10.37	9.784	8.889	9.023	9.001	9.666	10.178	15.292	17.347		chang4+5
苏257	2256.750	84.286	60.186	8.854	236.731	23.009	2.554	10.573	9.832	8.995	9.071	9.006	9.75	10.262	15.481	17.71		chang4+5
苏257	2256.875	93.122	60.695	8.91	238.253	24.335	2.58	10.885	9.938	9.184	9.189	9.067	9.896	10.408	15.635	17.942		chang4+5
苏257	2257.000	102.267	61.173	9.033	240.216	26.718	2.606	11.304	10.12	9.451	9.388	9.196	10.121	10.634	15.731	18.001		chang4+5
苏257	2257.125	109.679	61.666	9.238	243.049	28.443	2.622	11.711	10.397	9.704	9.686	9.406	10.45	10.968	15.732	17.824		chang4+5
苏257	2257.250	118.239	62.195	9.495	247.205	30.417	2.635	12.002	10.738	9.874	10.052	9.666	10.851	11.375	15.611	17.46		chang4+5
苏257	2257.375	126.829	62.758	9.729	253.295	32.24	2.641	12.174	11.048	9.959	10.4	9.897	11.231	11.754	15.263	16.822		chang4+5
苏257	2257.500	129.536	63.35	9.883	260.89	31.757	2.632	12.289	11.257	10.011	10.656	10.041	11.517	12.024	14.741	15.928		chang4+5
苏257	2257.625	126.011	63.977	9.968	268.175	32.154	2.604	12.303	11.374	10.017	10.82	10.108	11.714	12.193	14.262	15.037		chang4+5
苏257	2257.750	121.129	64.654	10.01	272.839	32.503	2.581	12.075	11.426	9.908	10.912	10.125	11.849	12.286	14.135	14.515		chang4+5
苏257	2257.875	115.957	65.402	9.991	274.156	31.943	2.574	11.713	11.376	9.773	10.899	10.078	11.877	12.251	14.475	14.481		chang4+5
苏257	2258.000	112.834	66.211	9.882	273.345	32.281	2.578	11.785	11.162	10.048	10.739	9.935	11.728	12.005	15.487	15.279		chang4+5
苏257	2258.125	110.117	67.049	9.844	273.422	32.423	2.552	12.919	10.969	11.295	10.62	9.864	11.6	11.749	17.32	17.07		chang4+5
苏257	2258.250	108.596	67.871	10.311	279.005	35.415	2.471	14.982	11.3	13.65	11.031	10.294	12.052	12.037	19.724	19.502		chang4+5
苏257	2258.375	113.197	68.629	11.757	298.202	39.915	2.326	17.744	12.606	17.382	12.459	11.688	13.606	13.32	22.144	21.764		chang4+5
苏257	2258.500	128.939	69.284	14.395	321.924	42.926	2.156	20.424	14.9	22.085	15.019	14.233	16.333	15.516	23.936	23.169		chang4+5
苏257	2258.625	146.076	69.812	18.304	342.349	44.691	2.04	20.612	17.959	24.637	18.615	17.989	20.026	18.252	24.632	23.38		chang4+5
苏257	2258.750	153.372	70.249	22.395	352.404	45.687	2.057	16.482	20.622	20.72	22.035	21.923	23.234	20.306	24.092	22.542		chang4+5
苏257	2258.875	152.459	70.658	23.299	339.049	42.471	2.213	12.739	20.359	16.925	22.266	22.824	22.844	19.482	22.653	21.088		chang4+5
苏257	2259.000	149.494	71.111	20.071	313.44	39.314	2.4	12.062	16.913	17.278	18.744	19.696	18.669	15.85	20.973	19.634		chang4+5
苏257	2259.125	147.035	71.642	17.249	286.028	35.608	2.526	13.606	13.986	21.277	15.711	16.922	15.146	12.814	19.414	18.446		chang4+5
苏257	2259.250	143.454	72.23	18.271	266.456	34.337	2.582	14.827	14.082	25.111	16.243	17.944	15.025	12.513	18.04	17.458		chang4+5
苏257	2259.375	140.761	72.786	21.926	261.995	34.538	2.598	15.101	16.019	27.133	19.164	21.581	16.852	13.791	16.729	16.564		chang4+5
苏257	2259.500	140.297	73.23	25.326	266.596	35.184	2.54	16.254	17.671	29.511	21.951	25.009	18.261	14.8	15.027	15.555		chang4+5
苏257	2259.625	141.255	73.524	27.612	273.273	36.33	2.35	17.396	18.704	29.978	23.947	27.382	18.886	15.362	13.243	14.286		chang4+5
苏257	2259.750	140.684	73.693	29.538	278.397	40.434	2.069	14.227	20.085	22.155	25.923	29.435	19.759	16.471	11.767	13.019		chang4+5
苏257	2259.875	133.698	73.772	28.01	279.333	43.657	1.845	8.678	19.805	12.064	25.127	28.055	19.1	16.544	9.883	11.165		chang4+5
苏257	2260.000	119.666	73.762	20.195	277.789	50.329	1.749	5.22	15.184	6.294	18.637	20.323	14.526	13.062	8.055	9.081		chang4+5
苏257	2260.125	106.041	73.654	11.259	278.746	57.042	1.721	3.848	9.169	4.121	10.735	11.377	8.789	8.187	6.829	7.459		chang4+5
苏257	2260.250	100.587	73.451	6.18	283.781	60.479	1.755	3.326	5.495	3.262	6.065	6.254	5.297	5.129	6.258	6.656		chang4+5
苏257	2260.375	103.393	73.163	4.029	285.75	61.328	1.941	3.308	3.892	3.07	4.042	4.072	3.77	3.794	6.229	6.515		chang4+5
苏257	2260.500	109.455	72.85	3.26	276.831	54.568	2.244	4.099	3.334	3.602	3.302	3.288	3.231	3.346	6.801	7.023		chang4+5
苏257	2260.625	114.916	72.571	3.208	262.6	46.775	2.487	6.332	3.416	5.098	3.261	3.231	3.302	3.497	8.321	8.727		chang4+5
苏257	2260.750	116.326	72.364	3.9	247.035	38.843	2.595	10.933	4.343	7.878	3.979	3.929	4.152	4.538	10.923	11.732		chang4+5
苏257	2260.875	113.58	72.217	5.66	235.636	32.458	2.596	17.477	6.756	12.092	5.807	5.715	6.305	7.278	14.323	15.291		chang4+5
苏257	2261.000	106.862	72.098	8.738	237.159	29.071	2.541	22.158	11.078	15.837	8.971	8.843	10.142	12.299	18.125	18.422		chang4+5
苏257	2261.125	101.94	71.971	12.735	245.063	27.48	2.482	21.853	16.333	17.038	12.935	12.885	14.737	18.247	21.238	20.413		chang4+5
苏257	2261.250	102.861	71.804	15.88	250.998	27.862	2.476	18.089	19.832	15.944	15.837	16.019	17.727	21.789	22.18	20.559		chang4+5
苏257	2261.375	105.904	71.578	16.668	250.298	29.139	2.52	15.691	19.65	15.283	16.316	16.748	17.653	20.887	21.785	19.448		chang4+5
苏257	2261.500	104.227	71.321	15.87	243.769	29.209	2.568	15.775	17.36	16.597	15.384	15.892	15.868	17.744	21.208	18.542		chang4+5
苏257	2261.625	99.9	71.101	15.656	236.027	28.966	2.584	16.757	16.023	18.448	15.128	15.648	14.934	15.882	20.572	18.069		chang4+5
苏257	2261.750	97.283	71.001	16.983	234.374	28.293	2.551	16.901	16.52	18.813	16.355	16.966	15.641	16.016	19.274	17.144		chang4+5
苏257	2261.875	101.387	71.064	18.447	239.672	27.095	2.493	14.929	17.46	16.284	17.795	18.44	16.738	16.744	17.654	15.851		chang4+5
苏257	2262.000	113.399	71.266	18.162	249.802	28.681	2.463	11.766	17.105	12.288	17.633	18.185	16.587	16.403	15.994	14.316		chang4+5
苏257	2262.125	124.169	71.523	15.476	259.575	32.45	2.489	9.319	14.767	9.23	15.171	15.534	14.474	14.288	14.345	12.581		chang4+5
苏257	2262.250	129.838	71.734	11.809	261.593	33.694	2.536	8.765	11.576	8.351	11.712	11.886	11.445	11.381	13.228	11.355		chang4+5
苏257	2262.375	129.677	71.856	9.246	256.373	32.068	2.574	9.567	9.354	8.773	9.272	9.325	9.299	9.363	12.889	11.104		chang4+5
苏257	2262.500	128.387	71.897	8.491	248.741	31.078	2.596	10.789	8.833	9.559	8.59	8.579	8.808	8.976	13.033	11.353		chang4+5
苏257	2262.625	128.323	71.89	8.926	241.608	30.672	2.6	11.619	9.52	10.103	9.095	9.043	9.51	9.799	13.478	11.822		chang4+5
苏257	2262.750	128.45	71.832	9.632	237.41	29.395	2.612	12.118	10.483	10.499	9.872	9.784	10.488	10.9	14.236	12.48		chang4+5
苏257	2262.875	124.003	71.703	10.165	235.121	28.488	2.625	12.539	11.182	10.952	10.452	10.345	11.206	11.691	15.128	13.191		chang4+5
苏257	2263.000	119.068	71.493	10.583	233.142	27.384	2.628	13.016	11.65	11.568	10.887	10.78	11.694	12.188	16.019	13.974		chang4+5
苏257	2263.125	114.882	71.215	11.07	230.768	26.464	2.625	13.538	12.107	12.313	11.375	11.28	12.172	12.626	17.087	14.885		chang4+5
苏257	2263.250	111.661	70.931	11.703	227.64	26.011	2.627	14.066	12.644	13.153	11.993	11.921	12.731	13.109	18.508	15.971		chang4+5
苏257	2263.375	106.741	70.71	12.467	224.147	25.385	2.632	14.552	13.251	13.996	12.73	12.689	13.364	13.631	20.369	17.457		chang4+5
苏257	2263.500	101.343	70.594	13.302	220.921	25.094	2.63	14.97	13.88	14.757	13.525	13.521	14.019	14.15	22.307	19.048		chang4+5
苏257	2263.625	97.895	70.572	14.127	218.958	24.598	2.629	15.272	14.473	15.324	14.301	14.332	14.635	14.624	23.901	20.281		chang4+5
苏257	2263.750	97.226	70.608	14.845	220.276	24.184	2.631	15.295	14.973	15.481	14.97	15.029	15.154	15.017	24.65	20.97		chang4+5
苏257	2263.875	101.551	70.662	15.335	224.387	22.919	2.637	14.968	15.3	15.142	15.417	15.492	15.488	15.265	24.05	20.598		chang4+5
苏257	2264.000	106.738	70.686	15.4	229.651	23.034	2.638	14.418	15.291	14.469	15.451	15.526	15.472	15.222	22.244	19.073		chang4+5
苏257	2264.125	107.383	70.648	14.999	234.385	24.836	2.627	13.933	14.91	13.813	15.035	15.099	15.071	14.854	20.211	17.262		chang4+5
苏257	2264.250	105.696	70.55	14.353	237.171	27.364	2.623	13.662	14.349	13.361	14.387	14.434	14.48	14.335	18.605	15.747		chang4+5
苏257	2264.375	112.155	70.447	13.745	237.701	29.163	2.625	13.597	13.856	13.125	13.786	13.812	13.956	13.898	17.597	14.829		chang4+5
苏257	2264.500	122.624	70.395	13.337	236.837	28.311	2.633	13.591	13.568	12.971	13.388	13.397	13.638	13.667	17.231	14.617		chang4+5
苏257	2264.625	121.68	70.432	13.102	235.723	27.535	2.643	13.549	13.446	12.821	13.165	13.159	13.487	13.599	17.407	14.917		chang4+5
苏257	2264.750	113.278	70.534	12.945	235.385	28.029	2.654	13.411	13.384	12.628	13.02	13.001	13.397	13.581	17.735	15.356		chang4+5
苏257	2264.875	110.451	70.621	12.783	235.937	27.835	2.665	13.241	13.289	12.441	12.866	12.838	13.276	13.517	17.796	15.512		chang4+5
苏257	2265.000	112.366	70.604	12.596	236.973	27.263	2.667	13.087	13.137	12.302	12.681	12.648	13.102	13.38	17.577	15.359		chang4+5
苏257	2265.125	115.979	70.456	12.42	238.088	27.299	2.659	12.985	12.969	12.241	12.504	12.469	12.917	13.215	17.192	15.135		chang4+5
苏257	2265.250	121.745	70.203	12.295	238.082	27.167	2.644	12.988	12.832	12.303	12.372	12.339	12.767	13.071	16.777	14.807		chang4+5
苏257	2265.375	126.133	69.88	12.256	236.158	26.485	2.623	13.192	12.764	12.582	12.323	12.295	12.693	12.989	16.759	14.793		chang4+5
苏257	2265.500	122.716	69.497	12.366	232.822	26.393	2.607	13.615	12.832	13.106	12.418	12.398	12.757	13.037	17.48	15.636		chang4+5
苏257	2265.625	108.583	69.029	12.686	228.984	25.664	2.603	14.172	13.098	13.802	12.719	12.71	13.024	13.277	18.654	16.957		chang4+5
苏257	2265.750	94.266	68.477	13.235	225.492	24.109	2.612	14.7	13.573	14.526	13.24	13.248	13.504	13.717	20.041	18.449		chang4+5
苏257	2265.875	88.916	67.878	13.933	223.504	22.499	2.62	14.984	14.168	15.041	13.903	13.935	14.11	14.264	21.449	19.895		chang4+5
苏257	2266.000	93.035	67.307	14.606	222.872	22.149	2.631	15.019	14.703	15.311	14.535	14.595	14.664	14.738	22.281	20.607		chang4+5
苏257	2266.125	98.863	66.834	15.076	222.858	23.56	2.636	14.956	15.014	15.467	14.963	15.052	15.0	14.978	22.26	20.483		chang4+5
苏257	2266.250	101.4	66.488	15.329	223.364	24.674	2.628	14.934	15.105	15.638	15.177	15.294	15.121	15.0	21.795	20.007		chang4+5
苏257	2266.375	97.226	66.259	15.499	224.096	23.603	2.614	14.952	15.122	15.819	15.311	15.454	15.17	14.955	21.076	19.36		chang4+5
苏257	2266.500	93.271	66.106	15.67	224.345	23.263	2.616	14.968	15.161	15.96	15.454	15.619	15.24	14.94	20.511	18.759		chang4+5
苏257	2266.625	95.394	65.996	15.838	223.521	23.328	2.627	15.069	15.217	16.161	15.602	15.782	15.326	14.953	20.791	18.79		chang4+5
苏257	2266.750	100.737	65.896	15.997	221.251	24.593	2.629	15.363	15.286	16.542	15.749	15.938	15.423	14.989	22.073	19.903		chang4+5
苏257	2266.875	98.494	65.779	16.239	218.233	24.224	2.628	15.848	15.455	17.095	15.986	16.18	15.62	15.132	24.181	22.057		chang4+5
苏257	2267.000	92.266	65.638	16.654	216.46	21.481	2.626	16.259	15.806	17.533	16.402	16.595	15.999	15.464	26.475	24.579		chang4+5
苏257	2267.125	88.147	65.513	17.168	217.207	19.892	2.628	16.259	16.273	17.489	16.922	17.11	16.493	15.918	27.668	26.016		chang4+5
苏257	2267.250	88.597	65.454	17.494	220.762	20.249	2.632	15.777	16.586	16.894	17.262	17.439	16.827	16.232	26.56	25.373		chang4+5
苏257	2267.375	95.995	65.503	17.35	225.577	21.653	2.64	15.131	16.476	16.116	17.14	17.297	16.728	16.144	23.929	22.927		chang4+5
苏257	2267.500	107.146	65.638	16.753	229.691	24.135	2.644	14.608	15.956	15.479	16.568	16.703	16.204	15.66	21.118	19.786		chang4+5
苏257	2267.625	113.37	65.787	16.014	231.627	25.581	2.643	14.327	15.305	15.136	15.849	15.965	15.542	15.048	19.038	17.542		chang4+5
苏257	2267.750	111.559	65.85	15.432	231.157	25.155	2.644	14.288	14.795	15.098	15.278	15.382	15.023	14.57	17.968	16.469		chang4+5
苏257	2267.875	106.132	65.795	15.143	228.626	25.002	2.646	14.492	14.54	15.378	14.987	15.088	14.766	14.331	18.014	16.561		chang4+5
苏257	2268.000	103.445	65.644	15.17	224.647	24.997	2.644	14.867	14.553	15.886	14.997	15.108	14.785	14.341	19.295	17.931		chang4+5
苏257	2268.125	102.169	65.417	15.476	219.955	24.468	2.635	15.383	14.8	16.578	15.275	15.403	15.046	14.565	21.788	20.521		chang4+5
苏257	2268.250	97.125	65.118	16.017	215.497	23.304	2.622	16.005	15.24	17.397	15.775	15.929	15.506	14.964	25.662	24.807		chang4+5
苏257	2268.375	84.264	64.738	16.734	212.79	21.182	2.608	16.522	15.829	18.079	16.446	16.628	16.119	15.502	30.191	29.757		chang4+5
苏257	2268.500	76.507	64.292	17.513	212.4	19.696	2.603	16.707	16.474	18.34	17.178	17.386	16.787	16.093	33.287	32.793		chang4+5
苏257	2268.625	77.339	63.817	18.099	213.9	19.767	2.605	16.42	16.956	17.998	17.725	17.951	17.286	16.534	33.386	32.918		chang4+5
苏257	2268.750	80.911	63.369	18.238	216.66	20.732	2.609	15.857	17.059	17.288	17.844	18.072	17.392	16.623	30.602	30.061		chang4+5
苏257	2268.875	83.888	63.013	17.859	219.817	22.173	2.605	15.231	16.727	16.472	17.468	17.68	17.047	16.31	26.529	25.315		chang4+5
苏257	2269.000	85.782	62.769	17.139	222.538	23.772	2.596	14.739	16.115	15.794	16.765	16.951	16.413	15.743	23.058	21.39		chang4+5
苏257	2269.125	87.05	62.639	16.36	225.072	24.399	2.591	14.412	15.469	15.314	16.008	16.169	15.743	15.152	20.72	18.985		chang4+5
苏257	2269.250	89.901	62.606	15.716	227.551	24.617	2.602	14.258	14.951	15.06	15.385	15.524	15.208	14.687	19.282	17.56		chang4+5
苏257	2269.375	96.657	62.642	15.284	229.502	24.833	2.626	14.281	14.618	15.041	14.965	15.093	14.865	14.397	18.707	16.988		chang4+5
苏257	2269.500	102.294	62.694	15.067	230.521	25.727	2.634	14.489	14.464	15.262	14.751	14.878	14.71	14.27	19.054	17.237		chang4+5
苏257	2269.625	102.735	62.704	15.089	230.209	25.987	2.617	14.931	14.508	15.772	14.766	14.901	14.763	14.325	20.264	18.341		chang4+5
苏257	2269.750	97.579	62.661	15.371	228.573	25.789	2.589	15.543	14.771	16.473	15.032	15.185	15.047	14.582	22.338	20.605		chang4+5
苏257	2269.875	89.547	62.616	15.907	226.56	24.935	2.563	16.119	15.256	17.123	15.548	15.723	15.566	15.049	24.988	23.47		chang4+5
苏257	2270.000	83.654	62.64	16.583	225.163	23.538	2.545	16.379	15.87	17.388	16.212	16.406	16.224	15.641	27.22	25.762		chang4+5
苏257	2270.125	83.62	62.785	17.142	224.852	22.697	2.546	16.292	16.384	17.21	16.78	16.978	16.784	16.142	27.783	26.445		chang4+5
苏257	2270.250	89.147	63.045	17.337	225.512	23.099	2.567	15.973	16.58	16.713	17.011	17.193	17.021	16.348	26.679	25.397		chang4+5
苏257	2270.375	96.594	63.332	17.105	226.658	23.651	2.59	15.598	16.417	16.093	16.849	16.987	16.887	16.223	24.628	23.223		chang4+5
苏257	2270.500	102.691	63.551	16.594	227.638	23.921	2.6	15.283	16.03	15.519	16.432	16.503	16.521	15.902	22.57	21.043		chang4+5
苏257	2270.625	106.311	63.652	15.995	228.431	25.284	2.592	15.064	15.59	15.049	15.946	15.931	16.099	15.546	21.079	19.531		chang4+5
苏257	2270.750	109.749	63.67	15.443	229.421	25.785	2.579	14.943	15.204	14.706	15.516	15.405	15.734	15.251	20.221	18.714		chang4+5
苏257	2270.875	111.775	63.648	14.996	230.705	25.998	2.58	14.903	14.912	14.479	15.195	14.978	15.47	15.048	19.825	18.334		chang4+5
苏257	2271.000	112.969	63.598	14.671	232.043	25.983	2.598	14.929	14.719	14.362	14.998	14.668	15.315	14.939	19.683	18.143		chang4+5
苏257	2271.125	114.659	63.503	14.466	232.972	26.668	2.616	14.997	14.618	14.338	14.925	14.474	15.263	14.912	19.685	18.059		chang4+5
苏257	2271.250	115.623	63.337	14.361	233.285	27.398	2.623	15.149	14.585	14.443	14.953	14.374	15.288	14.942	19.963	18.201		chang4+5
苏257	2271.375	111.477	63.1	14.361	232.968	26.231	2.615	15.441	14.622	14.738	15.089	14.376	15.396	15.027	20.755	18.929		chang4+5
苏257	2271.500	102.144	62.836	14.507	231.941	25.312	2.593	15.866	14.768	15.225	15.377	14.518	15.63	15.209	22.189	20.319		chang4+5
苏257	2271.625	93.351	62.606	14.832	230.452	24.475	2.568	16.388	15.057	15.879	15.853	14.834	16.03	15.522	24.596	22.702		chang4+5
苏257	2271.750	87.485	62.456	15.348	228.787	23.787	2.561	16.99	15.49	16.715	16.524	15.336	16.601	15.962	27.999	25.938		chang4+5
苏257	2271.875	83.573	62.387	16.037	226.623	23.469	2.566	17.726	16.041	17.795	17.364	16.007	17.319	16.498	32.277	29.817		chang4+5
苏257	2272.000	78.112	62.376	16.916	223.836	22.194	2.553	18.566	16.711	19.105	18.38	16.86	18.19	17.126	38.019	35.186		chang4+5
苏257	2272.125	70.81	62.38	18.037	221.43	20.875	2.516	19.36	17.539	20.492	19.608	17.948	19.259	17.879	44.472	42.238		chang4+5
苏257	2272.250	61.792	62.368	19.357	221.044	20.19	2.484	19.878	18.479	21.593	20.967	19.229	20.471	18.703	47.483	46.533		chang4+5
苏257	2272.375	57.923	62.335	20.681	226.649	20.262	2.481	19.65	19.372	21.763	22.208	20.51	21.624	19.444	42.242	45.422		chang4+5
苏257	2272.500	65.401	62.319	21.567	239.155	22.568	2.492	17.98	19.886	20.052	22.841	21.363	22.287	19.794	32.882	38.389		chang4+5
苏257	2272.625	84.082	62.387	21.339	255.138	27.099	2.48	15.335	19.49	17.086	22.181	21.128	21.813	19.265	24.816	28.553		chang4+5
苏257	2272.750	106.535	62.607	19.478	270.778	32.201	2.44	13.031	17.754	14.473	19.819	19.294	19.725	17.473	19.152	19.909		chang4+5
苏257	2272.875	124.714	62.998	16.648	281.093	34.393	2.407	12.257	15.226	13.769	16.592	16.513	16.722	14.95	16.176	14.732		chang4+5
苏257	2273.000	134.014	63.537	14.439	283.984	32.549	2.425	12.865	13.25	15.033	14.125	14.344	14.37	12.972	15.322	13.587		chang4+5
苏257	2273.125	133.885	64.129	14.059	282.003	30.666	2.472	14.214	12.782	17.603	13.479	13.984	13.764	12.411	16.043	14.979		chang4+5
苏257	2273.250	129.199	64.68	15.578	277.106	31.728	2.492	15.295	13.77	20.384	14.597	15.519	14.824	13.158	17.826	17.347		chang4+5
苏257	2273.375	127.969	65.171	18.094	270.78	31.999	2.485	16.223	15.381	23.539	16.612	18.069	16.545	14.385	20.304	20.136		chang4+5
苏257	2273.500	126.204	65.572	20.948	263.728	29.178	2.509	17.043	16.958	25.949	18.947	20.982	18.173	15.45	22.928	22.615		chang4+5
苏257	2273.625	116.591	65.88	24.161	258.37	28.285	2.552	19.202	18.571	31.141	21.66	24.28	19.787	16.458	23.681	23.27		chang4+5
苏257	2273.750	107.154	66.091	27.465	258.345	33.182	2.544	22.483	20.324	37.707	24.549	27.668	21.534	17.651	22.335	22.461		chang4+5
苏257	2273.875	108.505	66.214	32.319	263.099	40.008	2.441	24.001	23.197	38.526	28.968	32.649	24.351	19.821	19.247	20.102		chang4+5
苏257	2274.000	119.306	66.263	37.552	270.988	46.747	2.269	19.496	26.715	28.049	34.004	38.054	27.633	22.694	15.309	16.633		chang4+5
苏257	2274.125	127.264	66.278	36.036	278.238	48.744	1.989	11.001	26.532	13.727	33.247	36.613	27.003	22.895	11.937	13.004		chang4+5
苏257	2274.250	124.71	66.327	25.338	278.416	48.026	1.988	6.051	19.965	6.662	23.958	25.794	20.047	17.773	9.647	9.936		chang4+5
苏257	2274.375	116.393	66.47	13.086	271.081	42.64	2.207	4.127	11.256	4.091	12.717	13.335	11.212	10.43	8.526	8.214		chang4+5
苏257	2274.500	108.901	66.689	6.371	259.087	35.276	2.446	3.804	6.007	3.584	6.346	6.479	5.965	5.819	8.694	8.228		chang4+5
苏257	2274.625	103.767	66.981	4.121	246.182	30.328	2.542	4.894	4.154	4.317	4.158	4.165	4.121	4.163	10.283	10.32		chang4+5
苏257	2274.750	99.692	67.33	3.77	237.076	28.242	2.616	7.807	3.961	6.227	3.827	3.797	3.923	4.055	12.82	13.267		chang4+5
苏257	2274.875	96.197	67.705	4.695	233.525	28.289	2.631	12.844	5.203	9.06	4.819	4.735	5.131	5.471	15.681	15.959		chang4+5
苏257	2275.000	96.747	68.071	6.79	235.301	29.248	2.626	17.041	8.1	11.506	7.069	6.861	7.94	8.838	18.012	17.747		chang4+5
苏257	2275.125	100.378	68.381	9.481	241.272	29.395	2.618	18.605	12.047	12.96	9.984	9.588	11.78	13.576	18.485	17.802		chang4+5
苏257	2275.250	103.438	68.612	11.718	248.331	28.759	2.612	18.553	15.138	13.891	12.35	11.827	14.827	17.21	17.565	16.657		chang4+5
苏257	2275.375	106.936	68.787	13.087	252.788	28.274	2.619	17.714	16.473	14.652	13.659	13.151	16.21	18.491	16.942	15.866		chang4+5
苏257	2275.500	108.727	68.975	14.013	253.316	27.422	2.642	16.562	16.77	15.388	14.397	14.004	16.631	18.37	17.116	15.858		chang4+5
苏257	2275.625	108.531	69.239	14.78	247.427	26.243	2.667	15.838	16.512	16.606	14.916	14.695	16.526	17.499	18.172	16.618		chang4+5
苏257	2275.750	106.561	69.598	15.624	237.385	24.857	2.676	16.474	16.126	19.42	15.512	15.479	16.283	16.45	20.046	18.113		chang4+5
苏257	2275.875	104.163	70.005	17.166	228.875	25.591	2.663	18.565	16.327	24.299	16.826	16.977	16.622	16.01	21.946	19.691		chang4+5
苏257	2276.000	104.076	70.358	20.393	227.318	27.895	2.609	20.958	17.924	29.26	19.789	20.155	18.386	16.922	21.692	19.831		chang4+5
苏257	2276.125	107.745	70.581	25.24	233.416	32.561	2.507	20.938	20.801	29.467	24.328	24.949	21.466	19.038	19.09	18.017		chang4+5
苏257	2276.250	111.762	70.669	29.136	245.184	39.73	2.307	16.099	23.196	21.453	28.039	28.841	23.983	20.88	15.624	15.145		chang4+5
苏257	2276.375	113.561	70.663	27.531	260.317	45.216	2.139	10.017	21.958	12.353	26.589	27.32	22.613	19.782	12.305	11.731		chang4+5
苏257	2276.500	110.776	70.588	19.736	273.627	43.672	2.121	6.576	16.28	7.378	19.213	19.652	16.621	14.898	10.034	8.999		chang4+5
苏257	2276.625	108.169	70.441	11.657	275.223	39.132	2.247	5.494	10.165	5.782	11.474	11.657	10.276	9.54	8.985	7.836		chang4+5
苏257	2276.750	109.876	70.221	7.321	266.443	34.264	2.416	5.654	6.778	5.735	7.285	7.35	6.801	6.539	8.948	7.904		chang4+5
苏257	2276.875	110.776	69.936	5.847	253.937	30.724	2.543	6.695	5.666	6.662	5.866	5.89	5.655	5.583	9.703	8.798		chang4+5
苏257	2277.000	108.227	69.624	5.929	239.557	30.571	2.612	8.959	5.887	8.882	5.977	5.994	5.847	5.865	11.116	10.335		chang4+5
苏257	2277.125	105.822	69.358	7.135	232.354	32.621	2.633	12.453	7.167	12.377	7.214	7.247	7.067	7.171	12.548	11.857		chang4+5
苏257	2277.250	105.874	69.204	9.587	242.071	33.658	2.616	15.7	9.649	15.639	9.699	9.771	9.427	9.661	12.793	12.179		chang4+5
苏257	2277.375	104.538	69.161	12.942	260.704	35.167	2.522	14.768	13.002	14.802	13.082	13.22	12.569	13.015	11.939	11.372		chang4+5
苏257	2277.500	103.391	69.187	15.233	278.766	37.509	2.341	9.86	15.275	9.97	15.384	15.586	14.625	15.273	10.559	9.885		chang4+5
苏257	2277.625	106.018	69.253	13.685	288.883	40.321	2.208	6.05	13.694	6.072	13.815	14.015	13.064	13.638	9.262	8.229		chang4+5
苏257	2277.750	111.313	69.32	9.371	287.162	39.84	2.258	4.874	9.367	4.797	9.459	9.593	8.977	9.287	8.714	7.357		chang4+5
苏257	2277.875	114.155	69.351	6.064	273.84	34.152	2.441	5.249	6.093	5.003	6.118	6.19	5.896	6.054	9.149	7.894		chang4+5
苏257	2278.000	115.034	69.331	4.889	254.528	29.168	2.581	7.008	4.99	6.401	4.935	4.98	4.849	4.999	10.46	9.405		chang4+5
苏257	2278.125	116.664	69.295	5.317	240.455	27.493	2.633	9.921	5.565	8.539	5.368	5.413	5.376	5.637	12.422	11.378		chang4+5
苏257	2278.250	113.889	69.286	6.841	233.643	27.41	2.651	12.693	7.413	10.412	6.913	6.976	7.067	7.613	14.768	13.472		chang4+5
苏257	2278.375	105.543	69.345	8.852	232.406	26.869	2.654	14.392	9.978	11.582	8.957	9.063	9.364	10.402	16.599	14.885		chang4+5
苏257	2278.500	99.75	69.491	10.571	235.65	26.165	2.638	15.201	12.249	12.169	10.69	10.854	11.392	12.914	16.837	15.09		chang4+5
苏257	2278.625	102.097	69.696	11.66	241.307	27.637	2.624	15.04	13.686	12.137	11.765	11.982	12.671	14.496	16.043	14.472		chang4+5
苏257	2278.750	105.404	69.868	12.14	247.908	29.779	2.619	13.91	14.299	11.429	12.223	12.463	13.195	15.136	14.815	13.31		chang4+5
苏257	2278.875	105.916	69.918	11.963	255.613	31.938	2.619	12.732	14.008	10.647	12.036	12.256	12.948	14.771	13.43	12.042		chang4+5
苏257	2279.000	107.963	69.826	11.286	264.99	33.694	2.617	11.914	13.061	10.068	11.366	11.535	12.134	13.697	12.124	10.78		chang4+5
苏257	2279.125	111.846	69.634	10.556	275.457	33.814	2.6	11.055	12.077	9.4	10.658	10.766	11.287	12.607	11.153	9.691		chang4+5
苏257	2279.250	112.624	69.382	9.948	285.071	33.873	2.569	9.833	11.295	8.439	10.08	10.129	10.62	11.765	10.609	9.027		chang4+5
苏257	2279.375	112.444	69.052	9.21	290.695	35.547	2.532	8.776	10.389	7.596	9.365	9.36	9.837	10.813	10.438	8.691		chang4+5
苏257	2279.500	117.0	68.631	8.3	289.967	35.416	2.51	8.794	9.289	7.577	8.46	8.416	8.869	9.659	10.759	8.888		chang4+5
苏257	2279.625	126.572	68.118	7.654	282.991	33.822	2.529	9.768	8.519	8.298	7.814	7.747	8.191	8.859	11.575	9.634		chang4+5
苏257	2279.750	136.437	67.552	7.741	271.376	32.489	2.552	11.022	8.643	9.261	7.922	7.83	8.337	9.014	12.721	10.674		chang4+5
苏257	2279.875	139.084	67.0	8.478	257.884	29.95	2.568	11.994	9.545	10.112	8.701	8.575	9.215	10.001	14.14	11.982		chang4+5
苏257	2280.000	126.925	66.511	9.399	245.642	26.851	2.577	12.767	10.629	10.93	9.664	9.505	10.278	11.169	15.759	13.39		chang4+5
苏257	2280.125	109.731	66.064	10.254	236.06	25.435	2.591	13.455	11.547	11.811	10.541	10.363	11.203	12.122	17.285	14.714		chang4+5
苏257	2280.250	94.986	65.63	11.088	230.029	24.764	2.603	13.978	12.328	12.695	11.378	11.194	12.023	12.883	18.652	16.012		chang4+5
苏257	2280.375	89.743	65.177	11.968	227.356	24.661	2.596	14.289	13.053	13.486	12.242	12.064	12.809	13.539	19.938	17.027		chang4+5
苏257	2280.500	90.968	64.705	12.829	226.643	24.696	2.57	14.489	13.655	14.227	13.066	12.908	13.492	14.023	21.286	17.976		chang4+5
苏257	2280.625	90.602	64.211	13.611	226.697	23.653	2.55	14.741	14.097	15.033	13.795	13.668	14.033	14.316	22.877	19.27		chang4+5
苏257	2280.750	85.132	63.694	14.371	226.647	23.038	2.545	15.089	14.476	15.901	14.492	14.403	14.52	14.534	24.514	20.707		chang4+5
苏257	2280.875	77.685	63.183	15.188	226.51	23.823	2.549	15.411	14.903	16.678	15.243	15.194	15.064	14.806	26.01	22.132		chang4+5
苏257	2281.000	74.034	62.725	16.033	226.821	24.455	2.549	15.528	15.381	17.123	16.027	16.015	15.659	15.145	26.952	22.971		chang4+5
苏257	2281.125	76.194	62.4	16.741	227.44	24.9	2.543	15.407	15.773	17.181	16.685	16.707	16.164	15.422	26.747	22.679		chang4+5
苏257	2281.250	78.103	62.253	17.115	228.044	26.087	2.539	15.127	15.921	16.93	17.022	17.071	16.407	15.496	25.543	21.481		chang4+5
苏257	2281.375	77.377	62.24	17.114	228.559	27.0	2.543	14.833	15.803	16.577	17.0	17.067	16.356	15.345	24.027	20.001		chang4+5
苏257	2281.500	77.184	62.275	16.863	228.908	26.626	2.552	14.595	15.528	16.232	16.744	16.818	16.123	15.074	22.729	18.854		chang4+5
苏257	2281.625	82.383	62.273	16.517	229.089	25.871	2.571	14.431	15.222	15.944	16.405	16.478	15.839	14.795	21.893	18.278		chang4+5
苏257	2281.750	94.556	62.219	16.186	229.344	25.832	2.589	14.32	14.963	15.716	16.089	16.155	15.59	14.572	21.415	18.03		chang4+5
苏257	2281.875	108.051	62.126	15.907	229.78	25.942	2.605	14.25	14.765	15.547	15.83	15.885	15.394	14.413	21.073	17.912		chang4+5
苏257	2282.000	115.728	62.005	15.69	230.065	26.409	2.614	14.185	14.626	15.409	15.637	15.678	15.252	14.31	20.744	17.781		chang4+5
苏257	2282.125	112.613	61.857	15.524	229.773	26.489	2.615	14.136	14.525	15.315	15.493	15.519	15.143	14.238	20.471	17.591		chang4+5
苏257	2282.250	106.911	61.688	15.394	228.823	25.398	2.61	14.141	14.444	15.312	15.383	15.396	15.051	14.177	20.447	17.626		chang4+5
苏257	2282.375	102.56	61.505	15.32	227.092	24.83	2.598	14.252	14.397	15.45	15.326	15.326	14.991	14.14	20.669	17.946		chang4+5
苏257	2282.500	98.037	61.327	15.342	224.676	23.819	2.588	14.481	14.422	15.729	15.361	15.35	15.007	14.165	21.383	18.629		chang4+5
苏257	2282.625	93.412	61.197	15.503	222.014	22.3	2.588	14.817	14.562	16.124	15.531	15.511	15.143	14.296	22.679	20.037		chang4+5
苏257	2282.750	90.223	61.146	15.806	219.741	20.394	2.602	15.18	14.828	16.524	15.843	15.812	15.412	14.548	24.084	21.654		chang4+5
苏257	2282.875	88.193	61.194	16.196	218.389	19.884	2.618	15.468	15.18	16.805	16.241	16.198	15.768	14.884	25.126	22.825		chang4+5
苏257	2283.000	89.11	61.335	16.568	218.394	20.459	2.626	15.537	15.531	16.795	16.622	16.566	16.119	15.227	25.521	23.586		chang4+5
苏257	2283.125	91.49	61.533	16.784	219.873	21.225	2.624	15.359	15.765	16.47	16.848	16.777	16.34	15.465	24.711	23.138		chang4+5
苏257	2283.250	92.5	61.724	16.721	222.326	22.172	2.621	15.054	15.769	15.985	16.793	16.71	16.315	15.493	23.118	21.805		chang4+5
苏257	2283.375	92.5	61.836	16.378	225.393	22.397	2.618	14.739	15.538	15.488	16.452	16.364	16.038	15.3	21.502	20.431		chang4+5
苏257	2283.500	93.307	61.845	15.897	228.952	22.184	2.612	14.467	15.19	15.057	15.968	15.882	15.638	14.998	20.15	19.175		chang4+5
苏257	2283.625	96.82	61.797	15.416	232.899	23.811	2.606	14.246	14.841	14.711	15.477	15.401	15.237	14.693	19.167	18.272		chang4+5
苏257	2283.750	101.778	61.785	15.001	236.971	25.907	2.597	14.109	14.541	14.493	15.045	14.988	14.889	14.431	18.677	17.87		chang4+5
苏257	2283.875	107.841	61.873	14.68	240.24	27.003	2.585	14.099	14.311	14.443	14.697	14.67	14.613	14.226	18.621	17.868		chang4+5
苏257	2284.000	111.467	62.06	14.491	241.901	26.725	2.568	14.225	14.184	14.562	14.475	14.484	14.445	14.112	18.876	18.233		chang4+5
苏257	2284.125	112.296	62.277	14.475	241.686	25.83	2.547	14.421	14.201	14.77	14.419	14.472	14.426	14.13	19.416	18.898		chang4+5
苏257	2284.250	108.572	62.444	14.604	239.985	24.532	2.529	14.612	14.346	14.977	14.503	14.606	14.534	14.264	20.246	19.94		chang4+5
苏257	2284.375	98.958	62.496	14.806	238.272	24.054	2.516	14.767	14.552	15.141	14.657	14.813	14.702	14.454	21.164	21.149		chang4+5
苏257	2284.500	85.547	62.435	15.002	239.32	24.987	2.513	14.945	14.751	15.314	14.808	15.015	14.857	14.636	22.021	22.186		chang4+5
苏257	2284.625	75.782	62.284	15.172	244.688	26.891	2.512	15.168	14.93	15.51	14.939	15.191	14.987	14.799	22.562	22.947		chang4+5
苏257	2284.750	75.697	62.1	15.349	254.177	29.514	2.499	15.39	15.127	15.676	15.091	15.377	15.132	14.986	22.572	23.054		chang4+5
苏257	2284.875	90.584	61.905	15.538	265.415	32.861	2.476	15.531	15.351	15.721	15.269	15.573	15.3	15.207	22.013	22.507		chang4+5
苏257	2285.000	113.719	61.702	15.68	274.901	34.331	2.468	15.521	15.547	15.567	15.42	15.724	15.44	15.413	20.934	21.572		chang4+5
苏257	2285.125	130.536	61.479	15.685	281.039	35.383	2.488	15.305	15.63	15.15	15.454	15.734	15.471	15.522	19.602	20.197		chang4+5
苏257	2285.250	131.732	61.261	15.476	284.548	36.325	2.519	14.862	15.531	14.456	15.294	15.529	15.328	15.469	18.157	18.803		chang4+5
苏257	2285.375	125.541	61.127	15.019	287.259	36.978	2.513	14.037	15.214	13.382	14.897	15.074	14.981	15.22	16.344	17.116		chang4+5
苏257	2285.500	121.49	61.136	14.246	290.201	37.473	2.467	12.565	14.602	11.809	14.188	14.299	14.359	14.695	14.49	15.025		chang4+5
苏257	2285.625	121.085	61.308	13.065	292.211	37.292	2.447	10.881	13.553	10.163	13.066	13.109	13.326	13.728	13.065	13.232		chang4+5
苏257	2285.750	120.71	61.621	11.512	286.849	35.084	2.491	9.821	12.038	9.164	11.544	11.541	11.855	12.255	12.244	12.038		chang4+5
苏257	2285.875	116.581	62.005	10.028	272.371	31.025	2.562	10.222	10.517	9.525	10.068	10.044	10.383	10.734	12.666	12.448		chang4+5
苏257	2286.000	105.43	62.375	9.312	253.682	26.221	2.606	11.739	9.77	10.959	9.349	9.319	9.667	9.984	14.917	15.371		chang4+5
苏257	2286.125	91.202	62.65	9.815	234.572	22.568	2.629	13.709	10.297	12.983	9.844	9.813	10.203	10.529	18.857	20.256		chang4+5
苏257	2286.250	83.777	62.825	11.351	219.571	20.705	2.636	15.368	11.86	15.041	11.357	11.334	11.773	12.114	24.481	26.344		chang4+5
苏257	2286.375	81.555	62.933	13.348	212.552	18.135	2.632	16.57	13.767	16.916	13.303	13.307	13.705	13.987	30.964	32.331		chang4+5
苏257	2286.500	76.949	63.02	15.362	209.847	16.934	2.62	17.436	15.476	18.613	15.24	15.293	15.472	15.563	35.899	37.026		chang4+5
苏257	2286.625	71.797	63.145	17.202	208.83	17.443	2.609	17.992	16.826	20.022	16.995	17.107	16.91	16.7	38.528	39.964		chang4+5
苏257	2286.750	68.025	63.356	18.853	209.054	18.545	2.61	18.177	17.891	20.901	18.562	18.731	18.086	17.522	39.275	41.067		chang4+5
苏257	2286.875	67.26	63.639	20.152	210.386	18.51	2.616	17.945	18.608	21.01	19.799	20.01	18.922	18.008	37.94	39.993		chang4+5
苏257	2287.000	69.833	63.906	20.865	213.109	18.96	2.618	17.463	18.873	20.475	20.497	20.713	19.294	18.106	34.939	36.757		chang4+5
苏257	2287.125	75.962	64.056	20.887	217.937	20.088	2.612	16.867	18.684	19.494	20.559	20.738	19.184	17.849	30.818	32.297		chang4+5
苏257	2287.250	80.901	64.1	20.281	225.368	20.825	2.601	16.171	18.145	18.177	20.045	20.144	18.687	17.353	26.078	27.153		chang4+5
苏257	2287.375	83.688	64.094	19.241	235.029	22.165	2.595	15.248	17.399	16.569	19.127	19.122	17.949	16.741	21.897	22.55		chang4+5
苏257	2287.500	87.262	64.088	17.884	245.983	24.0	2.586	14.037	16.473	14.73	17.897	17.795	17.002	16.0	18.641	19.017		chang4+5
苏257	2287.625	94.179	64.076	16.233	256.291	25.974	2.578	12.921	15.291	13.203	16.35	16.177	15.774	15.018	16.29	16.283		chang4+5
苏257	2287.750	107.099	64.029	14.472	262.712	27.371	2.572	12.435	13.939	12.495	14.645	14.444	14.359	13.836	14.985	14.611		chang4+5
苏257	2287.875	120.76	63.93	13.114	263.191	29.168	2.566	12.693	12.856	12.653	13.303	13.107	13.224	12.864	14.813	14.375		chang4+5
苏257	2288.000	129.322	63.806	12.577	257.87	29.905	2.561	13.502	12.459	13.468	12.774	12.585	12.814	12.527	15.866	15.813		chang4+5
苏257	2288.125	120.38	63.715	12.834	249.819	27.476	2.556	14.533	12.767	14.616	13.046	12.855	13.151	12.868	18.026	18.66		chang4+5
苏257	2288.250	103.11	63.71	13.68	242.028	26.055	2.551	15.486	13.587	15.815	13.909	13.717	14.031	13.69	21.138	22.327		chang4+5
苏257	2288.375	96.273	63.791	14.83	237.377	24.988	2.549	16.135	14.628	16.781	15.068	14.888	15.149	14.695	24.225	25.558		chang4+5
苏257	2288.500	103.857	63.947	15.972	236.591	24.552	2.551	16.522	15.592	17.473	16.207	16.055	16.183	15.584	25.994	27.248		chang4+5
苏257	2288.625	112.018	64.147	16.891	238.432	24.515	2.565	16.801	16.296	17.941	17.108	16.998	16.94	16.192	26.284	27.362		chang4+5
苏257	2288.750	110.577	64.366	17.538	243.737	24.763	2.595	17.06	16.756	18.241	17.744	17.668	17.427	16.563	25.634	26.626		chang4+5
苏257	2288.875	106.681	64.544	17.989	254.165	24.798	2.625	17.26	17.097	18.291	18.209	18.142	17.771	16.847	24.922	25.633		chang4+5
苏257	2289.000	108.093	64.646	18.236	268.736	26.411	2.622	17.431	17.35	18.081	18.506	18.412	18.006	17.091	24.641	24.998		chang4+5
苏257	2289.125	115.124	64.692	18.234	288.225	30.034	2.565	17.677	17.49	17.724	18.587	18.43	18.109	17.285	24.105	24.472		chang4+5
苏257	2289.250	122.561	64.768	18.015	310.56	32.367	2.474	17.752	17.563	17.052	18.486	18.232	18.129	17.482	22.258	22.816		chang4+5
苏257	2289.375	130.986	64.949	17.588	329.468	36.94	2.389	16.709	17.566	15.345	18.188	17.812	18.067	17.68	19.353	20.073		chang4+5
苏257	2289.500	139.089	65.272	16.688	342.905	42.82	2.316	14.252	17.155	12.665	17.368	16.898	17.576	17.5	16.315	16.989		chang4+5
苏257	2289.625	140.582	65.681	14.826	349.894	46.25	2.25	11.477	15.675	10.106	15.478	14.999	15.996	16.204	13.75	13.847		chang4+5
苏257	2289.750	135.178	66.063	12.226	345.892	44.323	2.256	10.089	13.179	8.839	12.741	12.347	13.395	13.746	12.302	11.816		chang4+5
苏257	2289.875	130.752	66.311	9.96	328.98	41.276	2.309	10.176	10.817	8.817	10.317	10.035	10.954	11.315	11.961	11.293		chang4+5
苏257	2290.000	128.148	66.419	8.88	306.799	40.79	2.376	11.312	9.692	9.682	9.152	8.933	9.799	10.159	12.478	11.87		chang4+5
苏257	2290.125	123.386	66.446	9.025	283.329	37.07	2.434	12.87	9.926	11.016	9.268	9.07	10.041	10.444	13.838	13.425		chang4+5
苏257	2290.250	113.314	66.418	9.939	260.988	32.149	2.494	14.446	10.996	12.613	10.158	9.981	11.147	11.609	16.0	15.736		chang4+5
苏257	2290.375	103.931	66.309	11.304	247.518	27.967	2.56	15.781	12.467	14.458	11.454	11.342	12.677	13.145	18.875	18.637		chang4+5
苏257	2290.500	98.174	66.102	12.951	239.028	25.179	2.606	17.006	14.027	16.723	12.938	12.981	14.314	14.661	22.175	22.18		chang4+5
苏257	2290.625	93.16	65.805	14.866	232.353	23.973	2.615	18.37	15.559	19.736	14.573	14.879	15.933	15.989	25.776	26.268		chang4+5
苏257	2290.750	84.377	65.465	17.288	227.493	22.975	2.593	20.094	17.213	23.802	16.59	17.284	17.681	17.252	29.626	30.62		chang4+5
苏257	2290.875	75.213	65.131	20.518	224.137	21.287	2.581	21.899	19.239	28.892	19.342	20.506	19.791	18.708	33.037	34.388		chang4+5
苏257	2291.000	74.586	64.871	24.747	222.711	20.588	2.583	23.707	21.71	34.593	23.005	24.739	22.321	20.414	35.327	36.391		chang4+5
苏257	2291.125	80.332	64.731	29.922	224.232	20.646	2.576	25.565	24.478	40.026	27.486	29.945	25.102	22.216	35.864	36.446		chang4+5
苏257	2291.250	85.613	64.713	35.553	231.224	22.317	2.567	26.66	27.341	42.325	32.436	35.646	27.891	24.041	31.983	33.823		chang4+5
苏257	2291.375	88.213	64.799	40.348	243.433	26.122	2.564	24.216	29.879	36.585	36.813	40.548	30.236	25.761	24.092	27.723		chang4+5
苏257	2291.500	95.487	64.952	40.834	262.62	31.356	2.558	16.065	30.211	22.164	37.551	41.144	30.297	26.021	16.926	20.802		chang4+5
苏257	2291.625	114.654	65.124	33.209	286.802	39.387	2.472	8.794	25.433	10.902	30.988	33.55	25.33	22.264	12.067	14.692		chang4+5
苏257	2291.750	133.519	65.276	20.422	305.885	42.962	2.19	5.595	16.558	6.191	19.405	20.679	16.435	14.881	9.075	9.763		chang4+5
苏257	2291.875	138.101	65.403	10.517	312.898	44.394	1.997	4.854	9.164	5.012	10.189	10.659	9.092	8.524	7.965	7.615		chang4+5
苏257	2292.000	129.321	65.561	6.167	304.844	39.953	2.007	5.673	5.791	5.565	6.084	6.246	5.746	5.591	8.533	8.509		chang4+5
苏257	2292.125	114.133	65.811	5.157	283.293	32.016	2.221	8.318	5.094	7.848	5.143	5.223	5.046	5.044	10.852	12.669		chang4+5
苏257	2292.250	94.029	66.161	6.077	257.748	25.93	2.449	13.161	6.209	11.986	6.094	6.149	6.124	6.252	15.526	19.928		chang4+5
苏257	2292.375	75.459	66.545	8.666	236.877	23.109	2.564	18.851	9.102	17.282	8.721	8.781	8.912	9.281	23.194	28.903		chang4+5
苏257	2292.500	66.858	66.858	12.963	227.165	22.224	2.596	23.31	13.807	21.987	13.069	13.166	13.434	14.174	31.501	36.493		chang4+5
苏257	2292.625	64.572	67.042	18.036	230.95	22.993	2.591	24.713	19.091	24.231	18.165	18.313	18.513	19.553	32.344	37.082		chang4+5
苏257	2292.750	65.896	67.087	22.297	244.295	24.972	2.565	21.341	23.127	21.845	22.379	22.559	22.409	23.462	27.36	32.12		chang4+5
苏257	2292.875	75.796	67.036	23.557	261.866	27.481	2.529	15.449	23.814	16.254	23.557	23.743	23.164	23.861	21.331	25.008		chang4+5
苏257	2293.000	92.469	66.931	20.562	278.074	31.599	2.473	11.46	20.271	12.151	20.504	20.673	19.881	20.067	16.903	18.446		chang4+5
苏257	2293.125	104.136	66.778	15.613	286.854	34.109	2.406	10.16	15.116	10.65	15.532	15.659	14.959	14.842	14.487	14.573		chang4+5
苏257	2293.250	110.497	66.579	12.044	285.183	32.666	2.361	10.566	11.612	10.971	11.962	12.054	11.571	11.393	13.705	13.245		chang4+5
苏257	2293.375	114.048	66.329	10.833	276.122	30.525	2.379	11.776	10.504	12.132	10.742	10.825	10.516	10.346	14.213	13.521		chang4+5
苏257	2293.500	111.738	66.069	11.206	264.427	29.705	2.446	13.481	10.932	13.863	11.076	11.187	10.985	10.809	15.873	15.324		chang4+5
苏257	2293.625	103.516	65.85	12.472	254.189	27.818	2.538	15.149	12.213	15.708	12.268	12.447	12.32	12.107	18.646	18.243		chang4+5
苏257	2293.750	97.902	65.721	14.195	251.031	26.691	2.602	16.432	13.895	17.353	13.877	14.173	14.066	13.775	21.694	21.121		chang4+5
苏257	2293.875	100.182	65.697	15.988	259.513	29.936	2.623	17.149	15.544	18.613	15.516	15.98	15.779	15.359	23.948	23.256		chang4+5
苏257	2294.000	106.997	65.761	17.547	277.966	35.643	2.588	17.396	16.834	19.544	16.928	17.568	17.11	16.52	24.869	24.159		chang4+5
苏257	2294.125	113.721	65.885	18.756	300.581	39.938	2.49	17.501	17.662	20.344	18.033	18.819	17.938	17.163	24.482	23.95		chang4+5
苏257	2294.250	117.486	66.023	19.68	316.039	41.958	2.354	17.737	18.13	21.084	18.896	19.795	18.364	17.41	22.926	23.016		chang4+5
苏257	2294.375	124.518	66.129	20.475	320.536	42.924	2.244	17.664	18.485	20.948	19.689	20.648	18.641	17.554	19.874	21.036		chang4+5
苏257	2294.500	132.68	66.168	21.049	317.31	44.386	2.211	16.059	18.797	18.508	20.346	21.28	18.848	17.735	16.229	18.094		chang4+5
苏257	2294.625	132.78	66.142	20.399	309.855	43.201	2.222	12.243	18.308	13.417	19.89	20.668	18.244	17.301	13.046	14.889		chang4+5
苏257	2294.750	128.998	66.112	17.375	311.632	42.462	2.231	8.571	15.924	8.852	17.133	17.635	15.785	15.195	10.657	11.903		chang4+5
苏257	2294.875	123.736	66.14	12.634	318.072	42.662	2.237	6.539	11.967	6.414	12.611	12.835	11.823	11.599	9.187	9.744		chang4+5
苏257	2295.000	118.106	66.259	8.552	321.162	40.384	2.278	6.285	8.416	5.972	8.625	8.679	8.308	8.315	8.728	9.022		chang4+5
苏257	2295.125	114.628	66.428	6.49	320.158	37.703	2.37	7.202	6.595	6.595	6.577	6.564	6.51	6.624	9.233	9.74		chang4+5
苏257	2295.250	111.901	66.55	6.125	313.088	36.743	2.453	8.842	6.383	7.794	6.225	6.182	6.292	6.495	10.528	11.414		chang4+5
苏257	2295.375	112.211	66.554	6.838	300.105	35.408	2.479	10.792	7.311	9.212	6.984	6.908	7.183	7.531	12.613	13.82		chang4+5
苏257	2295.500	117.878	66.423	8.053	286.454	33.209	2.474	12.807	8.828	10.741	8.262	8.143	8.642	9.201	15.472	16.622		chang4+5
苏257	2295.625	123.296	66.191	9.484	273.185	30.755	2.475	14.553	10.6	12.265	9.757	9.595	10.343	11.147	18.403	19.257		chang4+5
苏257	2295.750	123.146	65.896	11.009	259.144	28.769	2.48	15.632	12.407	13.519	11.328	11.135	12.09	13.098	20.479	21.099		chang4+5
苏257	2295.875	115.316	65.525	12.475	246.266	25.781	2.489	16.009	13.977	14.346	12.804	12.604	13.632	14.714	21.715	22.103		chang4+5
苏257	2296.000	98.043	65.065	13.647	236.66	22.747	2.515	15.823	15.019	14.761	13.934	13.759	14.684	15.674	22.184	22.373		chang4+5
苏257	2296.125	78.961	64.517	14.39	230.367	22.219	2.539	15.429	15.453	14.95	14.601	14.472	15.167	15.937	22.218	22.186		chang4+5
苏257	2296.250	70.093	63.919	14.78	226.64	22.706	2.545	15.112	15.456	15.105	14.91	14.828	15.241	15.74	22.238	21.979		chang4+5
苏257	2296.375	70.389	63.358	14.977	225.066	21.977	2.54	14.993	15.277	15.309	15.032	14.992	15.136	15.378	22.444	22.094		chang4+5
苏257	2296.500	72.272	62.895	15.145	226.034	20.91	2.541	14.987	15.145	15.494	15.143	15.136	15.07	15.106	22.774	22.43		chang4+5
苏257	2296.625	73.27	62.579	15.342	230.02	22.158	2.551	14.979	15.132	15.558	15.301	15.319	15.109	14.998	23.041	22.6		chang4+5
苏257	2296.750	77.82	62.413	15.498	240.003	25.922	2.564	14.857	15.17	15.386	15.432	15.47	15.187	14.985	22.794	22.341		chang4+5
苏257	2296.875	91.34	62.392	15.511	255.827	30.254	2.563	14.553	15.149	14.965	15.429	15.483	15.19	14.95	21.625	21.16		chang4+5
苏257	2297.000	110.306	62.497	15.304	272.702	31.766	2.537	13.951	14.98	14.222	15.216	15.285	15.029	14.798	19.985	19.41		chang4+5
苏257	2297.125	125.798	62.676	14.816	286.716	32.062	2.496	13.08	14.574	13.234	14.726	14.809	14.616	14.43	18.449	17.754		chang4+5
苏257	2297.250	127.226	62.884	14.023	290.307	32.722	2.475	12.488	13.875	12.577	13.936	14.031	13.897	13.772	17.346	16.414		chang4+5
苏257	2297.375	119.316	63.122	13.133	282.404	30.914	2.495	12.655	13.059	12.72	13.051	13.153	13.056	12.988	16.839	15.754		chang4+5
苏257	2297.500	112.38	63.432	12.655	271.436	28.313	2.538	13.412	12.625	13.454	12.576	12.687	12.593	12.568	17.054	16.053		chang4+5
苏257	2297.625	110.961	63.867	12.887	264.662	28.759	2.566	14.265	12.881	14.237	12.807	12.931	12.813	12.825	17.539	16.861		chang4+5
苏257	2297.750	109.521	64.427	13.593	264.879	31.064	2.567	14.557	13.62	14.384	13.515	13.649	13.505	13.565	17.299	17.098		chang4+5
苏257	2297.875	105.641	65.037	14.226	271.802	33.123	2.546	13.486	14.318	13.139	14.158	14.289	14.154	14.285	16.416	16.387		chang4+5
苏257	2298.000	103.987	65.59	14.095	278.52	32.39	2.512	11.36	14.288	10.926	14.045	14.159	14.09	14.301	15.378	15.255		chang4+5
苏257	2298.125	107.074	66.003	12.713	276.748	30.407	2.492	9.688	12.999	9.244	12.687	12.767	12.804	13.069	14.284	13.821		chang4+5
苏257	2298.250	108.031	66.263	10.665	266.783	28.644	2.519	9.53	10.987	9.005	10.66	10.702	10.829	11.094	13.824	12.953		chang4+5
苏257	2298.375	102.692	66.39	9.273	254.332	26.527	2.573	10.671	9.605	9.963	9.28	9.297	9.481	9.735	14.323	13.603		chang4+5
苏257	2298.500	97.952	66.418	9.232	244.151	24.728	2.611	12.216	9.626	11.324	9.244	9.247	9.505	9.793	15.402	15.019		chang4+5
苏257	2298.625	94.518	66.344	10.239	241.683	24.994	2.612	13.151	10.752	12.247	10.254	10.248	10.615	10.982	16.226	16.008		chang4+5
苏257	2298.750	93.805	66.161	11.465	246.812	27.125	2.593	13.267	12.07	12.556	11.478	11.464	11.928	12.352	16.666	16.442		chang4+5
苏257	2298.875	100.574	65.887	12.266	254.558	29.103	2.543	12.939	12.842	12.532	12.265	12.248	12.727	13.123	16.699	16.171		chang4+5
苏257	2299.000	110.61	65.564	12.523	257.986	29.896	2.518	12.719	12.95	12.642	12.503	12.489	12.891	13.173	16.361	15.473		chang4+5
苏257	2299.125	112.653	65.247	12.555	253.578	28.808	2.533	12.917	12.769	13.214	12.513	12.507	12.779	12.904	16.514	15.343		chang4+5
苏257	2299.250	105.422	64.989	12.77	243.45	26.569	2.557	13.517	12.742	14.293	12.705	12.708	12.829	12.78	17.917	16.911		chang4+5
苏257	2299.375	94.24	64.819	13.442	232.407	25.049	2.574	14.097	13.127	15.434	13.349	13.363	13.308	13.055	20.179	19.323		chang4+5
苏257	2299.500	90.836	64.72	14.491	224.144	23.829	2.579	14.483	13.82	16.42	14.368	14.396	14.118	13.615	22.908	21.783		chang4+5
苏257	2299.625	95.138	64.673	15.596	221.295	22.641	2.588	14.695	14.507	17.21	15.443	15.486	14.941	14.151	25.721	24.115		chang4+5
苏257	2299.750	98.073	64.649	16.55	221.407	22.605	2.596	14.784	15.022	17.799	16.372	16.43	15.599	14.511	27.723	25.547		chang4+5
苏257	2299.875	98.729	64.596	17.306	221.616	22.356	2.601	14.804	15.359	18.191	17.111	17.181	16.073	14.706	28.504	25.791		chang4+5
苏257	2300.000	96.156	64.481	17.854	220.929	22.604	2.6	14.82	15.552	18.437	17.655	17.731	16.388	14.783	29.107	26.213		chang4+5
苏257	2300.125	93.882	64.327	18.229	219.849	22.46	2.599	14.828	15.661	18.509	18.039	18.114	16.595	14.807	29.358	26.537		chang4+5
苏257	2300.250	94.118	64.209	18.442	219.18	21.272	2.613	14.767	15.721	18.316	18.277	18.34	16.727	14.821	28.95	26.227		chang4+5
苏257	2300.375	96.319	64.18	18.457	219.639	21.31	2.621	14.601	15.715	17.839	18.338	18.377	16.758	14.812	28.164	25.655		chang4+5
苏257	2300.500	101.251	64.274	18.219	221.246	22.751	2.623	14.348	15.594	17.144	18.158	18.166	16.635	14.733	26.921	24.62		chang4+5
苏257	2300.625	107.234	64.472	17.705	223.515	24.146	2.618	14.13	15.328	16.415	17.711	17.681	16.325	14.552	25.312	23.024		chang4+5
苏257	2300.750	108.594	64.69	17.013	225.847	24.525	2.616	14.005	14.973	15.767	17.084	17.016	15.895	14.312	23.951	21.89		chang4+5
苏257	2300.875	104.857	64.829	16.306	227.981	24.259	2.613	13.94	14.642	15.186	16.437	16.334	15.474	14.112	22.872	21.23		chang4+5
苏257	2301.000	103.797	64.872	15.67	230.261	24.424	2.612	13.851	14.391	14.59	15.853	15.717	15.126	13.997	21.908	20.71		chang4+5
苏257	2301.125	103.669	64.861	15.082	233.379	24.935	2.614	13.671	14.182	13.932	15.304	15.143	14.814	13.924	21.027	20.382		chang4+5
苏257	2301.250	102.062	64.82	14.472	237.263	25.37	2.612	13.391	13.938	13.23	14.723	14.544	14.461	13.816	20.032	19.847		chang4+5
苏257	2301.375	103.19	64.736	13.806	241.347	25.873	2.605	13.084	13.61	12.58	14.071	13.882	14.02	13.615	18.926	19.022		chang4+5
苏257	2301.500	108.964	64.593	13.118	244.534	26.63	2.596	12.802	13.218	12.028	13.383	13.194	13.517	13.336	17.761	18.134		chang4+5
苏257	2301.625	111.84	64.397	12.487	245.825	26.354	2.596	12.579	12.827	11.608	12.742	12.56	13.022	13.036	16.722	17.293		chang4+5
苏257	2301.750	109.671	64.176	11.963	245.126	25.547	2.612	12.422	12.489	11.316	12.203	12.032	12.591	12.767	15.952	16.667		chang4+5
苏257	2301.875	106.956	63.993	11.563	243.445	25.625	2.631	12.324	12.228	11.133	11.785	11.627	12.247	12.555	15.374	16.24		chang4+5
苏257	2302.000	106.203	63.913	11.288	241.931	25.732	2.647	12.331	12.05	11.09	11.491	11.348	11.994	12.407	14.902	15.753		chang4+5
苏257	2302.125	105.046	63.943	11.136	241.854	26.38	2.659	12.434	11.961	11.151	11.321	11.191	11.836	12.333	14.458	15.281		chang4+5
苏257	2302.250	104.829	64.054	11.106	244.935	27.059	2.657	12.594	11.977	11.259	11.275	11.157	11.784	12.354	13.986	14.681		chang4+5
苏257	2302.375	105.629	64.21	11.172	255.201	28.611	2.635	12.701	12.084	11.299	11.328	11.22	11.824	12.465	13.57	14.024		chang4+5
苏257	2302.500	110.985	64.386	11.265	271.512	31.719	2.573	12.445	12.224	11.013	11.409	11.309	11.899	12.613	13.111	13.467		chang4+5
苏257	2302.625	123.424	64.534	11.238	288.802	34.308	2.459	11.529	12.242	10.19	11.37	11.277	11.863	12.645	12.55	12.728		chang4+5
苏257	2302.750	137.357	64.628	10.837	303.567	38.898	2.342	10.238	11.842	9.093	10.95	10.87	11.442	12.245	12.09	12.085		chang4+5
苏257	2302.875	143.543	64.68	9.967	304.567	40.389	2.32	9.403	10.889	8.394	10.054	9.992	10.514	11.262	11.833	11.839		chang4+5
苏257	2303.000	134.755	64.745	8.987	290.426	35.901	2.414	9.474	9.787	8.466	9.048	9.006	9.459	10.111	11.809	11.879		chang4+5
苏257	2303.125	118.635	64.879	8.453	270.059	30.613	2.521	10.64	9.177	9.499	8.495	8.47	8.873	9.471	12.325	12.772		chang4+5
苏257	2303.250	106.719	65.117	8.708	249.513	27.34	2.591	12.305	9.452	11.048	8.735	8.727	9.117	9.749	13.478	14.639		chang4+5
苏257	2303.375	102.473	65.422	9.786	234.487	25.619	2.627	13.868	10.624	12.716	9.796	9.811	10.192	10.946	14.801	16.759		chang4+5
苏257	2303.500	102.792	65.706	11.347	230.313	25.095	2.635	14.964	12.253	14.083	11.333	11.384	11.684	12.573	15.372	17.909		chang4+5
苏257	2303.625	101.326	65.891	12.952	233.68	26.966	2.597	15.214	13.785	14.607	12.914	12.999	13.104	14.045	15.079	17.843		chang4+5
苏257	2303.750	98.208	65.972	14.143	245.896	29.686	2.547	13.709	14.808	13.366	14.092	14.198	14.065	14.975	14.035	16.495		chang4+5
苏257	2303.875	97.663	65.98	14.268	264.552	34.137	2.507	10.977	14.75	10.789	14.219	14.33	14.027	14.829	13.289	15.437		chang4+5
苏257	2304.000	104.473	65.936	12.819	284.723	39.704	2.452	8.779	13.124	8.621	12.79	12.88	12.544	13.14	12.292	13.755		chang4+5
苏257	2304.125	118.821	65.835	10.441	299.987	42.296	2.382	8.082	10.63	7.872	10.435	10.492	10.245	10.629	11.62	12.377		chang4+5
苏257	2304.250	130.132	65.66	8.598	301.055	41.6	2.366	8.621	8.753	8.304	8.609	8.639	8.509	8.77	11.589	11.904		chang4+5
苏257	2304.375	129.576	65.406	7.995	289.37	37.715	2.427	10.293	8.179	9.814	8.014	8.032	7.987	8.226	12.205	12.265		chang4+5
苏257	2304.500	123.756	65.115	8.629	271.474	33.142	2.507	12.634	8.889	11.979	8.652	8.667	8.69	8.977	13.608	13.559		chang4+5
苏257	2304.625	120.174	64.846	10.25	252.395	28.777	2.559	14.661	10.624	14.005	10.273	10.297	10.385	10.764	15.958	15.904		chang4+5
苏257	2304.750	114.476	64.638	12.329	238.372	24.397	2.584	15.908	12.792	15.472	12.336	12.39	12.523	12.976	19.178	19.053		chang4+5
苏257	2304.875	102.103	64.51	14.226	230.225	21.214	2.596	16.392	14.653	16.323	14.193	14.29	14.405	14.829	22.451	22.066		chang4+5
苏257	2305.000	91.879	64.462	15.586	226.166	20.846	2.604	16.35	15.838	16.696	15.498	15.641	15.662	15.945	24.774	24.141		chang4+5
苏257	2305.125	88.691	64.47	16.371	225.427	22.616	2.611	15.973	16.364	16.724	16.232	16.41	16.291	16.365	25.568	24.829		chang4+5
苏257	2305.250	91.313	64.489	16.679	226.845	24.02	2.619	15.51	16.378	16.596	16.503	16.704	16.424	16.262	25.005	24.18		chang4+5
苏257	2305.375	94.45	64.481	16.693	228.991	23.711	2.621	15.108	16.109	16.451	16.487	16.703	16.272	15.886	23.846	22.881		chang4+5
苏257	2305.500	96.783	64.436	16.571	230.76	24.059	2.623	14.841	15.752	16.367	16.352	16.569	16.015	15.443	22.641	21.546		chang4+5
苏257	2305.625	97.988	64.373	16.44	231.347	23.977	2.621	14.729	15.44	16.386	16.221	16.43	15.79	15.071	21.759	20.564		chang4+5
苏257	2305.750	99.232	64.345	16.374	231.078	23.867	2.619	14.776	15.238	16.552	16.164	16.359	15.664	14.828	21.371	19.977		chang4+5
苏257	2305.875	104.29	64.414	16.422	229.822	23.547	2.619	15.021	15.181	16.934	16.226	16.407	15.678	14.744	21.552	19.956		chang4+5
苏257	2306.000	111.48	64.599	16.634	227.149	21.828	2.617	15.403	15.294	17.481	16.453	16.623	15.861	14.833	22.442	20.569		chang4+5
苏257	2306.125	110.26	64.862	17.039	223.478	20.36	2.617	15.777	15.587	18.031	16.874	17.036	16.225	15.096	24.075	22.06		chang4+5
苏257	2306.250	98.405	65.113	17.576	219.934	20.08	2.616	15.943	15.995	18.316	17.43	17.585	16.704	15.467	26.119	24.175		chang4+5
苏257	2306.375	82.273	65.278	18.063	218.356	20.806	2.608	15.904	16.357	18.304	17.942	18.087	17.124	15.791	27.867	25.936		chang4+5
苏257	2306.500	75.418	65.33	18.29	220.23	22.51	2.586	15.645	16.508	17.932	18.209	18.332	17.304	15.918	28.411	26.503		chang4+5
苏257	2306.625	77.992	65.289	18.226	227.217	25.156	2.56	15.351	16.441	17.447	18.188	18.283	17.234	15.852	26.722	25.176		chang4+5
苏257	2306.750	85.931	65.194	17.995	238.767	27.127	2.544	14.519	16.261	16.196	18.001	18.063	17.035	15.692	23.56	22.169		chang4+5
苏257	2306.875	94.867	65.048	17.251	251.499	28.284	2.528	13.194	15.711	14.417	17.33	17.327	16.42	15.215	20.547	18.854		chang4+5
苏257	2307.000	104.581	64.851	15.84	261.743	29.884	2.5	11.925	14.623	12.746	15.989	15.916	15.223	14.248	18.416	16.37		chang4+5
苏257	2307.125	111.964	64.602	14.104	265.641	29.089	2.492	11.554	13.214	12.172	14.285	14.173	13.689	12.954	17.232	14.93		chang4+5
苏257	2307.250	112.426	64.32	12.691	260.774	25.943	2.513	12.253	12.064	12.835	12.88	12.748	12.439	11.897	17.014	14.53		chang4+5
苏257	2307.375	107.357	64.052	12.375	249.876	22.674	2.56	13.285	11.869	13.911	12.574	12.424	12.216	11.753	17.593	15.207		chang4+5
苏257	2307.500	103.291	63.844	13.049	237.532	20.701	2.601	14.142	12.554	14.843	13.273	13.096	12.926	12.455	18.788	16.52		chang4+5
苏257	2307.625	100.116	63.719	14.064	226.757	20.066	2.626	14.732	13.528	15.544	14.306	14.106	13.94	13.425	20.408	18.155		chang4+5
苏257	2307.750	93.045	63.663	14.948	220.354	19.65	2.628	15.162	14.347	16.085	15.189	14.981	14.786	14.225	22.5	20.174		chang4+5
苏257	2307.875	84.691	63.651	15.633	217.768	19.737	2.619	15.41	14.956	16.407	15.861	15.655	15.409	14.802	24.62	22.175		chang4+5
苏257	2308.000	80.968	63.645	16.13	217.945	20.926	2.616	15.425	15.384	16.416	16.336	16.139	15.835	15.196	25.963	23.564		chang4+5
苏257	2308.125	81.986	63.602	16.387	219.667	22.982	2.607	15.233	15.607	16.128	16.568	16.383	16.04	15.396	26.332	24.122		chang4+5
苏257	2308.250	83.067	63.491	16.353	222.556	23.548	2.592	14.857	15.596	15.576	16.511	16.337	15.993	15.382	25.798	23.902		chang4+5
苏257	2308.375	84.771	63.345	16.016	226.66	23.367	2.584	14.325	15.348	14.809	16.155	15.991	15.694	15.157	24.214	22.629		chang4+5
苏257	2308.500	87.102	63.237	15.425	231.35	24.456	2.591	13.699	14.898	13.937	15.551	15.394	15.186	14.753	21.991	20.626		chang4+5
苏257	2308.625	90.732	63.249	14.652	236.347	25.346	2.601	13.033	14.296	13.052	14.766	14.618	14.524	14.212	19.751	18.52		chang4+5
苏257	2308.750	95.858	63.399	13.781	241.498	26.277	2.607	12.515	13.6	12.367	13.884	13.747	13.772	13.58	17.778	16.556		chang4+5
苏257	2308.875	100.379	63.653	12.941	246.183	27.055	2.604	12.278	12.911	12.006	13.03	12.91	13.035	12.948	16.251	14.964		chang4+5
苏257	2309.000	104.74	63.909	12.317	249.596	27.264	2.596	12.347	12.404	11.983	12.392	12.289	12.491	12.484	15.196	13.864		chang4+5
苏257	2309.125	108.586	64.082	12.024	250.693	25.769	2.589	12.65	12.198	12.223	12.087	11.999	12.256	12.31	14.684	13.283		chang4+5
苏257	2309.250	110.225	64.136	12.038	248.826	24.507	2.589	13.137	12.276	12.673	12.089	12.016	12.312	12.412	14.911	13.415		chang4+5
苏257	2309.375	108.237	64.101	12.31	244.128	23.471	2.596	13.783	12.592	13.312	12.349	12.29	12.61	12.742	15.936	14.486		chang4+5
苏257	2309.500	104.481	64.008	12.8	238.666	22.42	2.613	14.297	13.108	13.856	12.828	12.784	13.108	13.263	17.422	16.11		chang4+5
苏257	2309.625	100.039	63.842	13.411	235.032	22.811	2.626	14.326	13.725	13.938	13.431	13.399	13.708	13.874	18.853	17.688		chang4+5
苏257	2309.750	95.783	63.596	13.847	234.914	24.261	2.625	13.786	14.144	13.453	13.866	13.842	14.113	14.277	19.592	18.692		chang4+5
苏257	2309.875	97.098	63.282	13.808	238.559	25.658	2.615	13.129	14.072	12.825	13.836	13.811	14.033	14.185	18.895	18.224		chang4+5
苏257	2310.000	101.908	62.931	13.334	244.043	26.68	2.608	12.665	13.567	12.355	13.38	13.345	13.525	13.663	17.358	16.776		chang4+5
苏257	2310.125	106.132	62.604	12.753	249.253	27.462	2.6	12.421	12.969	12.074	12.823	12.769	12.93	13.06	15.762	15.228		chang4+5
苏257	2310.250	110.463	62.351	12.324	252.754	27.459	2.582	12.115	12.546	11.731	12.423	12.346	12.512	12.643	14.528	13.891		chang4+5
苏257	2310.375	111.823	62.207	12.011	254.153	26.892	2.563	11.654	12.253	11.256	12.14	12.037	12.227	12.364	13.895	13.272		chang4+5
苏257	2310.500	107.507	62.151	11.639	253.439	25.819	2.553	11.419	11.899	11.015	11.792	11.669	11.883	12.024	13.805	13.247		chang4+5
苏257	2310.625	98.946	62.146	11.221	250.41	25.024	2.554	11.717	11.487	11.297	11.389	11.251	11.482	11.619	14.032	13.397		chang4+5
苏257	2310.750	91.462	62.148	11.088	245.793	25.352	2.561	12.342	11.358	11.917	11.271	11.12	11.366	11.496	14.506	13.897		chang4+5
苏257	2310.875	87.513	62.114	11.428	241.563	25.876	2.572	12.933	11.704	12.55	11.633	11.463	11.727	11.849	15.123	14.546		chang4+5
苏257	2311.000	90.576	62.015	12.028	239.617	26.982	2.585	13.455	12.298	13.159	12.255	12.067	12.34	12.443	15.799	15.146		chang4+5
苏257	2311.125	96.171	61.88	12.656	241.172	28.078	2.585	14.005	12.892	13.824	12.894	12.698	12.954	13.022	16.814	16.001		chang4+5
苏257	2311.250	99.453	61.769	13.279	246.814	29.289	2.562	14.629	13.454	14.57	13.516	13.324	13.535	13.553	18.396	17.287		chang4+5
苏257	2311.375	104.256	61.753	13.962	254.384	30.739	2.516	15.212	14.061	15.247	14.186	14.009	14.158	14.12	20.23	18.849		chang4+5
苏257	2311.500	108.936	61.854	14.685	260.875	30.942	2.454	15.448	14.712	15.501	14.884	14.735	14.818	14.729	22.094	20.403		chang4+5
苏257	2311.625	109.911	62.039	15.265	263.571	30.871	2.443	15.121	15.247	15.1	15.426	15.318	15.348	15.232	23.25	21.215		chang4+5
苏257	2311.750	109.055	62.227	15.398	261.791	30.533	2.458	14.381	15.388	14.219	15.516	15.454	15.465	15.363	22.885	20.695		chang4+5
苏257	2311.875	109.989	62.34	14.922	256.382	28.818	2.505	13.635	14.978	13.309	14.995	14.979	15.013	14.971	21.038	18.846		chang4+5
苏257	2312.000	110.274	62.356	14.055	249.885	27.011	2.563	13.16	14.216	12.679	14.088	14.113	14.199	14.248	18.672	16.521		chang4+5
苏257	2312.125	107.723	62.295	13.211	244.641	27.374	2.603	12.987	13.487	12.369	13.215	13.271	13.417	13.564	16.596	14.552		chang4+5
苏257	2312.250	105.438	62.187	12.644	241.351	28.02	2.616	13.054	13.029	12.334	12.627	12.71	12.902	13.147	15.24	13.463		chang4+5
苏257	2312.375	104.042	62.03	12.383	239.553	26.899	2.607	13.247	12.866	12.473	12.353	12.461	12.675	13.016	14.61	13.186		chang4+5
苏257	2312.500	102.197	61.811	12.365	238.298	26.91	2.592	13.574	12.924	12.786	12.328	12.459	12.657	13.092	14.537	13.448		chang4+5
苏257	2312.625	101.596	61.539	12.539	236.439	26.778	2.586	14.124	13.146	13.317	12.504	12.654	12.788	13.313	14.804	13.921		chang4+5
苏257	2312.750	102.009	61.241	12.891	234.303	25.464	2.587	14.885	13.528	13.973	12.871	13.03	13.064	13.681	15.172	14.375		chang4+5
苏257	2312.875	103.102	60.974	13.44	233.717	25.938	2.589	15.334	14.12	14.21	13.455	13.599	13.533	14.269	15.414	14.761		chang4+5
苏257	2313.000	104.527	60.791	13.995	237.561	28.017	2.577	14.021	14.774	12.753	14.065	14.172	14.059	14.953	14.637	14.443		chang4+5
苏257	2313.125	105.159	60.726	13.878	245.389	29.552	2.534	10.918	14.785	9.815	14.013	14.063	13.995	15.026	13.076	13.202		chang4+5
苏257	2313.250	104.008	60.764	12.18	255.484	32.025	2.422	8.141	13.117	7.34	12.357	12.347	12.402	13.4	11.394	11.564		chang4+5
苏257	2313.375	102.242	60.864	9.413	264.691	33.991	2.252	7.126	10.19	6.379	9.571	9.528	9.686	10.45	9.873	9.795		chang4+5
苏257	2313.500	100.547	60.971	7.245	267.42	33.37	2.163	7.737	7.832	6.755	7.361	7.313	7.51	8.048	8.905	8.367		chang4+5
苏257	2313.625	100.502	61.018	6.508	262.908	31.183	2.248	9.685	7.083	8.111	6.613	6.561	6.809	7.31	8.904	8.224		chang4+5
苏257	2313.750	103.142	60.964	7.068	253.466	28.01	2.431	12.121	7.854	9.757	7.197	7.128	7.508	8.18	9.935	9.405		chang4+5
苏257	2313.875	103.959	60.819	8.414	242.148	25.659	2.561	14.405	9.621	11.304	8.588	8.493	9.105	10.138	11.748	11.337		chang4+5
苏257	2314.000	102.651	60.635	10.02	232.993	24.015	2.603	16.032	11.753	12.564	10.235	10.119	11.008	12.509	14.374	13.886		chang4+5
苏257	2314.125	96.742	60.456	11.506	227.368	23.035	2.598	16.935	13.687	13.468	11.734	11.619	12.73	14.641	17.43	16.54		chang4+5
苏257	2314.250	88.003	60.318	12.707	225.196	22.972	2.59	17.171	15.117	14.0	12.91	12.823	14.028	16.16	19.59	18.294		chang4+5
苏257	2314.375	81.659	60.214	13.538	225.855	23.298	2.593	17.015	15.934	14.285	13.681	13.643	14.796	16.935	20.229	18.763		chang4+5
苏257	2314.500	82.646	60.101	14.033	227.608	24.014	2.601	16.766	16.243	14.475	14.103	14.118	15.124	17.117	19.788	18.244		chang4+5
苏257	2314.625	88.395	59.915	14.315	229.494	24.084	2.605	16.584	16.253	14.668	14.312	14.375	15.2	16.968	18.844	17.099		chang4+5
苏257	2314.750	94.146	59.632	14.509	231.009	24.116	2.606	16.581	16.171	14.948	14.445	14.548	15.205	16.738	17.952	15.943		chang4+5
苏257	2314.875	99.368	59.257	14.731	231.592	24.694	2.601	16.756	16.16	15.336	14.616	14.753	15.278	16.61	17.573	15.357		chang4+5
苏257	2315.000	101.11	58.804	15.031	231.627	25.504	2.591	17.075	16.276	15.814	14.869	15.04	15.469	16.636	17.772	15.398		chang4+5
苏257	2315.125	96.816	58.279	15.336	231.701	25.806	2.581	17.468	16.46	16.338	15.138	15.337	15.706	16.762	18.409	15.917		chang4+5
苏257	2315.250	90.031	57.691	15.659	231.923	25.484	2.568	17.901	16.705	16.887	15.431	15.656	15.99	16.97	19.209	16.612		chang4+5
苏257	2315.375	84.629	57.048	16.111	232.275	24.235	2.556	18.377	17.072	17.463	15.845	16.105	16.403	17.297	20.083	17.389		chang4+5
苏257	2315.500	85.834	56.365	16.65	232.878	23.818	2.548	18.89	17.526	18.059	16.344	16.644	16.909	17.714	21.045	18.303		chang4+5
苏257	2315.625	91.634	55.67	17.214	234.154	24.364	2.542	19.392	18.015	18.62	16.875	17.21	17.447	18.171	22.033	19.321		chang4+5
苏257	2315.750	92.935	55.009	17.8	236.501	24.876	2.531	19.705	18.535	18.967	17.438	17.8	18.015	18.668	23.083	20.48		chang4+5
苏257	2315.875	88.578	54.418	18.373	239.948	26.072	2.509	19.743	19.053	19.014	18.001	18.375	18.581	19.171	23.986	21.583		chang4+5
苏257	2316.000	86.465	53.915	18.816	244.065	26.583	2.486	19.521	19.453	18.791	18.455	18.818	19.031	19.568	24.255	22.107	差油层	chang4+5
苏257	2316.125	87.413	53.482	18.995	248.18	26.431	2.466	19.083	19.601	18.368	18.668	18.993	19.235	19.727	23.732	21.856	差油层	chang4+5
苏257	2316.250	87.724	53.098	18.886	251.636	27.467	2.451	18.553	19.468	17.887	18.611	18.875	19.164	19.615	22.573	20.885	差油层	chang4+5
苏257	2316.375	88.831	52.726	18.552	254.092	28.455	2.437	18.071	19.105	17.507	18.332	18.528	18.867	19.274	21.151	19.459	差油层	chang4+5
苏257	2316.500	91.267	52.319	18.097	255.346	27.822	2.427	17.867	18.601	17.478	17.926	18.057	18.432	18.784	19.989	18.19	差油层	chang4+5
苏257	2316.625	95.162	51.858	17.672	255.309	28.501	2.418	18.086	18.1	17.971	17.534	17.614	17.998	18.28	19.359	17.371	差油层	chang4+5
苏257	2316.750	94.683	51.378	17.488	253.732	29.294	2.413	18.776	17.799	19.117	17.364	17.41	17.763	17.953	19.442	17.231	差油层	chang4+5
苏257	2316.875	90.031	50.949	17.763	250.181	28.387	2.415	19.774	17.897	20.848	17.626	17.66	17.929	17.995	20.583	18.214	差油层	chang4+5
苏257	2317.000	84.987	50.638	18.62	245.184	26.56	2.425	20.893	18.478	22.986	18.44	18.482	18.593	18.476	23.083	20.612	差油层	chang4+5
苏257	2317.125	80.736	50.454	20.092	239.51	24.838	2.445	21.985	19.507	25.396	19.832	19.91	19.732	19.337	27.259	24.649	差油层	chang4+5
苏257	2317.250	77.024	50.347	22.062	234.151	23.459	2.482	22.942	20.826	27.879	21.688	21.833	21.194	20.407	33.579	30.823	差油层	chang4+5
苏257	2317.375	74.738	50.224	24.352	230.364	22.007	2.518	23.642	22.256	30.141	23.83	24.076	22.802	21.512	41.281	38.028	差油层	chang4+5
苏257	2317.500	72.224	50.025	26.801	228.591	20.722	2.533	23.853	23.654	31.657	26.098	26.48	24.412	22.527	48.35	43.873	差油层	chang4+5
苏257	2317.625	68.649	49.752	29.148	228.384	20.571	2.513	23.619	24.859	32.277	28.245	28.79	25.845	23.331	53.115	47.311	差油层	chang4+5
苏257	2317.750	66.616	49.432	30.998	229.238	21.838	2.482	23.177	25.645	32.228	29.901	30.617	26.848	23.76	54.803	48.285	差油层	chang4+5
苏257	2317.875	65.987	49.087	32.013	230.511	22.36	2.468	22.848	25.864	31.939	30.76	31.632	27.238	23.723	53.746	46.837	差油层	chang4+5
苏257	2318.000	63.745	48.71	32.248	231.8	22.294	2.476	22.703	25.647	31.645	30.892	31.887	27.139	23.371	51.912	45.258	差油层	chang4+5
苏257	2318.125	60.822	48.295	32.065	233.279	22.668	2.487	22.586	25.305	31.214	30.651	31.739	26.876	22.991	49.733	44.172	差油层	chang4+5
苏257	2318.250	60.698	47.854	31.771	234.987	23.616	2.488	22.337	25.053	30.52	30.331	31.486	26.682	22.764	46.649	41.878	差油层	chang4+5
苏257	2318.375	65.876	47.422	31.399	236.597	24.883	2.481	22.052	24.858	29.789	29.96	31.16	26.528	22.636	43.219	38.877	油层	chang4+5
苏257	2318.500	74.426	47.05	30.824	238.203	25.897	2.47	21.88	24.568	29.275	29.411	30.631	26.252	22.447	39.931	35.98	油层	chang4+5
苏257	2318.625	81.221	46.777	30.109	239.936	25.871	2.451	21.841	24.184	29.034	28.74	29.959	25.859	22.178	37.09	33.383	油层	chang4+5
苏257	2318.750	78.905	46.614	29.497	241.582	25.036	2.426	21.822	23.862	28.898	28.175	29.384	25.521	21.955	35.339	32.053	油层	chang4+5
苏257	2318.875	70.986	46.54	29.135	242.996	24.29	2.397	21.743	23.696	28.746	27.851	29.049	25.346	21.856	35.024	32.232	油层	chang4+5
苏257	2319.000	63.186	46.525	28.956	243.493	24.207	2.382	21.62	23.631	28.569	27.706	28.887	25.277	21.829	35.77	33.27	油层	chang4+5
苏257	2319.125	58.065	46.526	28.812	242.499	23.414	2.388	21.483	23.556	28.373	27.595	28.751	25.194	21.777	37.038	34.714	油层	chang4+5
苏257	2319.250	57.667	46.495	28.646	240.367	21.7	2.414	21.302	23.438	28.098	27.463	28.584	25.06	21.674	38.615	36.357	油层	chang4+5
苏257	2319.375	59.635	46.412	28.456	238.21	21.19	2.445	21.049	23.291	27.691	27.308	28.384	24.893	21.541	39.955	37.851	油层	chang4+5
苏257	2319.500	60.116	46.308	28.217	237.061	20.719	2.468	20.728	23.109	27.166	27.103	28.128	24.688	21.38	40.556	38.725	油层	chang4+5
苏257	2319.625	62.092	46.255	27.868	237.348	19.874	2.471	20.364	22.854	26.577	26.789	27.757	24.405	21.159	40.135	38.412	油层	chang4+5
苏257	2319.750	64.97	46.311	27.393	238.574	20.376	2.459	19.981	22.512	25.977	26.35	27.258	24.03	20.866	38.881	37.099	油层	chang4+5
苏257	2319.875	65.994	46.492	26.832	239.871	21.48	2.448	19.593	22.109	25.412	25.82	26.673	23.591	20.521	37.153	35.279	油层	chang4+5
苏257	2320.000	65.621	46.743	26.237	240.544	22.578	2.451	19.231	21.674	24.95	25.25	26.056	23.124	20.147	35.276	33.251	油层	chang4+5
苏257	2320.125	65.248	46.97	25.658	240.405	22.63	2.453	18.905	21.235	24.61	24.685	25.457	22.658	19.761	33.726	31.634	油层	chang4+5
苏257	2320.250	65.623	47.098	25.15	239.72	21.936	2.441	18.61	20.824	24.394	24.181	24.934	22.227	19.388	32.58	30.623	油层	chang4+5
苏257	2320.375	67.651	47.121	24.758	238.663	21.678	2.429	18.358	20.468	24.319	23.779	24.532	21.861	19.046	31.649	29.78	油层	chang4+5
苏257	2320.500	69.038	47.075	24.487	236.925	21.895	2.438	18.194	20.168	24.424	23.491	24.257	21.561	18.738	31.227	29.279	油层	chang4+5
苏257	2320.625	69.133	46.982	24.35	233.97	21.045	2.47	18.194	19.932	24.786	23.33	24.12	21.333	18.467	31.855	29.728	油层	chang4+5
苏257	2320.750	68.263	46.84	24.381	229.68	20.279	2.499	18.342	19.791	25.334	23.336	24.158	21.212	18.266	34.131	32.019	油层	chang4+5
苏257	2320.875	64.149	46.635	24.63	224.923	19.468	2.53	18.504	19.799	25.808	23.564	24.417	21.256	18.194	37.556	35.907		chang4+5
苏257	2321.000	58.284	46.384	25.094	221.171	18.297	2.558	18.438	19.977	25.765	24.02	24.897	21.482	18.276	41.293	40.121		chang4+5
苏257	2321.125	56.321	46.127	25.595	220.21	16.822	2.563	18.018	20.219	24.978	24.542	25.419	21.769	18.43	43.461	42.633		chang4+5
苏257	2321.250	61.489	45.926	25.782	222.511	16.095	2.544	17.382	20.294	23.665	24.799	25.634	21.857	18.466	42.121	41.842		chang4+5
苏257	2321.375	65.679	45.828	25.325	227.461	16.572	2.515	16.776	19.987	22.221	24.472	25.21	21.501	18.203	37.683	37.568	油层	chang4+5
苏257	2321.500	65.496	45.846	24.234	232.955	18.09	2.494	16.331	19.312	20.901	23.561	24.154	20.719	17.659	32.564	32.097	油层	chang4+5
苏257	2321.625	63.837	45.967	22.846	237.071	19.976	2.476	16.069	18.504	19.78	22.375	22.8	19.779	17.039	28.336	27.417	油层	chang4+5
苏257	2321.750	63.483	46.148	21.473	238.846	19.794	2.465	15.985	17.774	18.893	21.205	21.455	18.919	16.524	25.542	24.34	油层	chang4+5
苏257	2321.875	64.841	46.347	20.268	237.739	19.178	2.473	15.994	17.21	18.151	20.194	20.274	18.242	16.184	24.335	23.059	油层	chang4+5
苏257	2322.000	66.518	46.516	19.276	234.445	19.261	2.494	16.011	16.824	17.471	19.376	19.301	17.761	16.021	24.521	23.434	油层	chang4+5
苏257	2322.125	67.856	46.64	18.471	230.552	19.202	2.514	15.959	16.578	16.783	18.715	18.511	17.435	15.989	25.467	24.726	油层	chang4+5
苏257	2322.250	66.795	46.743	17.765	227.2	18.179	2.517	15.785	16.387	16.048	18.122	17.814	17.17	16.003	26.515	26.157	油层	chang4+5
苏257	2322.375	62.059	46.889	17.08	225.486	16.879	2.501	15.466	16.174	15.277	17.518	17.135	16.883	15.982	27.254	27.387	油层	chang4+5
苏257	2322.500	58.901	47.131	16.366	226.621	16.252	2.47	15.099	15.878	14.581	16.849	16.423	16.51	15.859	26.907	27.497	油层	chang4+5
苏257	2322.625	62.088	47.483	15.611	229.832	17.021	2.45	14.777	15.478	14.035	16.105	15.668	16.031	15.604	25.527	26.395	油层	chang4+5
苏257	2322.750	68.315	47.889	14.882	233.949	18.212	2.443	14.551	15.023	13.678	15.355	14.937	15.5	15.259	23.815	24.797	油层	chang4+5
苏257	2322.875	72.954	48.266	14.273	237.739	19.006	2.438	14.428	14.609	13.498	14.704	14.325	15.015	14.918	22.227	23.13	油层	chang4+5
苏257	2323.000	74.77	48.543	13.833	240.252	19.801	2.427	14.395	14.297	13.469	14.211	13.882	14.642	14.649	21.012	21.836	油层	chang4+5
苏257	2323.125	78.175	48.725	13.575	241.451	20.632	2.416	14.449	14.114	13.587	13.892	13.622	14.403	14.481	20.277	21.1	油层	chang4+5
苏257	2323.250	82.924	48.847	13.483	241.751	20.674	2.411	14.575	14.051	13.826	13.734	13.531	14.289	14.411	19.938	20.771	油层	chang4+5
苏257	2323.375	82.844	48.93	13.536	241.763	20.727	2.413	14.785	14.095	14.191	13.714	13.586	14.281	14.426	19.851	20.625	油层	chang4+5
苏257	2323.500	77.516	48.979	13.722	241.913	21.043	2.421	15.078	14.238	14.666	13.822	13.777	14.368	14.521	19.974	20.603	油层	chang4+5
苏257	2323.625	73.983	48.997	14.034	242.149	20.189	2.433	15.374	14.478	15.144	14.056	14.097	14.544	14.696	20.386	20.764	油层	chang4+5
苏257	2323.750	74.742	49.008	14.46	243.077	19.109	2.436	15.571	14.811	15.467	14.409	14.533	14.803	14.951	21.137	21.329	油层	chang4+5
苏257	2323.875	77.473	49.059	14.935	245.751	19.241	2.416	15.377	15.186	15.307	14.824	15.019	15.091	15.244	21.619	21.956	油层	chang4+5
苏257	2324.000	83.335	49.21	15.324	250.303	20.594	2.385	14.55	15.495	14.419	15.182	15.417	15.301	15.482	21.134	21.667	油层	chang4+5
苏257	2324.125	89.409	49.52	15.377	256.858	23.021	2.36	13.254	15.515	12.974	15.237	15.479	15.225	15.461	19.677	20.403		chang4+5
苏257	2324.250	93.696	50.001	14.802	265.541	25.807	2.35	12.087	14.964	11.598	14.693	14.91	14.602	14.907	17.401	18.193		chang4+5
苏257	2324.375	98.82	50.639	13.6	274.953	29.039	2.363	11.035	13.838	10.349	13.543	13.706	13.441	13.815	14.713	15.27		chang4+5
苏257	2324.500	105.105	51.39	12.193	282.886	30.522	2.374	9.818	12.547	9.043	12.194	12.292	12.146	12.59	12.311	12.616		chang4+5
苏257	2324.625	114.225	52.185	10.887	287.65	30.339	2.342	8.737	11.365	7.953	10.938	10.972	10.983	11.486	10.742	10.866		chang4+5
苏257	2324.750	124.759	52.945	9.608	288.392	30.615	2.308	8.463	10.163	7.604	9.687	9.674	9.821	10.345	9.873	9.912		chang4+5
苏257	2324.875	126.705	53.623	8.427	282.681	30.536	2.356	9.414	8.997	8.285	8.513	8.476	8.706	9.209	9.611	9.628		chang4+5
苏257	2325.000	118.784	54.223	7.769	271.87	28.007	2.478	10.906	8.362	9.406	7.858	7.808	8.097	8.599	10.239	10.411		chang4+5
苏257	2325.125	112.637	54.792	7.991	259.738	25.233	2.583	12.184	8.707	10.422	8.094	8.027	8.411	9.004	11.415	11.783		chang4+5
苏257	2325.250	112.034	55.369	8.913	248.009	23.653	2.631	12.961	9.851	11.178	9.037	8.949	9.475	10.25	12.662	13.118		chang4+5
苏257	2325.375	112.878	55.954	9.977	238.996	23.703	2.623	13.537	11.127	11.895	10.113	10.01	10.663	11.622	14.047	14.49		chang4+5
苏257	2325.500	111.452	56.483	10.85	233.749	23.561	2.604	13.991	12.093	12.615	10.977	10.873	11.574	12.623	15.411	15.781		chang4+5
苏257	2325.625	105.871	56.871	11.585	230.257	21.623	2.594	14.268	12.787	13.262	11.681	11.59	12.252	13.288	16.38	16.716		chang4+5
苏257	2325.750	97.856	57.062	12.303	227.312	19.9	2.586	14.38	13.367	13.773	12.352	12.285	12.843	13.793	17.226	17.504		chang4+5
苏257	2325.875	88.564	57.065	12.982	225.213	18.883	2.576	14.302	13.831	14.066	12.975	12.938	13.342	14.148	17.909	18.101		chang4+5
苏257	2326.000	81.705	56.938	13.55	225.242	17.345	2.567	13.982	14.137	14.06	13.488	13.481	13.706	14.331	18.034	18.099		chang4+5
苏257	2326.125	77.046	56.724	13.939	227.736	16.817	2.55	13.419	14.259	13.745	13.83	13.85	13.906	14.336	17.439	17.294		chang4+5
苏257	2326.250	76.066	56.435	14.065	232.087	17.199	2.524	12.728	14.142	13.24	13.917	13.961	13.881	14.123	16.529	16.093		chang4+5
苏257	2326.375	79.785	56.083	13.881	236.964	18.61	2.5	12.32	13.755	13.007	13.701	13.765	13.59	13.663	15.764	15.019		chang4+5
苏257	2326.500	88.82	55.682	13.459	240.392	21.733	2.491	12.439	13.173	13.374	13.255	13.337	13.099	13.028	15.336	14.281		chang4+5
苏257	2326.625	97.199	55.272	13.108	240.921	21.884	2.505	12.942	12.684	14.241	12.88	12.984	12.69	12.496	15.574	14.308		chang4+5
苏257	2326.750	100.094	54.905	13.219	238.555	21.196	2.539	13.442	12.634	15.202	12.956	13.092	12.71	12.39	16.682	15.476		chang4+5
苏257	2326.875	96.526	54.636	13.865	234.725	20.508	2.566	13.795	13.053	16.072	13.55	13.733	13.202	12.724	18.15	16.893		chang4+5
苏257	2327.000	88.864	54.474	14.784	230.536	20.502	2.571	14.01	13.668	16.787	14.402	14.645	13.896	13.225	19.725	18.259		chang4+5
苏257	2327.125	81.673	54.398	15.693	227.658	20.669	2.562	14.102	14.221	17.266	15.241	15.55	14.526	13.641	21.156	19.499		chang4+5
苏257	2327.250	79.043	54.373	16.477	228.398	20.616	2.543	13.898	14.637	17.215	15.957	16.332	15.012	13.917	21.546	19.982		chang4+5
苏257	2327.375	81.089	54.346	17.056	232.881	20.534	2.499	12.995	14.901	16.082	16.483	16.914	15.328	14.061	20.377	19.174		chang4+5
苏257	2327.500	83.467	54.257	17.22	239.339	21.392	2.431	11.692	14.885	14.324	16.621	17.086	15.335	13.975	18.866	17.826		chang4+5
苏257	2327.625	82.468	54.079	16.571	245.722	22.311	2.368	10.905	14.28	13.135	15.991	16.452	14.709	13.385	17.61	16.431		chang4+5
苏257	2327.750	78.188	53.851	15.099	246.072	22.816	2.364	11.531	13.068	13.637	14.583	15.001	13.438	12.267	16.853	15.229		chang4+5
苏257	2327.875	73.251	53.64	13.659	238.336	21.983	2.408	13.029	11.942	15.095	13.216	13.582	12.243	11.253	17.482	15.6		chang4+5
苏257	2328.000	68.63	53.502	13.404	227.135	18.991	2.503	14.404	11.872	16.284	13.004	13.343	12.139	11.248	19.765	18.685		chang4+5
苏257	2328.125	64.632	53.438	14.452	216.675	14.569	2.57	14.889	12.978	16.345	14.068	14.404	13.243	12.371	22.633	22.233		chang4+5
苏257	2328.250	60.438	53.396	15.77	211.835	14.972	2.588	14.574	14.388	15.466	15.412	15.738	14.641	13.809	24.797	24.666		chang4+5
苏257	2328.375	58.881	53.284	16.332	214.869	16.783	2.564	13.754	15.183	14.067	16.037	16.321	15.389	14.689	25.298	25.5		chang4+5
苏257	2328.500	62.171	53.032	15.845	221.911	18.896	2.519	12.835	15.06	12.646	15.646	15.859	15.19	14.708	23.083	23.139		chang4+5
苏257	2328.625	69.015	52.621	14.673	229.499	20.554	2.467	12.009	14.294	11.438	14.579	14.709	14.343	14.109	19.69	19.416	干层	chang4+5
苏257	2328.750	74.39	52.087	13.262	235.328	21.45	2.436	11.402	13.257	10.573	13.264	13.315	13.237	13.235	16.893	16.465	干层	chang4+5
苏257	2328.875	76.307	51.459	11.965	238.749	22.585	2.436	11.014	12.256	10.0	12.041	12.029	12.186	12.37	15.061	14.603	干层	chang4+5
苏257	2329.000	75.723	50.737	10.948	240.568	23.947	2.438	10.808	11.449	9.66	11.075	11.016	11.344	11.665	13.986	13.562	干层	chang4+5
苏257	2329.125	72.262	49.936	10.246	240.989	23.994	2.43	10.786	10.893	9.548	10.407	10.317	10.763	11.181	13.5	13.126	干层	chang4+5
苏257	2329.250	67.883	49.082	9.811	240.221	23.792	2.421	10.912	10.56	9.616	9.995	9.885	10.411	10.9	13.416	13.104	干层	chang4+5
苏257	2329.375	69.483	48.226	9.597	238.472	22.999	2.422	11.123	10.419	9.814	9.799	9.675	10.254	10.796	13.548	13.292	干层	chang4+5
苏257	2329.500	73.707	47.43	9.586	235.626	21.544	2.431	11.382	10.457	10.115	9.799	9.668	10.277	10.857	13.942	13.691	干层	chang4+5
苏257	2329.625	71.191	46.761	9.729	231.509	20.4	2.448	11.769	10.624	10.57	9.949	9.816	10.43	11.032	14.697	14.445	干层	chang4+5
苏257	2329.750	65.463	46.254	9.984	226.246	19.446	2.482	12.36	10.872	11.243	10.206	10.077	10.666	11.27	15.817	15.514		chang4+5
苏257	2329.875	66.007	45.898	10.375	221.052	18.416	2.52	12.943	11.229	11.951	10.593	10.473	11.013	11.603	17.478	17.182		chang4+5
苏257	2330.000	70.067	45.667	10.951	217.898	17.855	2.544	13.257	11.761	12.435	11.164	11.056	11.533	12.104	19.611	19.518		chang4+5
苏257	2330.125	74.049	45.511	11.643	218.266	18.432	2.549	13.231	12.388	12.575	11.847	11.755	12.15	12.689	21.719	21.735		chang4+5
苏257	2330.250	78.672	45.373	12.222	222.548	20.026	2.54	12.999	12.871	12.47	12.408	12.336	12.634	13.118	22.845	22.855		chang4+5
苏257	2330.375	79.997	45.218	12.515	228.657	22.351	2.52	12.741	13.051	12.29	12.672	12.622	12.826	13.242	22.652	22.615	油水同层	chang4+5
苏257	2330.500	77.466	45.063	12.519	234.123	24.542	2.485	12.541	12.957	12.125	12.646	12.614	12.752	13.102	21.344	21.071	油水同层	chang4+5
苏257	2330.625	75.602	44.961	12.369	236.978	25.491	2.457	12.393	12.736	11.988	12.468	12.45	12.556	12.854	19.575	19.045	油水同层	chang4+5
苏257	2330.750	77.05	44.975	12.196	237.278	23.868	2.456	12.303	12.523	11.904	12.271	12.262	12.366	12.628	18.09	17.457	油水同层	chang4+5
苏257	2330.875	79.306	45.106	12.048	236.198	22.903	2.466	12.287	12.354	11.9	12.102	12.099	12.218	12.457	17.155	16.57	油水同层	chang4+5
苏257	2331.000	79.957	45.301	11.942	234.714	22.899	2.467	12.349	12.238	11.989	11.977	11.979	12.122	12.343	16.769	16.248	油水同层	chang4+5
苏257	2331.125	78.77	45.466	11.902	233.073	23.087	2.461	12.513	12.187	12.198	11.918	11.925	12.089	12.294	16.879	16.313	油水同层	chang4+5
苏257	2331.250	80.059	45.537	11.951	231.133	22.706	2.462	12.8	12.218	12.552	11.947	11.96	12.138	12.323	17.422	16.871	油水同层	chang4+5
苏257	2331.375	84.13	45.512	12.11	228.937	21.576	2.487	13.102	12.347	12.941	12.085	12.104	12.286	12.444	18.178	17.684	油水同层	chang4+5
苏257	2331.500	84.144	45.433	12.399	227.008	20.838	2.528	13.268	12.593	13.212	12.353	12.377	12.553	12.676	19.142	18.684	油水同层	chang4+5
苏257	2331.625	82.037	45.334	12.771	226.272	20.571	2.571	13.23	12.907	13.277	12.704	12.732	12.893	12.97	20.144	19.858	油水同层	chang4+5
苏257	2331.750	85.245	45.215	13.094	227.047	20.641	2.597	13.071	13.157	13.213	13.008	13.037	13.175	13.196	20.62	20.411	油水同层	chang4+5
苏257	2331.875	89.749	45.058	13.251	228.886	21.059	2.581	12.856	13.235	13.08	13.154	13.177	13.29	13.249	20.534	20.198	油水同层	chang4+5
苏257	2332.000	89.154	44.858	13.241	231.21	21.376	2.538	12.647	13.147	12.947	13.139	13.153	13.245	13.14	20.185	19.842	油水同层	chang4+5
苏257	2332.125	81.127	44.638	13.138	233.396	21.035	2.495	12.481	12.974	12.864	13.036	13.04	13.117	12.949	19.534	19.125	油水同层	chang4+5
苏257	2332.250	73.956	44.455	13.005	234.872	20.292	2.468	12.38	12.776	12.865	12.909	12.901	12.968	12.738	18.797	18.288	油水同层	chang4+5
苏257	2332.375	69.623	44.354	12.901	235.441	19.472	2.46	12.356	12.605	12.971	12.811	12.794	12.851	12.553	18.507	17.985	油水同层	chang4+5
苏257	2332.500	65.224	44.354	12.865	235.283	18.63	2.463	12.417	12.493	13.197	12.781	12.757	12.798	12.424	18.522	17.901	油水同层	chang4+5
苏257	2332.625	61.611	44.438	12.925	234.581	18.579	2.479	12.548	12.458	13.532	12.845	12.818	12.833	12.366	18.694	17.952	油水同层	chang4+5
苏257	2332.750	59.98	44.579	13.101	233.842	18.628	2.498	12.672	12.515	13.885	13.025	12.997	12.972	12.391	19.147	18.363	油水同层	chang4+5
苏257	2332.875	59.058	44.737	13.388	233.692	18.7	2.51	12.764	12.656	14.22	13.316	13.29	13.207	12.491	19.705	18.908	油水同层	chang4+5
苏257	2333.000	59.509	44.869	13.732	234.294	19.256	2.502	12.847	12.832	14.555	13.668	13.645	13.487	12.618	20.104	19.275	油水同层	chang4+5
苏257	2333.125	60.15	44.964	14.075	234.904	19.291	2.479	12.986	12.992	14.95	14.025	14.002	13.757	12.724	20.443	19.489	油水同层	chang4+5
苏257	2333.250	59.406	45.07	14.41	234.605	16.886	2.459	13.201	13.136	15.42	14.382	14.355	14.015	12.811	20.946	19.829	油水同层	chang4+5
苏257	2333.375	59.179	45.265	14.779	232.765	15.346	2.46	13.491	13.308	15.94	14.787	14.744	14.306	12.926	21.698	20.392	油水同层	chang4+5
苏257	2333.500	62.026	45.625	15.216	228.97	14.39	2.493	13.859	13.546	16.495	15.278	15.205	14.671	13.108	23.176	21.726	油水同层	chang4+5
苏257	2333.625	64.77	46.17	15.714	223.638	14.084	2.541	14.331	13.854	17.074	15.853	15.73	15.112	13.365	25.808	24.379		chang4+5
苏257	2333.750	65.408	46.845	16.255	218.293	13.995	2.578	14.791	14.23	17.478	16.499	16.299	15.627	13.701	29.672	28.525		chang4+5
苏257	2333.875	64.427	47.559	16.823	214.42	14.24	2.597	15.026	14.678	17.42	17.202	16.895	16.215	14.126	33.642	32.665		chang4+5
苏257	2334.000	63.646	48.251	17.303	213.07	15.742	2.608	14.947	15.133	16.773	17.841	17.399	16.79	14.59	36.123	35.181		chang4+5
苏257	2334.125	68.563	48.911	17.439	215.342	19.189	2.617	14.749	15.402	15.897	18.145	17.553	17.12	14.921	35.662	35.02		chang4+5
苏257	2334.250	79.891	49.566	17.053	220.545	21.342	2.613	14.589	15.337	15.046	17.913	17.174	17.028	14.981	32.404	32.022		chang4+5
苏257	2334.375	89.391	50.215	16.28	226.5	21.773	2.6	14.477	15.019	14.274	17.252	16.394	16.609	14.837	28.124	27.572		chang4+5
苏257	2334.500	96.093	50.834	15.415	230.916	21.894	2.599	14.424	14.651	13.619	16.445	15.511	16.108	14.658	24.614	23.788		chang4+5
苏257	2334.625	101.346	51.398	14.608	233.386	21.534	2.604	14.409	14.329	13.071	15.648	14.682	15.649	14.525	22.233	21.312		chang4+5
苏257	2334.750	103.249	51.925	13.903	234.314	21.398	2.611	14.415	14.069	12.636	14.912	13.951	15.256	14.446	20.685	19.864		chang4+5
苏257	2334.875	100.777	52.446	13.31	235.143	21.434	2.613	14.402	13.875	12.282	14.265	13.333	14.932	14.415	19.753	19.158		chang4+5
苏257	2335.000	99.712	53.004	12.825	237.544	21.636	2.615	14.283	13.731	11.951	13.703	12.823	14.661	14.412	19.133	18.81		chang4+5
苏257	2335.125	106.342	53.628	12.435	241.808	22.983	2.618	14.155	13.614	11.73	13.217	12.408	14.419	14.406	18.255	18.22		chang4+5
苏257	2335.250	114.488	54.334	12.096	246.664	25.026	2.612	14.098	13.471	11.655	12.761	12.047	14.147	14.335	17.094	17.214		chang4+5
苏257	2335.375	118.999	55.114	11.826	251.726	26.891	2.584	13.973	13.318	11.627	12.36	11.756	13.864	14.211	15.893	16.068		chang4+5
苏257	2335.500	123.329	55.942	11.687	257.417	29.084	2.55	13.542	13.234	11.497	12.083	11.597	13.651	14.121	14.767	14.935		chang4+5
苏257	2335.625	128.053	56.773	11.639	264.444	30.904	2.531	12.484	13.18	11.0	11.889	11.533	13.472	14.027	13.643	13.873		chang4+5
苏257	2335.750	129.662	57.546	11.552	273.492	32.046	2.523	10.85	12.978	10.082	11.646	11.435	13.149	13.729	12.338	12.793		chang4+5
苏257	2335.875	129.406	58.226	11.211	282.807	33.231	2.512	9.704	12.362	9.559	11.153	11.094	12.42	12.938	11.207	11.768		chang4+5
苏257	2336.000	124.691	58.828	10.48	289.924	33.956	2.485	9.932	11.221	10.487	10.305	10.381	11.185	11.559	10.334	10.89		chang4+5
苏257	2336.125	117.785	59.426	9.789	293.821	34.288	2.481	11.951	10.099	13.536	9.535	9.713	9.998	10.202	9.655	10.186		chang4+5
苏257	2336.250	116.141	60.081	10.112	293.809	34.94	2.508	14.066	9.983	16.804	9.756	10.051	9.81	9.856	9.477	10.05		chang4+5
苏257	2336.375	120.79	60.803	12.217	289.665	37.278	2.521	13.797	11.501	17.104	11.698	12.173	11.187	11.078	9.537	10.303		chang4+5
苏257	2336.500	121.807	61.537	15.358	290.986	41.708	2.445	10.738	13.892	13.463	14.679	15.35	13.358	13.126	9.393	10.324		chang4+5
苏257	2336.625	116.869	62.199	16.914	302.544	46.655	2.312	7.757	14.874	9.52	16.214	16.96	14.174	13.873	8.879	9.938		chang4+5
苏257	2336.750	114.62	62.722	15.032	318.725	48.475	2.204	5.806	13.029	6.719	14.519	15.125	12.375	12.058	8.147	9.209		chang4+5
苏257	2336.875	113.14	63.112	11.239	338.154	49.871	2.146	4.73	9.778	5.092	10.988	11.346	9.314	9.054	7.322	8.171		chang4+5
苏257	2337.000	108.645	63.402	7.944	354.904	51.322	2.091	4.214	7.098	4.254	7.886	8.042	6.802	6.659	6.659	7.39		chang4+5
苏257	2337.125	105.343	63.605	5.797	349.71	48.004	2.061	4.14	5.411	3.946	5.835	5.872	5.216	5.196	6.268	6.902		chang4+5
苏257	2337.250	103.298	63.716	4.615	331.604	42.683	2.097	4.369	4.512	4.01	4.691	4.675	4.364	4.437	6.214	6.769		chang4+5
苏257	2337.375	101.695	63.724	4.08	312.57	37.832	2.133	5.176	4.156	4.56	4.176	4.133	4.022	4.173	6.5	7.05		chang4+5
苏257	2337.500	106.73	63.641	3.98	291.63	33.525	2.163	7.305	4.185	6.063	4.078	4.026	4.048	4.269	7.087	7.621		chang6
苏257	2337.625	114.567	63.509	4.331	280.547	29.957	2.27	11.139	4.682	8.64	4.437	4.377	4.514	4.84	8.055	8.598		chang6
苏257	2337.750	120.432	63.384	5.41	276.039	27.796	2.439	15.201	6.067	11.63	5.561	5.479	5.796	6.38	9.601	10.284		chang6
苏257	2337.875	125.76	63.314	7.509	270.283	26.579	2.582	17.798	8.805	14.107	7.743	7.63	8.297	9.452	11.636	12.463		chang6
苏257	2338.000	125.898	63.314	10.325	262.821	25.771	2.623	18.915	12.365	15.895	10.62	10.52	11.565	13.417	14.141	15.114		chang6
苏257	2239.125--2338.000(平均)	99.837	61.434	14.256	246.39	27.033	2.521	13.571	13.712	14.255	14.146	14.26	13.891	13.558	19.746	18.986		
苏257	2239.125--2338.000(最大)	156.514	73.772	40.834	354.904	61.328	2.676	26.66	30.211	42.325	37.551	41.144	30.297	26.021	68.1	60.24		
苏257	2239.125--2338.000(最小)	47.227	44.354	3.208	189.836	13.995	1.721	3.308	3.334	3.07	3.261	3.231	3.231	3.346	6.214	6.515		
